rank,layer,neuron,direction,mean_g,abs_mean_g,mean_abs_g,std_g,positive_fraction,sign_consistency
1,29,4655,supports_refusal,0.2412109375,0.2412109375,0.2412109375,0.0,1.0,1.0
2,31,2398,supports_refusal,0.2275390625,0.2275390625,0.2275390625,0.0,1.0,1.0
3,13,4208,suppresses_refusal,-0.21875,0.21875,0.21875,0.0,0.0,1.0
4,27,8140,supports_refusal,0.21875,0.21875,0.21875,0.0,1.0,1.0
5,31,1209,supports_refusal,0.203125,0.203125,0.203125,0.0,1.0,1.0
6,26,2407,supports_refusal,0.177734375,0.177734375,0.177734375,0.0,1.0,1.0
7,30,13607,supports_refusal,0.166015625,0.166015625,0.166015625,0.0,1.0,1.0
8,31,4302,supports_refusal,0.15625,0.15625,0.15625,0.0,1.0,1.0
9,30,10879,suppresses_refusal,-0.154296875,0.154296875,0.154296875,0.0,0.0,1.0
10,19,10348,suppresses_refusal,-0.146484375,0.146484375,0.146484375,0.0,0.0,1.0
11,31,5593,suppresses_refusal,-0.1376953125,0.1376953125,0.1376953125,0.0,0.0,1.0
12,29,11082,suppresses_refusal,-0.13671875,0.13671875,0.13671875,0.0,0.0,1.0
13,11,4258,suppresses_refusal,-0.134765625,0.134765625,0.134765625,0.0,0.0,1.0
14,31,11817,suppresses_refusal,-0.1298828125,0.1298828125,0.1298828125,0.0,0.0,1.0
15,30,9138,supports_refusal,0.1298828125,0.1298828125,0.1298828125,0.0,1.0,1.0
16,31,1834,supports_refusal,0.126953125,0.126953125,0.126953125,0.0,1.0,1.0
17,31,11301,supports_refusal,0.1220703125,0.1220703125,0.1220703125,0.0,1.0,1.0
18,30,14130,supports_refusal,0.1220703125,0.1220703125,0.1220703125,0.0,1.0,1.0
19,31,714,suppresses_refusal,-0.1162109375,0.1162109375,0.1162109375,0.0,0.0,1.0
20,31,10014,supports_refusal,0.1142578125,0.1142578125,0.1142578125,0.0,1.0,1.0
21,29,4145,suppresses_refusal,-0.11279296875,0.11279296875,0.11279296875,0.0,0.0,1.0
22,31,5230,supports_refusal,0.1103515625,0.1103515625,0.1103515625,0.0,1.0,1.0
23,15,4973,suppresses_refusal,-0.1064453125,0.1064453125,0.1064453125,0.0,0.0,1.0
24,29,6857,supports_refusal,0.1015625,0.1015625,0.1015625,0.0,1.0,1.0
25,26,14,supports_refusal,0.1005859375,0.1005859375,0.1005859375,0.0,1.0,1.0
26,23,1751,suppresses_refusal,-0.10009765625,0.10009765625,0.10009765625,0.0,0.0,1.0
27,31,1686,supports_refusal,0.09814453125,0.09814453125,0.09814453125,0.0,1.0,1.0
28,28,3697,suppresses_refusal,-0.0966796875,0.0966796875,0.0966796875,0.0,0.0,1.0
29,31,2549,suppresses_refusal,-0.09375,0.09375,0.09375,0.0,0.0,1.0
30,10,11570,suppresses_refusal,-0.08935546875,0.08935546875,0.08935546875,0.0,0.0,1.0
31,31,11202,suppresses_refusal,-0.0888671875,0.0888671875,0.0888671875,0.0,0.0,1.0
32,31,3712,supports_refusal,0.08837890625,0.08837890625,0.08837890625,0.0,1.0,1.0
33,31,9936,suppresses_refusal,-0.08642578125,0.08642578125,0.08642578125,0.0,0.0,1.0
34,30,12387,suppresses_refusal,-0.08447265625,0.08447265625,0.08447265625,0.0,0.0,1.0
35,30,5024,suppresses_refusal,-0.083984375,0.083984375,0.083984375,0.0,0.0,1.0
36,26,10406,supports_refusal,0.0830078125,0.0830078125,0.0830078125,0.0,1.0,1.0
37,30,10840,supports_refusal,0.080078125,0.080078125,0.080078125,0.0,1.0,1.0
38,31,1050,supports_refusal,0.07958984375,0.07958984375,0.07958984375,0.0,1.0,1.0
39,30,7545,supports_refusal,0.0771484375,0.0771484375,0.0771484375,0.0,1.0,1.0
40,26,1089,suppresses_refusal,-0.07666015625,0.07666015625,0.07666015625,0.0,0.0,1.0
41,31,2743,supports_refusal,0.07568359375,0.07568359375,0.07568359375,0.0,1.0,1.0
42,31,12529,supports_refusal,0.0751953125,0.0751953125,0.0751953125,0.0,1.0,1.0
43,31,14276,supports_refusal,0.07470703125,0.07470703125,0.07470703125,0.0,1.0,1.0
44,12,13860,suppresses_refusal,-0.07421875,0.07421875,0.07421875,0.0,0.0,1.0
45,31,2344,supports_refusal,0.07421875,0.07421875,0.07421875,0.0,1.0,1.0
46,31,287,suppresses_refusal,-0.072265625,0.072265625,0.072265625,0.0,0.0,1.0
47,31,1519,suppresses_refusal,-0.072265625,0.072265625,0.072265625,0.0,0.0,1.0
48,28,8945,suppresses_refusal,-0.07177734375,0.07177734375,0.07177734375,0.0,0.0,1.0
49,30,1171,suppresses_refusal,-0.0703125,0.0703125,0.0703125,0.0,0.0,1.0
50,31,13833,supports_refusal,0.06982421875,0.06982421875,0.06982421875,0.0,1.0,1.0
51,30,11050,supports_refusal,0.0673828125,0.0673828125,0.0673828125,0.0,1.0,1.0
52,19,3992,supports_refusal,0.0673828125,0.0673828125,0.0673828125,0.0,1.0,1.0
53,19,4481,suppresses_refusal,-0.06689453125,0.06689453125,0.06689453125,0.0,0.0,1.0
54,0,12222,suppresses_refusal,-0.06640625,0.06640625,0.06640625,0.0,0.0,1.0
55,30,5442,suppresses_refusal,-0.06591796875,0.06591796875,0.06591796875,0.0,0.0,1.0
56,30,4893,supports_refusal,0.06591796875,0.06591796875,0.06591796875,0.0,1.0,1.0
57,30,936,supports_refusal,0.0654296875,0.0654296875,0.0654296875,0.0,1.0,1.0
58,29,636,suppresses_refusal,-0.06494140625,0.06494140625,0.06494140625,0.0,0.0,1.0
59,12,846,supports_refusal,0.06494140625,0.06494140625,0.06494140625,0.0,1.0,1.0
60,28,11954,supports_refusal,0.064453125,0.064453125,0.064453125,0.0,1.0,1.0
61,31,4046,suppresses_refusal,-0.064453125,0.064453125,0.064453125,0.0,0.0,1.0
62,31,3759,suppresses_refusal,-0.064453125,0.064453125,0.064453125,0.0,0.0,1.0
63,18,12866,supports_refusal,0.064453125,0.064453125,0.064453125,0.0,1.0,1.0
64,31,3982,suppresses_refusal,-0.0634765625,0.0634765625,0.0634765625,0.0,0.0,1.0
65,31,7861,supports_refusal,0.0634765625,0.0634765625,0.0634765625,0.0,1.0,1.0
66,31,7517,suppresses_refusal,-0.06298828125,0.06298828125,0.06298828125,0.0,0.0,1.0
67,31,996,supports_refusal,0.06298828125,0.06298828125,0.06298828125,0.0,1.0,1.0
68,31,10620,supports_refusal,0.0625,0.0625,0.0625,0.0,1.0,1.0
69,23,12220,supports_refusal,0.0615234375,0.0615234375,0.0615234375,0.0,1.0,1.0
70,31,12606,supports_refusal,0.061279296875,0.061279296875,0.061279296875,0.0,1.0,1.0
71,30,5831,suppresses_refusal,-0.06103515625,0.06103515625,0.06103515625,0.0,0.0,1.0
72,31,2188,supports_refusal,0.060302734375,0.060302734375,0.060302734375,0.0,1.0,1.0
73,14,3917,supports_refusal,0.060302734375,0.060302734375,0.060302734375,0.0,1.0,1.0
74,31,12252,supports_refusal,0.060302734375,0.060302734375,0.060302734375,0.0,1.0,1.0
75,30,12395,suppresses_refusal,-0.06005859375,0.06005859375,0.06005859375,0.0,0.0,1.0
76,31,1324,supports_refusal,0.05908203125,0.05908203125,0.05908203125,0.0,1.0,1.0
77,31,8937,suppresses_refusal,-0.05908203125,0.05908203125,0.05908203125,0.0,0.0,1.0
78,31,5082,suppresses_refusal,-0.058837890625,0.058837890625,0.058837890625,0.0,0.0,1.0
79,31,1335,supports_refusal,0.058837890625,0.058837890625,0.058837890625,0.0,1.0,1.0
80,22,7981,supports_refusal,0.05859375,0.05859375,0.05859375,0.0,1.0,1.0
81,30,3382,supports_refusal,0.05859375,0.05859375,0.05859375,0.0,1.0,1.0
82,31,5975,supports_refusal,0.05859375,0.05859375,0.05859375,0.0,1.0,1.0
83,29,5198,suppresses_refusal,-0.05810546875,0.05810546875,0.05810546875,0.0,0.0,1.0
84,28,1016,supports_refusal,0.05810546875,0.05810546875,0.05810546875,0.0,1.0,1.0
85,31,1674,supports_refusal,0.057861328125,0.057861328125,0.057861328125,0.0,1.0,1.0
86,27,11770,suppresses_refusal,-0.057373046875,0.057373046875,0.057373046875,0.0,0.0,1.0
87,16,1241,supports_refusal,0.056884765625,0.056884765625,0.056884765625,0.0,1.0,1.0
88,31,13076,supports_refusal,0.056884765625,0.056884765625,0.056884765625,0.0,1.0,1.0
89,30,9247,suppresses_refusal,-0.056396484375,0.056396484375,0.056396484375,0.0,0.0,1.0
90,29,7733,supports_refusal,0.056396484375,0.056396484375,0.056396484375,0.0,1.0,1.0
91,31,10176,supports_refusal,0.0556640625,0.0556640625,0.0556640625,0.0,1.0,1.0
92,27,6070,suppresses_refusal,-0.055419921875,0.055419921875,0.055419921875,0.0,0.0,1.0
93,18,2106,suppresses_refusal,-0.055419921875,0.055419921875,0.055419921875,0.0,0.0,1.0
94,9,4255,suppresses_refusal,-0.05517578125,0.05517578125,0.05517578125,0.0,0.0,1.0
95,31,12446,suppresses_refusal,-0.05517578125,0.05517578125,0.05517578125,0.0,0.0,1.0
96,30,10238,suppresses_refusal,-0.054443359375,0.054443359375,0.054443359375,0.0,0.0,1.0
97,31,8664,supports_refusal,0.05419921875,0.05419921875,0.05419921875,0.0,1.0,1.0
98,31,9187,suppresses_refusal,-0.05419921875,0.05419921875,0.05419921875,0.0,0.0,1.0
99,31,102,supports_refusal,0.05419921875,0.05419921875,0.05419921875,0.0,1.0,1.0
100,29,13328,suppresses_refusal,-0.05419921875,0.05419921875,0.05419921875,0.0,0.0,1.0
101,31,10492,suppresses_refusal,-0.0537109375,0.0537109375,0.0537109375,0.0,0.0,1.0
102,30,10321,suppresses_refusal,-0.0537109375,0.0537109375,0.0537109375,0.0,0.0,1.0
103,31,10644,supports_refusal,0.053466796875,0.053466796875,0.053466796875,0.0,1.0,1.0
104,12,2413,supports_refusal,0.05322265625,0.05322265625,0.05322265625,0.0,1.0,1.0
105,31,1549,supports_refusal,0.052978515625,0.052978515625,0.052978515625,0.0,1.0,1.0
106,11,11321,suppresses_refusal,-0.052734375,0.052734375,0.052734375,0.0,0.0,1.0
107,31,416,supports_refusal,0.052490234375,0.052490234375,0.052490234375,0.0,1.0,1.0
108,27,8839,suppresses_refusal,-0.05224609375,0.05224609375,0.05224609375,0.0,0.0,1.0
109,30,13393,supports_refusal,0.05224609375,0.05224609375,0.05224609375,0.0,1.0,1.0
110,21,9695,suppresses_refusal,-0.052001953125,0.052001953125,0.052001953125,0.0,0.0,1.0
111,31,10459,supports_refusal,0.0517578125,0.0517578125,0.0517578125,0.0,1.0,1.0
112,30,2653,suppresses_refusal,-0.0517578125,0.0517578125,0.0517578125,0.0,0.0,1.0
113,31,29,supports_refusal,0.051513671875,0.051513671875,0.051513671875,0.0,1.0,1.0
114,31,5099,supports_refusal,0.051513671875,0.051513671875,0.051513671875,0.0,1.0,1.0
115,29,8656,supports_refusal,0.051025390625,0.051025390625,0.051025390625,0.0,1.0,1.0
116,30,12125,supports_refusal,0.05078125,0.05078125,0.05078125,0.0,1.0,1.0
117,27,3135,supports_refusal,0.05078125,0.05078125,0.05078125,0.0,1.0,1.0
118,31,2305,supports_refusal,0.050537109375,0.050537109375,0.050537109375,0.0,1.0,1.0
119,28,1447,supports_refusal,0.050048828125,0.050048828125,0.050048828125,0.0,1.0,1.0
120,29,14120,suppresses_refusal,-0.0498046875,0.0498046875,0.0498046875,0.0,0.0,1.0
121,31,8711,supports_refusal,0.049560546875,0.049560546875,0.049560546875,0.0,1.0,1.0
122,30,8639,suppresses_refusal,-0.048583984375,0.048583984375,0.048583984375,0.0,0.0,1.0
123,21,10970,supports_refusal,0.048583984375,0.048583984375,0.048583984375,0.0,1.0,1.0
124,20,3972,supports_refusal,0.0478515625,0.0478515625,0.0478515625,0.0,1.0,1.0
125,31,5178,supports_refusal,0.047119140625,0.047119140625,0.047119140625,0.0,1.0,1.0
126,31,455,suppresses_refusal,-0.046630859375,0.046630859375,0.046630859375,0.0,0.0,1.0
127,3,6390,supports_refusal,0.04638671875,0.04638671875,0.04638671875,0.0,1.0,1.0
128,30,2226,suppresses_refusal,-0.046142578125,0.046142578125,0.046142578125,0.0,0.0,1.0
129,31,786,supports_refusal,0.045654296875,0.045654296875,0.045654296875,0.0,1.0,1.0
130,3,2145,supports_refusal,0.045654296875,0.045654296875,0.045654296875,0.0,1.0,1.0
131,31,2750,suppresses_refusal,-0.045166015625,0.045166015625,0.045166015625,0.0,0.0,1.0
132,30,11268,supports_refusal,0.044677734375,0.044677734375,0.044677734375,0.0,1.0,1.0
133,29,3852,supports_refusal,0.044677734375,0.044677734375,0.044677734375,0.0,1.0,1.0
134,31,3730,supports_refusal,0.04443359375,0.04443359375,0.04443359375,0.0,1.0,1.0
135,31,1919,supports_refusal,0.04443359375,0.04443359375,0.04443359375,0.0,1.0,1.0
136,27,11734,suppresses_refusal,-0.04443359375,0.04443359375,0.04443359375,0.0,0.0,1.0
137,29,12858,suppresses_refusal,-0.0439453125,0.0439453125,0.0439453125,0.0,0.0,1.0
138,10,6759,supports_refusal,0.0439453125,0.0439453125,0.0439453125,0.0,1.0,1.0
139,31,9171,suppresses_refusal,-0.04345703125,0.04345703125,0.04345703125,0.0,0.0,1.0
140,31,3387,supports_refusal,0.04345703125,0.04345703125,0.04345703125,0.0,1.0,1.0
141,30,8614,suppresses_refusal,-0.04296875,0.04296875,0.04296875,0.0,0.0,1.0
142,6,5866,suppresses_refusal,-0.04296875,0.04296875,0.04296875,0.0,0.0,1.0
143,24,6776,supports_refusal,0.042724609375,0.042724609375,0.042724609375,0.0,1.0,1.0
144,31,8118,suppresses_refusal,-0.042724609375,0.042724609375,0.042724609375,0.0,0.0,1.0
145,30,3744,supports_refusal,0.04248046875,0.04248046875,0.04248046875,0.0,1.0,1.0
146,30,4350,supports_refusal,0.04248046875,0.04248046875,0.04248046875,0.0,1.0,1.0
147,31,1186,supports_refusal,0.04248046875,0.04248046875,0.04248046875,0.0,1.0,1.0
148,15,13528,supports_refusal,0.042236328125,0.042236328125,0.042236328125,0.0,1.0,1.0
149,28,7491,suppresses_refusal,-0.0419921875,0.0419921875,0.0419921875,0.0,0.0,1.0
150,29,4946,suppresses_refusal,-0.0419921875,0.0419921875,0.0419921875,0.0,0.0,1.0
151,31,11695,suppresses_refusal,-0.04150390625,0.04150390625,0.04150390625,0.0,0.0,1.0
152,22,2002,supports_refusal,0.04150390625,0.04150390625,0.04150390625,0.0,1.0,1.0
153,26,9401,suppresses_refusal,-0.041259765625,0.041259765625,0.041259765625,0.0,0.0,1.0
154,30,3331,supports_refusal,0.041259765625,0.041259765625,0.041259765625,0.0,1.0,1.0
155,30,11920,suppresses_refusal,-0.041259765625,0.041259765625,0.041259765625,0.0,0.0,1.0
156,31,11024,suppresses_refusal,-0.040771484375,0.040771484375,0.040771484375,0.0,0.0,1.0
157,20,1223,supports_refusal,0.040771484375,0.040771484375,0.040771484375,0.0,1.0,1.0
158,31,12358,supports_refusal,0.04052734375,0.04052734375,0.04052734375,0.0,1.0,1.0
159,31,11488,supports_refusal,0.040283203125,0.040283203125,0.040283203125,0.0,1.0,1.0
160,5,7012,suppresses_refusal,-0.040283203125,0.040283203125,0.040283203125,0.0,0.0,1.0
161,31,515,supports_refusal,0.0400390625,0.0400390625,0.0400390625,0.0,1.0,1.0
162,30,8392,suppresses_refusal,-0.039794921875,0.039794921875,0.039794921875,0.0,0.0,1.0
163,30,7675,suppresses_refusal,-0.03955078125,0.03955078125,0.03955078125,0.0,0.0,1.0
164,28,6305,suppresses_refusal,-0.03955078125,0.03955078125,0.03955078125,0.0,0.0,1.0
165,31,7281,supports_refusal,0.03955078125,0.03955078125,0.03955078125,0.0,1.0,1.0
166,12,1481,suppresses_refusal,-0.039306640625,0.039306640625,0.039306640625,0.0,0.0,1.0
167,30,1562,suppresses_refusal,-0.039306640625,0.039306640625,0.039306640625,0.0,0.0,1.0
168,24,5026,suppresses_refusal,-0.039306640625,0.039306640625,0.039306640625,0.0,0.0,1.0
169,31,12591,supports_refusal,0.039306640625,0.039306640625,0.039306640625,0.0,1.0,1.0
170,31,4661,supports_refusal,0.0390625,0.0390625,0.0390625,0.0,1.0,1.0
171,31,11256,suppresses_refusal,-0.0390625,0.0390625,0.0390625,0.0,0.0,1.0
172,31,12373,suppresses_refusal,-0.0390625,0.0390625,0.0390625,0.0,0.0,1.0
173,31,10463,supports_refusal,0.0390625,0.0390625,0.0390625,0.0,1.0,1.0
174,31,7450,supports_refusal,0.038818359375,0.038818359375,0.038818359375,0.0,1.0,1.0
175,27,2012,suppresses_refusal,-0.03857421875,0.03857421875,0.03857421875,0.0,0.0,1.0
176,31,2268,supports_refusal,0.038330078125,0.038330078125,0.038330078125,0.0,1.0,1.0
177,31,311,supports_refusal,0.0380859375,0.0380859375,0.0380859375,0.0,1.0,1.0
178,16,9699,suppresses_refusal,-0.0380859375,0.0380859375,0.0380859375,0.0,0.0,1.0
179,30,4063,suppresses_refusal,-0.0380859375,0.0380859375,0.0380859375,0.0,0.0,1.0
180,31,14201,supports_refusal,0.037841796875,0.037841796875,0.037841796875,0.0,1.0,1.0
181,31,13803,supports_refusal,0.037841796875,0.037841796875,0.037841796875,0.0,1.0,1.0
182,28,3797,suppresses_refusal,-0.037841796875,0.037841796875,0.037841796875,0.0,0.0,1.0
183,28,781,supports_refusal,0.037841796875,0.037841796875,0.037841796875,0.0,1.0,1.0
184,29,1295,supports_refusal,0.037841796875,0.037841796875,0.037841796875,0.0,1.0,1.0
185,17,13532,supports_refusal,0.037841796875,0.037841796875,0.037841796875,0.0,1.0,1.0
186,30,11272,supports_refusal,0.037841796875,0.037841796875,0.037841796875,0.0,1.0,1.0
187,31,12862,suppresses_refusal,-0.036865234375,0.036865234375,0.036865234375,0.0,0.0,1.0
188,31,5041,suppresses_refusal,-0.036376953125,0.036376953125,0.036376953125,0.0,0.0,1.0
189,24,12975,supports_refusal,0.0361328125,0.0361328125,0.0361328125,0.0,1.0,1.0
190,29,4048,supports_refusal,0.0361328125,0.0361328125,0.0361328125,0.0,1.0,1.0
191,15,3580,supports_refusal,0.0361328125,0.0361328125,0.0361328125,0.0,1.0,1.0
192,18,8177,suppresses_refusal,-0.0361328125,0.0361328125,0.0361328125,0.0,0.0,1.0
193,19,11877,supports_refusal,0.0361328125,0.0361328125,0.0361328125,0.0,1.0,1.0
194,31,2945,suppresses_refusal,-0.035888671875,0.035888671875,0.035888671875,0.0,0.0,1.0
195,30,2532,suppresses_refusal,-0.035888671875,0.035888671875,0.035888671875,0.0,0.0,1.0
196,31,6432,suppresses_refusal,-0.03564453125,0.03564453125,0.03564453125,0.0,0.0,1.0
197,4,14288,suppresses_refusal,-0.03564453125,0.03564453125,0.03564453125,0.0,0.0,1.0
198,31,3474,supports_refusal,0.03564453125,0.03564453125,0.03564453125,0.0,1.0,1.0
199,24,7245,suppresses_refusal,-0.03564453125,0.03564453125,0.03564453125,0.0,0.0,1.0
200,31,6614,suppresses_refusal,-0.035400390625,0.035400390625,0.035400390625,0.0,0.0,1.0
201,30,992,supports_refusal,0.035400390625,0.035400390625,0.035400390625,0.0,1.0,1.0
202,30,9872,supports_refusal,0.035400390625,0.035400390625,0.035400390625,0.0,1.0,1.0
203,30,8539,suppresses_refusal,-0.03515625,0.03515625,0.03515625,0.0,0.0,1.0
204,31,13648,suppresses_refusal,-0.034912109375,0.034912109375,0.034912109375,0.0,0.0,1.0
205,31,5772,suppresses_refusal,-0.03466796875,0.03466796875,0.03466796875,0.0,0.0,1.0
206,31,9854,suppresses_refusal,-0.03466796875,0.03466796875,0.03466796875,0.0,0.0,1.0
207,28,2761,supports_refusal,0.03466796875,0.03466796875,0.03466796875,0.0,1.0,1.0
208,26,8200,suppresses_refusal,-0.034423828125,0.034423828125,0.034423828125,0.0,0.0,1.0
209,6,12351,supports_refusal,0.0341796875,0.0341796875,0.0341796875,0.0,1.0,1.0
210,31,260,suppresses_refusal,-0.0341796875,0.0341796875,0.0341796875,0.0,0.0,1.0
211,24,10586,supports_refusal,0.033935546875,0.033935546875,0.033935546875,0.0,1.0,1.0
212,30,10768,suppresses_refusal,-0.033935546875,0.033935546875,0.033935546875,0.0,0.0,1.0
213,2,11075,suppresses_refusal,-0.03369140625,0.03369140625,0.03369140625,0.0,0.0,1.0
214,31,5919,supports_refusal,0.03369140625,0.03369140625,0.03369140625,0.0,1.0,1.0
215,31,8777,suppresses_refusal,-0.03369140625,0.03369140625,0.03369140625,0.0,0.0,1.0
216,31,4788,suppresses_refusal,-0.03369140625,0.03369140625,0.03369140625,0.0,0.0,1.0
217,27,3387,suppresses_refusal,-0.033447265625,0.033447265625,0.033447265625,0.0,0.0,1.0
218,29,9055,suppresses_refusal,-0.033203125,0.033203125,0.033203125,0.0,0.0,1.0
219,31,6650,suppresses_refusal,-0.033203125,0.033203125,0.033203125,0.0,0.0,1.0
220,13,13879,supports_refusal,0.033203125,0.033203125,0.033203125,0.0,1.0,1.0
221,31,1095,suppresses_refusal,-0.033203125,0.033203125,0.033203125,0.0,0.0,1.0
222,30,7422,suppresses_refusal,-0.032958984375,0.032958984375,0.032958984375,0.0,0.0,1.0
223,31,7115,supports_refusal,0.032958984375,0.032958984375,0.032958984375,0.0,1.0,1.0
224,31,4179,supports_refusal,0.032958984375,0.032958984375,0.032958984375,0.0,1.0,1.0
225,27,12956,supports_refusal,0.032958984375,0.032958984375,0.032958984375,0.0,1.0,1.0
226,31,13293,supports_refusal,0.03271484375,0.03271484375,0.03271484375,0.0,1.0,1.0
227,2,4786,supports_refusal,0.03271484375,0.03271484375,0.03271484375,0.0,1.0,1.0
228,11,789,supports_refusal,0.03271484375,0.03271484375,0.03271484375,0.0,1.0,1.0
229,31,13414,supports_refusal,0.03271484375,0.03271484375,0.03271484375,0.0,1.0,1.0
230,30,3843,suppresses_refusal,-0.03271484375,0.03271484375,0.03271484375,0.0,0.0,1.0
231,31,1313,suppresses_refusal,-0.03271484375,0.03271484375,0.03271484375,0.0,0.0,1.0
232,30,2792,suppresses_refusal,-0.032470703125,0.032470703125,0.032470703125,0.0,0.0,1.0
233,25,902,suppresses_refusal,-0.032470703125,0.032470703125,0.032470703125,0.0,0.0,1.0
234,28,545,suppresses_refusal,-0.032470703125,0.032470703125,0.032470703125,0.0,0.0,1.0
235,27,13174,supports_refusal,0.032470703125,0.032470703125,0.032470703125,0.0,1.0,1.0
236,30,13087,supports_refusal,0.032470703125,0.032470703125,0.032470703125,0.0,1.0,1.0
237,31,13183,suppresses_refusal,-0.032470703125,0.032470703125,0.032470703125,0.0,0.0,1.0
238,23,6046,supports_refusal,0.032470703125,0.032470703125,0.032470703125,0.0,1.0,1.0
239,28,6033,supports_refusal,0.0322265625,0.0322265625,0.0322265625,0.0,1.0,1.0
240,12,10137,suppresses_refusal,-0.0322265625,0.0322265625,0.0322265625,0.0,0.0,1.0
241,29,108,supports_refusal,0.0322265625,0.0322265625,0.0322265625,0.0,1.0,1.0
242,30,7146,suppresses_refusal,-0.0322265625,0.0322265625,0.0322265625,0.0,0.0,1.0
243,31,5535,suppresses_refusal,-0.031982421875,0.031982421875,0.031982421875,0.0,0.0,1.0
244,31,9387,suppresses_refusal,-0.031982421875,0.031982421875,0.031982421875,0.0,0.0,1.0
245,30,2927,supports_refusal,0.03173828125,0.03173828125,0.03173828125,0.0,1.0,1.0
246,31,1351,supports_refusal,0.03173828125,0.03173828125,0.03173828125,0.0,1.0,1.0
247,31,11638,suppresses_refusal,-0.03173828125,0.03173828125,0.03173828125,0.0,0.0,1.0
248,31,8990,suppresses_refusal,-0.031494140625,0.031494140625,0.031494140625,0.0,0.0,1.0
249,31,4373,supports_refusal,0.031494140625,0.031494140625,0.031494140625,0.0,1.0,1.0
250,31,5335,suppresses_refusal,-0.03125,0.03125,0.03125,0.0,0.0,1.0
251,12,5760,suppresses_refusal,-0.03125,0.03125,0.03125,0.0,0.0,1.0
252,29,9117,suppresses_refusal,-0.0311279296875,0.0311279296875,0.0311279296875,0.0,0.0,1.0
253,26,13992,suppresses_refusal,-0.0308837890625,0.0308837890625,0.0308837890625,0.0,0.0,1.0
254,28,9928,supports_refusal,0.03076171875,0.03076171875,0.03076171875,0.0,1.0,1.0
255,25,1685,supports_refusal,0.03076171875,0.03076171875,0.03076171875,0.0,1.0,1.0
256,24,5504,suppresses_refusal,-0.0306396484375,0.0306396484375,0.0306396484375,0.0,0.0,1.0
257,31,2012,supports_refusal,0.030517578125,0.030517578125,0.030517578125,0.0,1.0,1.0
258,31,13336,supports_refusal,0.030517578125,0.030517578125,0.030517578125,0.0,1.0,1.0
259,31,3022,suppresses_refusal,-0.0303955078125,0.0303955078125,0.0303955078125,0.0,0.0,1.0
260,24,2777,supports_refusal,0.0303955078125,0.0303955078125,0.0303955078125,0.0,1.0,1.0
261,30,559,supports_refusal,0.0301513671875,0.0301513671875,0.0301513671875,0.0,1.0,1.0
262,28,6170,suppresses_refusal,-0.030029296875,0.030029296875,0.030029296875,0.0,0.0,1.0
263,31,13812,suppresses_refusal,-0.030029296875,0.030029296875,0.030029296875,0.0,0.0,1.0
264,5,14319,supports_refusal,0.0299072265625,0.0299072265625,0.0299072265625,0.0,1.0,1.0
265,31,12933,suppresses_refusal,-0.02978515625,0.02978515625,0.02978515625,0.0,0.0,1.0
266,28,12067,suppresses_refusal,-0.029296875,0.029296875,0.029296875,0.0,0.0,1.0
267,29,9228,suppresses_refusal,-0.029296875,0.029296875,0.029296875,0.0,0.0,1.0
268,31,8950,supports_refusal,0.029296875,0.029296875,0.029296875,0.0,1.0,1.0
269,31,3493,suppresses_refusal,-0.029296875,0.029296875,0.029296875,0.0,0.0,1.0
270,30,10963,supports_refusal,0.029052734375,0.029052734375,0.029052734375,0.0,1.0,1.0
271,24,9812,suppresses_refusal,-0.0289306640625,0.0289306640625,0.0289306640625,0.0,0.0,1.0
272,31,1793,suppresses_refusal,-0.028564453125,0.028564453125,0.028564453125,0.0,0.0,1.0
273,30,10322,supports_refusal,0.028564453125,0.028564453125,0.028564453125,0.0,1.0,1.0
274,31,3685,suppresses_refusal,-0.028564453125,0.028564453125,0.028564453125,0.0,0.0,1.0
275,31,7506,supports_refusal,0.0283203125,0.0283203125,0.0283203125,0.0,1.0,1.0
276,30,10431,suppresses_refusal,-0.0281982421875,0.0281982421875,0.0281982421875,0.0,0.0,1.0
277,30,11663,suppresses_refusal,-0.028076171875,0.028076171875,0.028076171875,0.0,0.0,1.0
278,16,5497,supports_refusal,0.0279541015625,0.0279541015625,0.0279541015625,0.0,1.0,1.0
279,31,13933,suppresses_refusal,-0.0279541015625,0.0279541015625,0.0279541015625,0.0,0.0,1.0
280,29,7375,suppresses_refusal,-0.0279541015625,0.0279541015625,0.0279541015625,0.0,0.0,1.0
281,31,2036,suppresses_refusal,-0.02783203125,0.02783203125,0.02783203125,0.0,0.0,1.0
282,11,11405,supports_refusal,0.0277099609375,0.0277099609375,0.0277099609375,0.0,1.0,1.0
283,29,7369,supports_refusal,0.0277099609375,0.0277099609375,0.0277099609375,0.0,1.0,1.0
284,19,10082,supports_refusal,0.027587890625,0.027587890625,0.027587890625,0.0,1.0,1.0
285,31,12776,suppresses_refusal,-0.027587890625,0.027587890625,0.027587890625,0.0,0.0,1.0
286,30,10985,suppresses_refusal,-0.0274658203125,0.0274658203125,0.0274658203125,0.0,0.0,1.0
287,16,1185,suppresses_refusal,-0.0274658203125,0.0274658203125,0.0274658203125,0.0,0.0,1.0
288,12,13868,supports_refusal,0.0274658203125,0.0274658203125,0.0274658203125,0.0,1.0,1.0
289,29,911,supports_refusal,0.0274658203125,0.0274658203125,0.0274658203125,0.0,1.0,1.0
290,16,11052,suppresses_refusal,-0.0274658203125,0.0274658203125,0.0274658203125,0.0,0.0,1.0
291,1,2427,supports_refusal,0.02734375,0.02734375,0.02734375,0.0,1.0,1.0
292,31,13989,supports_refusal,0.02734375,0.02734375,0.02734375,0.0,1.0,1.0
293,31,1159,supports_refusal,0.02734375,0.02734375,0.02734375,0.0,1.0,1.0
294,30,11430,suppresses_refusal,-0.0272216796875,0.0272216796875,0.0272216796875,0.0,0.0,1.0
295,31,2477,supports_refusal,0.027099609375,0.027099609375,0.027099609375,0.0,1.0,1.0
296,31,8384,supports_refusal,0.027099609375,0.027099609375,0.027099609375,0.0,1.0,1.0
297,30,3397,supports_refusal,0.0269775390625,0.0269775390625,0.0269775390625,0.0,1.0,1.0
298,31,7104,suppresses_refusal,-0.0269775390625,0.0269775390625,0.0269775390625,0.0,0.0,1.0
299,14,957,suppresses_refusal,-0.0269775390625,0.0269775390625,0.0269775390625,0.0,0.0,1.0
300,21,12395,suppresses_refusal,-0.0269775390625,0.0269775390625,0.0269775390625,0.0,0.0,1.0
301,13,11412,suppresses_refusal,-0.0269775390625,0.0269775390625,0.0269775390625,0.0,0.0,1.0
302,23,13108,suppresses_refusal,-0.02685546875,0.02685546875,0.02685546875,0.0,0.0,1.0
303,30,11441,supports_refusal,0.02685546875,0.02685546875,0.02685546875,0.0,1.0,1.0
304,30,10428,suppresses_refusal,-0.0267333984375,0.0267333984375,0.0267333984375,0.0,0.0,1.0
305,18,5964,supports_refusal,0.0267333984375,0.0267333984375,0.0267333984375,0.0,1.0,1.0
306,22,10842,supports_refusal,0.0267333984375,0.0267333984375,0.0267333984375,0.0,1.0,1.0
307,31,4160,supports_refusal,0.0267333984375,0.0267333984375,0.0267333984375,0.0,1.0,1.0
308,28,6612,suppresses_refusal,-0.026611328125,0.026611328125,0.026611328125,0.0,0.0,1.0
309,30,13848,suppresses_refusal,-0.026611328125,0.026611328125,0.026611328125,0.0,0.0,1.0
310,16,1592,supports_refusal,0.026611328125,0.026611328125,0.026611328125,0.0,1.0,1.0
311,31,12156,suppresses_refusal,-0.026611328125,0.026611328125,0.026611328125,0.0,0.0,1.0
312,29,7349,suppresses_refusal,-0.0264892578125,0.0264892578125,0.0264892578125,0.0,0.0,1.0
313,28,6249,suppresses_refusal,-0.0263671875,0.0263671875,0.0263671875,0.0,0.0,1.0
314,26,6653,suppresses_refusal,-0.0263671875,0.0263671875,0.0263671875,0.0,0.0,1.0
315,30,1969,suppresses_refusal,-0.0260009765625,0.0260009765625,0.0260009765625,0.0,0.0,1.0
316,23,4486,suppresses_refusal,-0.02587890625,0.02587890625,0.02587890625,0.0,0.0,1.0
317,27,38,supports_refusal,0.0257568359375,0.0257568359375,0.0257568359375,0.0,1.0,1.0
318,31,12861,suppresses_refusal,-0.025634765625,0.025634765625,0.025634765625,0.0,0.0,1.0
319,17,1376,supports_refusal,0.025634765625,0.025634765625,0.025634765625,0.0,1.0,1.0
320,26,11941,suppresses_refusal,-0.025634765625,0.025634765625,0.025634765625,0.0,0.0,1.0
321,31,10210,suppresses_refusal,-0.0255126953125,0.0255126953125,0.0255126953125,0.0,0.0,1.0
322,16,8434,supports_refusal,0.0255126953125,0.0255126953125,0.0255126953125,0.0,1.0,1.0
323,31,794,supports_refusal,0.0255126953125,0.0255126953125,0.0255126953125,0.0,1.0,1.0
324,31,609,supports_refusal,0.025390625,0.025390625,0.025390625,0.0,1.0,1.0
325,31,7437,supports_refusal,0.025390625,0.025390625,0.025390625,0.0,1.0,1.0
326,29,1967,suppresses_refusal,-0.025390625,0.025390625,0.025390625,0.0,0.0,1.0
327,16,13185,suppresses_refusal,-0.0252685546875,0.0252685546875,0.0252685546875,0.0,0.0,1.0
328,28,10843,suppresses_refusal,-0.025146484375,0.025146484375,0.025146484375,0.0,0.0,1.0
329,30,12903,supports_refusal,0.025146484375,0.025146484375,0.025146484375,0.0,1.0,1.0
330,31,7193,supports_refusal,0.0250244140625,0.0250244140625,0.0250244140625,0.0,1.0,1.0
331,29,6859,supports_refusal,0.02490234375,0.02490234375,0.02490234375,0.0,1.0,1.0
332,24,5160,suppresses_refusal,-0.02490234375,0.02490234375,0.02490234375,0.0,0.0,1.0
333,0,14029,supports_refusal,0.02490234375,0.02490234375,0.02490234375,0.0,1.0,1.0
334,30,12394,suppresses_refusal,-0.0247802734375,0.0247802734375,0.0247802734375,0.0,0.0,1.0
335,24,10925,supports_refusal,0.0247802734375,0.0247802734375,0.0247802734375,0.0,1.0,1.0
336,20,6609,supports_refusal,0.0247802734375,0.0247802734375,0.0247802734375,0.0,1.0,1.0
337,31,5542,supports_refusal,0.0247802734375,0.0247802734375,0.0247802734375,0.0,1.0,1.0
338,30,1274,supports_refusal,0.024658203125,0.024658203125,0.024658203125,0.0,1.0,1.0
339,30,6083,suppresses_refusal,-0.024658203125,0.024658203125,0.024658203125,0.0,0.0,1.0
340,30,4077,suppresses_refusal,-0.0245361328125,0.0245361328125,0.0245361328125,0.0,0.0,1.0
341,9,388,suppresses_refusal,-0.0244140625,0.0244140625,0.0244140625,0.0,0.0,1.0
342,21,999,suppresses_refusal,-0.0244140625,0.0244140625,0.0244140625,0.0,0.0,1.0
343,31,4358,suppresses_refusal,-0.0244140625,0.0244140625,0.0244140625,0.0,0.0,1.0
344,31,8154,supports_refusal,0.0242919921875,0.0242919921875,0.0242919921875,0.0,1.0,1.0
345,27,11991,supports_refusal,0.0242919921875,0.0242919921875,0.0242919921875,0.0,1.0,1.0
346,28,2136,supports_refusal,0.024169921875,0.024169921875,0.024169921875,0.0,1.0,1.0
347,9,7715,supports_refusal,0.024169921875,0.024169921875,0.024169921875,0.0,1.0,1.0
348,31,6351,suppresses_refusal,-0.0240478515625,0.0240478515625,0.0240478515625,0.0,0.0,1.0
349,17,14096,supports_refusal,0.02392578125,0.02392578125,0.02392578125,0.0,1.0,1.0
350,12,3327,supports_refusal,0.02392578125,0.02392578125,0.02392578125,0.0,1.0,1.0
351,31,2111,suppresses_refusal,-0.0238037109375,0.0238037109375,0.0238037109375,0.0,0.0,1.0
352,28,11921,supports_refusal,0.0238037109375,0.0238037109375,0.0238037109375,0.0,1.0,1.0
353,16,7051,suppresses_refusal,-0.0238037109375,0.0238037109375,0.0238037109375,0.0,0.0,1.0
354,31,12525,supports_refusal,0.023681640625,0.023681640625,0.023681640625,0.0,1.0,1.0
355,31,9692,suppresses_refusal,-0.023681640625,0.023681640625,0.023681640625,0.0,0.0,1.0
356,31,5681,supports_refusal,0.023681640625,0.023681640625,0.023681640625,0.0,1.0,1.0
357,2,4380,supports_refusal,0.0235595703125,0.0235595703125,0.0235595703125,0.0,1.0,1.0
358,31,2518,supports_refusal,0.0235595703125,0.0235595703125,0.0235595703125,0.0,1.0,1.0
359,31,3175,suppresses_refusal,-0.0235595703125,0.0235595703125,0.0235595703125,0.0,0.0,1.0
360,28,12198,suppresses_refusal,-0.0235595703125,0.0235595703125,0.0235595703125,0.0,0.0,1.0
361,31,3309,suppresses_refusal,-0.0233154296875,0.0233154296875,0.0233154296875,0.0,0.0,1.0
362,1,2121,supports_refusal,0.023193359375,0.023193359375,0.023193359375,0.0,1.0,1.0
363,30,3587,suppresses_refusal,-0.0230712890625,0.0230712890625,0.0230712890625,0.0,0.0,1.0
364,31,14211,suppresses_refusal,-0.0230712890625,0.0230712890625,0.0230712890625,0.0,0.0,1.0
365,31,7936,supports_refusal,0.02294921875,0.02294921875,0.02294921875,0.0,1.0,1.0
366,31,12968,suppresses_refusal,-0.02294921875,0.02294921875,0.02294921875,0.0,0.0,1.0
367,31,855,suppresses_refusal,-0.02294921875,0.02294921875,0.02294921875,0.0,0.0,1.0
368,28,8131,suppresses_refusal,-0.02294921875,0.02294921875,0.02294921875,0.0,0.0,1.0
369,31,5371,suppresses_refusal,-0.02294921875,0.02294921875,0.02294921875,0.0,0.0,1.0
370,31,12841,suppresses_refusal,-0.02294921875,0.02294921875,0.02294921875,0.0,0.0,1.0
371,31,9678,suppresses_refusal,-0.02294921875,0.02294921875,0.02294921875,0.0,0.0,1.0
372,12,9114,supports_refusal,0.02294921875,0.02294921875,0.02294921875,0.0,1.0,1.0
373,30,5526,suppresses_refusal,-0.0228271484375,0.0228271484375,0.0228271484375,0.0,0.0,1.0
374,16,13461,supports_refusal,0.0228271484375,0.0228271484375,0.0228271484375,0.0,1.0,1.0
375,16,1202,suppresses_refusal,-0.0228271484375,0.0228271484375,0.0228271484375,0.0,0.0,1.0
376,28,11478,suppresses_refusal,-0.022705078125,0.022705078125,0.022705078125,0.0,0.0,1.0
377,31,3358,suppresses_refusal,-0.022705078125,0.022705078125,0.022705078125,0.0,0.0,1.0
378,30,5905,suppresses_refusal,-0.0225830078125,0.0225830078125,0.0225830078125,0.0,0.0,1.0
379,16,4033,suppresses_refusal,-0.0225830078125,0.0225830078125,0.0225830078125,0.0,0.0,1.0
380,31,1755,supports_refusal,0.0225830078125,0.0225830078125,0.0225830078125,0.0,1.0,1.0
381,29,10308,supports_refusal,0.0224609375,0.0224609375,0.0224609375,0.0,1.0,1.0
382,31,9050,suppresses_refusal,-0.0224609375,0.0224609375,0.0224609375,0.0,0.0,1.0
383,13,1317,suppresses_refusal,-0.0224609375,0.0224609375,0.0224609375,0.0,0.0,1.0
384,21,6388,suppresses_refusal,-0.0224609375,0.0224609375,0.0224609375,0.0,0.0,1.0
385,27,9308,suppresses_refusal,-0.0224609375,0.0224609375,0.0224609375,0.0,0.0,1.0
386,31,8984,supports_refusal,0.0224609375,0.0224609375,0.0224609375,0.0,1.0,1.0
387,1,198,suppresses_refusal,-0.0223388671875,0.0223388671875,0.0223388671875,0.0,0.0,1.0
388,17,11085,suppresses_refusal,-0.0223388671875,0.0223388671875,0.0223388671875,0.0,0.0,1.0
389,31,11512,supports_refusal,0.0223388671875,0.0223388671875,0.0223388671875,0.0,1.0,1.0
390,29,8858,supports_refusal,0.0223388671875,0.0223388671875,0.0223388671875,0.0,1.0,1.0
391,22,4433,supports_refusal,0.0223388671875,0.0223388671875,0.0223388671875,0.0,1.0,1.0
392,16,5666,supports_refusal,0.0223388671875,0.0223388671875,0.0223388671875,0.0,1.0,1.0
393,30,4106,supports_refusal,0.0223388671875,0.0223388671875,0.0223388671875,0.0,1.0,1.0
394,31,5369,suppresses_refusal,-0.0223388671875,0.0223388671875,0.0223388671875,0.0,0.0,1.0
395,23,7303,suppresses_refusal,-0.022216796875,0.022216796875,0.022216796875,0.0,0.0,1.0
396,20,14248,suppresses_refusal,-0.022216796875,0.022216796875,0.022216796875,0.0,0.0,1.0
397,25,8728,suppresses_refusal,-0.0220947265625,0.0220947265625,0.0220947265625,0.0,0.0,1.0
398,30,7594,suppresses_refusal,-0.0220947265625,0.0220947265625,0.0220947265625,0.0,0.0,1.0
399,11,1411,supports_refusal,0.0220947265625,0.0220947265625,0.0220947265625,0.0,1.0,1.0
400,14,14167,suppresses_refusal,-0.0220947265625,0.0220947265625,0.0220947265625,0.0,0.0,1.0
401,29,13217,suppresses_refusal,-0.02197265625,0.02197265625,0.02197265625,0.0,0.0,1.0
402,31,12035,supports_refusal,0.0218505859375,0.0218505859375,0.0218505859375,0.0,1.0,1.0
403,29,3746,supports_refusal,0.0218505859375,0.0218505859375,0.0218505859375,0.0,1.0,1.0
404,13,11841,supports_refusal,0.0218505859375,0.0218505859375,0.0218505859375,0.0,1.0,1.0
405,30,2614,suppresses_refusal,-0.0218505859375,0.0218505859375,0.0218505859375,0.0,0.0,1.0
406,15,2599,supports_refusal,0.021728515625,0.021728515625,0.021728515625,0.0,1.0,1.0
407,30,13846,suppresses_refusal,-0.021728515625,0.021728515625,0.021728515625,0.0,0.0,1.0
408,26,6595,supports_refusal,0.021728515625,0.021728515625,0.021728515625,0.0,1.0,1.0
409,26,10461,supports_refusal,0.021728515625,0.021728515625,0.021728515625,0.0,1.0,1.0
410,30,619,supports_refusal,0.021728515625,0.021728515625,0.021728515625,0.0,1.0,1.0
411,29,2914,supports_refusal,0.0216064453125,0.0216064453125,0.0216064453125,0.0,1.0,1.0
412,30,3000,suppresses_refusal,-0.0216064453125,0.0216064453125,0.0216064453125,0.0,0.0,1.0
413,31,10949,suppresses_refusal,-0.021484375,0.021484375,0.021484375,0.0,0.0,1.0
414,25,3592,suppresses_refusal,-0.021484375,0.021484375,0.021484375,0.0,0.0,1.0
415,15,5483,suppresses_refusal,-0.021484375,0.021484375,0.021484375,0.0,0.0,1.0
416,29,11498,suppresses_refusal,-0.021484375,0.021484375,0.021484375,0.0,0.0,1.0
417,31,4015,supports_refusal,0.021484375,0.021484375,0.021484375,0.0,1.0,1.0
418,11,8208,suppresses_refusal,-0.021484375,0.021484375,0.021484375,0.0,0.0,1.0
419,19,11792,suppresses_refusal,-0.021484375,0.021484375,0.021484375,0.0,0.0,1.0
420,20,5237,suppresses_refusal,-0.021484375,0.021484375,0.021484375,0.0,0.0,1.0
421,13,8818,supports_refusal,0.0213623046875,0.0213623046875,0.0213623046875,0.0,1.0,1.0
422,18,9102,supports_refusal,0.021240234375,0.021240234375,0.021240234375,0.0,1.0,1.0
423,24,9978,suppresses_refusal,-0.021240234375,0.021240234375,0.021240234375,0.0,0.0,1.0
424,27,13732,supports_refusal,0.021240234375,0.021240234375,0.021240234375,0.0,1.0,1.0
425,9,2606,suppresses_refusal,-0.021240234375,0.021240234375,0.021240234375,0.0,0.0,1.0
426,26,592,supports_refusal,0.021240234375,0.021240234375,0.021240234375,0.0,1.0,1.0
427,18,7999,suppresses_refusal,-0.021240234375,0.021240234375,0.021240234375,0.0,0.0,1.0
428,31,11808,supports_refusal,0.021240234375,0.021240234375,0.021240234375,0.0,1.0,1.0
429,31,486,suppresses_refusal,-0.021240234375,0.021240234375,0.021240234375,0.0,0.0,1.0
430,29,10899,supports_refusal,0.021240234375,0.021240234375,0.021240234375,0.0,1.0,1.0
431,13,13724,suppresses_refusal,-0.021240234375,0.021240234375,0.021240234375,0.0,0.0,1.0
432,31,9628,supports_refusal,0.0211181640625,0.0211181640625,0.0211181640625,0.0,1.0,1.0
433,30,12016,supports_refusal,0.0211181640625,0.0211181640625,0.0211181640625,0.0,1.0,1.0
434,31,8359,suppresses_refusal,-0.0211181640625,0.0211181640625,0.0211181640625,0.0,0.0,1.0
435,29,6400,suppresses_refusal,-0.0211181640625,0.0211181640625,0.0211181640625,0.0,0.0,1.0
436,30,4128,supports_refusal,0.02099609375,0.02099609375,0.02099609375,0.0,1.0,1.0
437,19,12164,suppresses_refusal,-0.02099609375,0.02099609375,0.02099609375,0.0,0.0,1.0
438,31,1928,supports_refusal,0.02099609375,0.02099609375,0.02099609375,0.0,1.0,1.0
439,14,11647,suppresses_refusal,-0.02099609375,0.02099609375,0.02099609375,0.0,0.0,1.0
440,17,12117,suppresses_refusal,-0.0208740234375,0.0208740234375,0.0208740234375,0.0,0.0,1.0
441,27,1690,supports_refusal,0.0208740234375,0.0208740234375,0.0208740234375,0.0,1.0,1.0
442,31,12839,suppresses_refusal,-0.0208740234375,0.0208740234375,0.0208740234375,0.0,0.0,1.0
443,6,1958,suppresses_refusal,-0.020751953125,0.020751953125,0.020751953125,0.0,0.0,1.0
444,0,378,supports_refusal,0.020751953125,0.020751953125,0.020751953125,0.0,1.0,1.0
445,22,12804,supports_refusal,0.020751953125,0.020751953125,0.020751953125,0.0,1.0,1.0
446,16,6310,supports_refusal,0.020751953125,0.020751953125,0.020751953125,0.0,1.0,1.0
447,0,7182,supports_refusal,0.020751953125,0.020751953125,0.020751953125,0.0,1.0,1.0
448,13,8310,suppresses_refusal,-0.020751953125,0.020751953125,0.020751953125,0.0,0.0,1.0
449,30,7872,supports_refusal,0.0206298828125,0.0206298828125,0.0206298828125,0.0,1.0,1.0
450,10,11152,supports_refusal,0.0206298828125,0.0206298828125,0.0206298828125,0.0,1.0,1.0
451,29,9562,supports_refusal,0.0205078125,0.0205078125,0.0205078125,0.0,1.0,1.0
452,31,327,supports_refusal,0.0205078125,0.0205078125,0.0205078125,0.0,1.0,1.0
453,16,1731,supports_refusal,0.0205078125,0.0205078125,0.0205078125,0.0,1.0,1.0
454,28,9949,suppresses_refusal,-0.0205078125,0.0205078125,0.0205078125,0.0,0.0,1.0
455,28,5878,suppresses_refusal,-0.0205078125,0.0205078125,0.0205078125,0.0,0.0,1.0
456,12,9000,suppresses_refusal,-0.0205078125,0.0205078125,0.0205078125,0.0,0.0,1.0
457,17,11047,supports_refusal,0.0203857421875,0.0203857421875,0.0203857421875,0.0,1.0,1.0
458,29,13736,suppresses_refusal,-0.020263671875,0.020263671875,0.020263671875,0.0,0.0,1.0
459,30,4438,suppresses_refusal,-0.020263671875,0.020263671875,0.020263671875,0.0,0.0,1.0
460,14,3998,supports_refusal,0.020263671875,0.020263671875,0.020263671875,0.0,1.0,1.0
461,31,11999,suppresses_refusal,-0.020263671875,0.020263671875,0.020263671875,0.0,0.0,1.0
462,31,9145,suppresses_refusal,-0.0201416015625,0.0201416015625,0.0201416015625,0.0,0.0,1.0
463,31,5206,suppresses_refusal,-0.0201416015625,0.0201416015625,0.0201416015625,0.0,0.0,1.0
464,21,4159,suppresses_refusal,-0.0201416015625,0.0201416015625,0.0201416015625,0.0,0.0,1.0
465,22,4290,suppresses_refusal,-0.0201416015625,0.0201416015625,0.0201416015625,0.0,0.0,1.0
466,1,12697,suppresses_refusal,-0.0201416015625,0.0201416015625,0.0201416015625,0.0,0.0,1.0
467,29,12010,suppresses_refusal,-0.02001953125,0.02001953125,0.02001953125,0.0,0.0,1.0
468,31,10439,supports_refusal,0.02001953125,0.02001953125,0.02001953125,0.0,1.0,1.0
469,27,9615,suppresses_refusal,-0.02001953125,0.02001953125,0.02001953125,0.0,0.0,1.0
470,3,10040,supports_refusal,0.0198974609375,0.0198974609375,0.0198974609375,0.0,1.0,1.0
471,30,7194,suppresses_refusal,-0.0198974609375,0.0198974609375,0.0198974609375,0.0,0.0,1.0
472,30,1293,supports_refusal,0.0198974609375,0.0198974609375,0.0198974609375,0.0,1.0,1.0
473,31,10674,supports_refusal,0.0198974609375,0.0198974609375,0.0198974609375,0.0,1.0,1.0
474,25,4370,suppresses_refusal,-0.0198974609375,0.0198974609375,0.0198974609375,0.0,0.0,1.0
475,24,4421,suppresses_refusal,-0.0198974609375,0.0198974609375,0.0198974609375,0.0,0.0,1.0
476,16,13109,supports_refusal,0.0198974609375,0.0198974609375,0.0198974609375,0.0,1.0,1.0
477,29,9923,suppresses_refusal,-0.0198974609375,0.0198974609375,0.0198974609375,0.0,0.0,1.0
478,13,449,suppresses_refusal,-0.019775390625,0.019775390625,0.019775390625,0.0,0.0,1.0
479,1,3404,suppresses_refusal,-0.019775390625,0.019775390625,0.019775390625,0.0,0.0,1.0
480,30,5089,supports_refusal,0.019775390625,0.019775390625,0.019775390625,0.0,1.0,1.0
481,9,12694,supports_refusal,0.0196533203125,0.0196533203125,0.0196533203125,0.0,1.0,1.0
482,21,1412,suppresses_refusal,-0.0196533203125,0.0196533203125,0.0196533203125,0.0,0.0,1.0
483,27,13407,suppresses_refusal,-0.0196533203125,0.0196533203125,0.0196533203125,0.0,0.0,1.0
484,17,9050,supports_refusal,0.0196533203125,0.0196533203125,0.0196533203125,0.0,1.0,1.0
485,16,8539,suppresses_refusal,-0.01953125,0.01953125,0.01953125,0.0,0.0,1.0
486,22,1848,supports_refusal,0.01953125,0.01953125,0.01953125,0.0,1.0,1.0
487,22,2901,suppresses_refusal,-0.01953125,0.01953125,0.01953125,0.0,0.0,1.0
488,15,10655,supports_refusal,0.01953125,0.01953125,0.01953125,0.0,1.0,1.0
489,0,11587,supports_refusal,0.01953125,0.01953125,0.01953125,0.0,1.0,1.0
490,31,9115,supports_refusal,0.01953125,0.01953125,0.01953125,0.0,1.0,1.0
491,29,1878,supports_refusal,0.0194091796875,0.0194091796875,0.0194091796875,0.0,1.0,1.0
492,28,6,suppresses_refusal,-0.0194091796875,0.0194091796875,0.0194091796875,0.0,0.0,1.0
493,31,12719,suppresses_refusal,-0.019287109375,0.019287109375,0.019287109375,0.0,0.0,1.0
494,5,2328,suppresses_refusal,-0.019287109375,0.019287109375,0.019287109375,0.0,0.0,1.0
495,28,6665,suppresses_refusal,-0.019287109375,0.019287109375,0.019287109375,0.0,0.0,1.0
496,17,11581,suppresses_refusal,-0.019287109375,0.019287109375,0.019287109375,0.0,0.0,1.0
497,29,11819,suppresses_refusal,-0.019287109375,0.019287109375,0.019287109375,0.0,0.0,1.0
498,31,10716,supports_refusal,0.019287109375,0.019287109375,0.019287109375,0.0,1.0,1.0
499,31,4352,suppresses_refusal,-0.019287109375,0.019287109375,0.019287109375,0.0,0.0,1.0
500,31,4097,supports_refusal,0.0191650390625,0.0191650390625,0.0191650390625,0.0,1.0,1.0
501,2,3373,supports_refusal,0.0191650390625,0.0191650390625,0.0191650390625,0.0,1.0,1.0
502,16,13770,supports_refusal,0.0191650390625,0.0191650390625,0.0191650390625,0.0,1.0,1.0
503,20,1988,supports_refusal,0.0191650390625,0.0191650390625,0.0191650390625,0.0,1.0,1.0
504,6,13783,supports_refusal,0.01904296875,0.01904296875,0.01904296875,0.0,1.0,1.0
505,31,847,supports_refusal,0.01904296875,0.01904296875,0.01904296875,0.0,1.0,1.0
506,31,14027,suppresses_refusal,-0.01904296875,0.01904296875,0.01904296875,0.0,0.0,1.0
507,11,2210,supports_refusal,0.0189208984375,0.0189208984375,0.0189208984375,0.0,1.0,1.0
508,30,1832,suppresses_refusal,-0.0189208984375,0.0189208984375,0.0189208984375,0.0,0.0,1.0
509,31,2756,suppresses_refusal,-0.0189208984375,0.0189208984375,0.0189208984375,0.0,0.0,1.0
510,17,622,suppresses_refusal,-0.018798828125,0.018798828125,0.018798828125,0.0,0.0,1.0
511,20,9928,suppresses_refusal,-0.018798828125,0.018798828125,0.018798828125,0.0,0.0,1.0
512,26,9709,supports_refusal,0.018798828125,0.018798828125,0.018798828125,0.0,1.0,1.0
513,31,4690,suppresses_refusal,-0.018798828125,0.018798828125,0.018798828125,0.0,0.0,1.0
514,31,5540,supports_refusal,0.018798828125,0.018798828125,0.018798828125,0.0,1.0,1.0
515,31,3409,suppresses_refusal,-0.0186767578125,0.0186767578125,0.0186767578125,0.0,0.0,1.0
516,29,13745,suppresses_refusal,-0.0186767578125,0.0186767578125,0.0186767578125,0.0,0.0,1.0
517,4,12537,supports_refusal,0.0186767578125,0.0186767578125,0.0186767578125,0.0,1.0,1.0
518,29,2135,suppresses_refusal,-0.0186767578125,0.0186767578125,0.0186767578125,0.0,0.0,1.0
519,26,12228,suppresses_refusal,-0.0185546875,0.0185546875,0.0185546875,0.0,0.0,1.0
520,19,10660,supports_refusal,0.0185546875,0.0185546875,0.0185546875,0.0,1.0,1.0
521,5,6739,supports_refusal,0.0185546875,0.0185546875,0.0185546875,0.0,1.0,1.0
522,31,2744,supports_refusal,0.0184326171875,0.0184326171875,0.0184326171875,0.0,1.0,1.0
523,21,11569,supports_refusal,0.0184326171875,0.0184326171875,0.0184326171875,0.0,1.0,1.0
524,3,11398,suppresses_refusal,-0.0184326171875,0.0184326171875,0.0184326171875,0.0,0.0,1.0
525,21,3057,supports_refusal,0.0184326171875,0.0184326171875,0.0184326171875,0.0,1.0,1.0
526,10,1084,supports_refusal,0.0184326171875,0.0184326171875,0.0184326171875,0.0,1.0,1.0
527,30,13827,supports_refusal,0.018310546875,0.018310546875,0.018310546875,0.0,1.0,1.0
528,29,6087,suppresses_refusal,-0.018310546875,0.018310546875,0.018310546875,0.0,0.0,1.0
529,29,4960,suppresses_refusal,-0.018310546875,0.018310546875,0.018310546875,0.0,0.0,1.0
530,25,8701,supports_refusal,0.018310546875,0.018310546875,0.018310546875,0.0,1.0,1.0
531,31,5362,suppresses_refusal,-0.0181884765625,0.0181884765625,0.0181884765625,0.0,0.0,1.0
532,30,4920,suppresses_refusal,-0.0181884765625,0.0181884765625,0.0181884765625,0.0,0.0,1.0
533,29,9595,suppresses_refusal,-0.0181884765625,0.0181884765625,0.0181884765625,0.0,0.0,1.0
534,28,12003,suppresses_refusal,-0.0181884765625,0.0181884765625,0.0181884765625,0.0,0.0,1.0
535,14,7642,supports_refusal,0.0181884765625,0.0181884765625,0.0181884765625,0.0,1.0,1.0
536,31,12941,supports_refusal,0.01806640625,0.01806640625,0.01806640625,0.0,1.0,1.0
537,29,52,supports_refusal,0.01806640625,0.01806640625,0.01806640625,0.0,1.0,1.0
538,27,12821,supports_refusal,0.01806640625,0.01806640625,0.01806640625,0.0,1.0,1.0
539,24,5326,suppresses_refusal,-0.01806640625,0.01806640625,0.01806640625,0.0,0.0,1.0
540,31,5874,suppresses_refusal,-0.01806640625,0.01806640625,0.01806640625,0.0,0.0,1.0
541,28,1154,suppresses_refusal,-0.01806640625,0.01806640625,0.01806640625,0.0,0.0,1.0
542,31,10036,supports_refusal,0.01806640625,0.01806640625,0.01806640625,0.0,1.0,1.0
543,31,1418,suppresses_refusal,-0.01806640625,0.01806640625,0.01806640625,0.0,0.0,1.0
544,17,2591,suppresses_refusal,-0.0179443359375,0.0179443359375,0.0179443359375,0.0,0.0,1.0
545,15,13591,suppresses_refusal,-0.0179443359375,0.0179443359375,0.0179443359375,0.0,0.0,1.0
546,0,3837,supports_refusal,0.0179443359375,0.0179443359375,0.0179443359375,0.0,1.0,1.0
547,31,11691,supports_refusal,0.017822265625,0.017822265625,0.017822265625,0.0,1.0,1.0
548,29,12574,suppresses_refusal,-0.017822265625,0.017822265625,0.017822265625,0.0,0.0,1.0
549,23,2069,supports_refusal,0.017822265625,0.017822265625,0.017822265625,0.0,1.0,1.0
550,31,3548,supports_refusal,0.017822265625,0.017822265625,0.017822265625,0.0,1.0,1.0
551,14,7317,suppresses_refusal,-0.0177001953125,0.0177001953125,0.0177001953125,0.0,0.0,1.0
552,16,9901,suppresses_refusal,-0.0177001953125,0.0177001953125,0.0177001953125,0.0,0.0,1.0
553,30,10126,supports_refusal,0.017578125,0.017578125,0.017578125,0.0,1.0,1.0
554,22,6459,suppresses_refusal,-0.017578125,0.017578125,0.017578125,0.0,0.0,1.0
555,30,13790,suppresses_refusal,-0.017578125,0.017578125,0.017578125,0.0,0.0,1.0
556,31,1136,supports_refusal,0.017578125,0.017578125,0.017578125,0.0,1.0,1.0
557,28,5336,supports_refusal,0.017578125,0.017578125,0.017578125,0.0,1.0,1.0
558,8,11354,suppresses_refusal,-0.017578125,0.017578125,0.017578125,0.0,0.0,1.0
559,30,10070,suppresses_refusal,-0.017578125,0.017578125,0.017578125,0.0,0.0,1.0
560,16,6521,suppresses_refusal,-0.0174560546875,0.0174560546875,0.0174560546875,0.0,0.0,1.0
561,31,900,supports_refusal,0.0174560546875,0.0174560546875,0.0174560546875,0.0,1.0,1.0
562,31,12917,supports_refusal,0.017333984375,0.017333984375,0.017333984375,0.0,1.0,1.0
563,30,10445,suppresses_refusal,-0.017333984375,0.017333984375,0.017333984375,0.0,0.0,1.0
564,25,5104,suppresses_refusal,-0.017333984375,0.017333984375,0.017333984375,0.0,0.0,1.0
565,30,7660,supports_refusal,0.017333984375,0.017333984375,0.017333984375,0.0,1.0,1.0
566,18,881,suppresses_refusal,-0.017333984375,0.017333984375,0.017333984375,0.0,0.0,1.0
567,31,14108,suppresses_refusal,-0.017333984375,0.017333984375,0.017333984375,0.0,0.0,1.0
568,27,10376,supports_refusal,0.0172119140625,0.0172119140625,0.0172119140625,0.0,1.0,1.0
569,12,13898,suppresses_refusal,-0.0172119140625,0.0172119140625,0.0172119140625,0.0,0.0,1.0
570,22,12614,supports_refusal,0.0172119140625,0.0172119140625,0.0172119140625,0.0,1.0,1.0
571,25,1684,suppresses_refusal,-0.0172119140625,0.0172119140625,0.0172119140625,0.0,0.0,1.0
572,31,9312,suppresses_refusal,-0.0172119140625,0.0172119140625,0.0172119140625,0.0,0.0,1.0
573,30,2250,supports_refusal,0.01708984375,0.01708984375,0.01708984375,0.0,1.0,1.0
574,31,7096,supports_refusal,0.01708984375,0.01708984375,0.01708984375,0.0,1.0,1.0
575,30,13752,suppresses_refusal,-0.01708984375,0.01708984375,0.01708984375,0.0,0.0,1.0
576,18,2105,supports_refusal,0.01708984375,0.01708984375,0.01708984375,0.0,1.0,1.0
577,16,2644,suppresses_refusal,-0.01708984375,0.01708984375,0.01708984375,0.0,0.0,1.0
578,13,13824,supports_refusal,0.01708984375,0.01708984375,0.01708984375,0.0,1.0,1.0
579,19,4712,supports_refusal,0.01708984375,0.01708984375,0.01708984375,0.0,1.0,1.0
580,31,10697,suppresses_refusal,-0.01708984375,0.01708984375,0.01708984375,0.0,0.0,1.0
581,31,850,supports_refusal,0.01708984375,0.01708984375,0.01708984375,0.0,1.0,1.0
582,23,11088,suppresses_refusal,-0.0169677734375,0.0169677734375,0.0169677734375,0.0,0.0,1.0
583,30,333,suppresses_refusal,-0.0169677734375,0.0169677734375,0.0169677734375,0.0,0.0,1.0
584,30,5542,suppresses_refusal,-0.0169677734375,0.0169677734375,0.0169677734375,0.0,0.0,1.0
585,30,14058,suppresses_refusal,-0.0169677734375,0.0169677734375,0.0169677734375,0.0,0.0,1.0
586,27,8191,suppresses_refusal,-0.0169677734375,0.0169677734375,0.0169677734375,0.0,0.0,1.0
587,31,7124,supports_refusal,0.0169677734375,0.0169677734375,0.0169677734375,0.0,1.0,1.0
588,31,4790,supports_refusal,0.0169677734375,0.0169677734375,0.0169677734375,0.0,1.0,1.0
589,22,6804,supports_refusal,0.0169677734375,0.0169677734375,0.0169677734375,0.0,1.0,1.0
590,20,4035,supports_refusal,0.016845703125,0.016845703125,0.016845703125,0.0,1.0,1.0
591,14,1469,suppresses_refusal,-0.016845703125,0.016845703125,0.016845703125,0.0,0.0,1.0
592,30,8735,suppresses_refusal,-0.016845703125,0.016845703125,0.016845703125,0.0,0.0,1.0
593,31,10075,suppresses_refusal,-0.016845703125,0.016845703125,0.016845703125,0.0,0.0,1.0
594,13,7787,supports_refusal,0.016845703125,0.016845703125,0.016845703125,0.0,1.0,1.0
595,29,12988,suppresses_refusal,-0.016845703125,0.016845703125,0.016845703125,0.0,0.0,1.0
596,26,7664,supports_refusal,0.016845703125,0.016845703125,0.016845703125,0.0,1.0,1.0
597,18,9602,suppresses_refusal,-0.016845703125,0.016845703125,0.016845703125,0.0,0.0,1.0
598,29,6313,suppresses_refusal,-0.016845703125,0.016845703125,0.016845703125,0.0,0.0,1.0
599,30,3436,supports_refusal,0.016845703125,0.016845703125,0.016845703125,0.0,1.0,1.0
600,21,9205,suppresses_refusal,-0.016845703125,0.016845703125,0.016845703125,0.0,0.0,1.0
601,17,2169,suppresses_refusal,-0.0167236328125,0.0167236328125,0.0167236328125,0.0,0.0,1.0
602,31,11586,supports_refusal,0.0167236328125,0.0167236328125,0.0167236328125,0.0,1.0,1.0
603,31,10667,supports_refusal,0.0167236328125,0.0167236328125,0.0167236328125,0.0,1.0,1.0
604,30,3483,suppresses_refusal,-0.0167236328125,0.0167236328125,0.0167236328125,0.0,0.0,1.0
605,30,635,supports_refusal,0.0167236328125,0.0167236328125,0.0167236328125,0.0,1.0,1.0
606,30,10064,suppresses_refusal,-0.0166015625,0.0166015625,0.0166015625,0.0,0.0,1.0
607,19,3088,suppresses_refusal,-0.0166015625,0.0166015625,0.0166015625,0.0,0.0,1.0
608,13,3654,supports_refusal,0.0166015625,0.0166015625,0.0166015625,0.0,1.0,1.0
609,21,4312,supports_refusal,0.0166015625,0.0166015625,0.0166015625,0.0,1.0,1.0
610,30,14059,supports_refusal,0.0166015625,0.0166015625,0.0166015625,0.0,1.0,1.0
611,31,11299,suppresses_refusal,-0.0166015625,0.0166015625,0.0166015625,0.0,0.0,1.0
612,14,5025,suppresses_refusal,-0.0166015625,0.0166015625,0.0166015625,0.0,0.0,1.0
613,15,4947,suppresses_refusal,-0.0166015625,0.0166015625,0.0166015625,0.0,0.0,1.0
614,28,12702,suppresses_refusal,-0.0166015625,0.0166015625,0.0166015625,0.0,0.0,1.0
615,23,306,supports_refusal,0.0166015625,0.0166015625,0.0166015625,0.0,1.0,1.0
616,31,10712,supports_refusal,0.0166015625,0.0166015625,0.0166015625,0.0,1.0,1.0
617,30,5341,supports_refusal,0.0166015625,0.0166015625,0.0166015625,0.0,1.0,1.0
618,23,1043,suppresses_refusal,-0.0164794921875,0.0164794921875,0.0164794921875,0.0,0.0,1.0
619,19,975,supports_refusal,0.0164794921875,0.0164794921875,0.0164794921875,0.0,1.0,1.0
620,17,9401,supports_refusal,0.0164794921875,0.0164794921875,0.0164794921875,0.0,1.0,1.0
621,31,10759,suppresses_refusal,-0.0164794921875,0.0164794921875,0.0164794921875,0.0,0.0,1.0
622,31,2564,supports_refusal,0.0164794921875,0.0164794921875,0.0164794921875,0.0,1.0,1.0
623,23,3321,suppresses_refusal,-0.0164794921875,0.0164794921875,0.0164794921875,0.0,0.0,1.0
624,14,1325,suppresses_refusal,-0.0164794921875,0.0164794921875,0.0164794921875,0.0,0.0,1.0
625,19,9802,suppresses_refusal,-0.016357421875,0.016357421875,0.016357421875,0.0,0.0,1.0
626,31,181,suppresses_refusal,-0.016357421875,0.016357421875,0.016357421875,0.0,0.0,1.0
627,18,1321,suppresses_refusal,-0.016357421875,0.016357421875,0.016357421875,0.0,0.0,1.0
628,31,3769,supports_refusal,0.016357421875,0.016357421875,0.016357421875,0.0,1.0,1.0
629,31,11348,suppresses_refusal,-0.016357421875,0.016357421875,0.016357421875,0.0,0.0,1.0
630,31,3084,suppresses_refusal,-0.016357421875,0.016357421875,0.016357421875,0.0,0.0,1.0
631,31,273,suppresses_refusal,-0.0162353515625,0.0162353515625,0.0162353515625,0.0,0.0,1.0
632,27,4528,supports_refusal,0.0162353515625,0.0162353515625,0.0162353515625,0.0,1.0,1.0
633,23,1780,suppresses_refusal,-0.0162353515625,0.0162353515625,0.0162353515625,0.0,0.0,1.0
634,31,12985,suppresses_refusal,-0.0162353515625,0.0162353515625,0.0162353515625,0.0,0.0,1.0
635,22,10995,supports_refusal,0.0162353515625,0.0162353515625,0.0162353515625,0.0,1.0,1.0
636,26,5916,suppresses_refusal,-0.01611328125,0.01611328125,0.01611328125,0.0,0.0,1.0
637,31,13115,supports_refusal,0.01611328125,0.01611328125,0.01611328125,0.0,1.0,1.0
638,31,11990,suppresses_refusal,-0.01611328125,0.01611328125,0.01611328125,0.0,0.0,1.0
639,30,13767,supports_refusal,0.01611328125,0.01611328125,0.01611328125,0.0,1.0,1.0
640,11,5200,suppresses_refusal,-0.01611328125,0.01611328125,0.01611328125,0.0,0.0,1.0
641,24,10375,supports_refusal,0.01611328125,0.01611328125,0.01611328125,0.0,1.0,1.0
642,31,5841,supports_refusal,0.01611328125,0.01611328125,0.01611328125,0.0,1.0,1.0
643,4,12934,supports_refusal,0.0159912109375,0.0159912109375,0.0159912109375,0.0,1.0,1.0
644,1,10289,supports_refusal,0.0159912109375,0.0159912109375,0.0159912109375,0.0,1.0,1.0
645,12,3454,supports_refusal,0.0159912109375,0.0159912109375,0.0159912109375,0.0,1.0,1.0
646,21,6426,supports_refusal,0.0159912109375,0.0159912109375,0.0159912109375,0.0,1.0,1.0
647,28,12739,supports_refusal,0.0159912109375,0.0159912109375,0.0159912109375,0.0,1.0,1.0
648,16,3813,supports_refusal,0.0159912109375,0.0159912109375,0.0159912109375,0.0,1.0,1.0
649,21,3883,supports_refusal,0.0159912109375,0.0159912109375,0.0159912109375,0.0,1.0,1.0
650,31,12784,supports_refusal,0.015869140625,0.015869140625,0.015869140625,0.0,1.0,1.0
651,14,5764,supports_refusal,0.015869140625,0.015869140625,0.015869140625,0.0,1.0,1.0
652,12,14045,suppresses_refusal,-0.015869140625,0.015869140625,0.015869140625,0.0,0.0,1.0
653,20,12758,supports_refusal,0.015869140625,0.015869140625,0.015869140625,0.0,1.0,1.0
654,31,4493,suppresses_refusal,-0.015869140625,0.015869140625,0.015869140625,0.0,0.0,1.0
655,28,2430,suppresses_refusal,-0.015869140625,0.015869140625,0.015869140625,0.0,0.0,1.0
656,31,8350,suppresses_refusal,-0.015869140625,0.015869140625,0.015869140625,0.0,0.0,1.0
657,12,5351,supports_refusal,0.015869140625,0.015869140625,0.015869140625,0.0,1.0,1.0
658,25,12954,suppresses_refusal,-0.015869140625,0.015869140625,0.015869140625,0.0,0.0,1.0
659,23,6450,supports_refusal,0.0157470703125,0.0157470703125,0.0157470703125,0.0,1.0,1.0
660,24,10872,suppresses_refusal,-0.0157470703125,0.0157470703125,0.0157470703125,0.0,0.0,1.0
661,13,12356,supports_refusal,0.0157470703125,0.0157470703125,0.0157470703125,0.0,1.0,1.0
662,20,11461,suppresses_refusal,-0.0157470703125,0.0157470703125,0.0157470703125,0.0,0.0,1.0
663,30,10139,suppresses_refusal,-0.015625,0.015625,0.015625,0.0,0.0,1.0
664,31,2100,suppresses_refusal,-0.015625,0.015625,0.015625,0.0,0.0,1.0
665,20,1474,suppresses_refusal,-0.015625,0.015625,0.015625,0.0,0.0,1.0
666,5,4354,suppresses_refusal,-0.015625,0.015625,0.015625,0.0,0.0,1.0
667,14,12639,suppresses_refusal,-0.015625,0.015625,0.015625,0.0,0.0,1.0
668,26,5286,supports_refusal,0.01556396484375,0.01556396484375,0.01556396484375,0.0,1.0,1.0
669,4,11975,supports_refusal,0.01556396484375,0.01556396484375,0.01556396484375,0.0,1.0,1.0
670,17,9787,suppresses_refusal,-0.0155029296875,0.0155029296875,0.0155029296875,0.0,0.0,1.0
671,29,4103,suppresses_refusal,-0.0155029296875,0.0155029296875,0.0155029296875,0.0,0.0,1.0
672,19,7854,supports_refusal,0.0155029296875,0.0155029296875,0.0155029296875,0.0,1.0,1.0
673,30,9485,suppresses_refusal,-0.01544189453125,0.01544189453125,0.01544189453125,0.0,0.0,1.0
674,5,9654,supports_refusal,0.01544189453125,0.01544189453125,0.01544189453125,0.0,1.0,1.0
675,5,12,supports_refusal,0.01544189453125,0.01544189453125,0.01544189453125,0.0,1.0,1.0
676,4,7334,supports_refusal,0.01544189453125,0.01544189453125,0.01544189453125,0.0,1.0,1.0
677,19,567,supports_refusal,0.01544189453125,0.01544189453125,0.01544189453125,0.0,1.0,1.0
678,20,10491,suppresses_refusal,-0.015380859375,0.015380859375,0.015380859375,0.0,0.0,1.0
679,31,12130,suppresses_refusal,-0.015380859375,0.015380859375,0.015380859375,0.0,0.0,1.0
680,31,1940,suppresses_refusal,-0.015380859375,0.015380859375,0.015380859375,0.0,0.0,1.0
681,30,2306,supports_refusal,0.015380859375,0.015380859375,0.015380859375,0.0,1.0,1.0
682,31,2339,supports_refusal,0.0152587890625,0.0152587890625,0.0152587890625,0.0,1.0,1.0
683,30,11910,supports_refusal,0.0152587890625,0.0152587890625,0.0152587890625,0.0,1.0,1.0
684,14,12039,supports_refusal,0.0152587890625,0.0152587890625,0.0152587890625,0.0,1.0,1.0
685,31,12913,supports_refusal,0.0152587890625,0.0152587890625,0.0152587890625,0.0,1.0,1.0
686,30,11618,supports_refusal,0.0152587890625,0.0152587890625,0.0152587890625,0.0,1.0,1.0
687,2,11831,supports_refusal,0.0152587890625,0.0152587890625,0.0152587890625,0.0,1.0,1.0
688,31,8345,suppresses_refusal,-0.0152587890625,0.0152587890625,0.0152587890625,0.0,0.0,1.0
689,31,507,suppresses_refusal,-0.0152587890625,0.0152587890625,0.0152587890625,0.0,0.0,1.0
690,26,13873,supports_refusal,0.0152587890625,0.0152587890625,0.0152587890625,0.0,1.0,1.0
691,13,13125,supports_refusal,0.0152587890625,0.0152587890625,0.0152587890625,0.0,1.0,1.0
692,19,3405,supports_refusal,0.01519775390625,0.01519775390625,0.01519775390625,0.0,1.0,1.0
693,13,594,supports_refusal,0.01519775390625,0.01519775390625,0.01519775390625,0.0,1.0,1.0
694,26,2794,suppresses_refusal,-0.01519775390625,0.01519775390625,0.01519775390625,0.0,0.0,1.0
695,21,10983,suppresses_refusal,-0.01519775390625,0.01519775390625,0.01519775390625,0.0,0.0,1.0
696,28,2978,supports_refusal,0.01513671875,0.01513671875,0.01513671875,0.0,1.0,1.0
697,19,13845,supports_refusal,0.01513671875,0.01513671875,0.01513671875,0.0,1.0,1.0
698,18,8463,supports_refusal,0.01513671875,0.01513671875,0.01513671875,0.0,1.0,1.0
699,30,14201,suppresses_refusal,-0.01507568359375,0.01507568359375,0.01507568359375,0.0,0.0,1.0
700,30,1795,suppresses_refusal,-0.01507568359375,0.01507568359375,0.01507568359375,0.0,0.0,1.0
701,31,10100,supports_refusal,0.01507568359375,0.01507568359375,0.01507568359375,0.0,1.0,1.0
702,15,12881,suppresses_refusal,-0.0150146484375,0.0150146484375,0.0150146484375,0.0,0.0,1.0
703,16,2610,suppresses_refusal,-0.0150146484375,0.0150146484375,0.0150146484375,0.0,0.0,1.0
704,30,8026,suppresses_refusal,-0.0150146484375,0.0150146484375,0.0150146484375,0.0,0.0,1.0
705,14,201,suppresses_refusal,-0.0150146484375,0.0150146484375,0.0150146484375,0.0,0.0,1.0
706,31,10180,suppresses_refusal,-0.0150146484375,0.0150146484375,0.0150146484375,0.0,0.0,1.0
707,29,2233,supports_refusal,0.0150146484375,0.0150146484375,0.0150146484375,0.0,1.0,1.0
708,24,6799,suppresses_refusal,-0.01495361328125,0.01495361328125,0.01495361328125,0.0,0.0,1.0
709,31,12950,suppresses_refusal,-0.01495361328125,0.01495361328125,0.01495361328125,0.0,0.0,1.0
710,30,9049,suppresses_refusal,-0.01495361328125,0.01495361328125,0.01495361328125,0.0,0.0,1.0
711,18,11024,supports_refusal,0.01495361328125,0.01495361328125,0.01495361328125,0.0,1.0,1.0
712,16,11594,supports_refusal,0.01495361328125,0.01495361328125,0.01495361328125,0.0,1.0,1.0
713,10,4789,suppresses_refusal,-0.01495361328125,0.01495361328125,0.01495361328125,0.0,0.0,1.0
714,27,2343,supports_refusal,0.014892578125,0.014892578125,0.014892578125,0.0,1.0,1.0
715,30,8142,supports_refusal,0.014892578125,0.014892578125,0.014892578125,0.0,1.0,1.0
716,27,13853,supports_refusal,0.01483154296875,0.01483154296875,0.01483154296875,0.0,1.0,1.0
717,20,14335,supports_refusal,0.01483154296875,0.01483154296875,0.01483154296875,0.0,1.0,1.0
718,29,12657,suppresses_refusal,-0.0147705078125,0.0147705078125,0.0147705078125,0.0,0.0,1.0
719,22,1070,suppresses_refusal,-0.0147705078125,0.0147705078125,0.0147705078125,0.0,0.0,1.0
720,30,7428,supports_refusal,0.0147705078125,0.0147705078125,0.0147705078125,0.0,1.0,1.0
721,27,7128,suppresses_refusal,-0.0147705078125,0.0147705078125,0.0147705078125,0.0,0.0,1.0
722,16,455,suppresses_refusal,-0.01470947265625,0.01470947265625,0.01470947265625,0.0,0.0,1.0
723,28,11293,supports_refusal,0.01470947265625,0.01470947265625,0.01470947265625,0.0,1.0,1.0
724,13,1325,supports_refusal,0.01470947265625,0.01470947265625,0.01470947265625,0.0,1.0,1.0
725,12,12586,suppresses_refusal,-0.01470947265625,0.01470947265625,0.01470947265625,0.0,0.0,1.0
726,12,14135,suppresses_refusal,-0.01470947265625,0.01470947265625,0.01470947265625,0.0,0.0,1.0
727,30,6610,suppresses_refusal,-0.01470947265625,0.01470947265625,0.01470947265625,0.0,0.0,1.0
728,3,12007,supports_refusal,0.0146484375,0.0146484375,0.0146484375,0.0,1.0,1.0
729,31,13062,supports_refusal,0.0146484375,0.0146484375,0.0146484375,0.0,1.0,1.0
730,30,760,supports_refusal,0.0146484375,0.0146484375,0.0146484375,0.0,1.0,1.0
731,11,9948,suppresses_refusal,-0.01458740234375,0.01458740234375,0.01458740234375,0.0,0.0,1.0
732,11,9089,supports_refusal,0.01458740234375,0.01458740234375,0.01458740234375,0.0,1.0,1.0
733,14,7342,supports_refusal,0.01458740234375,0.01458740234375,0.01458740234375,0.0,1.0,1.0
734,15,5862,supports_refusal,0.01458740234375,0.01458740234375,0.01458740234375,0.0,1.0,1.0
735,31,14071,suppresses_refusal,-0.0145263671875,0.0145263671875,0.0145263671875,0.0,0.0,1.0
736,18,11957,suppresses_refusal,-0.0145263671875,0.0145263671875,0.0145263671875,0.0,0.0,1.0
737,21,11878,suppresses_refusal,-0.0145263671875,0.0145263671875,0.0145263671875,0.0,0.0,1.0
738,13,10238,supports_refusal,0.0145263671875,0.0145263671875,0.0145263671875,0.0,1.0,1.0
739,17,12441,supports_refusal,0.0145263671875,0.0145263671875,0.0145263671875,0.0,1.0,1.0
740,31,3487,suppresses_refusal,-0.0145263671875,0.0145263671875,0.0145263671875,0.0,0.0,1.0
741,21,763,supports_refusal,0.01446533203125,0.01446533203125,0.01446533203125,0.0,1.0,1.0
742,26,625,suppresses_refusal,-0.01446533203125,0.01446533203125,0.01446533203125,0.0,0.0,1.0
743,29,14025,suppresses_refusal,-0.01446533203125,0.01446533203125,0.01446533203125,0.0,0.0,1.0
744,26,6077,suppresses_refusal,-0.014404296875,0.014404296875,0.014404296875,0.0,0.0,1.0
745,10,1918,suppresses_refusal,-0.014404296875,0.014404296875,0.014404296875,0.0,0.0,1.0
746,5,5402,suppresses_refusal,-0.014404296875,0.014404296875,0.014404296875,0.0,0.0,1.0
747,31,3599,suppresses_refusal,-0.014404296875,0.014404296875,0.014404296875,0.0,0.0,1.0
748,30,6894,suppresses_refusal,-0.01434326171875,0.01434326171875,0.01434326171875,0.0,0.0,1.0
749,30,810,suppresses_refusal,-0.01434326171875,0.01434326171875,0.01434326171875,0.0,0.0,1.0
750,31,953,suppresses_refusal,-0.0142822265625,0.0142822265625,0.0142822265625,0.0,0.0,1.0
751,31,2115,supports_refusal,0.0142822265625,0.0142822265625,0.0142822265625,0.0,1.0,1.0
752,30,11022,suppresses_refusal,-0.0142822265625,0.0142822265625,0.0142822265625,0.0,0.0,1.0
753,31,5933,supports_refusal,0.0142822265625,0.0142822265625,0.0142822265625,0.0,1.0,1.0
754,30,2120,suppresses_refusal,-0.0142822265625,0.0142822265625,0.0142822265625,0.0,0.0,1.0
755,8,13676,suppresses_refusal,-0.0142822265625,0.0142822265625,0.0142822265625,0.0,0.0,1.0
756,30,5051,supports_refusal,0.0142822265625,0.0142822265625,0.0142822265625,0.0,1.0,1.0
757,13,10516,suppresses_refusal,-0.0142822265625,0.0142822265625,0.0142822265625,0.0,0.0,1.0
758,17,1241,supports_refusal,0.01422119140625,0.01422119140625,0.01422119140625,0.0,1.0,1.0
759,30,4560,supports_refusal,0.01422119140625,0.01422119140625,0.01422119140625,0.0,1.0,1.0
760,13,6356,suppresses_refusal,-0.01422119140625,0.01422119140625,0.01422119140625,0.0,0.0,1.0
761,10,3938,suppresses_refusal,-0.01422119140625,0.01422119140625,0.01422119140625,0.0,0.0,1.0
762,7,1946,suppresses_refusal,-0.01422119140625,0.01422119140625,0.01422119140625,0.0,0.0,1.0
763,28,4681,suppresses_refusal,-0.01416015625,0.01416015625,0.01416015625,0.0,0.0,1.0
764,31,12889,suppresses_refusal,-0.01416015625,0.01416015625,0.01416015625,0.0,0.0,1.0
765,31,454,suppresses_refusal,-0.01409912109375,0.01409912109375,0.01409912109375,0.0,0.0,1.0
766,3,7213,supports_refusal,0.01409912109375,0.01409912109375,0.01409912109375,0.0,1.0,1.0
767,31,5287,suppresses_refusal,-0.01409912109375,0.01409912109375,0.01409912109375,0.0,0.0,1.0
768,26,529,suppresses_refusal,-0.01409912109375,0.01409912109375,0.01409912109375,0.0,0.0,1.0
769,14,13160,suppresses_refusal,-0.01409912109375,0.01409912109375,0.01409912109375,0.0,0.0,1.0
770,30,6961,suppresses_refusal,-0.01409912109375,0.01409912109375,0.01409912109375,0.0,0.0,1.0
771,17,10586,suppresses_refusal,-0.01409912109375,0.01409912109375,0.01409912109375,0.0,0.0,1.0
772,30,594,suppresses_refusal,-0.01409912109375,0.01409912109375,0.01409912109375,0.0,0.0,1.0
773,22,3629,suppresses_refusal,-0.01409912109375,0.01409912109375,0.01409912109375,0.0,0.0,1.0
774,18,12333,suppresses_refusal,-0.0140380859375,0.0140380859375,0.0140380859375,0.0,0.0,1.0
775,31,11861,suppresses_refusal,-0.0140380859375,0.0140380859375,0.0140380859375,0.0,0.0,1.0
776,17,13227,supports_refusal,0.0140380859375,0.0140380859375,0.0140380859375,0.0,1.0,1.0
777,12,9450,suppresses_refusal,-0.0140380859375,0.0140380859375,0.0140380859375,0.0,0.0,1.0
778,28,1222,suppresses_refusal,-0.01397705078125,0.01397705078125,0.01397705078125,0.0,0.0,1.0
779,18,967,suppresses_refusal,-0.01397705078125,0.01397705078125,0.01397705078125,0.0,0.0,1.0
780,30,8631,suppresses_refusal,-0.01397705078125,0.01397705078125,0.01397705078125,0.0,0.0,1.0
781,1,9914,supports_refusal,0.01397705078125,0.01397705078125,0.01397705078125,0.0,1.0,1.0
782,21,450,supports_refusal,0.013916015625,0.013916015625,0.013916015625,0.0,1.0,1.0
783,30,1464,supports_refusal,0.013916015625,0.013916015625,0.013916015625,0.0,1.0,1.0
784,4,3960,suppresses_refusal,-0.01385498046875,0.01385498046875,0.01385498046875,0.0,0.0,1.0
785,29,6909,suppresses_refusal,-0.01385498046875,0.01385498046875,0.01385498046875,0.0,0.0,1.0
786,20,12268,supports_refusal,0.01385498046875,0.01385498046875,0.01385498046875,0.0,1.0,1.0
787,31,9519,supports_refusal,0.01385498046875,0.01385498046875,0.01385498046875,0.0,1.0,1.0
788,18,7912,suppresses_refusal,-0.01385498046875,0.01385498046875,0.01385498046875,0.0,0.0,1.0
789,29,8546,supports_refusal,0.01385498046875,0.01385498046875,0.01385498046875,0.0,1.0,1.0
790,16,4168,supports_refusal,0.0137939453125,0.0137939453125,0.0137939453125,0.0,1.0,1.0
791,7,468,supports_refusal,0.0137939453125,0.0137939453125,0.0137939453125,0.0,1.0,1.0
792,30,11369,suppresses_refusal,-0.01373291015625,0.01373291015625,0.01373291015625,0.0,0.0,1.0
793,31,6657,supports_refusal,0.01373291015625,0.01373291015625,0.01373291015625,0.0,1.0,1.0
794,29,1590,supports_refusal,0.01373291015625,0.01373291015625,0.01373291015625,0.0,1.0,1.0
795,8,9090,supports_refusal,0.01373291015625,0.01373291015625,0.01373291015625,0.0,1.0,1.0
796,4,1804,supports_refusal,0.01373291015625,0.01373291015625,0.01373291015625,0.0,1.0,1.0
797,31,2538,supports_refusal,0.01373291015625,0.01373291015625,0.01373291015625,0.0,1.0,1.0
798,30,10174,supports_refusal,0.013671875,0.013671875,0.013671875,0.0,1.0,1.0
799,31,10973,suppresses_refusal,-0.013671875,0.013671875,0.013671875,0.0,0.0,1.0
800,11,5546,suppresses_refusal,-0.013671875,0.013671875,0.013671875,0.0,0.0,1.0
801,28,6778,suppresses_refusal,-0.013671875,0.013671875,0.013671875,0.0,0.0,1.0
802,14,2457,supports_refusal,0.01361083984375,0.01361083984375,0.01361083984375,0.0,1.0,1.0
803,30,11725,suppresses_refusal,-0.01361083984375,0.01361083984375,0.01361083984375,0.0,0.0,1.0
804,31,9503,supports_refusal,0.01361083984375,0.01361083984375,0.01361083984375,0.0,1.0,1.0
805,10,4148,supports_refusal,0.01361083984375,0.01361083984375,0.01361083984375,0.0,1.0,1.0
806,25,4805,supports_refusal,0.01361083984375,0.01361083984375,0.01361083984375,0.0,1.0,1.0
807,4,9550,suppresses_refusal,-0.01361083984375,0.01361083984375,0.01361083984375,0.0,0.0,1.0
808,21,5691,suppresses_refusal,-0.0135498046875,0.0135498046875,0.0135498046875,0.0,0.0,1.0
809,30,9932,suppresses_refusal,-0.0135498046875,0.0135498046875,0.0135498046875,0.0,0.0,1.0
810,12,4065,supports_refusal,0.0135498046875,0.0135498046875,0.0135498046875,0.0,1.0,1.0
811,31,2657,suppresses_refusal,-0.0135498046875,0.0135498046875,0.0135498046875,0.0,0.0,1.0
812,19,9958,suppresses_refusal,-0.0135498046875,0.0135498046875,0.0135498046875,0.0,0.0,1.0
813,16,328,supports_refusal,0.0135498046875,0.0135498046875,0.0135498046875,0.0,1.0,1.0
814,31,879,supports_refusal,0.01348876953125,0.01348876953125,0.01348876953125,0.0,1.0,1.0
815,30,6816,suppresses_refusal,-0.01348876953125,0.01348876953125,0.01348876953125,0.0,0.0,1.0
816,26,4079,suppresses_refusal,-0.01348876953125,0.01348876953125,0.01348876953125,0.0,0.0,1.0
817,18,9419,supports_refusal,0.01348876953125,0.01348876953125,0.01348876953125,0.0,1.0,1.0
818,20,5827,supports_refusal,0.01348876953125,0.01348876953125,0.01348876953125,0.0,1.0,1.0
819,28,5817,suppresses_refusal,-0.013427734375,0.013427734375,0.013427734375,0.0,0.0,1.0
820,31,3722,suppresses_refusal,-0.013427734375,0.013427734375,0.013427734375,0.0,0.0,1.0
821,17,11983,supports_refusal,0.013427734375,0.013427734375,0.013427734375,0.0,1.0,1.0
822,15,12589,suppresses_refusal,-0.013427734375,0.013427734375,0.013427734375,0.0,0.0,1.0
823,22,13784,supports_refusal,0.01336669921875,0.01336669921875,0.01336669921875,0.0,1.0,1.0
824,31,1386,supports_refusal,0.01336669921875,0.01336669921875,0.01336669921875,0.0,1.0,1.0
825,14,3942,suppresses_refusal,-0.01336669921875,0.01336669921875,0.01336669921875,0.0,0.0,1.0
826,20,1404,suppresses_refusal,-0.01336669921875,0.01336669921875,0.01336669921875,0.0,0.0,1.0
827,12,2180,supports_refusal,0.01336669921875,0.01336669921875,0.01336669921875,0.0,1.0,1.0
828,17,13574,supports_refusal,0.01336669921875,0.01336669921875,0.01336669921875,0.0,1.0,1.0
829,6,2570,supports_refusal,0.01336669921875,0.01336669921875,0.01336669921875,0.0,1.0,1.0
830,17,410,suppresses_refusal,-0.01336669921875,0.01336669921875,0.01336669921875,0.0,0.0,1.0
831,29,8335,suppresses_refusal,-0.0133056640625,0.0133056640625,0.0133056640625,0.0,0.0,1.0
832,31,4655,supports_refusal,0.0133056640625,0.0133056640625,0.0133056640625,0.0,1.0,1.0
833,28,9265,supports_refusal,0.0133056640625,0.0133056640625,0.0133056640625,0.0,1.0,1.0
834,13,4036,suppresses_refusal,-0.0133056640625,0.0133056640625,0.0133056640625,0.0,0.0,1.0
835,19,10739,suppresses_refusal,-0.01324462890625,0.01324462890625,0.01324462890625,0.0,0.0,1.0
836,25,10687,supports_refusal,0.01324462890625,0.01324462890625,0.01324462890625,0.0,1.0,1.0
837,31,10566,suppresses_refusal,-0.01324462890625,0.01324462890625,0.01324462890625,0.0,0.0,1.0
838,30,13989,supports_refusal,0.01318359375,0.01318359375,0.01318359375,0.0,1.0,1.0
839,12,858,suppresses_refusal,-0.01318359375,0.01318359375,0.01318359375,0.0,0.0,1.0
840,12,10214,suppresses_refusal,-0.01318359375,0.01318359375,0.01318359375,0.0,0.0,1.0
841,12,7367,suppresses_refusal,-0.01318359375,0.01318359375,0.01318359375,0.0,0.0,1.0
842,28,3700,suppresses_refusal,-0.01318359375,0.01318359375,0.01318359375,0.0,0.0,1.0
843,16,5364,suppresses_refusal,-0.01318359375,0.01318359375,0.01318359375,0.0,0.0,1.0
844,31,4074,supports_refusal,0.01312255859375,0.01312255859375,0.01312255859375,0.0,1.0,1.0
845,24,5770,suppresses_refusal,-0.01312255859375,0.01312255859375,0.01312255859375,0.0,0.0,1.0
846,4,12029,supports_refusal,0.01312255859375,0.01312255859375,0.01312255859375,0.0,1.0,1.0
847,29,9790,suppresses_refusal,-0.01312255859375,0.01312255859375,0.01312255859375,0.0,0.0,1.0
848,31,7687,supports_refusal,0.0130615234375,0.0130615234375,0.0130615234375,0.0,1.0,1.0
849,0,6848,suppresses_refusal,-0.0130615234375,0.0130615234375,0.0130615234375,0.0,0.0,1.0
850,12,10563,suppresses_refusal,-0.0130615234375,0.0130615234375,0.0130615234375,0.0,0.0,1.0
851,31,13647,supports_refusal,0.0130615234375,0.0130615234375,0.0130615234375,0.0,1.0,1.0
852,15,6560,supports_refusal,0.0130615234375,0.0130615234375,0.0130615234375,0.0,1.0,1.0
853,31,7696,suppresses_refusal,-0.0130615234375,0.0130615234375,0.0130615234375,0.0,0.0,1.0
854,20,1299,supports_refusal,0.01300048828125,0.01300048828125,0.01300048828125,0.0,1.0,1.0
855,25,12930,suppresses_refusal,-0.01300048828125,0.01300048828125,0.01300048828125,0.0,0.0,1.0
856,13,11835,supports_refusal,0.01300048828125,0.01300048828125,0.01300048828125,0.0,1.0,1.0
857,25,2355,suppresses_refusal,-0.01300048828125,0.01300048828125,0.01300048828125,0.0,0.0,1.0
858,30,9402,suppresses_refusal,-0.01300048828125,0.01300048828125,0.01300048828125,0.0,0.0,1.0
859,24,2494,suppresses_refusal,-0.01300048828125,0.01300048828125,0.01300048828125,0.0,0.0,1.0
860,22,3766,suppresses_refusal,-0.01300048828125,0.01300048828125,0.01300048828125,0.0,0.0,1.0
861,30,1978,suppresses_refusal,-0.012939453125,0.012939453125,0.012939453125,0.0,0.0,1.0
862,30,6959,suppresses_refusal,-0.012939453125,0.012939453125,0.012939453125,0.0,0.0,1.0
863,17,5313,suppresses_refusal,-0.012939453125,0.012939453125,0.012939453125,0.0,0.0,1.0
864,30,1561,supports_refusal,0.012939453125,0.012939453125,0.012939453125,0.0,1.0,1.0
865,31,10715,suppresses_refusal,-0.012939453125,0.012939453125,0.012939453125,0.0,0.0,1.0
866,11,3032,supports_refusal,0.012939453125,0.012939453125,0.012939453125,0.0,1.0,1.0
867,14,9023,suppresses_refusal,-0.01287841796875,0.01287841796875,0.01287841796875,0.0,0.0,1.0
868,30,1253,suppresses_refusal,-0.01287841796875,0.01287841796875,0.01287841796875,0.0,0.0,1.0
869,10,11908,supports_refusal,0.01287841796875,0.01287841796875,0.01287841796875,0.0,1.0,1.0
870,25,5477,suppresses_refusal,-0.01287841796875,0.01287841796875,0.01287841796875,0.0,0.0,1.0
871,28,8276,supports_refusal,0.01287841796875,0.01287841796875,0.01287841796875,0.0,1.0,1.0
872,31,3134,suppresses_refusal,-0.0128173828125,0.0128173828125,0.0128173828125,0.0,0.0,1.0
873,30,10655,suppresses_refusal,-0.0128173828125,0.0128173828125,0.0128173828125,0.0,0.0,1.0
874,23,10228,supports_refusal,0.0128173828125,0.0128173828125,0.0128173828125,0.0,1.0,1.0
875,31,3065,suppresses_refusal,-0.0128173828125,0.0128173828125,0.0128173828125,0.0,0.0,1.0
876,28,12928,supports_refusal,0.0128173828125,0.0128173828125,0.0128173828125,0.0,1.0,1.0
877,10,12569,suppresses_refusal,-0.0128173828125,0.0128173828125,0.0128173828125,0.0,0.0,1.0
878,31,3191,supports_refusal,0.0128173828125,0.0128173828125,0.0128173828125,0.0,1.0,1.0
879,30,599,suppresses_refusal,-0.0128173828125,0.0128173828125,0.0128173828125,0.0,0.0,1.0
880,30,5549,suppresses_refusal,-0.01275634765625,0.01275634765625,0.01275634765625,0.0,0.0,1.0
881,31,11395,suppresses_refusal,-0.01275634765625,0.01275634765625,0.01275634765625,0.0,0.0,1.0
882,26,6479,suppresses_refusal,-0.01275634765625,0.01275634765625,0.01275634765625,0.0,0.0,1.0
883,20,1036,suppresses_refusal,-0.01275634765625,0.01275634765625,0.01275634765625,0.0,0.0,1.0
884,19,2534,supports_refusal,0.01275634765625,0.01275634765625,0.01275634765625,0.0,1.0,1.0
885,14,1771,supports_refusal,0.01275634765625,0.01275634765625,0.01275634765625,0.0,1.0,1.0
886,31,1157,suppresses_refusal,-0.01275634765625,0.01275634765625,0.01275634765625,0.0,0.0,1.0
887,31,12226,suppresses_refusal,-0.01275634765625,0.01275634765625,0.01275634765625,0.0,0.0,1.0
888,30,13047,suppresses_refusal,-0.0126953125,0.0126953125,0.0126953125,0.0,0.0,1.0
889,29,2928,supports_refusal,0.0126953125,0.0126953125,0.0126953125,0.0,1.0,1.0
890,27,7044,suppresses_refusal,-0.0126953125,0.0126953125,0.0126953125,0.0,0.0,1.0
891,13,13189,suppresses_refusal,-0.0126953125,0.0126953125,0.0126953125,0.0,0.0,1.0
892,31,3874,supports_refusal,0.0126953125,0.0126953125,0.0126953125,0.0,1.0,1.0
893,30,9333,suppresses_refusal,-0.0126953125,0.0126953125,0.0126953125,0.0,0.0,1.0
894,31,3499,supports_refusal,0.0126953125,0.0126953125,0.0126953125,0.0,1.0,1.0
895,30,1456,supports_refusal,0.0126953125,0.0126953125,0.0126953125,0.0,1.0,1.0
896,4,2995,supports_refusal,0.01263427734375,0.01263427734375,0.01263427734375,0.0,1.0,1.0
897,31,12835,suppresses_refusal,-0.01263427734375,0.01263427734375,0.01263427734375,0.0,0.0,1.0
898,26,288,supports_refusal,0.0125732421875,0.0125732421875,0.0125732421875,0.0,1.0,1.0
899,12,12846,suppresses_refusal,-0.0125732421875,0.0125732421875,0.0125732421875,0.0,0.0,1.0
900,14,3444,suppresses_refusal,-0.0125732421875,0.0125732421875,0.0125732421875,0.0,0.0,1.0
901,29,11008,suppresses_refusal,-0.01251220703125,0.01251220703125,0.01251220703125,0.0,0.0,1.0
902,16,4566,supports_refusal,0.01251220703125,0.01251220703125,0.01251220703125,0.0,1.0,1.0
903,27,5385,suppresses_refusal,-0.01251220703125,0.01251220703125,0.01251220703125,0.0,0.0,1.0
904,29,6974,supports_refusal,0.01251220703125,0.01251220703125,0.01251220703125,0.0,1.0,1.0
905,30,3460,suppresses_refusal,-0.01251220703125,0.01251220703125,0.01251220703125,0.0,0.0,1.0
906,29,5939,supports_refusal,0.012451171875,0.012451171875,0.012451171875,0.0,1.0,1.0
907,28,13395,supports_refusal,0.012451171875,0.012451171875,0.012451171875,0.0,1.0,1.0
908,28,936,suppresses_refusal,-0.012451171875,0.012451171875,0.012451171875,0.0,0.0,1.0
909,9,6435,suppresses_refusal,-0.012451171875,0.012451171875,0.012451171875,0.0,0.0,1.0
910,8,5571,suppresses_refusal,-0.012451171875,0.012451171875,0.012451171875,0.0,0.0,1.0
911,29,3448,suppresses_refusal,-0.012451171875,0.012451171875,0.012451171875,0.0,0.0,1.0
912,25,1075,supports_refusal,0.012451171875,0.012451171875,0.012451171875,0.0,1.0,1.0
913,31,11075,suppresses_refusal,-0.012451171875,0.012451171875,0.012451171875,0.0,0.0,1.0
914,24,14182,supports_refusal,0.012451171875,0.012451171875,0.012451171875,0.0,1.0,1.0
915,27,7180,suppresses_refusal,-0.012451171875,0.012451171875,0.012451171875,0.0,0.0,1.0
916,12,3044,suppresses_refusal,-0.01239013671875,0.01239013671875,0.01239013671875,0.0,0.0,1.0
917,25,7284,suppresses_refusal,-0.01239013671875,0.01239013671875,0.01239013671875,0.0,0.0,1.0
918,31,997,supports_refusal,0.01239013671875,0.01239013671875,0.01239013671875,0.0,1.0,1.0
919,28,4501,supports_refusal,0.01239013671875,0.01239013671875,0.01239013671875,0.0,1.0,1.0
920,13,8897,suppresses_refusal,-0.01239013671875,0.01239013671875,0.01239013671875,0.0,0.0,1.0
921,12,8062,suppresses_refusal,-0.0123291015625,0.0123291015625,0.0123291015625,0.0,0.0,1.0
922,20,10266,supports_refusal,0.0123291015625,0.0123291015625,0.0123291015625,0.0,1.0,1.0
923,13,11157,suppresses_refusal,-0.0123291015625,0.0123291015625,0.0123291015625,0.0,0.0,1.0
924,20,11862,suppresses_refusal,-0.0123291015625,0.0123291015625,0.0123291015625,0.0,0.0,1.0
925,26,10010,supports_refusal,0.0123291015625,0.0123291015625,0.0123291015625,0.0,1.0,1.0
926,23,7692,supports_refusal,0.0123291015625,0.0123291015625,0.0123291015625,0.0,1.0,1.0
927,1,2278,suppresses_refusal,-0.01226806640625,0.01226806640625,0.01226806640625,0.0,0.0,1.0
928,16,9910,supports_refusal,0.01226806640625,0.01226806640625,0.01226806640625,0.0,1.0,1.0
929,12,8655,suppresses_refusal,-0.01226806640625,0.01226806640625,0.01226806640625,0.0,0.0,1.0
930,20,14322,suppresses_refusal,-0.01226806640625,0.01226806640625,0.01226806640625,0.0,0.0,1.0
931,22,5957,suppresses_refusal,-0.01220703125,0.01220703125,0.01220703125,0.0,0.0,1.0
932,27,12995,suppresses_refusal,-0.01220703125,0.01220703125,0.01220703125,0.0,0.0,1.0
933,31,13001,suppresses_refusal,-0.01220703125,0.01220703125,0.01220703125,0.0,0.0,1.0
934,31,13292,supports_refusal,0.01220703125,0.01220703125,0.01220703125,0.0,1.0,1.0
935,23,5562,supports_refusal,0.01220703125,0.01220703125,0.01220703125,0.0,1.0,1.0
936,30,7674,supports_refusal,0.01220703125,0.01220703125,0.01220703125,0.0,1.0,1.0
937,17,505,supports_refusal,0.01220703125,0.01220703125,0.01220703125,0.0,1.0,1.0
938,23,4424,suppresses_refusal,-0.01220703125,0.01220703125,0.01220703125,0.0,0.0,1.0
939,27,2170,supports_refusal,0.01220703125,0.01220703125,0.01220703125,0.0,1.0,1.0
940,9,859,supports_refusal,0.01220703125,0.01220703125,0.01220703125,0.0,1.0,1.0
941,30,5194,suppresses_refusal,-0.01220703125,0.01220703125,0.01220703125,0.0,0.0,1.0
942,10,3609,suppresses_refusal,-0.01220703125,0.01220703125,0.01220703125,0.0,0.0,1.0
943,27,11968,suppresses_refusal,-0.01214599609375,0.01214599609375,0.01214599609375,0.0,0.0,1.0
944,31,6734,supports_refusal,0.01214599609375,0.01214599609375,0.01214599609375,0.0,1.0,1.0
945,31,6105,suppresses_refusal,-0.0120849609375,0.0120849609375,0.0120849609375,0.0,0.0,1.0
946,13,1216,supports_refusal,0.0120849609375,0.0120849609375,0.0120849609375,0.0,1.0,1.0
947,30,8431,suppresses_refusal,-0.0120849609375,0.0120849609375,0.0120849609375,0.0,0.0,1.0
948,12,6053,supports_refusal,0.0120849609375,0.0120849609375,0.0120849609375,0.0,1.0,1.0
949,31,5617,supports_refusal,0.0120849609375,0.0120849609375,0.0120849609375,0.0,1.0,1.0
950,27,10519,supports_refusal,0.0120849609375,0.0120849609375,0.0120849609375,0.0,1.0,1.0
951,31,4921,supports_refusal,0.0120849609375,0.0120849609375,0.0120849609375,0.0,1.0,1.0
952,8,13545,suppresses_refusal,-0.0120849609375,0.0120849609375,0.0120849609375,0.0,0.0,1.0
953,22,9101,suppresses_refusal,-0.0120849609375,0.0120849609375,0.0120849609375,0.0,0.0,1.0
954,1,12834,suppresses_refusal,-0.0120849609375,0.0120849609375,0.0120849609375,0.0,0.0,1.0
955,10,11614,suppresses_refusal,-0.0120849609375,0.0120849609375,0.0120849609375,0.0,0.0,1.0
956,30,1457,supports_refusal,0.0120849609375,0.0120849609375,0.0120849609375,0.0,1.0,1.0
957,17,9474,suppresses_refusal,-0.0120849609375,0.0120849609375,0.0120849609375,0.0,0.0,1.0
958,31,1031,suppresses_refusal,-0.01202392578125,0.01202392578125,0.01202392578125,0.0,0.0,1.0
959,16,12129,supports_refusal,0.01202392578125,0.01202392578125,0.01202392578125,0.0,1.0,1.0
960,17,11484,supports_refusal,0.01202392578125,0.01202392578125,0.01202392578125,0.0,1.0,1.0
961,28,10706,suppresses_refusal,-0.01202392578125,0.01202392578125,0.01202392578125,0.0,0.0,1.0
962,8,7891,suppresses_refusal,-0.01202392578125,0.01202392578125,0.01202392578125,0.0,0.0,1.0
963,30,10476,supports_refusal,0.01202392578125,0.01202392578125,0.01202392578125,0.0,1.0,1.0
964,25,11319,suppresses_refusal,-0.01202392578125,0.01202392578125,0.01202392578125,0.0,0.0,1.0
965,30,12143,supports_refusal,0.01202392578125,0.01202392578125,0.01202392578125,0.0,1.0,1.0
966,6,3502,suppresses_refusal,-0.01202392578125,0.01202392578125,0.01202392578125,0.0,0.0,1.0
967,29,10815,supports_refusal,0.011962890625,0.011962890625,0.011962890625,0.0,1.0,1.0
968,30,3786,supports_refusal,0.011962890625,0.011962890625,0.011962890625,0.0,1.0,1.0
969,30,2341,suppresses_refusal,-0.011962890625,0.011962890625,0.011962890625,0.0,0.0,1.0
970,30,1529,suppresses_refusal,-0.011962890625,0.011962890625,0.011962890625,0.0,0.0,1.0
971,31,10233,supports_refusal,0.011962890625,0.011962890625,0.011962890625,0.0,1.0,1.0
972,18,7417,suppresses_refusal,-0.011962890625,0.011962890625,0.011962890625,0.0,0.0,1.0
973,15,3127,suppresses_refusal,-0.01190185546875,0.01190185546875,0.01190185546875,0.0,0.0,1.0
974,27,8801,suppresses_refusal,-0.01190185546875,0.01190185546875,0.01190185546875,0.0,0.0,1.0
975,7,6673,suppresses_refusal,-0.01190185546875,0.01190185546875,0.01190185546875,0.0,0.0,1.0
976,31,7175,supports_refusal,0.01190185546875,0.01190185546875,0.01190185546875,0.0,1.0,1.0
977,27,7722,supports_refusal,0.01190185546875,0.01190185546875,0.01190185546875,0.0,1.0,1.0
978,15,5262,supports_refusal,0.0118408203125,0.0118408203125,0.0118408203125,0.0,1.0,1.0
979,25,11263,suppresses_refusal,-0.0118408203125,0.0118408203125,0.0118408203125,0.0,0.0,1.0
980,16,8836,suppresses_refusal,-0.0118408203125,0.0118408203125,0.0118408203125,0.0,0.0,1.0
981,31,5412,suppresses_refusal,-0.0118408203125,0.0118408203125,0.0118408203125,0.0,0.0,1.0
982,22,8984,supports_refusal,0.0118408203125,0.0118408203125,0.0118408203125,0.0,1.0,1.0
983,31,14196,supports_refusal,0.0118408203125,0.0118408203125,0.0118408203125,0.0,1.0,1.0
984,14,7541,suppresses_refusal,-0.0118408203125,0.0118408203125,0.0118408203125,0.0,0.0,1.0
985,12,2747,suppresses_refusal,-0.01177978515625,0.01177978515625,0.01177978515625,0.0,0.0,1.0
986,27,4144,supports_refusal,0.01177978515625,0.01177978515625,0.01177978515625,0.0,1.0,1.0
987,16,3436,supports_refusal,0.01171875,0.01171875,0.01171875,0.0,1.0,1.0
988,29,10092,supports_refusal,0.01171875,0.01171875,0.01171875,0.0,1.0,1.0
989,23,13147,suppresses_refusal,-0.01171875,0.01171875,0.01171875,0.0,0.0,1.0
990,3,1072,supports_refusal,0.01171875,0.01171875,0.01171875,0.0,1.0,1.0
991,11,6795,suppresses_refusal,-0.01171875,0.01171875,0.01171875,0.0,0.0,1.0
992,13,11910,supports_refusal,0.01171875,0.01171875,0.01171875,0.0,1.0,1.0
993,31,5562,supports_refusal,0.01171875,0.01171875,0.01171875,0.0,1.0,1.0
994,15,6536,suppresses_refusal,-0.01171875,0.01171875,0.01171875,0.0,0.0,1.0
995,31,10834,suppresses_refusal,-0.01171875,0.01171875,0.01171875,0.0,0.0,1.0
996,27,2989,supports_refusal,0.01165771484375,0.01165771484375,0.01165771484375,0.0,1.0,1.0
997,21,1409,suppresses_refusal,-0.01165771484375,0.01165771484375,0.01165771484375,0.0,0.0,1.0
998,24,6507,supports_refusal,0.01165771484375,0.01165771484375,0.01165771484375,0.0,1.0,1.0
999,17,10401,supports_refusal,0.01165771484375,0.01165771484375,0.01165771484375,0.0,1.0,1.0
1000,30,6057,suppresses_refusal,-0.01165771484375,0.01165771484375,0.01165771484375,0.0,0.0,1.0
1001,30,155,suppresses_refusal,-0.01165771484375,0.01165771484375,0.01165771484375,0.0,0.0,1.0
1002,18,11444,supports_refusal,0.0115966796875,0.0115966796875,0.0115966796875,0.0,1.0,1.0
1003,26,2862,supports_refusal,0.0115966796875,0.0115966796875,0.0115966796875,0.0,1.0,1.0
1004,31,4626,supports_refusal,0.0115966796875,0.0115966796875,0.0115966796875,0.0,1.0,1.0
1005,17,5722,supports_refusal,0.0115966796875,0.0115966796875,0.0115966796875,0.0,1.0,1.0
1006,13,5757,supports_refusal,0.0115966796875,0.0115966796875,0.0115966796875,0.0,1.0,1.0
1007,30,5384,suppresses_refusal,-0.0115966796875,0.0115966796875,0.0115966796875,0.0,0.0,1.0
1008,17,10747,suppresses_refusal,-0.0115966796875,0.0115966796875,0.0115966796875,0.0,0.0,1.0
1009,24,5141,suppresses_refusal,-0.0115966796875,0.0115966796875,0.0115966796875,0.0,0.0,1.0
1010,31,8884,supports_refusal,0.0115966796875,0.0115966796875,0.0115966796875,0.0,1.0,1.0
1011,9,5243,suppresses_refusal,-0.0115966796875,0.0115966796875,0.0115966796875,0.0,0.0,1.0
1012,16,8352,suppresses_refusal,-0.0115966796875,0.0115966796875,0.0115966796875,0.0,0.0,1.0
1013,31,4726,suppresses_refusal,-0.0115966796875,0.0115966796875,0.0115966796875,0.0,0.0,1.0
1014,17,11724,supports_refusal,0.01153564453125,0.01153564453125,0.01153564453125,0.0,1.0,1.0
1015,31,4032,suppresses_refusal,-0.01153564453125,0.01153564453125,0.01153564453125,0.0,0.0,1.0
1016,16,7791,suppresses_refusal,-0.01153564453125,0.01153564453125,0.01153564453125,0.0,0.0,1.0
1017,28,12891,supports_refusal,0.01153564453125,0.01153564453125,0.01153564453125,0.0,1.0,1.0
1018,30,13669,supports_refusal,0.01153564453125,0.01153564453125,0.01153564453125,0.0,1.0,1.0
1019,27,2354,supports_refusal,0.01153564453125,0.01153564453125,0.01153564453125,0.0,1.0,1.0
1020,26,4323,supports_refusal,0.01153564453125,0.01153564453125,0.01153564453125,0.0,1.0,1.0
1021,13,6736,suppresses_refusal,-0.01153564453125,0.01153564453125,0.01153564453125,0.0,0.0,1.0
1022,16,10634,supports_refusal,0.01153564453125,0.01153564453125,0.01153564453125,0.0,1.0,1.0
1023,31,11350,supports_refusal,0.01153564453125,0.01153564453125,0.01153564453125,0.0,1.0,1.0
1024,30,5131,suppresses_refusal,-0.01153564453125,0.01153564453125,0.01153564453125,0.0,0.0,1.0
1025,30,13012,suppresses_refusal,-0.011474609375,0.011474609375,0.011474609375,0.0,0.0,1.0
1026,30,8218,supports_refusal,0.011474609375,0.011474609375,0.011474609375,0.0,1.0,1.0
1027,16,11733,suppresses_refusal,-0.011474609375,0.011474609375,0.011474609375,0.0,0.0,1.0
1028,19,10288,supports_refusal,0.011474609375,0.011474609375,0.011474609375,0.0,1.0,1.0
1029,17,7742,suppresses_refusal,-0.011474609375,0.011474609375,0.011474609375,0.0,0.0,1.0
1030,29,7328,supports_refusal,0.011474609375,0.011474609375,0.011474609375,0.0,1.0,1.0
1031,31,13750,suppresses_refusal,-0.011474609375,0.011474609375,0.011474609375,0.0,0.0,1.0
1032,15,9233,supports_refusal,0.011474609375,0.011474609375,0.011474609375,0.0,1.0,1.0
1033,25,12198,supports_refusal,0.01141357421875,0.01141357421875,0.01141357421875,0.0,1.0,1.0
1034,30,12951,supports_refusal,0.01141357421875,0.01141357421875,0.01141357421875,0.0,1.0,1.0
1035,13,1119,suppresses_refusal,-0.01141357421875,0.01141357421875,0.01141357421875,0.0,0.0,1.0
1036,27,3231,supports_refusal,0.01141357421875,0.01141357421875,0.01141357421875,0.0,1.0,1.0
1037,2,10698,supports_refusal,0.01141357421875,0.01141357421875,0.01141357421875,0.0,1.0,1.0
1038,12,6150,supports_refusal,0.01141357421875,0.01141357421875,0.01141357421875,0.0,1.0,1.0
1039,22,703,suppresses_refusal,-0.01141357421875,0.01141357421875,0.01141357421875,0.0,0.0,1.0
1040,31,9360,suppresses_refusal,-0.01141357421875,0.01141357421875,0.01141357421875,0.0,0.0,1.0
1041,30,4011,suppresses_refusal,-0.01141357421875,0.01141357421875,0.01141357421875,0.0,0.0,1.0
1042,25,12929,suppresses_refusal,-0.0113525390625,0.0113525390625,0.0113525390625,0.0,0.0,1.0
1043,13,8664,supports_refusal,0.0113525390625,0.0113525390625,0.0113525390625,0.0,1.0,1.0
1044,28,796,suppresses_refusal,-0.0113525390625,0.0113525390625,0.0113525390625,0.0,0.0,1.0
1045,27,2298,suppresses_refusal,-0.0113525390625,0.0113525390625,0.0113525390625,0.0,0.0,1.0
1046,28,1527,supports_refusal,0.0113525390625,0.0113525390625,0.0113525390625,0.0,1.0,1.0
1047,28,12673,suppresses_refusal,-0.0113525390625,0.0113525390625,0.0113525390625,0.0,0.0,1.0
1048,18,9738,supports_refusal,0.0113525390625,0.0113525390625,0.0113525390625,0.0,1.0,1.0
1049,13,348,suppresses_refusal,-0.0113525390625,0.0113525390625,0.0113525390625,0.0,0.0,1.0
1050,16,753,supports_refusal,0.0113525390625,0.0113525390625,0.0113525390625,0.0,1.0,1.0
1051,30,7048,suppresses_refusal,-0.0113525390625,0.0113525390625,0.0113525390625,0.0,0.0,1.0
1052,4,323,suppresses_refusal,-0.0113525390625,0.0113525390625,0.0113525390625,0.0,0.0,1.0
1053,27,11972,suppresses_refusal,-0.01129150390625,0.01129150390625,0.01129150390625,0.0,0.0,1.0
1054,19,2503,suppresses_refusal,-0.01129150390625,0.01129150390625,0.01129150390625,0.0,0.0,1.0
1055,14,10931,supports_refusal,0.01129150390625,0.01129150390625,0.01129150390625,0.0,1.0,1.0
1056,20,5675,supports_refusal,0.01129150390625,0.01129150390625,0.01129150390625,0.0,1.0,1.0
1057,20,2526,supports_refusal,0.01129150390625,0.01129150390625,0.01129150390625,0.0,1.0,1.0
1058,15,9511,supports_refusal,0.01129150390625,0.01129150390625,0.01129150390625,0.0,1.0,1.0
1059,26,7919,suppresses_refusal,-0.01129150390625,0.01129150390625,0.01129150390625,0.0,0.0,1.0
1060,26,14228,suppresses_refusal,-0.01129150390625,0.01129150390625,0.01129150390625,0.0,0.0,1.0
1061,18,7148,supports_refusal,0.01129150390625,0.01129150390625,0.01129150390625,0.0,1.0,1.0
1062,30,11104,suppresses_refusal,-0.01129150390625,0.01129150390625,0.01129150390625,0.0,0.0,1.0
1063,29,90,supports_refusal,0.01129150390625,0.01129150390625,0.01129150390625,0.0,1.0,1.0
1064,27,8738,supports_refusal,0.01129150390625,0.01129150390625,0.01129150390625,0.0,1.0,1.0
1065,18,6820,suppresses_refusal,-0.01123046875,0.01123046875,0.01123046875,0.0,0.0,1.0
1066,30,12861,supports_refusal,0.01123046875,0.01123046875,0.01123046875,0.0,1.0,1.0
1067,31,2474,supports_refusal,0.01123046875,0.01123046875,0.01123046875,0.0,1.0,1.0
1068,26,11948,suppresses_refusal,-0.01123046875,0.01123046875,0.01123046875,0.0,0.0,1.0
1069,30,2627,suppresses_refusal,-0.01123046875,0.01123046875,0.01123046875,0.0,0.0,1.0
1070,12,10737,suppresses_refusal,-0.01123046875,0.01123046875,0.01123046875,0.0,0.0,1.0
1071,30,1341,supports_refusal,0.01123046875,0.01123046875,0.01123046875,0.0,1.0,1.0
1072,30,11536,supports_refusal,0.01123046875,0.01123046875,0.01123046875,0.0,1.0,1.0
1073,23,12672,supports_refusal,0.01123046875,0.01123046875,0.01123046875,0.0,1.0,1.0
1074,15,5760,supports_refusal,0.01123046875,0.01123046875,0.01123046875,0.0,1.0,1.0
1075,30,8856,suppresses_refusal,-0.01116943359375,0.01116943359375,0.01116943359375,0.0,0.0,1.0
1076,30,4727,suppresses_refusal,-0.01116943359375,0.01116943359375,0.01116943359375,0.0,0.0,1.0
1077,27,4706,supports_refusal,0.01116943359375,0.01116943359375,0.01116943359375,0.0,1.0,1.0
1078,27,3918,suppresses_refusal,-0.01116943359375,0.01116943359375,0.01116943359375,0.0,0.0,1.0
1079,7,13397,suppresses_refusal,-0.01116943359375,0.01116943359375,0.01116943359375,0.0,0.0,1.0
1080,29,10662,suppresses_refusal,-0.01116943359375,0.01116943359375,0.01116943359375,0.0,0.0,1.0
1081,0,503,supports_refusal,0.01116943359375,0.01116943359375,0.01116943359375,0.0,1.0,1.0
1082,31,3464,suppresses_refusal,-0.0111083984375,0.0111083984375,0.0111083984375,0.0,0.0,1.0
1083,15,5202,supports_refusal,0.0111083984375,0.0111083984375,0.0111083984375,0.0,1.0,1.0
1084,19,5344,supports_refusal,0.0111083984375,0.0111083984375,0.0111083984375,0.0,1.0,1.0
1085,28,4686,suppresses_refusal,-0.0111083984375,0.0111083984375,0.0111083984375,0.0,0.0,1.0
1086,7,7849,suppresses_refusal,-0.0111083984375,0.0111083984375,0.0111083984375,0.0,0.0,1.0
1087,15,1235,suppresses_refusal,-0.0111083984375,0.0111083984375,0.0111083984375,0.0,0.0,1.0
1088,31,11752,supports_refusal,0.0111083984375,0.0111083984375,0.0111083984375,0.0,1.0,1.0
1089,12,5227,suppresses_refusal,-0.0111083984375,0.0111083984375,0.0111083984375,0.0,0.0,1.0
1090,17,533,supports_refusal,0.0111083984375,0.0111083984375,0.0111083984375,0.0,1.0,1.0
1091,16,5443,supports_refusal,0.0111083984375,0.0111083984375,0.0111083984375,0.0,1.0,1.0
1092,31,5553,supports_refusal,0.0111083984375,0.0111083984375,0.0111083984375,0.0,1.0,1.0
1093,30,7684,suppresses_refusal,-0.0111083984375,0.0111083984375,0.0111083984375,0.0,0.0,1.0
1094,12,613,suppresses_refusal,-0.0111083984375,0.0111083984375,0.0111083984375,0.0,0.0,1.0
1095,18,6876,suppresses_refusal,-0.01104736328125,0.01104736328125,0.01104736328125,0.0,0.0,1.0
1096,31,13592,suppresses_refusal,-0.01104736328125,0.01104736328125,0.01104736328125,0.0,0.0,1.0
1097,29,11576,suppresses_refusal,-0.01104736328125,0.01104736328125,0.01104736328125,0.0,0.0,1.0
1098,26,6297,suppresses_refusal,-0.01104736328125,0.01104736328125,0.01104736328125,0.0,0.0,1.0
1099,31,14073,suppresses_refusal,-0.01104736328125,0.01104736328125,0.01104736328125,0.0,0.0,1.0
1100,11,5659,supports_refusal,0.01104736328125,0.01104736328125,0.01104736328125,0.0,1.0,1.0
1101,16,818,supports_refusal,0.01104736328125,0.01104736328125,0.01104736328125,0.0,1.0,1.0
1102,26,3768,supports_refusal,0.01104736328125,0.01104736328125,0.01104736328125,0.0,1.0,1.0
1103,31,4380,supports_refusal,0.01104736328125,0.01104736328125,0.01104736328125,0.0,1.0,1.0
1104,30,6954,supports_refusal,0.010986328125,0.010986328125,0.010986328125,0.0,1.0,1.0
1105,12,4936,suppresses_refusal,-0.010986328125,0.010986328125,0.010986328125,0.0,0.0,1.0
1106,5,14076,supports_refusal,0.010986328125,0.010986328125,0.010986328125,0.0,1.0,1.0
1107,12,1460,suppresses_refusal,-0.010986328125,0.010986328125,0.010986328125,0.0,0.0,1.0
1108,20,10783,suppresses_refusal,-0.010986328125,0.010986328125,0.010986328125,0.0,0.0,1.0
1109,27,6816,supports_refusal,0.010986328125,0.010986328125,0.010986328125,0.0,1.0,1.0
1110,29,770,suppresses_refusal,-0.010986328125,0.010986328125,0.010986328125,0.0,0.0,1.0
1111,21,4278,suppresses_refusal,-0.010986328125,0.010986328125,0.010986328125,0.0,0.0,1.0
1112,10,5297,supports_refusal,0.010986328125,0.010986328125,0.010986328125,0.0,1.0,1.0
1113,13,9929,supports_refusal,0.010986328125,0.010986328125,0.010986328125,0.0,1.0,1.0
1114,17,9718,suppresses_refusal,-0.010986328125,0.010986328125,0.010986328125,0.0,0.0,1.0
1115,31,5932,suppresses_refusal,-0.010986328125,0.010986328125,0.010986328125,0.0,0.0,1.0
1116,28,5934,suppresses_refusal,-0.010986328125,0.010986328125,0.010986328125,0.0,0.0,1.0
1117,15,7566,suppresses_refusal,-0.010986328125,0.010986328125,0.010986328125,0.0,0.0,1.0
1118,30,8214,supports_refusal,0.01092529296875,0.01092529296875,0.01092529296875,0.0,1.0,1.0
1119,30,2096,suppresses_refusal,-0.01092529296875,0.01092529296875,0.01092529296875,0.0,0.0,1.0
1120,15,1501,suppresses_refusal,-0.01092529296875,0.01092529296875,0.01092529296875,0.0,0.0,1.0
1121,19,629,supports_refusal,0.01092529296875,0.01092529296875,0.01092529296875,0.0,1.0,1.0
1122,27,6188,supports_refusal,0.0108642578125,0.0108642578125,0.0108642578125,0.0,1.0,1.0
1123,30,1136,suppresses_refusal,-0.0108642578125,0.0108642578125,0.0108642578125,0.0,0.0,1.0
1124,31,6696,supports_refusal,0.0108642578125,0.0108642578125,0.0108642578125,0.0,1.0,1.0
1125,13,9139,supports_refusal,0.0108642578125,0.0108642578125,0.0108642578125,0.0,1.0,1.0
1126,4,5270,suppresses_refusal,-0.0108642578125,0.0108642578125,0.0108642578125,0.0,0.0,1.0
1127,20,3660,supports_refusal,0.0108642578125,0.0108642578125,0.0108642578125,0.0,1.0,1.0
1128,29,7570,supports_refusal,0.0108642578125,0.0108642578125,0.0108642578125,0.0,1.0,1.0
1129,16,12044,suppresses_refusal,-0.0108642578125,0.0108642578125,0.0108642578125,0.0,0.0,1.0
1130,13,2736,suppresses_refusal,-0.0108642578125,0.0108642578125,0.0108642578125,0.0,0.0,1.0
1131,27,13445,supports_refusal,0.0108642578125,0.0108642578125,0.0108642578125,0.0,1.0,1.0
1132,5,11964,supports_refusal,0.0108642578125,0.0108642578125,0.0108642578125,0.0,1.0,1.0
1133,31,7851,supports_refusal,0.0108642578125,0.0108642578125,0.0108642578125,0.0,1.0,1.0
1134,7,6976,suppresses_refusal,-0.01080322265625,0.01080322265625,0.01080322265625,0.0,0.0,1.0
1135,13,6700,supports_refusal,0.01080322265625,0.01080322265625,0.01080322265625,0.0,1.0,1.0
1136,20,1455,supports_refusal,0.01080322265625,0.01080322265625,0.01080322265625,0.0,1.0,1.0
1137,17,6565,supports_refusal,0.01080322265625,0.01080322265625,0.01080322265625,0.0,1.0,1.0
1138,13,16,suppresses_refusal,-0.01080322265625,0.01080322265625,0.01080322265625,0.0,0.0,1.0
1139,9,11959,supports_refusal,0.01080322265625,0.01080322265625,0.01080322265625,0.0,1.0,1.0
1140,12,1030,suppresses_refusal,-0.01080322265625,0.01080322265625,0.01080322265625,0.0,0.0,1.0
1141,5,4603,supports_refusal,0.01080322265625,0.01080322265625,0.01080322265625,0.0,1.0,1.0
1142,9,9810,supports_refusal,0.01080322265625,0.01080322265625,0.01080322265625,0.0,1.0,1.0
1143,30,696,suppresses_refusal,-0.01080322265625,0.01080322265625,0.01080322265625,0.0,0.0,1.0
1144,22,11889,suppresses_refusal,-0.01080322265625,0.01080322265625,0.01080322265625,0.0,0.0,1.0
1145,13,1904,suppresses_refusal,-0.01080322265625,0.01080322265625,0.01080322265625,0.0,0.0,1.0
1146,14,4008,supports_refusal,0.01080322265625,0.01080322265625,0.01080322265625,0.0,1.0,1.0
1147,14,12528,supports_refusal,0.0107421875,0.0107421875,0.0107421875,0.0,1.0,1.0
1148,11,358,supports_refusal,0.0107421875,0.0107421875,0.0107421875,0.0,1.0,1.0
1149,30,1911,suppresses_refusal,-0.0107421875,0.0107421875,0.0107421875,0.0,0.0,1.0
1150,2,12805,supports_refusal,0.0107421875,0.0107421875,0.0107421875,0.0,1.0,1.0
1151,29,6070,supports_refusal,0.0107421875,0.0107421875,0.0107421875,0.0,1.0,1.0
1152,6,3888,supports_refusal,0.0107421875,0.0107421875,0.0107421875,0.0,1.0,1.0
1153,28,4743,supports_refusal,0.0107421875,0.0107421875,0.0107421875,0.0,1.0,1.0
1154,13,9722,supports_refusal,0.0107421875,0.0107421875,0.0107421875,0.0,1.0,1.0
1155,14,3607,supports_refusal,0.0107421875,0.0107421875,0.0107421875,0.0,1.0,1.0
1156,0,2867,supports_refusal,0.0107421875,0.0107421875,0.0107421875,0.0,1.0,1.0
1157,17,11202,supports_refusal,0.01068115234375,0.01068115234375,0.01068115234375,0.0,1.0,1.0
1158,26,5269,supports_refusal,0.01068115234375,0.01068115234375,0.01068115234375,0.0,1.0,1.0
1159,20,3479,suppresses_refusal,-0.01068115234375,0.01068115234375,0.01068115234375,0.0,0.0,1.0
1160,26,1478,supports_refusal,0.01068115234375,0.01068115234375,0.01068115234375,0.0,1.0,1.0
1161,26,1643,supports_refusal,0.01068115234375,0.01068115234375,0.01068115234375,0.0,1.0,1.0
1162,22,3228,suppresses_refusal,-0.01068115234375,0.01068115234375,0.01068115234375,0.0,0.0,1.0
1163,30,5222,suppresses_refusal,-0.01068115234375,0.01068115234375,0.01068115234375,0.0,0.0,1.0
1164,14,75,supports_refusal,0.01068115234375,0.01068115234375,0.01068115234375,0.0,1.0,1.0
1165,24,1676,suppresses_refusal,-0.01068115234375,0.01068115234375,0.01068115234375,0.0,0.0,1.0
1166,24,2860,suppresses_refusal,-0.01068115234375,0.01068115234375,0.01068115234375,0.0,0.0,1.0
1167,21,14302,supports_refusal,0.0106201171875,0.0106201171875,0.0106201171875,0.0,1.0,1.0
1168,31,9903,suppresses_refusal,-0.0106201171875,0.0106201171875,0.0106201171875,0.0,0.0,1.0
1169,16,12230,suppresses_refusal,-0.0106201171875,0.0106201171875,0.0106201171875,0.0,0.0,1.0
1170,15,1706,suppresses_refusal,-0.0106201171875,0.0106201171875,0.0106201171875,0.0,0.0,1.0
1171,12,9035,suppresses_refusal,-0.0106201171875,0.0106201171875,0.0106201171875,0.0,0.0,1.0
1172,16,5770,suppresses_refusal,-0.0106201171875,0.0106201171875,0.0106201171875,0.0,0.0,1.0
1173,19,10070,suppresses_refusal,-0.0106201171875,0.0106201171875,0.0106201171875,0.0,0.0,1.0
1174,18,8563,supports_refusal,0.0106201171875,0.0106201171875,0.0106201171875,0.0,1.0,1.0
1175,27,3755,suppresses_refusal,-0.0106201171875,0.0106201171875,0.0106201171875,0.0,0.0,1.0
1176,14,6295,supports_refusal,0.0106201171875,0.0106201171875,0.0106201171875,0.0,1.0,1.0
1177,30,2420,suppresses_refusal,-0.0106201171875,0.0106201171875,0.0106201171875,0.0,0.0,1.0
1178,12,12926,supports_refusal,0.0106201171875,0.0106201171875,0.0106201171875,0.0,1.0,1.0
1179,26,7068,supports_refusal,0.0106201171875,0.0106201171875,0.0106201171875,0.0,1.0,1.0
1180,6,12543,suppresses_refusal,-0.0106201171875,0.0106201171875,0.0106201171875,0.0,0.0,1.0
1181,30,9305,supports_refusal,0.0106201171875,0.0106201171875,0.0106201171875,0.0,1.0,1.0
1182,27,12888,suppresses_refusal,-0.01055908203125,0.01055908203125,0.01055908203125,0.0,0.0,1.0
1183,2,9353,suppresses_refusal,-0.01055908203125,0.01055908203125,0.01055908203125,0.0,0.0,1.0
1184,9,2156,supports_refusal,0.01055908203125,0.01055908203125,0.01055908203125,0.0,1.0,1.0
1185,31,13605,suppresses_refusal,-0.01055908203125,0.01055908203125,0.01055908203125,0.0,0.0,1.0
1186,19,5394,suppresses_refusal,-0.01055908203125,0.01055908203125,0.01055908203125,0.0,0.0,1.0
1187,31,9734,supports_refusal,0.01055908203125,0.01055908203125,0.01055908203125,0.0,1.0,1.0
1188,30,8634,suppresses_refusal,-0.01055908203125,0.01055908203125,0.01055908203125,0.0,0.0,1.0
1189,28,1622,suppresses_refusal,-0.01055908203125,0.01055908203125,0.01055908203125,0.0,0.0,1.0
1190,31,7592,suppresses_refusal,-0.01055908203125,0.01055908203125,0.01055908203125,0.0,0.0,1.0
1191,17,0,suppresses_refusal,-0.01055908203125,0.01055908203125,0.01055908203125,0.0,0.0,1.0
1192,12,9199,suppresses_refusal,-0.01055908203125,0.01055908203125,0.01055908203125,0.0,0.0,1.0
1193,24,13916,supports_refusal,0.01055908203125,0.01055908203125,0.01055908203125,0.0,1.0,1.0
1194,31,9995,supports_refusal,0.01055908203125,0.01055908203125,0.01055908203125,0.0,1.0,1.0
1195,14,11463,supports_refusal,0.010498046875,0.010498046875,0.010498046875,0.0,1.0,1.0
1196,17,6682,supports_refusal,0.010498046875,0.010498046875,0.010498046875,0.0,1.0,1.0
1197,18,13457,supports_refusal,0.010498046875,0.010498046875,0.010498046875,0.0,1.0,1.0
1198,15,8094,suppresses_refusal,-0.010498046875,0.010498046875,0.010498046875,0.0,0.0,1.0
1199,25,6247,suppresses_refusal,-0.010498046875,0.010498046875,0.010498046875,0.0,0.0,1.0
1200,27,4546,supports_refusal,0.010498046875,0.010498046875,0.010498046875,0.0,1.0,1.0
1201,24,5212,supports_refusal,0.010498046875,0.010498046875,0.010498046875,0.0,1.0,1.0
1202,13,8068,supports_refusal,0.010498046875,0.010498046875,0.010498046875,0.0,1.0,1.0
1203,18,8429,supports_refusal,0.010498046875,0.010498046875,0.010498046875,0.0,1.0,1.0
1204,26,2537,supports_refusal,0.01043701171875,0.01043701171875,0.01043701171875,0.0,1.0,1.0
1205,26,2622,suppresses_refusal,-0.01043701171875,0.01043701171875,0.01043701171875,0.0,0.0,1.0
1206,5,11886,supports_refusal,0.01043701171875,0.01043701171875,0.01043701171875,0.0,1.0,1.0
1207,24,8180,supports_refusal,0.01043701171875,0.01043701171875,0.01043701171875,0.0,1.0,1.0
1208,13,5752,supports_refusal,0.01043701171875,0.01043701171875,0.01043701171875,0.0,1.0,1.0
1209,14,12073,supports_refusal,0.01043701171875,0.01043701171875,0.01043701171875,0.0,1.0,1.0
1210,20,2298,suppresses_refusal,-0.01043701171875,0.01043701171875,0.01043701171875,0.0,0.0,1.0
1211,23,2139,suppresses_refusal,-0.01043701171875,0.01043701171875,0.01043701171875,0.0,0.0,1.0
1212,17,12158,supports_refusal,0.01043701171875,0.01043701171875,0.01043701171875,0.0,1.0,1.0
1213,10,9845,supports_refusal,0.01043701171875,0.01043701171875,0.01043701171875,0.0,1.0,1.0
1214,12,5612,supports_refusal,0.0103759765625,0.0103759765625,0.0103759765625,0.0,1.0,1.0
1215,19,5310,supports_refusal,0.0103759765625,0.0103759765625,0.0103759765625,0.0,1.0,1.0
1216,14,10005,suppresses_refusal,-0.0103759765625,0.0103759765625,0.0103759765625,0.0,0.0,1.0
1217,12,2404,suppresses_refusal,-0.0103759765625,0.0103759765625,0.0103759765625,0.0,0.0,1.0
1218,14,4413,supports_refusal,0.0103759765625,0.0103759765625,0.0103759765625,0.0,1.0,1.0
1219,30,7837,supports_refusal,0.0103759765625,0.0103759765625,0.0103759765625,0.0,1.0,1.0
1220,28,746,suppresses_refusal,-0.01031494140625,0.01031494140625,0.01031494140625,0.0,0.0,1.0
1221,29,7086,suppresses_refusal,-0.01031494140625,0.01031494140625,0.01031494140625,0.0,0.0,1.0
1222,15,7756,suppresses_refusal,-0.01031494140625,0.01031494140625,0.01031494140625,0.0,0.0,1.0
1223,17,7878,supports_refusal,0.01031494140625,0.01031494140625,0.01031494140625,0.0,1.0,1.0
1224,12,3851,suppresses_refusal,-0.01031494140625,0.01031494140625,0.01031494140625,0.0,0.0,1.0
1225,24,9419,supports_refusal,0.01031494140625,0.01031494140625,0.01031494140625,0.0,1.0,1.0
1226,25,5048,supports_refusal,0.01031494140625,0.01031494140625,0.01031494140625,0.0,1.0,1.0
1227,16,2899,supports_refusal,0.01031494140625,0.01031494140625,0.01031494140625,0.0,1.0,1.0
1228,27,3365,supports_refusal,0.01031494140625,0.01031494140625,0.01031494140625,0.0,1.0,1.0
1229,29,3371,supports_refusal,0.01031494140625,0.01031494140625,0.01031494140625,0.0,1.0,1.0
1230,8,1179,supports_refusal,0.01031494140625,0.01031494140625,0.01031494140625,0.0,1.0,1.0
1231,29,1928,supports_refusal,0.01025390625,0.01025390625,0.01025390625,0.0,1.0,1.0
1232,4,9349,supports_refusal,0.01025390625,0.01025390625,0.01025390625,0.0,1.0,1.0
1233,10,4895,supports_refusal,0.01025390625,0.01025390625,0.01025390625,0.0,1.0,1.0
1234,6,4626,supports_refusal,0.01025390625,0.01025390625,0.01025390625,0.0,1.0,1.0
1235,22,13444,suppresses_refusal,-0.01025390625,0.01025390625,0.01025390625,0.0,0.0,1.0
1236,18,10678,supports_refusal,0.01025390625,0.01025390625,0.01025390625,0.0,1.0,1.0
1237,29,1057,supports_refusal,0.01025390625,0.01025390625,0.01025390625,0.0,1.0,1.0
1238,13,11829,supports_refusal,0.01025390625,0.01025390625,0.01025390625,0.0,1.0,1.0
1239,18,8146,supports_refusal,0.01025390625,0.01025390625,0.01025390625,0.0,1.0,1.0
1240,28,12087,suppresses_refusal,-0.01025390625,0.01025390625,0.01025390625,0.0,0.0,1.0
1241,9,9685,suppresses_refusal,-0.01025390625,0.01025390625,0.01025390625,0.0,0.0,1.0
1242,29,3543,supports_refusal,0.01019287109375,0.01019287109375,0.01019287109375,0.0,1.0,1.0
1243,15,8390,suppresses_refusal,-0.01019287109375,0.01019287109375,0.01019287109375,0.0,0.0,1.0
1244,18,8652,supports_refusal,0.01019287109375,0.01019287109375,0.01019287109375,0.0,1.0,1.0
1245,13,1690,supports_refusal,0.01019287109375,0.01019287109375,0.01019287109375,0.0,1.0,1.0
1246,29,578,suppresses_refusal,-0.01019287109375,0.01019287109375,0.01019287109375,0.0,0.0,1.0
1247,22,8398,suppresses_refusal,-0.01019287109375,0.01019287109375,0.01019287109375,0.0,0.0,1.0
1248,11,5335,supports_refusal,0.01019287109375,0.01019287109375,0.01019287109375,0.0,1.0,1.0
1249,18,6898,suppresses_refusal,-0.0101318359375,0.0101318359375,0.0101318359375,0.0,0.0,1.0
1250,31,9658,supports_refusal,0.0101318359375,0.0101318359375,0.0101318359375,0.0,1.0,1.0
1251,15,6714,supports_refusal,0.0101318359375,0.0101318359375,0.0101318359375,0.0,1.0,1.0
1252,31,10505,suppresses_refusal,-0.0101318359375,0.0101318359375,0.0101318359375,0.0,0.0,1.0
1253,19,1619,suppresses_refusal,-0.0101318359375,0.0101318359375,0.0101318359375,0.0,0.0,1.0
1254,18,10405,suppresses_refusal,-0.0101318359375,0.0101318359375,0.0101318359375,0.0,0.0,1.0
1255,25,10689,supports_refusal,0.0101318359375,0.0101318359375,0.0101318359375,0.0,1.0,1.0
1256,28,10157,suppresses_refusal,-0.01007080078125,0.01007080078125,0.01007080078125,0.0,0.0,1.0
1257,29,1710,supports_refusal,0.01007080078125,0.01007080078125,0.01007080078125,0.0,1.0,1.0
1258,24,2597,suppresses_refusal,-0.01007080078125,0.01007080078125,0.01007080078125,0.0,0.0,1.0
1259,26,11317,supports_refusal,0.01007080078125,0.01007080078125,0.01007080078125,0.0,1.0,1.0
1260,30,7225,supports_refusal,0.01007080078125,0.01007080078125,0.01007080078125,0.0,1.0,1.0
1261,29,12561,supports_refusal,0.01007080078125,0.01007080078125,0.01007080078125,0.0,1.0,1.0
1262,20,11501,suppresses_refusal,-0.01007080078125,0.01007080078125,0.01007080078125,0.0,0.0,1.0
1263,16,1007,suppresses_refusal,-0.01007080078125,0.01007080078125,0.01007080078125,0.0,0.0,1.0
1264,30,4317,supports_refusal,0.010009765625,0.010009765625,0.010009765625,0.0,1.0,1.0
1265,20,1683,supports_refusal,0.010009765625,0.010009765625,0.010009765625,0.0,1.0,1.0
1266,31,12111,supports_refusal,0.010009765625,0.010009765625,0.010009765625,0.0,1.0,1.0
1267,15,10154,suppresses_refusal,-0.010009765625,0.010009765625,0.010009765625,0.0,0.0,1.0
1268,28,13560,supports_refusal,0.010009765625,0.010009765625,0.010009765625,0.0,1.0,1.0
1269,23,4921,suppresses_refusal,-0.010009765625,0.010009765625,0.010009765625,0.0,0.0,1.0
1270,16,11901,supports_refusal,0.010009765625,0.010009765625,0.010009765625,0.0,1.0,1.0
1271,16,12849,supports_refusal,0.010009765625,0.010009765625,0.010009765625,0.0,1.0,1.0
1272,17,619,supports_refusal,0.010009765625,0.010009765625,0.010009765625,0.0,1.0,1.0
1273,31,13280,suppresses_refusal,-0.010009765625,0.010009765625,0.010009765625,0.0,0.0,1.0
1274,11,3522,suppresses_refusal,-0.010009765625,0.010009765625,0.010009765625,0.0,0.0,1.0
1275,26,14124,supports_refusal,0.010009765625,0.010009765625,0.010009765625,0.0,1.0,1.0
1276,9,13188,suppresses_refusal,-0.010009765625,0.010009765625,0.010009765625,0.0,0.0,1.0
1277,9,4379,suppresses_refusal,-0.010009765625,0.010009765625,0.010009765625,0.0,0.0,1.0
1278,22,9292,supports_refusal,0.010009765625,0.010009765625,0.010009765625,0.0,1.0,1.0
1279,31,8214,suppresses_refusal,-0.00994873046875,0.00994873046875,0.00994873046875,0.0,0.0,1.0
1280,18,14247,suppresses_refusal,-0.00994873046875,0.00994873046875,0.00994873046875,0.0,0.0,1.0
1281,11,12239,supports_refusal,0.00994873046875,0.00994873046875,0.00994873046875,0.0,1.0,1.0
1282,30,2730,supports_refusal,0.00994873046875,0.00994873046875,0.00994873046875,0.0,1.0,1.0
1283,29,13865,supports_refusal,0.00994873046875,0.00994873046875,0.00994873046875,0.0,1.0,1.0
1284,19,9566,supports_refusal,0.00994873046875,0.00994873046875,0.00994873046875,0.0,1.0,1.0
1285,19,7071,suppresses_refusal,-0.00994873046875,0.00994873046875,0.00994873046875,0.0,0.0,1.0
1286,20,12078,suppresses_refusal,-0.00994873046875,0.00994873046875,0.00994873046875,0.0,0.0,1.0
1287,29,2856,suppresses_refusal,-0.00994873046875,0.00994873046875,0.00994873046875,0.0,0.0,1.0
1288,29,153,supports_refusal,0.00994873046875,0.00994873046875,0.00994873046875,0.0,1.0,1.0
1289,30,8027,suppresses_refusal,-0.00994873046875,0.00994873046875,0.00994873046875,0.0,0.0,1.0
1290,10,9843,suppresses_refusal,-0.00994873046875,0.00994873046875,0.00994873046875,0.0,0.0,1.0
1291,5,13544,supports_refusal,0.00994873046875,0.00994873046875,0.00994873046875,0.0,1.0,1.0
1292,20,2994,supports_refusal,0.00994873046875,0.00994873046875,0.00994873046875,0.0,1.0,1.0
1293,30,11574,suppresses_refusal,-0.00994873046875,0.00994873046875,0.00994873046875,0.0,0.0,1.0
1294,31,3237,suppresses_refusal,-0.00994873046875,0.00994873046875,0.00994873046875,0.0,0.0,1.0
1295,31,13713,supports_refusal,0.00994873046875,0.00994873046875,0.00994873046875,0.0,1.0,1.0
1296,28,13450,suppresses_refusal,-0.0098876953125,0.0098876953125,0.0098876953125,0.0,0.0,1.0
1297,21,6041,suppresses_refusal,-0.0098876953125,0.0098876953125,0.0098876953125,0.0,0.0,1.0
1298,26,2639,suppresses_refusal,-0.0098876953125,0.0098876953125,0.0098876953125,0.0,0.0,1.0
1299,25,12633,supports_refusal,0.0098876953125,0.0098876953125,0.0098876953125,0.0,1.0,1.0
1300,31,1090,suppresses_refusal,-0.0098876953125,0.0098876953125,0.0098876953125,0.0,0.0,1.0
1301,31,9837,supports_refusal,0.0098876953125,0.0098876953125,0.0098876953125,0.0,1.0,1.0
1302,15,4975,suppresses_refusal,-0.0098876953125,0.0098876953125,0.0098876953125,0.0,0.0,1.0
1303,17,1063,suppresses_refusal,-0.0098876953125,0.0098876953125,0.0098876953125,0.0,0.0,1.0
1304,31,1739,suppresses_refusal,-0.0098876953125,0.0098876953125,0.0098876953125,0.0,0.0,1.0
1305,8,11791,supports_refusal,0.0098876953125,0.0098876953125,0.0098876953125,0.0,1.0,1.0
1306,8,5712,supports_refusal,0.0098876953125,0.0098876953125,0.0098876953125,0.0,1.0,1.0
1307,23,6730,suppresses_refusal,-0.0098876953125,0.0098876953125,0.0098876953125,0.0,0.0,1.0
1308,29,1521,supports_refusal,0.0098876953125,0.0098876953125,0.0098876953125,0.0,1.0,1.0
1309,14,13315,supports_refusal,0.0098876953125,0.0098876953125,0.0098876953125,0.0,1.0,1.0
1310,28,1692,suppresses_refusal,-0.0098876953125,0.0098876953125,0.0098876953125,0.0,0.0,1.0
1311,29,319,suppresses_refusal,-0.0098876953125,0.0098876953125,0.0098876953125,0.0,0.0,1.0
1312,24,3648,suppresses_refusal,-0.00982666015625,0.00982666015625,0.00982666015625,0.0,0.0,1.0
1313,23,12811,suppresses_refusal,-0.00982666015625,0.00982666015625,0.00982666015625,0.0,0.0,1.0
1314,3,5397,suppresses_refusal,-0.00982666015625,0.00982666015625,0.00982666015625,0.0,0.0,1.0
1315,31,13304,supports_refusal,0.00982666015625,0.00982666015625,0.00982666015625,0.0,1.0,1.0
1316,31,7037,suppresses_refusal,-0.00982666015625,0.00982666015625,0.00982666015625,0.0,0.0,1.0
1317,20,8563,suppresses_refusal,-0.00982666015625,0.00982666015625,0.00982666015625,0.0,0.0,1.0
1318,10,1656,suppresses_refusal,-0.00982666015625,0.00982666015625,0.00982666015625,0.0,0.0,1.0
1319,30,9329,supports_refusal,0.00982666015625,0.00982666015625,0.00982666015625,0.0,1.0,1.0
1320,30,4861,suppresses_refusal,-0.009765625,0.009765625,0.009765625,0.0,0.0,1.0
1321,14,6851,supports_refusal,0.009765625,0.009765625,0.009765625,0.0,1.0,1.0
1322,19,10724,suppresses_refusal,-0.009765625,0.009765625,0.009765625,0.0,0.0,1.0
1323,30,2513,supports_refusal,0.009765625,0.009765625,0.009765625,0.0,1.0,1.0
1324,25,5503,suppresses_refusal,-0.009765625,0.009765625,0.009765625,0.0,0.0,1.0
1325,11,3502,suppresses_refusal,-0.009765625,0.009765625,0.009765625,0.0,0.0,1.0
1326,31,4256,suppresses_refusal,-0.009765625,0.009765625,0.009765625,0.0,0.0,1.0
1327,31,2675,supports_refusal,0.009765625,0.009765625,0.009765625,0.0,1.0,1.0
1328,22,1558,suppresses_refusal,-0.009765625,0.009765625,0.009765625,0.0,0.0,1.0
1329,30,11158,suppresses_refusal,-0.009765625,0.009765625,0.009765625,0.0,0.0,1.0
1330,20,2238,supports_refusal,0.009765625,0.009765625,0.009765625,0.0,1.0,1.0
1331,30,3099,suppresses_refusal,-0.009765625,0.009765625,0.009765625,0.0,0.0,1.0
1332,30,9210,suppresses_refusal,-0.009765625,0.009765625,0.009765625,0.0,0.0,1.0
1333,30,6448,supports_refusal,0.009765625,0.009765625,0.009765625,0.0,1.0,1.0
1334,31,13368,supports_refusal,0.009765625,0.009765625,0.009765625,0.0,1.0,1.0
1335,9,7402,supports_refusal,0.00970458984375,0.00970458984375,0.00970458984375,0.0,1.0,1.0
1336,18,2429,supports_refusal,0.00970458984375,0.00970458984375,0.00970458984375,0.0,1.0,1.0
1337,27,2598,supports_refusal,0.00970458984375,0.00970458984375,0.00970458984375,0.0,1.0,1.0
1338,20,11564,supports_refusal,0.00970458984375,0.00970458984375,0.00970458984375,0.0,1.0,1.0
1339,10,11769,supports_refusal,0.00970458984375,0.00970458984375,0.00970458984375,0.0,1.0,1.0
1340,28,6199,suppresses_refusal,-0.00970458984375,0.00970458984375,0.00970458984375,0.0,0.0,1.0
1341,30,6462,suppresses_refusal,-0.00970458984375,0.00970458984375,0.00970458984375,0.0,0.0,1.0
1342,31,10432,suppresses_refusal,-0.00970458984375,0.00970458984375,0.00970458984375,0.0,0.0,1.0
1343,31,5068,suppresses_refusal,-0.00970458984375,0.00970458984375,0.00970458984375,0.0,0.0,1.0
1344,9,1065,supports_refusal,0.00970458984375,0.00970458984375,0.00970458984375,0.0,1.0,1.0
1345,17,7291,suppresses_refusal,-0.00970458984375,0.00970458984375,0.00970458984375,0.0,0.0,1.0
1346,29,13033,suppresses_refusal,-0.00970458984375,0.00970458984375,0.00970458984375,0.0,0.0,1.0
1347,4,1574,suppresses_refusal,-0.00970458984375,0.00970458984375,0.00970458984375,0.0,0.0,1.0
1348,26,3370,suppresses_refusal,-0.00970458984375,0.00970458984375,0.00970458984375,0.0,0.0,1.0
1349,21,9554,suppresses_refusal,-0.00970458984375,0.00970458984375,0.00970458984375,0.0,0.0,1.0
1350,30,3903,suppresses_refusal,-0.00970458984375,0.00970458984375,0.00970458984375,0.0,0.0,1.0
1351,14,2794,suppresses_refusal,-0.0096435546875,0.0096435546875,0.0096435546875,0.0,0.0,1.0
1352,21,13816,supports_refusal,0.0096435546875,0.0096435546875,0.0096435546875,0.0,1.0,1.0
1353,16,1115,supports_refusal,0.0096435546875,0.0096435546875,0.0096435546875,0.0,1.0,1.0
1354,17,4492,suppresses_refusal,-0.0096435546875,0.0096435546875,0.0096435546875,0.0,0.0,1.0
1355,31,2513,supports_refusal,0.0096435546875,0.0096435546875,0.0096435546875,0.0,1.0,1.0
1356,31,1199,suppresses_refusal,-0.0096435546875,0.0096435546875,0.0096435546875,0.0,0.0,1.0
1357,28,9477,supports_refusal,0.0096435546875,0.0096435546875,0.0096435546875,0.0,1.0,1.0
1358,30,4134,supports_refusal,0.0096435546875,0.0096435546875,0.0096435546875,0.0,1.0,1.0
1359,29,11969,supports_refusal,0.0096435546875,0.0096435546875,0.0096435546875,0.0,1.0,1.0
1360,15,9301,supports_refusal,0.0096435546875,0.0096435546875,0.0096435546875,0.0,1.0,1.0
1361,30,10352,supports_refusal,0.0096435546875,0.0096435546875,0.0096435546875,0.0,1.0,1.0
1362,17,11860,supports_refusal,0.00958251953125,0.00958251953125,0.00958251953125,0.0,1.0,1.0
1363,14,5332,supports_refusal,0.00958251953125,0.00958251953125,0.00958251953125,0.0,1.0,1.0
1364,12,3700,supports_refusal,0.00958251953125,0.00958251953125,0.00958251953125,0.0,1.0,1.0
1365,31,2420,suppresses_refusal,-0.00958251953125,0.00958251953125,0.00958251953125,0.0,0.0,1.0
1366,27,1931,suppresses_refusal,-0.00958251953125,0.00958251953125,0.00958251953125,0.0,0.0,1.0
1367,16,11588,suppresses_refusal,-0.00958251953125,0.00958251953125,0.00958251953125,0.0,0.0,1.0
1368,20,7552,supports_refusal,0.00958251953125,0.00958251953125,0.00958251953125,0.0,1.0,1.0
1369,26,10795,suppresses_refusal,-0.00958251953125,0.00958251953125,0.00958251953125,0.0,0.0,1.0
1370,25,9876,suppresses_refusal,-0.00958251953125,0.00958251953125,0.00958251953125,0.0,0.0,1.0
1371,16,3124,suppresses_refusal,-0.00958251953125,0.00958251953125,0.00958251953125,0.0,0.0,1.0
1372,29,7514,suppresses_refusal,-0.00958251953125,0.00958251953125,0.00958251953125,0.0,0.0,1.0
1373,30,9296,suppresses_refusal,-0.00958251953125,0.00958251953125,0.00958251953125,0.0,0.0,1.0
1374,5,12837,suppresses_refusal,-0.00958251953125,0.00958251953125,0.00958251953125,0.0,0.0,1.0
1375,31,5883,suppresses_refusal,-0.00958251953125,0.00958251953125,0.00958251953125,0.0,0.0,1.0
1376,22,7980,supports_refusal,0.00958251953125,0.00958251953125,0.00958251953125,0.0,1.0,1.0
1377,14,9006,suppresses_refusal,-0.009521484375,0.009521484375,0.009521484375,0.0,0.0,1.0
1378,26,9621,suppresses_refusal,-0.009521484375,0.009521484375,0.009521484375,0.0,0.0,1.0
1379,28,10999,supports_refusal,0.009521484375,0.009521484375,0.009521484375,0.0,1.0,1.0
1380,26,9267,suppresses_refusal,-0.009521484375,0.009521484375,0.009521484375,0.0,0.0,1.0
1381,12,7457,suppresses_refusal,-0.009521484375,0.009521484375,0.009521484375,0.0,0.0,1.0
1382,29,3453,suppresses_refusal,-0.009521484375,0.009521484375,0.009521484375,0.0,0.0,1.0
1383,29,11920,suppresses_refusal,-0.009521484375,0.009521484375,0.009521484375,0.0,0.0,1.0
1384,12,3588,supports_refusal,0.009521484375,0.009521484375,0.009521484375,0.0,1.0,1.0
1385,31,9276,supports_refusal,0.009521484375,0.009521484375,0.009521484375,0.0,1.0,1.0
1386,29,2380,suppresses_refusal,-0.009521484375,0.009521484375,0.009521484375,0.0,0.0,1.0
1387,22,12178,suppresses_refusal,-0.009521484375,0.009521484375,0.009521484375,0.0,0.0,1.0
1388,31,12973,suppresses_refusal,-0.009521484375,0.009521484375,0.009521484375,0.0,0.0,1.0
1389,28,13882,suppresses_refusal,-0.009521484375,0.009521484375,0.009521484375,0.0,0.0,1.0
1390,14,13280,suppresses_refusal,-0.009521484375,0.009521484375,0.009521484375,0.0,0.0,1.0
1391,23,10303,supports_refusal,0.009521484375,0.009521484375,0.009521484375,0.0,1.0,1.0
1392,29,3538,supports_refusal,0.00946044921875,0.00946044921875,0.00946044921875,0.0,1.0,1.0
1393,17,2600,suppresses_refusal,-0.00946044921875,0.00946044921875,0.00946044921875,0.0,0.0,1.0
1394,10,627,supports_refusal,0.00946044921875,0.00946044921875,0.00946044921875,0.0,1.0,1.0
1395,30,12258,supports_refusal,0.00946044921875,0.00946044921875,0.00946044921875,0.0,1.0,1.0
1396,18,3362,supports_refusal,0.00946044921875,0.00946044921875,0.00946044921875,0.0,1.0,1.0
1397,16,12288,suppresses_refusal,-0.0093994140625,0.0093994140625,0.0093994140625,0.0,0.0,1.0
1398,28,11454,supports_refusal,0.0093994140625,0.0093994140625,0.0093994140625,0.0,1.0,1.0
1399,9,6350,supports_refusal,0.0093994140625,0.0093994140625,0.0093994140625,0.0,1.0,1.0
1400,28,10749,supports_refusal,0.0093994140625,0.0093994140625,0.0093994140625,0.0,1.0,1.0
1401,1,10704,supports_refusal,0.0093994140625,0.0093994140625,0.0093994140625,0.0,1.0,1.0
1402,29,5204,suppresses_refusal,-0.0093994140625,0.0093994140625,0.0093994140625,0.0,0.0,1.0
1403,30,8049,supports_refusal,0.0093994140625,0.0093994140625,0.0093994140625,0.0,1.0,1.0
1404,21,391,suppresses_refusal,-0.0093994140625,0.0093994140625,0.0093994140625,0.0,0.0,1.0
1405,21,4100,supports_refusal,0.0093994140625,0.0093994140625,0.0093994140625,0.0,1.0,1.0
1406,7,12409,supports_refusal,0.0093994140625,0.0093994140625,0.0093994140625,0.0,1.0,1.0
1407,13,4205,suppresses_refusal,-0.0093994140625,0.0093994140625,0.0093994140625,0.0,0.0,1.0
1408,31,11148,suppresses_refusal,-0.0093994140625,0.0093994140625,0.0093994140625,0.0,0.0,1.0
1409,10,3662,suppresses_refusal,-0.0093994140625,0.0093994140625,0.0093994140625,0.0,0.0,1.0
1410,31,7032,supports_refusal,0.0093994140625,0.0093994140625,0.0093994140625,0.0,1.0,1.0
1411,30,8836,supports_refusal,0.00933837890625,0.00933837890625,0.00933837890625,0.0,1.0,1.0
1412,14,5718,supports_refusal,0.00933837890625,0.00933837890625,0.00933837890625,0.0,1.0,1.0
1413,22,4397,supports_refusal,0.00933837890625,0.00933837890625,0.00933837890625,0.0,1.0,1.0
1414,15,7965,supports_refusal,0.00933837890625,0.00933837890625,0.00933837890625,0.0,1.0,1.0
1415,4,7211,suppresses_refusal,-0.00933837890625,0.00933837890625,0.00933837890625,0.0,0.0,1.0
1416,22,13332,supports_refusal,0.00933837890625,0.00933837890625,0.00933837890625,0.0,1.0,1.0
1417,29,3511,suppresses_refusal,-0.00933837890625,0.00933837890625,0.00933837890625,0.0,0.0,1.0
1418,30,2310,supports_refusal,0.00933837890625,0.00933837890625,0.00933837890625,0.0,1.0,1.0
1419,17,4974,suppresses_refusal,-0.00933837890625,0.00933837890625,0.00933837890625,0.0,0.0,1.0
1420,26,3082,supports_refusal,0.00933837890625,0.00933837890625,0.00933837890625,0.0,1.0,1.0
1421,26,1029,suppresses_refusal,-0.00933837890625,0.00933837890625,0.00933837890625,0.0,0.0,1.0
1422,30,422,supports_refusal,0.00927734375,0.00927734375,0.00927734375,0.0,1.0,1.0
1423,16,13195,supports_refusal,0.00927734375,0.00927734375,0.00927734375,0.0,1.0,1.0
1424,5,1615,suppresses_refusal,-0.00927734375,0.00927734375,0.00927734375,0.0,0.0,1.0
1425,31,12514,supports_refusal,0.00927734375,0.00927734375,0.00927734375,0.0,1.0,1.0
1426,22,13324,suppresses_refusal,-0.00927734375,0.00927734375,0.00927734375,0.0,0.0,1.0
1427,22,4164,supports_refusal,0.00927734375,0.00927734375,0.00927734375,0.0,1.0,1.0
1428,27,627,supports_refusal,0.00927734375,0.00927734375,0.00927734375,0.0,1.0,1.0
1429,21,3736,suppresses_refusal,-0.00927734375,0.00927734375,0.00927734375,0.0,0.0,1.0
1430,20,8079,supports_refusal,0.00927734375,0.00927734375,0.00927734375,0.0,1.0,1.0
1431,31,13214,suppresses_refusal,-0.00927734375,0.00927734375,0.00927734375,0.0,0.0,1.0
1432,31,8496,suppresses_refusal,-0.00927734375,0.00927734375,0.00927734375,0.0,0.0,1.0
1433,19,12007,supports_refusal,0.00927734375,0.00927734375,0.00927734375,0.0,1.0,1.0
1434,25,8469,supports_refusal,0.00927734375,0.00927734375,0.00927734375,0.0,1.0,1.0
1435,12,11600,supports_refusal,0.00927734375,0.00927734375,0.00927734375,0.0,1.0,1.0
1436,26,13860,suppresses_refusal,-0.00927734375,0.00927734375,0.00927734375,0.0,0.0,1.0
1437,29,1199,suppresses_refusal,-0.00927734375,0.00927734375,0.00927734375,0.0,0.0,1.0
1438,20,5131,suppresses_refusal,-0.00927734375,0.00927734375,0.00927734375,0.0,0.0,1.0
1439,31,10897,supports_refusal,0.00921630859375,0.00921630859375,0.00921630859375,0.0,1.0,1.0
1440,20,1699,suppresses_refusal,-0.00921630859375,0.00921630859375,0.00921630859375,0.0,0.0,1.0
1441,28,3524,supports_refusal,0.00921630859375,0.00921630859375,0.00921630859375,0.0,1.0,1.0
1442,12,833,suppresses_refusal,-0.00921630859375,0.00921630859375,0.00921630859375,0.0,0.0,1.0
1443,14,10306,suppresses_refusal,-0.00921630859375,0.00921630859375,0.00921630859375,0.0,0.0,1.0
1444,31,9521,supports_refusal,0.00921630859375,0.00921630859375,0.00921630859375,0.0,1.0,1.0
1445,14,8439,suppresses_refusal,-0.00921630859375,0.00921630859375,0.00921630859375,0.0,0.0,1.0
1446,24,10216,suppresses_refusal,-0.00921630859375,0.00921630859375,0.00921630859375,0.0,0.0,1.0
1447,30,6659,supports_refusal,0.00921630859375,0.00921630859375,0.00921630859375,0.0,1.0,1.0
1448,30,4323,suppresses_refusal,-0.00921630859375,0.00921630859375,0.00921630859375,0.0,0.0,1.0
1449,16,781,suppresses_refusal,-0.00921630859375,0.00921630859375,0.00921630859375,0.0,0.0,1.0
1450,31,9795,supports_refusal,0.00921630859375,0.00921630859375,0.00921630859375,0.0,1.0,1.0
1451,21,8329,suppresses_refusal,-0.00921630859375,0.00921630859375,0.00921630859375,0.0,0.0,1.0
1452,23,6900,supports_refusal,0.00921630859375,0.00921630859375,0.00921630859375,0.0,1.0,1.0
1453,31,12850,suppresses_refusal,-0.00921630859375,0.00921630859375,0.00921630859375,0.0,0.0,1.0
1454,1,3397,supports_refusal,0.00921630859375,0.00921630859375,0.00921630859375,0.0,1.0,1.0
1455,24,14292,supports_refusal,0.00921630859375,0.00921630859375,0.00921630859375,0.0,1.0,1.0
1456,18,12345,suppresses_refusal,-0.00921630859375,0.00921630859375,0.00921630859375,0.0,0.0,1.0
1457,31,6102,suppresses_refusal,-0.0091552734375,0.0091552734375,0.0091552734375,0.0,0.0,1.0
1458,11,3202,suppresses_refusal,-0.0091552734375,0.0091552734375,0.0091552734375,0.0,0.0,1.0
1459,17,1441,suppresses_refusal,-0.0091552734375,0.0091552734375,0.0091552734375,0.0,0.0,1.0
1460,2,7890,suppresses_refusal,-0.0091552734375,0.0091552734375,0.0091552734375,0.0,0.0,1.0
1461,16,3796,suppresses_refusal,-0.0091552734375,0.0091552734375,0.0091552734375,0.0,0.0,1.0
1462,31,1813,supports_refusal,0.0091552734375,0.0091552734375,0.0091552734375,0.0,1.0,1.0
1463,10,12642,suppresses_refusal,-0.0091552734375,0.0091552734375,0.0091552734375,0.0,0.0,1.0
1464,10,11577,suppresses_refusal,-0.0091552734375,0.0091552734375,0.0091552734375,0.0,0.0,1.0
1465,23,6693,suppresses_refusal,-0.0091552734375,0.0091552734375,0.0091552734375,0.0,0.0,1.0
1466,31,1174,supports_refusal,0.0091552734375,0.0091552734375,0.0091552734375,0.0,1.0,1.0
1467,10,9132,suppresses_refusal,-0.0091552734375,0.0091552734375,0.0091552734375,0.0,0.0,1.0
1468,12,4528,suppresses_refusal,-0.0091552734375,0.0091552734375,0.0091552734375,0.0,0.0,1.0
1469,16,8295,suppresses_refusal,-0.0091552734375,0.0091552734375,0.0091552734375,0.0,0.0,1.0
1470,12,14038,suppresses_refusal,-0.00909423828125,0.00909423828125,0.00909423828125,0.0,0.0,1.0
1471,26,9751,supports_refusal,0.00909423828125,0.00909423828125,0.00909423828125,0.0,1.0,1.0
1472,6,656,supports_refusal,0.00909423828125,0.00909423828125,0.00909423828125,0.0,1.0,1.0
1473,15,4250,supports_refusal,0.00909423828125,0.00909423828125,0.00909423828125,0.0,1.0,1.0
1474,18,1017,supports_refusal,0.00909423828125,0.00909423828125,0.00909423828125,0.0,1.0,1.0
1475,15,7157,supports_refusal,0.00909423828125,0.00909423828125,0.00909423828125,0.0,1.0,1.0
1476,30,14243,suppresses_refusal,-0.00909423828125,0.00909423828125,0.00909423828125,0.0,0.0,1.0
1477,29,7523,supports_refusal,0.00909423828125,0.00909423828125,0.00909423828125,0.0,1.0,1.0
1478,14,12647,supports_refusal,0.00909423828125,0.00909423828125,0.00909423828125,0.0,1.0,1.0
1479,15,5480,supports_refusal,0.009033203125,0.009033203125,0.009033203125,0.0,1.0,1.0
1480,17,11502,suppresses_refusal,-0.009033203125,0.009033203125,0.009033203125,0.0,0.0,1.0
1481,22,10318,supports_refusal,0.009033203125,0.009033203125,0.009033203125,0.0,1.0,1.0
1482,16,12012,suppresses_refusal,-0.009033203125,0.009033203125,0.009033203125,0.0,0.0,1.0
1483,30,6970,suppresses_refusal,-0.009033203125,0.009033203125,0.009033203125,0.0,0.0,1.0
1484,28,13576,suppresses_refusal,-0.009033203125,0.009033203125,0.009033203125,0.0,0.0,1.0
1485,17,8523,supports_refusal,0.009033203125,0.009033203125,0.009033203125,0.0,1.0,1.0
1486,17,8517,supports_refusal,0.009033203125,0.009033203125,0.009033203125,0.0,1.0,1.0
1487,9,13753,supports_refusal,0.009033203125,0.009033203125,0.009033203125,0.0,1.0,1.0
1488,10,3128,supports_refusal,0.009033203125,0.009033203125,0.009033203125,0.0,1.0,1.0
1489,10,2486,supports_refusal,0.009033203125,0.009033203125,0.009033203125,0.0,1.0,1.0
1490,14,13337,suppresses_refusal,-0.009033203125,0.009033203125,0.009033203125,0.0,0.0,1.0
1491,2,6658,suppresses_refusal,-0.009033203125,0.009033203125,0.009033203125,0.0,0.0,1.0
1492,21,12534,suppresses_refusal,-0.009033203125,0.009033203125,0.009033203125,0.0,0.0,1.0
1493,19,2422,supports_refusal,0.00897216796875,0.00897216796875,0.00897216796875,0.0,1.0,1.0
1494,7,6173,supports_refusal,0.00897216796875,0.00897216796875,0.00897216796875,0.0,1.0,1.0
1495,31,7263,supports_refusal,0.00897216796875,0.00897216796875,0.00897216796875,0.0,1.0,1.0
1496,19,5450,supports_refusal,0.00897216796875,0.00897216796875,0.00897216796875,0.0,1.0,1.0
1497,18,12045,supports_refusal,0.00897216796875,0.00897216796875,0.00897216796875,0.0,1.0,1.0
1498,27,4254,supports_refusal,0.00897216796875,0.00897216796875,0.00897216796875,0.0,1.0,1.0
1499,14,845,suppresses_refusal,-0.00897216796875,0.00897216796875,0.00897216796875,0.0,0.0,1.0
1500,23,4870,supports_refusal,0.00897216796875,0.00897216796875,0.00897216796875,0.0,1.0,1.0
1501,16,9337,suppresses_refusal,-0.00897216796875,0.00897216796875,0.00897216796875,0.0,0.0,1.0
1502,31,5556,suppresses_refusal,-0.00897216796875,0.00897216796875,0.00897216796875,0.0,0.0,1.0
1503,14,6124,supports_refusal,0.00897216796875,0.00897216796875,0.00897216796875,0.0,1.0,1.0
1504,10,3056,suppresses_refusal,-0.00897216796875,0.00897216796875,0.00897216796875,0.0,0.0,1.0
1505,24,2372,supports_refusal,0.00897216796875,0.00897216796875,0.00897216796875,0.0,1.0,1.0
1506,25,14162,suppresses_refusal,-0.00897216796875,0.00897216796875,0.00897216796875,0.0,0.0,1.0
1507,2,12277,supports_refusal,0.00897216796875,0.00897216796875,0.00897216796875,0.0,1.0,1.0
1508,14,8660,suppresses_refusal,-0.0089111328125,0.0089111328125,0.0089111328125,0.0,0.0,1.0
1509,28,11574,suppresses_refusal,-0.0089111328125,0.0089111328125,0.0089111328125,0.0,0.0,1.0
1510,11,6541,suppresses_refusal,-0.0089111328125,0.0089111328125,0.0089111328125,0.0,0.0,1.0
1511,22,5315,supports_refusal,0.0089111328125,0.0089111328125,0.0089111328125,0.0,1.0,1.0
1512,29,1750,suppresses_refusal,-0.0089111328125,0.0089111328125,0.0089111328125,0.0,0.0,1.0
1513,31,4436,suppresses_refusal,-0.0089111328125,0.0089111328125,0.0089111328125,0.0,0.0,1.0
1514,15,1404,suppresses_refusal,-0.0089111328125,0.0089111328125,0.0089111328125,0.0,0.0,1.0
1515,30,1650,supports_refusal,0.0089111328125,0.0089111328125,0.0089111328125,0.0,1.0,1.0
1516,15,6531,suppresses_refusal,-0.0089111328125,0.0089111328125,0.0089111328125,0.0,0.0,1.0
1517,25,7490,supports_refusal,0.0089111328125,0.0089111328125,0.0089111328125,0.0,1.0,1.0
1518,15,1675,suppresses_refusal,-0.0089111328125,0.0089111328125,0.0089111328125,0.0,0.0,1.0
1519,3,2136,suppresses_refusal,-0.0089111328125,0.0089111328125,0.0089111328125,0.0,0.0,1.0
1520,31,3583,suppresses_refusal,-0.0089111328125,0.0089111328125,0.0089111328125,0.0,0.0,1.0
1521,15,3346,supports_refusal,0.0089111328125,0.0089111328125,0.0089111328125,0.0,1.0,1.0
1522,31,8862,suppresses_refusal,-0.0089111328125,0.0089111328125,0.0089111328125,0.0,0.0,1.0
1523,27,4153,suppresses_refusal,-0.0089111328125,0.0089111328125,0.0089111328125,0.0,0.0,1.0
1524,3,4630,suppresses_refusal,-0.0089111328125,0.0089111328125,0.0089111328125,0.0,0.0,1.0
1525,28,5882,suppresses_refusal,-0.0089111328125,0.0089111328125,0.0089111328125,0.0,0.0,1.0
1526,19,386,suppresses_refusal,-0.0089111328125,0.0089111328125,0.0089111328125,0.0,0.0,1.0
1527,29,14017,supports_refusal,0.0089111328125,0.0089111328125,0.0089111328125,0.0,1.0,1.0
1528,17,8464,suppresses_refusal,-0.0089111328125,0.0089111328125,0.0089111328125,0.0,0.0,1.0
1529,31,7944,supports_refusal,0.0089111328125,0.0089111328125,0.0089111328125,0.0,1.0,1.0
1530,31,3794,supports_refusal,0.00885009765625,0.00885009765625,0.00885009765625,0.0,1.0,1.0
1531,30,7388,suppresses_refusal,-0.00885009765625,0.00885009765625,0.00885009765625,0.0,0.0,1.0
1532,26,5775,suppresses_refusal,-0.00885009765625,0.00885009765625,0.00885009765625,0.0,0.0,1.0
1533,30,13178,suppresses_refusal,-0.00885009765625,0.00885009765625,0.00885009765625,0.0,0.0,1.0
1534,13,6997,supports_refusal,0.00885009765625,0.00885009765625,0.00885009765625,0.0,1.0,1.0
1535,28,2464,suppresses_refusal,-0.00885009765625,0.00885009765625,0.00885009765625,0.0,0.0,1.0
1536,22,10194,suppresses_refusal,-0.00885009765625,0.00885009765625,0.00885009765625,0.0,0.0,1.0
1537,14,235,suppresses_refusal,-0.00885009765625,0.00885009765625,0.00885009765625,0.0,0.0,1.0
1538,15,2100,suppresses_refusal,-0.00885009765625,0.00885009765625,0.00885009765625,0.0,0.0,1.0
1539,31,649,supports_refusal,0.00885009765625,0.00885009765625,0.00885009765625,0.0,1.0,1.0
1540,30,4069,supports_refusal,0.00885009765625,0.00885009765625,0.00885009765625,0.0,1.0,1.0
1541,12,8124,supports_refusal,0.00885009765625,0.00885009765625,0.00885009765625,0.0,1.0,1.0
1542,25,3897,suppresses_refusal,-0.00885009765625,0.00885009765625,0.00885009765625,0.0,0.0,1.0
1543,14,10635,supports_refusal,0.00885009765625,0.00885009765625,0.00885009765625,0.0,1.0,1.0
1544,30,10312,suppresses_refusal,-0.00885009765625,0.00885009765625,0.00885009765625,0.0,0.0,1.0
1545,24,11981,supports_refusal,0.0087890625,0.0087890625,0.0087890625,0.0,1.0,1.0
1546,8,12334,supports_refusal,0.0087890625,0.0087890625,0.0087890625,0.0,1.0,1.0
1547,25,6669,suppresses_refusal,-0.0087890625,0.0087890625,0.0087890625,0.0,0.0,1.0
1548,26,11907,suppresses_refusal,-0.0087890625,0.0087890625,0.0087890625,0.0,0.0,1.0
1549,0,8001,supports_refusal,0.0087890625,0.0087890625,0.0087890625,0.0,1.0,1.0
1550,31,3484,suppresses_refusal,-0.0087890625,0.0087890625,0.0087890625,0.0,0.0,1.0
1551,16,7280,suppresses_refusal,-0.0087890625,0.0087890625,0.0087890625,0.0,0.0,1.0
1552,11,370,supports_refusal,0.0087890625,0.0087890625,0.0087890625,0.0,1.0,1.0
1553,25,3725,suppresses_refusal,-0.0087890625,0.0087890625,0.0087890625,0.0,0.0,1.0
1554,31,7873,supports_refusal,0.0087890625,0.0087890625,0.0087890625,0.0,1.0,1.0
1555,23,11857,supports_refusal,0.0087890625,0.0087890625,0.0087890625,0.0,1.0,1.0
1556,12,7100,suppresses_refusal,-0.0087890625,0.0087890625,0.0087890625,0.0,0.0,1.0
1557,14,4919,suppresses_refusal,-0.0087890625,0.0087890625,0.0087890625,0.0,0.0,1.0
1558,28,9384,supports_refusal,0.0087890625,0.0087890625,0.0087890625,0.0,1.0,1.0
1559,18,3746,suppresses_refusal,-0.0087890625,0.0087890625,0.0087890625,0.0,0.0,1.0
1560,14,1736,supports_refusal,0.0087890625,0.0087890625,0.0087890625,0.0,1.0,1.0
1561,31,2528,suppresses_refusal,-0.0087890625,0.0087890625,0.0087890625,0.0,0.0,1.0
1562,23,1200,supports_refusal,0.0087890625,0.0087890625,0.0087890625,0.0,1.0,1.0
1563,27,3398,suppresses_refusal,-0.0087890625,0.0087890625,0.0087890625,0.0,0.0,1.0
1564,28,5819,supports_refusal,0.0087890625,0.0087890625,0.0087890625,0.0,1.0,1.0
1565,28,1580,supports_refusal,0.0087890625,0.0087890625,0.0087890625,0.0,1.0,1.0
1566,31,11010,suppresses_refusal,-0.0087890625,0.0087890625,0.0087890625,0.0,0.0,1.0
1567,16,8661,supports_refusal,0.0087890625,0.0087890625,0.0087890625,0.0,1.0,1.0
1568,22,82,suppresses_refusal,-0.00872802734375,0.00872802734375,0.00872802734375,0.0,0.0,1.0
1569,9,12727,suppresses_refusal,-0.00872802734375,0.00872802734375,0.00872802734375,0.0,0.0,1.0
1570,16,9520,suppresses_refusal,-0.00872802734375,0.00872802734375,0.00872802734375,0.0,0.0,1.0
1571,30,12582,suppresses_refusal,-0.00872802734375,0.00872802734375,0.00872802734375,0.0,0.0,1.0
1572,11,3077,suppresses_refusal,-0.00872802734375,0.00872802734375,0.00872802734375,0.0,0.0,1.0
1573,13,12316,supports_refusal,0.00872802734375,0.00872802734375,0.00872802734375,0.0,1.0,1.0
1574,31,7365,supports_refusal,0.00872802734375,0.00872802734375,0.00872802734375,0.0,1.0,1.0
1575,22,2784,suppresses_refusal,-0.00872802734375,0.00872802734375,0.00872802734375,0.0,0.0,1.0
1576,16,2950,suppresses_refusal,-0.00872802734375,0.00872802734375,0.00872802734375,0.0,0.0,1.0
1577,19,12157,suppresses_refusal,-0.00872802734375,0.00872802734375,0.00872802734375,0.0,0.0,1.0
1578,12,9801,suppresses_refusal,-0.00872802734375,0.00872802734375,0.00872802734375,0.0,0.0,1.0
1579,28,7804,suppresses_refusal,-0.00872802734375,0.00872802734375,0.00872802734375,0.0,0.0,1.0
1580,18,7133,supports_refusal,0.00872802734375,0.00872802734375,0.00872802734375,0.0,1.0,1.0
1581,26,9802,supports_refusal,0.00872802734375,0.00872802734375,0.00872802734375,0.0,1.0,1.0
1582,6,8494,supports_refusal,0.00872802734375,0.00872802734375,0.00872802734375,0.0,1.0,1.0
1583,31,11077,suppresses_refusal,-0.00872802734375,0.00872802734375,0.00872802734375,0.0,0.0,1.0
1584,30,1226,suppresses_refusal,-0.0086669921875,0.0086669921875,0.0086669921875,0.0,0.0,1.0
1585,15,7002,supports_refusal,0.0086669921875,0.0086669921875,0.0086669921875,0.0,1.0,1.0
1586,13,6185,supports_refusal,0.0086669921875,0.0086669921875,0.0086669921875,0.0,1.0,1.0
1587,9,4665,supports_refusal,0.0086669921875,0.0086669921875,0.0086669921875,0.0,1.0,1.0
1588,15,10673,supports_refusal,0.0086669921875,0.0086669921875,0.0086669921875,0.0,1.0,1.0
1589,22,10844,suppresses_refusal,-0.0086669921875,0.0086669921875,0.0086669921875,0.0,0.0,1.0
1590,30,329,supports_refusal,0.0086669921875,0.0086669921875,0.0086669921875,0.0,1.0,1.0
1591,29,1516,suppresses_refusal,-0.0086669921875,0.0086669921875,0.0086669921875,0.0,0.0,1.0
1592,14,8052,supports_refusal,0.0086669921875,0.0086669921875,0.0086669921875,0.0,1.0,1.0
1593,31,566,supports_refusal,0.0086669921875,0.0086669921875,0.0086669921875,0.0,1.0,1.0
1594,30,7220,suppresses_refusal,-0.0086669921875,0.0086669921875,0.0086669921875,0.0,0.0,1.0
1595,4,1351,supports_refusal,0.0086669921875,0.0086669921875,0.0086669921875,0.0,1.0,1.0
1596,17,7471,suppresses_refusal,-0.0086669921875,0.0086669921875,0.0086669921875,0.0,0.0,1.0
1597,12,10860,suppresses_refusal,-0.0086669921875,0.0086669921875,0.0086669921875,0.0,0.0,1.0
1598,15,7092,supports_refusal,0.0086669921875,0.0086669921875,0.0086669921875,0.0,1.0,1.0
1599,16,376,suppresses_refusal,-0.0086669921875,0.0086669921875,0.0086669921875,0.0,0.0,1.0
1600,24,811,supports_refusal,0.0086669921875,0.0086669921875,0.0086669921875,0.0,1.0,1.0
1601,3,10378,supports_refusal,0.0086669921875,0.0086669921875,0.0086669921875,0.0,1.0,1.0
1602,13,9215,suppresses_refusal,-0.0086669921875,0.0086669921875,0.0086669921875,0.0,0.0,1.0
1603,6,12618,suppresses_refusal,-0.0086669921875,0.0086669921875,0.0086669921875,0.0,0.0,1.0
1604,8,12431,supports_refusal,0.00860595703125,0.00860595703125,0.00860595703125,0.0,1.0,1.0
1605,31,9895,suppresses_refusal,-0.00860595703125,0.00860595703125,0.00860595703125,0.0,0.0,1.0
1606,20,4493,suppresses_refusal,-0.00860595703125,0.00860595703125,0.00860595703125,0.0,0.0,1.0
1607,9,13788,suppresses_refusal,-0.00860595703125,0.00860595703125,0.00860595703125,0.0,0.0,1.0
1608,0,9832,supports_refusal,0.00860595703125,0.00860595703125,0.00860595703125,0.0,1.0,1.0
1609,11,1244,supports_refusal,0.00860595703125,0.00860595703125,0.00860595703125,0.0,1.0,1.0
1610,26,9182,suppresses_refusal,-0.00860595703125,0.00860595703125,0.00860595703125,0.0,0.0,1.0
1611,28,6682,supports_refusal,0.00860595703125,0.00860595703125,0.00860595703125,0.0,1.0,1.0
1612,31,3159,suppresses_refusal,-0.00860595703125,0.00860595703125,0.00860595703125,0.0,0.0,1.0
1613,10,557,supports_refusal,0.00860595703125,0.00860595703125,0.00860595703125,0.0,1.0,1.0
1614,29,9267,suppresses_refusal,-0.00860595703125,0.00860595703125,0.00860595703125,0.0,0.0,1.0
1615,9,6825,supports_refusal,0.00860595703125,0.00860595703125,0.00860595703125,0.0,1.0,1.0
1616,31,5473,supports_refusal,0.00860595703125,0.00860595703125,0.00860595703125,0.0,1.0,1.0
1617,30,13354,suppresses_refusal,-0.00860595703125,0.00860595703125,0.00860595703125,0.0,0.0,1.0
1618,30,13252,suppresses_refusal,-0.00860595703125,0.00860595703125,0.00860595703125,0.0,0.0,1.0
1619,6,5102,suppresses_refusal,-0.008544921875,0.008544921875,0.008544921875,0.0,0.0,1.0
1620,21,1216,supports_refusal,0.008544921875,0.008544921875,0.008544921875,0.0,1.0,1.0
1621,22,5082,supports_refusal,0.008544921875,0.008544921875,0.008544921875,0.0,1.0,1.0
1622,21,4901,supports_refusal,0.008544921875,0.008544921875,0.008544921875,0.0,1.0,1.0
1623,17,11142,supports_refusal,0.008544921875,0.008544921875,0.008544921875,0.0,1.0,1.0
1624,17,8557,supports_refusal,0.008544921875,0.008544921875,0.008544921875,0.0,1.0,1.0
1625,30,10245,suppresses_refusal,-0.008544921875,0.008544921875,0.008544921875,0.0,0.0,1.0
1626,11,4158,supports_refusal,0.008544921875,0.008544921875,0.008544921875,0.0,1.0,1.0
1627,14,438,suppresses_refusal,-0.008544921875,0.008544921875,0.008544921875,0.0,0.0,1.0
1628,8,13473,supports_refusal,0.008544921875,0.008544921875,0.008544921875,0.0,1.0,1.0
1629,26,6648,suppresses_refusal,-0.008544921875,0.008544921875,0.008544921875,0.0,0.0,1.0
1630,27,13251,supports_refusal,0.008544921875,0.008544921875,0.008544921875,0.0,1.0,1.0
1631,29,14012,supports_refusal,0.008544921875,0.008544921875,0.008544921875,0.0,1.0,1.0
1632,13,1858,supports_refusal,0.008544921875,0.008544921875,0.008544921875,0.0,1.0,1.0
1633,11,12871,suppresses_refusal,-0.008544921875,0.008544921875,0.008544921875,0.0,0.0,1.0
1634,11,12571,suppresses_refusal,-0.008544921875,0.008544921875,0.008544921875,0.0,0.0,1.0
1635,14,2789,supports_refusal,0.00848388671875,0.00848388671875,0.00848388671875,0.0,1.0,1.0
1636,3,1169,suppresses_refusal,-0.00848388671875,0.00848388671875,0.00848388671875,0.0,0.0,1.0
1637,27,2850,supports_refusal,0.00848388671875,0.00848388671875,0.00848388671875,0.0,1.0,1.0
1638,30,459,supports_refusal,0.00848388671875,0.00848388671875,0.00848388671875,0.0,1.0,1.0
1639,28,6372,supports_refusal,0.00848388671875,0.00848388671875,0.00848388671875,0.0,1.0,1.0
1640,31,2800,supports_refusal,0.00848388671875,0.00848388671875,0.00848388671875,0.0,1.0,1.0
1641,26,4997,supports_refusal,0.00848388671875,0.00848388671875,0.00848388671875,0.0,1.0,1.0
1642,30,1647,suppresses_refusal,-0.00848388671875,0.00848388671875,0.00848388671875,0.0,0.0,1.0
1643,16,6430,suppresses_refusal,-0.00848388671875,0.00848388671875,0.00848388671875,0.0,0.0,1.0
1644,30,6831,suppresses_refusal,-0.00848388671875,0.00848388671875,0.00848388671875,0.0,0.0,1.0
1645,14,8138,supports_refusal,0.00848388671875,0.00848388671875,0.00848388671875,0.0,1.0,1.0
1646,30,6424,supports_refusal,0.00848388671875,0.00848388671875,0.00848388671875,0.0,1.0,1.0
1647,12,461,supports_refusal,0.00848388671875,0.00848388671875,0.00848388671875,0.0,1.0,1.0
1648,31,6195,suppresses_refusal,-0.00848388671875,0.00848388671875,0.00848388671875,0.0,0.0,1.0
1649,12,13530,supports_refusal,0.00848388671875,0.00848388671875,0.00848388671875,0.0,1.0,1.0
1650,27,3673,supports_refusal,0.00848388671875,0.00848388671875,0.00848388671875,0.0,1.0,1.0
1651,29,10606,suppresses_refusal,-0.0084228515625,0.0084228515625,0.0084228515625,0.0,0.0,1.0
1652,30,2742,suppresses_refusal,-0.0084228515625,0.0084228515625,0.0084228515625,0.0,0.0,1.0
1653,20,4752,supports_refusal,0.0084228515625,0.0084228515625,0.0084228515625,0.0,1.0,1.0
1654,15,1919,supports_refusal,0.0084228515625,0.0084228515625,0.0084228515625,0.0,1.0,1.0
1655,31,2127,supports_refusal,0.0084228515625,0.0084228515625,0.0084228515625,0.0,1.0,1.0
1656,28,2608,supports_refusal,0.0084228515625,0.0084228515625,0.0084228515625,0.0,1.0,1.0
1657,25,6301,suppresses_refusal,-0.0084228515625,0.0084228515625,0.0084228515625,0.0,0.0,1.0
1658,29,7700,suppresses_refusal,-0.0084228515625,0.0084228515625,0.0084228515625,0.0,0.0,1.0
1659,31,5692,supports_refusal,0.0084228515625,0.0084228515625,0.0084228515625,0.0,1.0,1.0
1660,31,11276,suppresses_refusal,-0.0084228515625,0.0084228515625,0.0084228515625,0.0,0.0,1.0
1661,13,378,suppresses_refusal,-0.0084228515625,0.0084228515625,0.0084228515625,0.0,0.0,1.0
1662,31,10392,supports_refusal,0.0084228515625,0.0084228515625,0.0084228515625,0.0,1.0,1.0
1663,19,494,supports_refusal,0.0084228515625,0.0084228515625,0.0084228515625,0.0,1.0,1.0
1664,22,12855,supports_refusal,0.0084228515625,0.0084228515625,0.0084228515625,0.0,1.0,1.0
1665,12,9208,supports_refusal,0.0084228515625,0.0084228515625,0.0084228515625,0.0,1.0,1.0
1666,9,7681,suppresses_refusal,-0.0084228515625,0.0084228515625,0.0084228515625,0.0,0.0,1.0
1667,31,4229,supports_refusal,0.0084228515625,0.0084228515625,0.0084228515625,0.0,1.0,1.0
1668,29,2205,supports_refusal,0.0084228515625,0.0084228515625,0.0084228515625,0.0,1.0,1.0
1669,29,8569,suppresses_refusal,-0.0084228515625,0.0084228515625,0.0084228515625,0.0,0.0,1.0
1670,18,272,suppresses_refusal,-0.0084228515625,0.0084228515625,0.0084228515625,0.0,0.0,1.0
1671,19,127,supports_refusal,0.00836181640625,0.00836181640625,0.00836181640625,0.0,1.0,1.0
1672,12,4294,suppresses_refusal,-0.00836181640625,0.00836181640625,0.00836181640625,0.0,0.0,1.0
1673,8,8730,suppresses_refusal,-0.00836181640625,0.00836181640625,0.00836181640625,0.0,0.0,1.0
1674,7,7343,supports_refusal,0.00836181640625,0.00836181640625,0.00836181640625,0.0,1.0,1.0
1675,30,12079,suppresses_refusal,-0.00836181640625,0.00836181640625,0.00836181640625,0.0,0.0,1.0
1676,31,9091,suppresses_refusal,-0.00836181640625,0.00836181640625,0.00836181640625,0.0,0.0,1.0
1677,23,7812,suppresses_refusal,-0.00836181640625,0.00836181640625,0.00836181640625,0.0,0.0,1.0
1678,14,6293,supports_refusal,0.00836181640625,0.00836181640625,0.00836181640625,0.0,1.0,1.0
1679,29,12771,supports_refusal,0.00836181640625,0.00836181640625,0.00836181640625,0.0,1.0,1.0
1680,12,360,suppresses_refusal,-0.00836181640625,0.00836181640625,0.00836181640625,0.0,0.0,1.0
1681,28,5977,suppresses_refusal,-0.00836181640625,0.00836181640625,0.00836181640625,0.0,0.0,1.0
1682,31,1677,suppresses_refusal,-0.00836181640625,0.00836181640625,0.00836181640625,0.0,0.0,1.0
1683,31,9154,supports_refusal,0.00836181640625,0.00836181640625,0.00836181640625,0.0,1.0,1.0
1684,30,12150,supports_refusal,0.00836181640625,0.00836181640625,0.00836181640625,0.0,1.0,1.0
1685,28,6475,suppresses_refusal,-0.00830078125,0.00830078125,0.00830078125,0.0,0.0,1.0
1686,12,3361,suppresses_refusal,-0.00830078125,0.00830078125,0.00830078125,0.0,0.0,1.0
1687,17,2351,suppresses_refusal,-0.00830078125,0.00830078125,0.00830078125,0.0,0.0,1.0
1688,18,6786,supports_refusal,0.00830078125,0.00830078125,0.00830078125,0.0,1.0,1.0
1689,24,3352,suppresses_refusal,-0.00830078125,0.00830078125,0.00830078125,0.0,0.0,1.0
1690,15,7995,suppresses_refusal,-0.00830078125,0.00830078125,0.00830078125,0.0,0.0,1.0
1691,15,9776,suppresses_refusal,-0.00830078125,0.00830078125,0.00830078125,0.0,0.0,1.0
1692,30,9965,supports_refusal,0.00830078125,0.00830078125,0.00830078125,0.0,1.0,1.0
1693,18,10365,suppresses_refusal,-0.00830078125,0.00830078125,0.00830078125,0.0,0.0,1.0
1694,24,9790,suppresses_refusal,-0.00830078125,0.00830078125,0.00830078125,0.0,0.0,1.0
1695,29,14225,suppresses_refusal,-0.00830078125,0.00830078125,0.00830078125,0.0,0.0,1.0
1696,23,12181,supports_refusal,0.00830078125,0.00830078125,0.00830078125,0.0,1.0,1.0
1697,13,308,suppresses_refusal,-0.00830078125,0.00830078125,0.00830078125,0.0,0.0,1.0
1698,29,10726,supports_refusal,0.00830078125,0.00830078125,0.00830078125,0.0,1.0,1.0
1699,29,8997,suppresses_refusal,-0.00830078125,0.00830078125,0.00830078125,0.0,0.0,1.0
1700,18,3431,suppresses_refusal,-0.00830078125,0.00830078125,0.00830078125,0.0,0.0,1.0
1701,16,6443,supports_refusal,0.00830078125,0.00830078125,0.00830078125,0.0,1.0,1.0
1702,28,9158,suppresses_refusal,-0.00830078125,0.00830078125,0.00830078125,0.0,0.0,1.0
1703,28,5484,suppresses_refusal,-0.00830078125,0.00830078125,0.00830078125,0.0,0.0,1.0
1704,30,3574,suppresses_refusal,-0.00823974609375,0.00823974609375,0.00823974609375,0.0,0.0,1.0
1705,14,9253,supports_refusal,0.00823974609375,0.00823974609375,0.00823974609375,0.0,1.0,1.0
1706,31,5724,supports_refusal,0.00823974609375,0.00823974609375,0.00823974609375,0.0,1.0,1.0
1707,30,13804,supports_refusal,0.00823974609375,0.00823974609375,0.00823974609375,0.0,1.0,1.0
1708,18,9178,suppresses_refusal,-0.00823974609375,0.00823974609375,0.00823974609375,0.0,0.0,1.0
1709,14,13175,supports_refusal,0.00823974609375,0.00823974609375,0.00823974609375,0.0,1.0,1.0
1710,29,569,supports_refusal,0.00823974609375,0.00823974609375,0.00823974609375,0.0,1.0,1.0
1711,11,9763,suppresses_refusal,-0.00823974609375,0.00823974609375,0.00823974609375,0.0,0.0,1.0
1712,30,12568,supports_refusal,0.00823974609375,0.00823974609375,0.00823974609375,0.0,1.0,1.0
1713,30,7222,supports_refusal,0.00823974609375,0.00823974609375,0.00823974609375,0.0,1.0,1.0
1714,20,5913,supports_refusal,0.00823974609375,0.00823974609375,0.00823974609375,0.0,1.0,1.0
1715,30,3183,suppresses_refusal,-0.00823974609375,0.00823974609375,0.00823974609375,0.0,0.0,1.0
1716,18,7962,supports_refusal,0.00823974609375,0.00823974609375,0.00823974609375,0.0,1.0,1.0
1717,6,13699,suppresses_refusal,-0.00823974609375,0.00823974609375,0.00823974609375,0.0,0.0,1.0
1718,19,349,supports_refusal,0.00823974609375,0.00823974609375,0.00823974609375,0.0,1.0,1.0
1719,25,8307,suppresses_refusal,-0.00823974609375,0.00823974609375,0.00823974609375,0.0,0.0,1.0
1720,29,12504,supports_refusal,0.00823974609375,0.00823974609375,0.00823974609375,0.0,1.0,1.0
1721,28,13608,supports_refusal,0.00823974609375,0.00823974609375,0.00823974609375,0.0,1.0,1.0
1722,16,7950,suppresses_refusal,-0.0081787109375,0.0081787109375,0.0081787109375,0.0,0.0,1.0
1723,28,13504,supports_refusal,0.0081787109375,0.0081787109375,0.0081787109375,0.0,1.0,1.0
1724,19,40,suppresses_refusal,-0.0081787109375,0.0081787109375,0.0081787109375,0.0,0.0,1.0
1725,23,9179,suppresses_refusal,-0.0081787109375,0.0081787109375,0.0081787109375,0.0,0.0,1.0
1726,26,12467,supports_refusal,0.0081787109375,0.0081787109375,0.0081787109375,0.0,1.0,1.0
1727,30,12013,suppresses_refusal,-0.0081787109375,0.0081787109375,0.0081787109375,0.0,0.0,1.0
1728,12,6272,suppresses_refusal,-0.0081787109375,0.0081787109375,0.0081787109375,0.0,0.0,1.0
1729,16,14256,supports_refusal,0.0081787109375,0.0081787109375,0.0081787109375,0.0,1.0,1.0
1730,15,3622,suppresses_refusal,-0.0081787109375,0.0081787109375,0.0081787109375,0.0,0.0,1.0
1731,30,2549,supports_refusal,0.0081787109375,0.0081787109375,0.0081787109375,0.0,1.0,1.0
1732,9,10968,suppresses_refusal,-0.0081787109375,0.0081787109375,0.0081787109375,0.0,0.0,1.0
1733,24,2873,supports_refusal,0.0081787109375,0.0081787109375,0.0081787109375,0.0,1.0,1.0
1734,17,5523,supports_refusal,0.0081787109375,0.0081787109375,0.0081787109375,0.0,1.0,1.0
1735,18,690,supports_refusal,0.0081787109375,0.0081787109375,0.0081787109375,0.0,1.0,1.0
1736,14,616,supports_refusal,0.0081787109375,0.0081787109375,0.0081787109375,0.0,1.0,1.0
1737,30,2512,supports_refusal,0.0081787109375,0.0081787109375,0.0081787109375,0.0,1.0,1.0
1738,22,10432,supports_refusal,0.00811767578125,0.00811767578125,0.00811767578125,0.0,1.0,1.0
1739,30,2059,suppresses_refusal,-0.00811767578125,0.00811767578125,0.00811767578125,0.0,0.0,1.0
1740,29,11663,supports_refusal,0.00811767578125,0.00811767578125,0.00811767578125,0.0,1.0,1.0
1741,13,9124,suppresses_refusal,-0.00811767578125,0.00811767578125,0.00811767578125,0.0,0.0,1.0
1742,17,6439,suppresses_refusal,-0.00811767578125,0.00811767578125,0.00811767578125,0.0,0.0,1.0
1743,19,6104,suppresses_refusal,-0.00811767578125,0.00811767578125,0.00811767578125,0.0,0.0,1.0
1744,9,5486,suppresses_refusal,-0.00811767578125,0.00811767578125,0.00811767578125,0.0,0.0,1.0
1745,14,5166,supports_refusal,0.00811767578125,0.00811767578125,0.00811767578125,0.0,1.0,1.0
1746,29,11374,suppresses_refusal,-0.00811767578125,0.00811767578125,0.00811767578125,0.0,0.0,1.0
1747,8,7034,suppresses_refusal,-0.00811767578125,0.00811767578125,0.00811767578125,0.0,0.0,1.0
1748,13,2637,supports_refusal,0.00811767578125,0.00811767578125,0.00811767578125,0.0,1.0,1.0
1749,21,11781,supports_refusal,0.00811767578125,0.00811767578125,0.00811767578125,0.0,1.0,1.0
1750,12,9856,suppresses_refusal,-0.00811767578125,0.00811767578125,0.00811767578125,0.0,0.0,1.0
1751,10,3942,suppresses_refusal,-0.00811767578125,0.00811767578125,0.00811767578125,0.0,0.0,1.0
1752,24,3570,suppresses_refusal,-0.008056640625,0.008056640625,0.008056640625,0.0,0.0,1.0
1753,14,11514,supports_refusal,0.008056640625,0.008056640625,0.008056640625,0.0,1.0,1.0
1754,12,106,suppresses_refusal,-0.008056640625,0.008056640625,0.008056640625,0.0,0.0,1.0
1755,12,10376,supports_refusal,0.008056640625,0.008056640625,0.008056640625,0.0,1.0,1.0
1756,30,6663,supports_refusal,0.008056640625,0.008056640625,0.008056640625,0.0,1.0,1.0
1757,31,2471,suppresses_refusal,-0.008056640625,0.008056640625,0.008056640625,0.0,0.0,1.0
1758,30,2648,suppresses_refusal,-0.008056640625,0.008056640625,0.008056640625,0.0,0.0,1.0
1759,30,12302,suppresses_refusal,-0.008056640625,0.008056640625,0.008056640625,0.0,0.0,1.0
1760,21,7618,suppresses_refusal,-0.008056640625,0.008056640625,0.008056640625,0.0,0.0,1.0
1761,30,6327,suppresses_refusal,-0.008056640625,0.008056640625,0.008056640625,0.0,0.0,1.0
1762,31,1760,suppresses_refusal,-0.008056640625,0.008056640625,0.008056640625,0.0,0.0,1.0
1763,11,9363,suppresses_refusal,-0.008056640625,0.008056640625,0.008056640625,0.0,0.0,1.0
1764,30,3807,suppresses_refusal,-0.008056640625,0.008056640625,0.008056640625,0.0,0.0,1.0
1765,4,9431,supports_refusal,0.008056640625,0.008056640625,0.008056640625,0.0,1.0,1.0
1766,26,6755,suppresses_refusal,-0.008056640625,0.008056640625,0.008056640625,0.0,0.0,1.0
1767,18,14295,supports_refusal,0.00799560546875,0.00799560546875,0.00799560546875,0.0,1.0,1.0
1768,22,10418,supports_refusal,0.00799560546875,0.00799560546875,0.00799560546875,0.0,1.0,1.0
1769,19,6476,supports_refusal,0.00799560546875,0.00799560546875,0.00799560546875,0.0,1.0,1.0
1770,14,12558,supports_refusal,0.00799560546875,0.00799560546875,0.00799560546875,0.0,1.0,1.0
1771,9,12821,suppresses_refusal,-0.00799560546875,0.00799560546875,0.00799560546875,0.0,0.0,1.0
1772,3,7485,suppresses_refusal,-0.00799560546875,0.00799560546875,0.00799560546875,0.0,0.0,1.0
1773,25,6849,supports_refusal,0.00799560546875,0.00799560546875,0.00799560546875,0.0,1.0,1.0
1774,18,12914,supports_refusal,0.00799560546875,0.00799560546875,0.00799560546875,0.0,1.0,1.0
1775,28,1092,supports_refusal,0.00799560546875,0.00799560546875,0.00799560546875,0.0,1.0,1.0
1776,26,13128,suppresses_refusal,-0.00799560546875,0.00799560546875,0.00799560546875,0.0,0.0,1.0
1777,15,13605,suppresses_refusal,-0.00799560546875,0.00799560546875,0.00799560546875,0.0,0.0,1.0
1778,14,12019,supports_refusal,0.00799560546875,0.00799560546875,0.00799560546875,0.0,1.0,1.0
1779,19,11042,supports_refusal,0.00799560546875,0.00799560546875,0.00799560546875,0.0,1.0,1.0
1780,28,5239,supports_refusal,0.00799560546875,0.00799560546875,0.00799560546875,0.0,1.0,1.0
1781,7,3798,supports_refusal,0.00799560546875,0.00799560546875,0.00799560546875,0.0,1.0,1.0
1782,14,13519,suppresses_refusal,-0.00799560546875,0.00799560546875,0.00799560546875,0.0,0.0,1.0
1783,21,3531,supports_refusal,0.00799560546875,0.00799560546875,0.00799560546875,0.0,1.0,1.0
1784,31,2572,supports_refusal,0.00799560546875,0.00799560546875,0.00799560546875,0.0,1.0,1.0
1785,31,7906,supports_refusal,0.00799560546875,0.00799560546875,0.00799560546875,0.0,1.0,1.0
1786,19,531,suppresses_refusal,-0.00799560546875,0.00799560546875,0.00799560546875,0.0,0.0,1.0
1787,28,8977,suppresses_refusal,-0.00799560546875,0.00799560546875,0.00799560546875,0.0,0.0,1.0
1788,28,7284,suppresses_refusal,-0.00799560546875,0.00799560546875,0.00799560546875,0.0,0.0,1.0
1789,16,1666,supports_refusal,0.0079345703125,0.0079345703125,0.0079345703125,0.0,1.0,1.0
1790,11,1928,supports_refusal,0.0079345703125,0.0079345703125,0.0079345703125,0.0,1.0,1.0
1791,31,10867,suppresses_refusal,-0.0079345703125,0.0079345703125,0.0079345703125,0.0,0.0,1.0
1792,12,2639,supports_refusal,0.0079345703125,0.0079345703125,0.0079345703125,0.0,1.0,1.0
1793,10,5598,supports_refusal,0.0079345703125,0.0079345703125,0.0079345703125,0.0,1.0,1.0
1794,12,7263,suppresses_refusal,-0.0079345703125,0.0079345703125,0.0079345703125,0.0,0.0,1.0
1795,30,1296,supports_refusal,0.0079345703125,0.0079345703125,0.0079345703125,0.0,1.0,1.0
1796,29,9197,supports_refusal,0.0079345703125,0.0079345703125,0.0079345703125,0.0,1.0,1.0
1797,15,7533,suppresses_refusal,-0.0079345703125,0.0079345703125,0.0079345703125,0.0,0.0,1.0
1798,19,3654,supports_refusal,0.0079345703125,0.0079345703125,0.0079345703125,0.0,1.0,1.0
1799,10,10358,supports_refusal,0.0079345703125,0.0079345703125,0.0079345703125,0.0,1.0,1.0
1800,16,11128,supports_refusal,0.0079345703125,0.0079345703125,0.0079345703125,0.0,1.0,1.0
1801,17,8459,supports_refusal,0.0079345703125,0.0079345703125,0.0079345703125,0.0,1.0,1.0
1802,24,1619,suppresses_refusal,-0.0079345703125,0.0079345703125,0.0079345703125,0.0,0.0,1.0
1803,20,13110,suppresses_refusal,-0.0079345703125,0.0079345703125,0.0079345703125,0.0,0.0,1.0
1804,22,7399,supports_refusal,0.0079345703125,0.0079345703125,0.0079345703125,0.0,1.0,1.0
1805,22,7153,supports_refusal,0.0079345703125,0.0079345703125,0.0079345703125,0.0,1.0,1.0
1806,31,6159,supports_refusal,0.00787353515625,0.00787353515625,0.00787353515625,0.0,1.0,1.0
1807,31,2775,suppresses_refusal,-0.00787353515625,0.00787353515625,0.00787353515625,0.0,0.0,1.0
1808,11,14197,supports_refusal,0.00787353515625,0.00787353515625,0.00787353515625,0.0,1.0,1.0
1809,31,10971,suppresses_refusal,-0.00787353515625,0.00787353515625,0.00787353515625,0.0,0.0,1.0
1810,15,8462,supports_refusal,0.00787353515625,0.00787353515625,0.00787353515625,0.0,1.0,1.0
1811,30,13759,supports_refusal,0.00787353515625,0.00787353515625,0.00787353515625,0.0,1.0,1.0
1812,28,2750,supports_refusal,0.00787353515625,0.00787353515625,0.00787353515625,0.0,1.0,1.0
1813,11,41,supports_refusal,0.00787353515625,0.00787353515625,0.00787353515625,0.0,1.0,1.0
1814,29,10645,suppresses_refusal,-0.00787353515625,0.00787353515625,0.00787353515625,0.0,0.0,1.0
1815,30,3271,suppresses_refusal,-0.00787353515625,0.00787353515625,0.00787353515625,0.0,0.0,1.0
1816,11,2546,suppresses_refusal,-0.00787353515625,0.00787353515625,0.00787353515625,0.0,0.0,1.0
1817,14,4188,supports_refusal,0.00787353515625,0.00787353515625,0.00787353515625,0.0,1.0,1.0
1818,30,13191,suppresses_refusal,-0.00787353515625,0.00787353515625,0.00787353515625,0.0,0.0,1.0
1819,24,14081,supports_refusal,0.00787353515625,0.00787353515625,0.00787353515625,0.0,1.0,1.0
1820,16,13854,supports_refusal,0.0078125,0.0078125,0.0078125,0.0,1.0,1.0
1821,31,13558,suppresses_refusal,-0.0078125,0.0078125,0.0078125,0.0,0.0,1.0
1822,11,1898,supports_refusal,0.0078125,0.0078125,0.0078125,0.0,1.0,1.0
1823,23,9021,suppresses_refusal,-0.0078125,0.0078125,0.0078125,0.0,0.0,1.0
1824,20,3647,suppresses_refusal,-0.0078125,0.0078125,0.0078125,0.0,0.0,1.0
1825,31,3353,supports_refusal,0.0078125,0.0078125,0.0078125,0.0,1.0,1.0
1826,13,8408,suppresses_refusal,-0.0078125,0.0078125,0.0078125,0.0,0.0,1.0
1827,11,5088,suppresses_refusal,-0.0078125,0.0078125,0.0078125,0.0,0.0,1.0
1828,12,1211,supports_refusal,0.0078125,0.0078125,0.0078125,0.0,1.0,1.0
1829,31,12004,supports_refusal,0.0078125,0.0078125,0.0078125,0.0,1.0,1.0
1830,22,13090,suppresses_refusal,-0.0078125,0.0078125,0.0078125,0.0,0.0,1.0
1831,31,13042,supports_refusal,0.0078125,0.0078125,0.0078125,0.0,1.0,1.0
1832,30,12336,suppresses_refusal,-0.0078125,0.0078125,0.0078125,0.0,0.0,1.0
1833,21,3256,supports_refusal,0.0078125,0.0078125,0.0078125,0.0,1.0,1.0
1834,30,12353,supports_refusal,0.0078125,0.0078125,0.0078125,0.0,1.0,1.0
1835,27,9400,supports_refusal,0.0078125,0.0078125,0.0078125,0.0,1.0,1.0
1836,24,1605,supports_refusal,0.0078125,0.0078125,0.0078125,0.0,1.0,1.0
1837,28,7137,supports_refusal,0.0078125,0.0078125,0.0078125,0.0,1.0,1.0
1838,5,4138,suppresses_refusal,-0.0078125,0.0078125,0.0078125,0.0,0.0,1.0
1839,14,8412,suppresses_refusal,-0.0078125,0.0078125,0.0078125,0.0,0.0,1.0
1840,21,4231,suppresses_refusal,-0.007781982421875,0.007781982421875,0.007781982421875,0.0,0.0,1.0
1841,13,6293,suppresses_refusal,-0.007781982421875,0.007781982421875,0.007781982421875,0.0,0.0,1.0
1842,16,6950,supports_refusal,0.007781982421875,0.007781982421875,0.007781982421875,0.0,1.0,1.0
1843,19,1164,supports_refusal,0.007781982421875,0.007781982421875,0.007781982421875,0.0,1.0,1.0
1844,3,640,supports_refusal,0.007781982421875,0.007781982421875,0.007781982421875,0.0,1.0,1.0
1845,31,5833,suppresses_refusal,-0.00775146484375,0.00775146484375,0.00775146484375,0.0,0.0,1.0
1846,31,11664,supports_refusal,0.00775146484375,0.00775146484375,0.00775146484375,0.0,1.0,1.0
1847,21,10289,suppresses_refusal,-0.00775146484375,0.00775146484375,0.00775146484375,0.0,0.0,1.0
1848,30,2879,supports_refusal,0.00775146484375,0.00775146484375,0.00775146484375,0.0,1.0,1.0
1849,13,13898,suppresses_refusal,-0.00775146484375,0.00775146484375,0.00775146484375,0.0,0.0,1.0
1850,10,2901,suppresses_refusal,-0.00775146484375,0.00775146484375,0.00775146484375,0.0,0.0,1.0
1851,27,12215,suppresses_refusal,-0.00775146484375,0.00775146484375,0.00775146484375,0.0,0.0,1.0
1852,16,6373,suppresses_refusal,-0.00775146484375,0.00775146484375,0.00775146484375,0.0,0.0,1.0
1853,20,3498,supports_refusal,0.00775146484375,0.00775146484375,0.00775146484375,0.0,1.0,1.0
1854,29,5866,suppresses_refusal,-0.00775146484375,0.00775146484375,0.00775146484375,0.0,0.0,1.0
1855,30,9739,suppresses_refusal,-0.00775146484375,0.00775146484375,0.00775146484375,0.0,0.0,1.0
1856,25,10647,suppresses_refusal,-0.00775146484375,0.00775146484375,0.00775146484375,0.0,0.0,1.0
1857,15,4537,suppresses_refusal,-0.00775146484375,0.00775146484375,0.00775146484375,0.0,0.0,1.0
1858,14,2994,suppresses_refusal,-0.00775146484375,0.00775146484375,0.00775146484375,0.0,0.0,1.0
1859,28,9333,suppresses_refusal,-0.00775146484375,0.00775146484375,0.00775146484375,0.0,0.0,1.0
1860,28,13975,suppresses_refusal,-0.00775146484375,0.00775146484375,0.00775146484375,0.0,0.0,1.0
1861,15,486,supports_refusal,0.00775146484375,0.00775146484375,0.00775146484375,0.0,1.0,1.0
1862,13,1995,suppresses_refusal,-0.00775146484375,0.00775146484375,0.00775146484375,0.0,0.0,1.0
1863,18,2796,suppresses_refusal,-0.007720947265625,0.007720947265625,0.007720947265625,0.0,0.0,1.0
1864,31,2881,supports_refusal,0.007720947265625,0.007720947265625,0.007720947265625,0.0,1.0,1.0
1865,31,1331,supports_refusal,0.007720947265625,0.007720947265625,0.007720947265625,0.0,1.0,1.0
1866,31,10073,supports_refusal,0.007720947265625,0.007720947265625,0.007720947265625,0.0,1.0,1.0
1867,28,12156,suppresses_refusal,-0.007720947265625,0.007720947265625,0.007720947265625,0.0,0.0,1.0
1868,28,9387,supports_refusal,0.007720947265625,0.007720947265625,0.007720947265625,0.0,1.0,1.0
1869,6,8455,suppresses_refusal,-0.007720947265625,0.007720947265625,0.007720947265625,0.0,0.0,1.0
1870,31,9804,suppresses_refusal,-0.007720947265625,0.007720947265625,0.007720947265625,0.0,0.0,1.0
1871,27,8531,supports_refusal,0.007720947265625,0.007720947265625,0.007720947265625,0.0,1.0,1.0
1872,31,2354,supports_refusal,0.007720947265625,0.007720947265625,0.007720947265625,0.0,1.0,1.0
1873,25,4233,supports_refusal,0.007720947265625,0.007720947265625,0.007720947265625,0.0,1.0,1.0
1874,28,6122,supports_refusal,0.007720947265625,0.007720947265625,0.007720947265625,0.0,1.0,1.0
1875,14,3537,suppresses_refusal,-0.007720947265625,0.007720947265625,0.007720947265625,0.0,0.0,1.0
1876,30,7398,supports_refusal,0.0076904296875,0.0076904296875,0.0076904296875,0.0,1.0,1.0
1877,28,5027,supports_refusal,0.0076904296875,0.0076904296875,0.0076904296875,0.0,1.0,1.0
1878,16,5933,supports_refusal,0.0076904296875,0.0076904296875,0.0076904296875,0.0,1.0,1.0
1879,30,12954,suppresses_refusal,-0.0076904296875,0.0076904296875,0.0076904296875,0.0,0.0,1.0
1880,30,3700,suppresses_refusal,-0.0076904296875,0.0076904296875,0.0076904296875,0.0,0.0,1.0
1881,28,8911,supports_refusal,0.0076904296875,0.0076904296875,0.0076904296875,0.0,1.0,1.0
1882,31,5720,suppresses_refusal,-0.0076904296875,0.0076904296875,0.0076904296875,0.0,0.0,1.0
1883,11,651,supports_refusal,0.0076904296875,0.0076904296875,0.0076904296875,0.0,1.0,1.0
1884,12,5658,suppresses_refusal,-0.0076904296875,0.0076904296875,0.0076904296875,0.0,0.0,1.0
1885,15,7746,supports_refusal,0.0076904296875,0.0076904296875,0.0076904296875,0.0,1.0,1.0
1886,30,13387,suppresses_refusal,-0.0076904296875,0.0076904296875,0.0076904296875,0.0,0.0,1.0
1887,16,6983,suppresses_refusal,-0.0076904296875,0.0076904296875,0.0076904296875,0.0,0.0,1.0
1888,26,8458,supports_refusal,0.0076904296875,0.0076904296875,0.0076904296875,0.0,1.0,1.0
1889,29,6435,supports_refusal,0.0076904296875,0.0076904296875,0.0076904296875,0.0,1.0,1.0
1890,26,3570,supports_refusal,0.0076904296875,0.0076904296875,0.0076904296875,0.0,1.0,1.0
1891,17,128,suppresses_refusal,-0.0076904296875,0.0076904296875,0.0076904296875,0.0,0.0,1.0
1892,30,7282,suppresses_refusal,-0.0076904296875,0.0076904296875,0.0076904296875,0.0,0.0,1.0
1893,15,6918,supports_refusal,0.007659912109375,0.007659912109375,0.007659912109375,0.0,1.0,1.0
1894,15,6945,suppresses_refusal,-0.007659912109375,0.007659912109375,0.007659912109375,0.0,0.0,1.0
1895,17,4431,suppresses_refusal,-0.007659912109375,0.007659912109375,0.007659912109375,0.0,0.0,1.0
1896,10,9623,suppresses_refusal,-0.007659912109375,0.007659912109375,0.007659912109375,0.0,0.0,1.0
1897,12,12241,suppresses_refusal,-0.007659912109375,0.007659912109375,0.007659912109375,0.0,0.0,1.0
1898,31,13999,suppresses_refusal,-0.007659912109375,0.007659912109375,0.007659912109375,0.0,0.0,1.0
1899,8,8632,supports_refusal,0.007659912109375,0.007659912109375,0.007659912109375,0.0,1.0,1.0
1900,31,186,supports_refusal,0.007659912109375,0.007659912109375,0.007659912109375,0.0,1.0,1.0
1901,17,10066,supports_refusal,0.007659912109375,0.007659912109375,0.007659912109375,0.0,1.0,1.0
1902,12,8759,supports_refusal,0.007659912109375,0.007659912109375,0.007659912109375,0.0,1.0,1.0
1903,10,3277,supports_refusal,0.007659912109375,0.007659912109375,0.007659912109375,0.0,1.0,1.0
1904,8,8317,supports_refusal,0.007659912109375,0.007659912109375,0.007659912109375,0.0,1.0,1.0
1905,30,9283,supports_refusal,0.007659912109375,0.007659912109375,0.007659912109375,0.0,1.0,1.0
1906,15,1384,supports_refusal,0.007659912109375,0.007659912109375,0.007659912109375,0.0,1.0,1.0
1907,14,5350,suppresses_refusal,-0.00762939453125,0.00762939453125,0.00762939453125,0.0,0.0,1.0
1908,23,14312,suppresses_refusal,-0.00762939453125,0.00762939453125,0.00762939453125,0.0,0.0,1.0
1909,18,6117,supports_refusal,0.00762939453125,0.00762939453125,0.00762939453125,0.0,1.0,1.0
1910,3,466,supports_refusal,0.00762939453125,0.00762939453125,0.00762939453125,0.0,1.0,1.0
1911,8,3912,suppresses_refusal,-0.00762939453125,0.00762939453125,0.00762939453125,0.0,0.0,1.0
1912,13,853,supports_refusal,0.00762939453125,0.00762939453125,0.00762939453125,0.0,1.0,1.0
1913,17,7724,suppresses_refusal,-0.00762939453125,0.00762939453125,0.00762939453125,0.0,0.0,1.0
1914,11,1701,supports_refusal,0.00762939453125,0.00762939453125,0.00762939453125,0.0,1.0,1.0
1915,28,4948,suppresses_refusal,-0.007598876953125,0.007598876953125,0.007598876953125,0.0,0.0,1.0
1916,8,7287,suppresses_refusal,-0.007598876953125,0.007598876953125,0.007598876953125,0.0,0.0,1.0
1917,29,13704,suppresses_refusal,-0.007598876953125,0.007598876953125,0.007598876953125,0.0,0.0,1.0
1918,14,2976,suppresses_refusal,-0.007598876953125,0.007598876953125,0.007598876953125,0.0,0.0,1.0
1919,31,5201,supports_refusal,0.007598876953125,0.007598876953125,0.007598876953125,0.0,1.0,1.0
1920,17,10957,supports_refusal,0.007598876953125,0.007598876953125,0.007598876953125,0.0,1.0,1.0
1921,28,2847,supports_refusal,0.007598876953125,0.007598876953125,0.007598876953125,0.0,1.0,1.0
1922,24,3356,suppresses_refusal,-0.007598876953125,0.007598876953125,0.007598876953125,0.0,0.0,1.0
1923,30,7331,suppresses_refusal,-0.007598876953125,0.007598876953125,0.007598876953125,0.0,0.0,1.0
1924,9,13681,suppresses_refusal,-0.007598876953125,0.007598876953125,0.007598876953125,0.0,0.0,1.0
1925,26,4419,suppresses_refusal,-0.007598876953125,0.007598876953125,0.007598876953125,0.0,0.0,1.0
1926,25,7808,supports_refusal,0.007598876953125,0.007598876953125,0.007598876953125,0.0,1.0,1.0
1927,16,8988,suppresses_refusal,-0.007598876953125,0.007598876953125,0.007598876953125,0.0,0.0,1.0
1928,27,4216,supports_refusal,0.007598876953125,0.007598876953125,0.007598876953125,0.0,1.0,1.0
1929,15,5326,suppresses_refusal,-0.007568359375,0.007568359375,0.007568359375,0.0,0.0,1.0
1930,14,10372,supports_refusal,0.007568359375,0.007568359375,0.007568359375,0.0,1.0,1.0
1931,11,12356,suppresses_refusal,-0.007568359375,0.007568359375,0.007568359375,0.0,0.0,1.0
1932,12,6600,suppresses_refusal,-0.007568359375,0.007568359375,0.007568359375,0.0,0.0,1.0
1933,30,6716,suppresses_refusal,-0.007568359375,0.007568359375,0.007568359375,0.0,0.0,1.0
1934,30,5023,suppresses_refusal,-0.007568359375,0.007568359375,0.007568359375,0.0,0.0,1.0
1935,31,220,supports_refusal,0.007568359375,0.007568359375,0.007568359375,0.0,1.0,1.0
1936,16,13422,supports_refusal,0.007568359375,0.007568359375,0.007568359375,0.0,1.0,1.0
1937,29,6227,suppresses_refusal,-0.007568359375,0.007568359375,0.007568359375,0.0,0.0,1.0
1938,16,10929,supports_refusal,0.007568359375,0.007568359375,0.007568359375,0.0,1.0,1.0
1939,5,12870,supports_refusal,0.007568359375,0.007568359375,0.007568359375,0.0,1.0,1.0
1940,30,840,suppresses_refusal,-0.007568359375,0.007568359375,0.007568359375,0.0,0.0,1.0
1941,16,11009,suppresses_refusal,-0.007568359375,0.007568359375,0.007568359375,0.0,0.0,1.0
1942,30,14228,suppresses_refusal,-0.007568359375,0.007568359375,0.007568359375,0.0,0.0,1.0
1943,20,2326,suppresses_refusal,-0.007568359375,0.007568359375,0.007568359375,0.0,0.0,1.0
1944,17,4701,supports_refusal,0.007568359375,0.007568359375,0.007568359375,0.0,1.0,1.0
1945,12,5684,supports_refusal,0.007568359375,0.007568359375,0.007568359375,0.0,1.0,1.0
1946,30,7080,supports_refusal,0.007568359375,0.007568359375,0.007568359375,0.0,1.0,1.0
1947,27,1871,suppresses_refusal,-0.007568359375,0.007568359375,0.007568359375,0.0,0.0,1.0
1948,16,9495,supports_refusal,0.007537841796875,0.007537841796875,0.007537841796875,0.0,1.0,1.0
1949,9,6241,suppresses_refusal,-0.007537841796875,0.007537841796875,0.007537841796875,0.0,0.0,1.0
1950,13,7107,suppresses_refusal,-0.007537841796875,0.007537841796875,0.007537841796875,0.0,0.0,1.0
1951,17,8538,supports_refusal,0.007537841796875,0.007537841796875,0.007537841796875,0.0,1.0,1.0
1952,12,11802,suppresses_refusal,-0.007537841796875,0.007537841796875,0.007537841796875,0.0,0.0,1.0
1953,16,4955,suppresses_refusal,-0.007537841796875,0.007537841796875,0.007537841796875,0.0,0.0,1.0
1954,6,10366,suppresses_refusal,-0.007537841796875,0.007537841796875,0.007537841796875,0.0,0.0,1.0
1955,16,8176,suppresses_refusal,-0.00750732421875,0.00750732421875,0.00750732421875,0.0,0.0,1.0
1956,28,3530,suppresses_refusal,-0.00750732421875,0.00750732421875,0.00750732421875,0.0,0.0,1.0
1957,31,4096,supports_refusal,0.00750732421875,0.00750732421875,0.00750732421875,0.0,1.0,1.0
1958,12,2963,suppresses_refusal,-0.00750732421875,0.00750732421875,0.00750732421875,0.0,0.0,1.0
1959,31,3330,suppresses_refusal,-0.00750732421875,0.00750732421875,0.00750732421875,0.0,0.0,1.0
1960,15,7809,supports_refusal,0.00750732421875,0.00750732421875,0.00750732421875,0.0,1.0,1.0
1961,11,12457,suppresses_refusal,-0.00750732421875,0.00750732421875,0.00750732421875,0.0,0.0,1.0
1962,23,5679,supports_refusal,0.00750732421875,0.00750732421875,0.00750732421875,0.0,1.0,1.0
1963,30,10789,suppresses_refusal,-0.00750732421875,0.00750732421875,0.00750732421875,0.0,0.0,1.0
1964,14,3766,supports_refusal,0.00750732421875,0.00750732421875,0.00750732421875,0.0,1.0,1.0
1965,21,7976,suppresses_refusal,-0.00750732421875,0.00750732421875,0.00750732421875,0.0,0.0,1.0
1966,0,12037,suppresses_refusal,-0.00750732421875,0.00750732421875,0.00750732421875,0.0,0.0,1.0
1967,30,5336,supports_refusal,0.00750732421875,0.00750732421875,0.00750732421875,0.0,1.0,1.0
1968,7,4663,suppresses_refusal,-0.00750732421875,0.00750732421875,0.00750732421875,0.0,0.0,1.0
1969,31,13890,supports_refusal,0.00750732421875,0.00750732421875,0.00750732421875,0.0,1.0,1.0
1970,10,7787,suppresses_refusal,-0.007476806640625,0.007476806640625,0.007476806640625,0.0,0.0,1.0
1971,29,11110,suppresses_refusal,-0.007476806640625,0.007476806640625,0.007476806640625,0.0,0.0,1.0
1972,15,6543,supports_refusal,0.007476806640625,0.007476806640625,0.007476806640625,0.0,1.0,1.0
1973,8,4779,supports_refusal,0.007476806640625,0.007476806640625,0.007476806640625,0.0,1.0,1.0
1974,31,12120,supports_refusal,0.007476806640625,0.007476806640625,0.007476806640625,0.0,1.0,1.0
1975,25,6452,suppresses_refusal,-0.007476806640625,0.007476806640625,0.007476806640625,0.0,0.0,1.0
1976,31,9792,suppresses_refusal,-0.007476806640625,0.007476806640625,0.007476806640625,0.0,0.0,1.0
1977,14,12964,suppresses_refusal,-0.007476806640625,0.007476806640625,0.007476806640625,0.0,0.0,1.0
1978,26,10405,suppresses_refusal,-0.007476806640625,0.007476806640625,0.007476806640625,0.0,0.0,1.0
1979,17,2290,suppresses_refusal,-0.0074462890625,0.0074462890625,0.0074462890625,0.0,0.0,1.0
1980,8,6182,supports_refusal,0.0074462890625,0.0074462890625,0.0074462890625,0.0,1.0,1.0
1981,31,801,suppresses_refusal,-0.0074462890625,0.0074462890625,0.0074462890625,0.0,0.0,1.0
1982,19,4513,supports_refusal,0.0074462890625,0.0074462890625,0.0074462890625,0.0,1.0,1.0
1983,16,11836,suppresses_refusal,-0.0074462890625,0.0074462890625,0.0074462890625,0.0,0.0,1.0
1984,27,14069,suppresses_refusal,-0.0074462890625,0.0074462890625,0.0074462890625,0.0,0.0,1.0
1985,24,2577,suppresses_refusal,-0.0074462890625,0.0074462890625,0.0074462890625,0.0,0.0,1.0
1986,9,4400,suppresses_refusal,-0.0074462890625,0.0074462890625,0.0074462890625,0.0,0.0,1.0
1987,11,10303,supports_refusal,0.0074462890625,0.0074462890625,0.0074462890625,0.0,1.0,1.0
1988,28,5712,suppresses_refusal,-0.0074462890625,0.0074462890625,0.0074462890625,0.0,0.0,1.0
1989,15,11787,suppresses_refusal,-0.0074462890625,0.0074462890625,0.0074462890625,0.0,0.0,1.0
1990,27,11989,suppresses_refusal,-0.007415771484375,0.007415771484375,0.007415771484375,0.0,0.0,1.0
1991,14,9345,suppresses_refusal,-0.007415771484375,0.007415771484375,0.007415771484375,0.0,0.0,1.0
1992,29,10297,suppresses_refusal,-0.007415771484375,0.007415771484375,0.007415771484375,0.0,0.0,1.0
1993,16,4150,suppresses_refusal,-0.007415771484375,0.007415771484375,0.007415771484375,0.0,0.0,1.0
1994,31,1232,supports_refusal,0.007415771484375,0.007415771484375,0.007415771484375,0.0,1.0,1.0
1995,17,13422,suppresses_refusal,-0.007415771484375,0.007415771484375,0.007415771484375,0.0,0.0,1.0
1996,30,806,suppresses_refusal,-0.007415771484375,0.007415771484375,0.007415771484375,0.0,0.0,1.0
1997,28,7647,supports_refusal,0.007415771484375,0.007415771484375,0.007415771484375,0.0,1.0,1.0
1998,28,6048,supports_refusal,0.007415771484375,0.007415771484375,0.007415771484375,0.0,1.0,1.0
1999,25,8807,supports_refusal,0.007415771484375,0.007415771484375,0.007415771484375,0.0,1.0,1.0
2000,20,5831,suppresses_refusal,-0.007415771484375,0.007415771484375,0.007415771484375,0.0,0.0,1.0
