rank,layer,neuron,direction,mean_g,abs_mean_g,mean_abs_g,std_g,positive_fraction,sign_consistency
1,31,4302,supports_refusal,0.27556151151657104,0.27556151151657104,0.27556151151657104,0.07839184254407883,1.0,1.0
2,27,8140,supports_refusal,0.20005492866039276,0.20005492866039276,0.20005492866039276,0.08939951658248901,1.0,1.0
3,31,2398,supports_refusal,0.17875365912914276,0.17875365912914276,0.181243896484375,0.07246232032775879,0.949999988079071,0.949999988079071
4,31,2743,supports_refusal,0.16138210892677307,0.16138210892677307,0.16166476905345917,0.07312233746051788,0.949999988079071,0.949999988079071
5,31,1209,supports_refusal,0.16121825575828552,0.16121825575828552,0.16285400092601776,0.04690180718898773,0.9750000238418579,0.9750000238418579
6,30,14130,supports_refusal,0.158457949757576,0.158457949757576,0.15879669785499573,0.07284639030694962,0.9750000238418579,0.9750000238418579
7,26,2407,supports_refusal,0.14475707709789276,0.14475707709789276,0.14475707709789276,0.05558919906616211,1.0,1.0
8,30,13607,supports_refusal,0.14309081435203552,0.14309081435203552,0.14309081435203552,0.04627787694334984,1.0,1.0
9,29,4655,supports_refusal,0.14103393256664276,0.14103393256664276,0.14568480849266052,0.10042530298233032,0.949999988079071,0.949999988079071
10,29,4145,suppresses_refusal,-0.14006347954273224,0.14006347954273224,0.14006347954273224,0.021781545132398605,0.0,1.0
11,29,11082,suppresses_refusal,-0.13975830376148224,0.13975830376148224,0.13975830376148224,0.021420050412416458,0.0,1.0
12,13,4208,suppresses_refusal,-0.13006591796875,0.13006591796875,0.15538330376148224,0.1456654667854309,0.20000000298023224,0.800000011920929
13,29,12010,suppresses_refusal,-0.12127075344324112,0.12127075344324112,0.13739624619483948,0.12233283370733261,0.10000000149011612,0.8999999761581421
14,26,8200,suppresses_refusal,-0.11055908352136612,0.11055908352136612,0.11055908352136612,0.039175160229206085,0.0,1.0
15,9,4255,suppresses_refusal,-0.10790710151195526,0.10790710151195526,0.1079559326171875,0.07606254518032074,0.02500000037252903,0.9750000238418579
16,29,6857,supports_refusal,0.10385589301586151,0.10385589301586151,0.10444488376379013,0.04094865545630455,0.9750000238418579,0.9750000238418579
17,30,10879,suppresses_refusal,-0.09839172661304474,0.09839172661304474,0.09839172661304474,0.03859401494264603,0.0,1.0
18,31,9936,supports_refusal,0.09213371574878693,0.09213371574878693,0.09997520595788956,0.08129270374774933,0.8999999761581421,0.8999999761581421
19,29,12561,supports_refusal,0.09043808281421661,0.09043808281421661,0.09152450412511826,0.05583684891462326,0.9750000238418579,0.9750000238418579
20,30,6989,supports_refusal,0.08921213448047638,0.08921213448047638,0.08986730873584747,0.098509781062603,0.8999999761581421,0.8999999761581421
21,30,7545,supports_refusal,0.08870544284582138,0.08870544284582138,0.08870544284582138,0.053190164268016815,1.0,1.0
22,30,12387,suppresses_refusal,-0.08725662529468536,0.08725662529468536,0.08769913017749786,0.042784128338098526,0.02500000037252903,0.9750000238418579
23,31,5593,suppresses_refusal,-0.08496551215648651,0.08496551215648651,0.08529205620288849,0.04892370477318764,0.05000000074505806,0.949999988079071
24,30,2226,suppresses_refusal,-0.08254337310791016,0.08254337310791016,0.08257503807544708,0.04059184715151787,0.02500000037252903,0.9750000238418579
25,12,13860,suppresses_refusal,-0.08182372897863388,0.08182372897863388,0.09414062649011612,0.07468941062688828,0.125,0.875
26,26,1089,suppresses_refusal,-0.079132080078125,0.079132080078125,0.079132080078125,0.023462992161512375,0.0,1.0
27,31,5230,supports_refusal,0.07912330329418182,0.07912330329418182,0.07912330329418182,0.040767211467027664,1.0,1.0
28,31,12606,supports_refusal,0.07837219536304474,0.07837219536304474,0.07837219536304474,0.04716804251074791,1.0,1.0
29,31,7450,supports_refusal,0.07798995822668076,0.07798995822668076,0.07798995822668076,0.04572097584605217,1.0,1.0
30,16,1241,supports_refusal,0.07536926120519638,0.07536926120519638,0.0845489501953125,0.08092483133077621,0.875,0.875
31,29,14120,suppresses_refusal,-0.07485504448413849,0.07485504448413849,0.07485504448413849,0.03581594303250313,0.0,1.0
32,30,1171,suppresses_refusal,-0.07457275688648224,0.07457275688648224,0.07457275688648224,0.03250495344400406,0.0,1.0
33,31,7936,supports_refusal,0.07365016639232635,0.07365016639232635,0.07489223778247833,0.056872911751270294,0.949999988079071,0.949999988079071
34,28,8945,suppresses_refusal,-0.07318612188100815,0.07318612188100815,0.07352600991725922,0.06103012338280678,0.05000000074505806,0.949999988079071
35,27,11991,supports_refusal,0.07310028374195099,0.07310028374195099,0.07310028374195099,0.04028679057955742,1.0,1.0
36,31,6432,suppresses_refusal,-0.07304839789867401,0.07304839789867401,0.07304839789867401,0.030488159507513046,0.0,1.0
37,13,13879,supports_refusal,0.0728759765625,0.0728759765625,0.0728759765625,0.06635285168886185,1.0,1.0
38,4,5270,suppresses_refusal,-0.07253952324390411,0.07253952324390411,0.07253952324390411,0.05510446056723595,0.0,1.0
39,7,6673,suppresses_refusal,-0.06905670464038849,0.06905670464038849,0.08540191501379013,0.08376523852348328,0.15000000596046448,0.8500000238418579
40,18,2106,suppresses_refusal,-0.06872101128101349,0.06872101128101349,0.06925506889820099,0.04442372918128967,0.02500000037252903,0.9750000238418579
41,31,11817,suppresses_refusal,-0.06860637664794922,0.06860637664794922,0.06867007911205292,0.03466946631669998,0.02500000037252903,0.9750000238418579
42,31,7861,supports_refusal,0.06809119880199432,0.06809119880199432,0.06954307854175568,0.025488149374723434,0.949999988079071,0.949999988079071
43,31,12525,supports_refusal,0.06763305515050888,0.06763305515050888,0.06974487006664276,0.039084695279598236,0.925000011920929,0.925000011920929
44,29,5198,suppresses_refusal,-0.06679213047027588,0.06679213047027588,0.06743867695331573,0.05934654176235199,0.07500000298023224,0.925000011920929
45,30,10840,supports_refusal,0.06628341972827911,0.06628341972827911,0.06684494018554688,0.02872110716998577,0.9750000238418579,0.9750000238418579
46,31,2305,supports_refusal,0.06613235175609589,0.06613235175609589,0.06751632690429688,0.0381593257188797,0.925000011920929,0.925000011920929
47,26,9401,suppresses_refusal,-0.06552734225988388,0.06552734225988388,0.07088012993335724,0.05928219109773636,0.15000000596046448,0.8500000238418579
48,6,5866,suppresses_refusal,-0.06483153998851776,0.06483153998851776,0.099273681640625,0.15002578496932983,0.2750000059604645,0.7250000238418579
49,27,3135,supports_refusal,0.06450672447681427,0.06450672447681427,0.06462879478931427,0.03816832974553108,0.9750000238418579,0.9750000238418579
50,26,10406,supports_refusal,0.06427283585071564,0.06427283585071564,0.0643918514251709,0.030233262106776237,0.9750000238418579,0.9750000238418579
51,22,7981,supports_refusal,0.06262359768152237,0.06262359768152237,0.06262359768152237,0.031423136591911316,1.0,1.0
52,31,3730,supports_refusal,0.06172332912683487,0.06172332912683487,0.06172332912683487,0.03830960392951965,1.0,1.0
53,29,12657,suppresses_refusal,-0.06088867038488388,0.06088867038488388,0.06088867038488388,0.02957197278738022,0.0,1.0
54,31,10176,supports_refusal,0.060701750218868256,0.060701750218868256,0.060701750218868256,0.02014068327844143,1.0,1.0
55,31,287,suppresses_refusal,-0.060550689697265625,0.060550689697265625,0.060550689697265625,0.02503640204668045,0.0,1.0
56,18,12866,supports_refusal,0.060240935534238815,0.060240935534238815,0.060240935534238815,0.03148186206817627,1.0,1.0
57,0,7182,supports_refusal,0.06012573093175888,0.06012573093175888,0.06012573093175888,0.051794204860925674,1.0,1.0
58,30,11050,supports_refusal,0.06009521335363388,0.06009521335363388,0.06564941257238388,0.03800716623663902,0.8500000238418579,0.8500000238418579
59,30,5831,suppresses_refusal,-0.060033418238162994,0.060033418238162994,0.060033418238162994,0.02299606241285801,0.0,1.0
60,31,12950,suppresses_refusal,-0.05906219407916069,0.05906219407916069,0.05991058424115181,0.032009657472372055,0.02500000037252903,0.9750000238418579
61,31,7281,supports_refusal,0.05898437649011612,0.05898437649011612,0.06130676344037056,0.034963320940732956,0.949999988079071,0.949999988079071
62,31,5178,supports_refusal,0.05864868313074112,0.05864868313074112,0.05864868313074112,0.028201984241604805,1.0,1.0
63,23,12220,supports_refusal,0.05822906643152237,0.05822906643152237,0.05822906643152237,0.026786362752318382,1.0,1.0
64,3,2145,supports_refusal,0.057764433324337006,0.057764433324337006,0.059656523168087006,0.04570651426911354,0.949999988079071,0.949999988079071
65,14,3917,supports_refusal,0.05663871765136719,0.05663871765136719,0.05669135972857475,0.03821724280714989,0.9750000238418579,0.9750000238418579
66,30,12395,suppresses_refusal,-0.05631103366613388,0.05631103366613388,0.05631103366613388,0.03096616268157959,0.0,1.0
67,31,10620,supports_refusal,0.05627594143152237,0.05627594143152237,0.05846557766199112,0.03742776811122894,0.8999999761581421,0.8999999761581421
68,26,14,supports_refusal,0.05623473972082138,0.05623473972082138,0.058041762560606,0.04517858847975731,0.925000011920929,0.925000011920929
69,31,3982,suppresses_refusal,-0.05608329921960831,0.05608329921960831,0.05612831190228462,0.018831409513950348,0.02500000037252903,0.9750000238418579
70,31,10014,supports_refusal,0.05562744289636612,0.05562744289636612,0.05754699558019638,0.04124835133552551,0.925000011920929,0.925000011920929
71,30,7080,suppresses_refusal,-0.05546264722943306,0.05546264722943306,0.05608215183019638,0.03884795680642128,0.05000000074505806,0.949999988079071
72,30,10238,suppresses_refusal,-0.05544433742761612,0.05544433742761612,0.05544433742761612,0.020569756627082825,0.0,1.0
73,31,11512,supports_refusal,0.05505852773785591,0.05505852773785591,0.05527167394757271,0.03974931687116623,0.949999988079071,0.949999988079071
74,28,1016,supports_refusal,0.055023193359375,0.055023193359375,0.055023193359375,0.018708141520619392,1.0,1.0
75,31,8664,supports_refusal,0.05426754802465439,0.05426754802465439,0.060921810567379,0.056562941521406174,0.824999988079071,0.824999988079071
76,23,6046,supports_refusal,0.05385537073016167,0.05385537073016167,0.05720925331115723,0.048366330564022064,0.875,0.875
77,30,9138,suppresses_refusal,-0.05356635898351669,0.05356635898351669,0.0686107650399208,0.06369653344154358,0.15000000596046448,0.8500000238418579
78,31,29,supports_refusal,0.053383968770504,0.053383968770504,0.05340008810162544,0.022857116535305977,0.9750000238418579,0.9750000238418579
79,30,4893,supports_refusal,0.05276336520910263,0.05276336520910263,0.05276336520910263,0.019185611978173256,1.0,1.0
80,2,6658,suppresses_refusal,-0.05254620313644409,0.05254620313644409,0.0525464192032814,0.042809005826711655,0.02500000037252903,0.9750000238418579
81,27,11770,suppresses_refusal,-0.052048493176698685,0.052048493176698685,0.052048493176698685,0.014139828272163868,0.0,1.0
82,31,5099,supports_refusal,0.05059967190027237,0.05059967190027237,0.05267486721277237,0.03402458876371384,0.925000011920929,0.925000011920929
83,30,5442,suppresses_refusal,-0.05040283128619194,0.05040283128619194,0.05040283128619194,0.022470634430646896,0.0,1.0
84,5,14319,supports_refusal,0.04979400709271431,0.04979400709271431,0.04979400709271431,0.03168324753642082,1.0,1.0
85,31,5335,suppresses_refusal,-0.04960327222943306,0.04960327222943306,0.05602417141199112,0.036646876484155655,0.05000000074505806,0.949999988079071
86,29,3852,supports_refusal,0.0494384765625,0.0494384765625,0.0494384765625,0.027803435921669006,1.0,1.0
87,30,10322,supports_refusal,0.049280740320682526,0.049280740320682526,0.04930935055017471,0.021031541749835014,0.9750000238418579,0.9750000238418579
88,31,8711,supports_refusal,0.04906616359949112,0.04906616359949112,0.04906616359949112,0.019550127908587456,1.0,1.0
89,31,5082,suppresses_refusal,-0.049021147191524506,0.049021147191524506,0.049398042261600494,0.013835608027875423,0.02500000037252903,0.9750000238418579
90,31,10459,supports_refusal,0.04887695237994194,0.04887695237994194,0.04957275465130806,0.023630330339074135,0.9750000238418579,0.9750000238418579
91,30,11268,supports_refusal,0.04879150539636612,0.04879150539636612,0.04879150539636612,0.012785202823579311,1.0,1.0
92,31,8154,suppresses_refusal,-0.04778022691607475,0.04778022691607475,0.04963874816894531,0.02903767116367817,0.05000000074505806,0.949999988079071
93,14,7642,supports_refusal,0.047600556164979935,0.047600556164979935,0.048070527613162994,0.027598023414611816,0.9750000238418579,0.9750000238418579
94,30,11272,supports_refusal,0.04636383056640625,0.04636383056640625,0.04774322360754013,0.029653746634721756,0.9750000238418579,0.9750000238418579
95,31,13414,supports_refusal,0.04603881761431694,0.04603881761431694,0.0465240478515625,0.023710690438747406,0.9750000238418579,0.9750000238418579
96,19,3992,supports_refusal,0.045893095433712006,0.045893095433712006,0.045893095433712006,0.022003917023539543,1.0,1.0
97,23,1751,suppresses_refusal,-0.045783914625644684,0.045783914625644684,0.045783914625644684,0.026481881737709045,0.0,1.0
98,10,6759,supports_refusal,0.045433808118104935,0.045433808118104935,0.045433808118104935,0.02682756446301937,1.0,1.0
99,31,12358,supports_refusal,0.04529113695025444,0.04529113695025444,0.04529113695025444,0.015757273882627487,1.0,1.0
100,29,636,suppresses_refusal,-0.04515991359949112,0.04515991359949112,0.04515991359949112,0.02594166062772274,0.0,1.0
101,5,4354,suppresses_refusal,-0.044789887964725494,0.044789887964725494,0.047208406031131744,0.03856769949197769,0.07500000298023224,0.925000011920929
102,31,11695,suppresses_refusal,-0.04477968066930771,0.04477968066930771,0.04477968066930771,0.019962407648563385,0.0,1.0
103,5,7012,suppresses_refusal,-0.044618986546993256,0.044618986546993256,0.07281722873449326,0.09240014106035233,0.20000000298023224,0.800000011920929
104,30,3587,suppresses_refusal,-0.04425010830163956,0.04425010830163956,0.04425010830163956,0.02163819968700409,0.0,1.0
105,31,1335,supports_refusal,0.044226933270692825,0.044226933270692825,0.04432974010705948,0.026803530752658844,0.949999988079071,0.949999988079071
106,1,2121,supports_refusal,0.04419288784265518,0.04419288784265518,0.04462318494915962,0.03938498720526695,0.9750000238418579,0.9750000238418579
107,2,4380,supports_refusal,0.04400939866900444,0.04400939866900444,0.04400939866900444,0.02605917677283287,1.0,1.0
108,31,3712,supports_refusal,0.04397888109087944,0.04397888109087944,0.04425659030675888,0.026052601635456085,0.9750000238418579,0.9750000238418579
109,31,7517,suppresses_refusal,-0.043550871312618256,0.043550871312618256,0.043743133544921875,0.025600910186767578,0.05000000074505806,0.949999988079071
110,31,1834,supports_refusal,0.04329071193933487,0.04329071193933487,0.04329071193933487,0.02735202945768833,1.0,1.0
111,31,14201,supports_refusal,0.04294528812170029,0.04294528812170029,0.043749045580625534,0.017531199380755424,0.949999988079071,0.949999988079071
112,28,2761,supports_refusal,0.04200439527630806,0.04200439527630806,0.04235229641199112,0.02260848879814148,0.9750000238418579,0.9750000238418579
113,31,13076,supports_refusal,0.04193878173828125,0.04193878173828125,0.04193878173828125,0.01867077313363552,1.0,1.0
114,29,8656,supports_refusal,0.04170837253332138,0.04170837253332138,0.04170837253332138,0.01741623878479004,1.0,1.0
115,12,2413,supports_refusal,0.041590116918087006,0.041590116918087006,0.041590116918087006,0.024183765053749084,1.0,1.0
116,3,6390,suppresses_refusal,-0.04104309156537056,0.04104309156537056,0.07980652153491974,0.11011508852243423,0.22499999403953552,0.7749999761581421
117,31,12529,supports_refusal,0.04086150974035263,0.04086150974035263,0.049041748046875,0.04528777673840523,0.875,0.875
118,31,11202,suppresses_refusal,-0.04075012356042862,0.04075012356042862,0.040830232203006744,0.027900565415620804,0.02500000037252903,0.9750000238418579
119,31,12968,supports_refusal,0.040448762476444244,0.040448762476444244,0.043675996363162994,0.035036567598581314,0.8500000238418579,0.8500000238418579
120,31,10644,supports_refusal,0.039965055882930756,0.039965055882930756,0.039965055882930756,0.01636916771531105,1.0,1.0
121,10,11570,suppresses_refusal,-0.03993530198931694,0.03993530198931694,0.06215209886431694,0.07548186928033829,0.22499999403953552,0.7749999761581421
122,31,2012,supports_refusal,0.03985442966222763,0.03985442966222763,0.03985442966222763,0.020504985004663467,1.0,1.0
123,31,3387,supports_refusal,0.03983001783490181,0.03983001783490181,0.03983001783490181,0.02048548310995102,1.0,1.0
124,31,5355,suppresses_refusal,-0.03959999233484268,0.03959999233484268,0.03964119032025337,0.02738071046769619,0.02500000037252903,0.9750000238418579
125,31,4493,suppresses_refusal,-0.03942108154296875,0.03942108154296875,0.03964080661535263,0.01581805944442749,0.02500000037252903,0.9750000238418579
126,26,592,supports_refusal,0.03936767578125,0.03936767578125,0.03936767578125,0.013846589252352715,1.0,1.0
127,30,10445,suppresses_refusal,-0.03890266269445419,0.03890266269445419,0.03914527967572212,0.021132834255695343,0.02500000037252903,0.9750000238418579
128,31,566,supports_refusal,0.038600921630859375,0.038600921630859375,0.038600921630859375,0.023858938366174698,1.0,1.0
129,28,3697,suppresses_refusal,-0.03852858394384384,0.03852858394384384,0.038535453379154205,0.029765980318188667,0.02500000037252903,0.9750000238418579
130,30,9872,supports_refusal,0.03798828274011612,0.03798828274011612,0.03798828274011612,0.010393023490905762,1.0,1.0
131,31,1050,supports_refusal,0.03794994205236435,0.03794994205236435,0.03823375701904297,0.024819258600473404,0.949999988079071,0.949999988079071
132,4,14288,suppresses_refusal,-0.03793487697839737,0.03793487697839737,0.03901519626379013,0.03505278378725052,0.02500000037252903,0.9750000238418579
133,28,9949,suppresses_refusal,-0.03774261474609375,0.03774261474609375,0.03774261474609375,0.013396095484495163,0.0,1.0
134,21,10970,supports_refusal,0.0377354621887207,0.0377354621887207,0.0378108024597168,0.02301517128944397,0.949999988079071,0.949999988079071
135,30,3382,supports_refusal,0.03748779371380806,0.03748779371380806,0.08444824069738388,0.10770513117313385,0.625,0.625
136,30,12016,supports_refusal,0.037358857691287994,0.037358857691287994,0.037607572972774506,0.019237568601965904,0.949999988079071,0.949999988079071
137,24,5141,suppresses_refusal,-0.03732604905962944,0.03732604905962944,0.03732604905962944,0.027678942307829857,0.0,1.0
138,28,11954,supports_refusal,0.037078093737363815,0.037078093737363815,0.038286589086055756,0.02075701393187046,0.9750000238418579,0.9750000238418579
139,29,12858,suppresses_refusal,-0.03699951246380806,0.03699951246380806,0.03699951246380806,0.006358785554766655,0.0,1.0
140,10,4789,supports_refusal,0.03697814792394638,0.03697814792394638,0.056915283203125,0.07141202688217163,0.824999988079071,0.824999988079071
141,4,2793,supports_refusal,0.03675232082605362,0.03675232082605362,0.03806152194738388,0.028992289677262306,0.949999988079071,0.949999988079071
142,29,7086,suppresses_refusal,-0.03650250285863876,0.03650250285863876,0.03682093694806099,0.02933364547789097,0.05000000074505806,0.949999988079071
143,31,4179,supports_refusal,0.0364837646484375,0.0364837646484375,0.0391693115234375,0.022384898737072945,0.925000011920929,0.925000011920929
144,5,7462,suppresses_refusal,-0.0362979881465435,0.0362979881465435,0.0362979881465435,0.023912331089377403,0.0,1.0
145,24,5326,suppresses_refusal,-0.03615112230181694,0.03615112230181694,0.066558837890625,0.06771879643201828,0.25,0.75
146,29,4048,supports_refusal,0.03604888916015625,0.03604888916015625,0.03753509372472763,0.02139156684279442,0.949999988079071,0.949999988079071
147,31,6650,suppresses_refusal,-0.03554840013384819,0.03554840013384819,0.03554840013384819,0.009809366427361965,0.0,1.0
148,28,11478,suppresses_refusal,-0.03533477708697319,0.03533477708697319,0.03533477708697319,0.011311144568026066,0.0,1.0
149,31,1386,suppresses_refusal,-0.035240937024354935,0.035240937024354935,0.054129790514707565,0.05652999132871628,0.30000001192092896,0.699999988079071
150,11,1411,supports_refusal,0.03520546108484268,0.03520546108484268,0.035311508923769,0.02146502025425434,0.9750000238418579,0.9750000238418579
151,30,10321,suppresses_refusal,-0.035190582275390625,0.035190582275390625,0.036301422864198685,0.0339452363550663,0.05000000074505806,0.949999988079071
152,30,11920,suppresses_refusal,-0.03507709503173828,0.03507709503173828,0.03588275983929634,0.03381853923201561,0.05000000074505806,0.949999988079071
153,29,3746,supports_refusal,0.03505096584558487,0.03505096584558487,0.03721160814166069,0.02632005140185356,0.925000011920929,0.925000011920929
154,31,3685,suppresses_refusal,-0.03472404554486275,0.03472404554486275,0.03472404554486275,0.013066781684756279,0.0,1.0
155,30,7422,suppresses_refusal,-0.03457794338464737,0.03457794338464737,0.03457794338464737,0.011055259965360165,0.0,1.0
156,31,11808,supports_refusal,0.03455352783203125,0.03455352783203125,0.03455352783203125,0.01697424426674843,1.0,1.0
157,27,11734,suppresses_refusal,-0.034487344324588776,0.034487344324588776,0.034513283520936966,0.02085506170988083,0.02500000037252903,0.9750000238418579
158,31,9387,suppresses_refusal,-0.03434295579791069,0.03434295579791069,0.03434295579791069,0.025788014754652977,0.0,1.0
159,31,11256,suppresses_refusal,-0.03433532640337944,0.03433532640337944,0.03433532640337944,0.010445467196404934,0.0,1.0
160,28,781,supports_refusal,0.03407745435833931,0.03407745435833931,0.03496246412396431,0.014046883210539818,0.9750000238418579,0.9750000238418579
161,29,1878,supports_refusal,0.03387756273150444,0.03387756273150444,0.035858154296875,0.03241804242134094,0.949999988079071,0.949999988079071
162,31,8118,suppresses_refusal,-0.033565521240234375,0.033565521240234375,0.040966033935546875,0.029618002474308014,0.125,0.875
163,31,2518,supports_refusal,0.033477783203125,0.033477783203125,0.033477783203125,0.020259708166122437,1.0,1.0
164,31,1940,suppresses_refusal,-0.03343047946691513,0.03343047946691513,0.03343047946691513,0.02399757318198681,0.0,1.0
165,31,260,suppresses_refusal,-0.033321380615234375,0.033321380615234375,0.0334930419921875,0.018683284521102905,0.02500000037252903,0.9750000238418579
166,30,3843,suppresses_refusal,-0.033231355249881744,0.033231355249881744,0.033449552953243256,0.013385121710598469,0.02500000037252903,0.9750000238418579
167,30,7594,suppresses_refusal,-0.03307800367474556,0.03307800367474556,0.033641815185546875,0.025071660056710243,0.10000000149011612,0.8999999761581421
168,10,1084,supports_refusal,0.03305549547076225,0.03305549547076225,0.03619422763586044,0.043969299644231796,0.949999988079071,0.949999988079071
169,31,9854,suppresses_refusal,-0.03301391750574112,0.03301391750574112,0.03706054762005806,0.021163977682590485,0.07500000298023224,0.925000011920929
170,31,10463,supports_refusal,0.03269195556640625,0.03269195556640625,0.03269195556640625,0.011057304218411446,1.0,1.0
171,31,1351,supports_refusal,0.03268890455365181,0.03268890455365181,0.03268890455365181,0.01171046495437622,1.0,1.0
172,30,5024,suppresses_refusal,-0.03262176364660263,0.03262176364660263,0.03262176364660263,0.017200211063027382,0.0,1.0
173,29,2914,supports_refusal,0.03260498121380806,0.03260498121380806,0.03260498121380806,0.0222563985735178,1.0,1.0
174,22,12614,supports_refusal,0.03246002271771431,0.03246002271771431,0.03246002271771431,0.02000371739268303,1.0,1.0
175,2,4786,supports_refusal,0.03228149563074112,0.03228149563074112,0.08504028618335724,0.1832682341337204,0.5249999761581421,0.5249999761581421
176,31,515,supports_refusal,0.03226013109087944,0.03226013109087944,0.03269348293542862,0.020365118980407715,0.949999988079071,0.949999988079071
177,31,3022,suppresses_refusal,-0.03224487230181694,0.03224487230181694,0.03224487230181694,0.014541933313012123,0.0,1.0
178,31,1686,supports_refusal,0.03223142772912979,0.03223142772912979,0.03223142772912979,0.026051649823784828,1.0,1.0
179,31,5369,suppresses_refusal,-0.03219299390912056,0.03219299390912056,0.03219299390912056,0.008237619884312153,0.0,1.0
180,31,996,supports_refusal,0.03211174160242081,0.03211174160242081,0.03235359117388725,0.015676002949476242,0.949999988079071,0.949999988079071
181,29,7375,suppresses_refusal,-0.03194274753332138,0.03194274753332138,0.03194274753332138,0.01454281248152256,0.0,1.0
182,31,181,suppresses_refusal,-0.031857680529356,0.031857680529356,0.031857680529356,0.0131436912342906,0.0,1.0
183,29,12988,supports_refusal,0.03181610256433487,0.03181610256433487,0.03298187255859375,0.025710735470056534,0.949999988079071,0.949999988079071
184,30,1562,suppresses_refusal,-0.03155193477869034,0.03155193477869034,0.03730716556310654,0.03317663446068764,0.17499999701976776,0.824999988079071
185,30,7428,supports_refusal,0.03136444091796875,0.03136444091796875,0.03136444091796875,0.018459871411323547,1.0,1.0
186,31,3474,supports_refusal,0.031296540051698685,0.031296540051698685,0.033885955810546875,0.036087844520807266,0.824999988079071,0.824999988079071
187,31,455,suppresses_refusal,-0.031287193298339844,0.031287193298339844,0.0335603728890419,0.02765718661248684,0.10000000149011612,0.8999999761581421
188,31,13115,supports_refusal,0.03127937391400337,0.03127937391400337,0.03200493007898331,0.018670955672860146,0.925000011920929,0.925000011920929
189,28,6063,suppresses_refusal,-0.031252287328243256,0.031252287328243256,0.031252287328243256,0.012638747692108154,0.0,1.0
190,29,10308,supports_refusal,0.031147003173828125,0.031147003173828125,0.031249236315488815,0.017735596746206284,0.9750000238418579,0.9750000238418579
191,31,5542,supports_refusal,0.03111114539206028,0.03111114539206028,0.03119659423828125,0.016572315245866776,0.9750000238418579,0.9750000238418579
192,30,2196,suppresses_refusal,-0.031069183722138405,0.031069183722138405,0.031449127942323685,0.018498340621590614,0.05000000074505806,0.949999988079071
193,29,11498,suppresses_refusal,-0.03105773963034153,0.03105773963034153,0.03105773963034153,0.008690210059285164,0.0,1.0
194,19,4481,suppresses_refusal,-0.031044578179717064,0.031044578179717064,0.031044578179717064,0.029836349189281464,0.0,1.0
195,24,2598,supports_refusal,0.03088984452188015,0.03088984452188015,0.03190150111913681,0.027650894597172737,0.925000011920929,0.925000011920929
196,15,3816,supports_refusal,0.03083973005414009,0.03083973005414009,0.032064247876405716,0.03612959384918213,0.875,0.875
197,31,5975,supports_refusal,0.030816268175840378,0.030816268175840378,0.03232917934656143,0.020711714401841164,0.949999988079071,0.949999988079071
198,31,8345,suppresses_refusal,-0.03076782263815403,0.03076782263815403,0.03095397911965847,0.01361475046724081,0.02500000037252903,0.9750000238418579
199,31,4661,supports_refusal,0.030758285894989967,0.030758285894989967,0.03415489196777344,0.029386203736066818,0.875,0.875
200,27,6070,suppresses_refusal,-0.03049921989440918,0.03049921989440918,0.0310226920992136,0.02974303998053074,0.07500000298023224,0.925000011920929
201,30,4350,supports_refusal,0.030426789075136185,0.030426789075136185,0.030869293957948685,0.020531143993139267,0.9750000238418579,0.9750000238418579
202,31,8990,suppresses_refusal,-0.030407428741455078,0.030407428741455078,0.030457591637969017,0.012527934275567532,0.05000000074505806,0.949999988079071
203,24,5160,suppresses_refusal,-0.03038330003619194,0.03038330003619194,0.03038330003619194,0.013362031430006027,0.0,1.0
204,27,13732,supports_refusal,0.03034362755715847,0.03034362755715847,0.03034362755715847,0.007026887498795986,1.0,1.0
205,12,1481,suppresses_refusal,-0.03032379224896431,0.03032379224896431,0.03299255296587944,0.03959011286497116,0.15000000596046448,0.8500000238418579
206,2,3373,supports_refusal,0.03031892701983452,0.03031892701983452,0.03797883912920952,0.038352400064468384,0.8999999761581421,0.8999999761581421
207,30,4560,supports_refusal,0.030287932604551315,0.030287932604551315,0.030287932604551315,0.013922733254730701,1.0,1.0
208,28,12067,suppresses_refusal,-0.03026580810546875,0.03026580810546875,0.03026580810546875,0.008182811550796032,0.0,1.0
209,28,5878,suppresses_refusal,-0.030097579583525658,0.030097579583525658,0.030097579583525658,0.025716882199048996,0.0,1.0
210,29,6909,suppresses_refusal,-0.030030440539121628,0.030030440539121628,0.030475998297333717,0.019987713545560837,0.02500000037252903,0.9750000238418579
211,31,2750,suppresses_refusal,-0.03002014197409153,0.03002014197409153,0.03002014197409153,0.0077729360200464725,0.0,1.0
212,23,4424,suppresses_refusal,-0.029944609850645065,0.029944609850645065,0.029944609850645065,0.018037062138319016,0.0,1.0
213,29,9562,supports_refusal,0.029856299981474876,0.029856299981474876,0.029856299981474876,0.011896422132849693,1.0,1.0
214,31,8359,suppresses_refusal,-0.029845427721738815,0.029845427721738815,0.034789275377988815,0.026639897376298904,0.05000000074505806,0.949999988079071
215,27,13174,supports_refusal,0.02961273118853569,0.02961273118853569,0.02961273118853569,0.008839787915349007,1.0,1.0
216,9,11959,supports_refusal,0.029600907117128372,0.029600907117128372,0.029722213745117188,0.02196360006928444,0.949999988079071,0.949999988079071
217,25,3592,suppresses_refusal,-0.02955017052590847,0.02955017052590847,0.02955017052590847,0.009296704083681107,0.0,1.0
218,27,12956,supports_refusal,0.029285049065947533,0.029285049065947533,0.029314804822206497,0.01654631271958351,0.9750000238418579,0.9750000238418579
219,30,13846,suppresses_refusal,-0.029233550652861595,0.029233550652861595,0.029233550652861595,0.012053084559738636,0.0,1.0
220,12,5760,suppresses_refusal,-0.02914419211447239,0.02914419211447239,0.02962350845336914,0.037377893924713135,0.07500000298023224,0.925000011920929
221,31,2477,supports_refusal,0.029133986681699753,0.029133986681699753,0.029133986681699753,0.01293169241398573,1.0,1.0
222,6,13783,supports_refusal,0.028852462768554688,0.028852462768554688,0.028852462768554688,0.02956877462565899,1.0,1.0
223,30,1274,supports_refusal,0.02884216234087944,0.02884216234087944,0.02906646765768528,0.015967771410942078,0.9750000238418579,0.9750000238418579
224,31,11301,supports_refusal,0.028824616223573685,0.028824616223573685,0.028824616223573685,0.022530194371938705,1.0,1.0
225,31,12373,suppresses_refusal,-0.028572846204042435,0.028572846204042435,0.028743743896484375,0.009639640338718891,0.02500000037252903,0.9750000238418579
226,29,911,supports_refusal,0.02850646898150444,0.02850646898150444,0.02850646898150444,0.012956090271472931,1.0,1.0
227,2,11075,suppresses_refusal,-0.028296660631895065,0.028296660631895065,0.029502104967832565,0.026625579223036766,0.07500000298023224,0.925000011920929
228,27,3387,suppresses_refusal,-0.0281556136906147,0.0281556136906147,0.0281556136906147,0.015994276851415634,0.0,1.0
229,5,11886,supports_refusal,0.02808380126953125,0.02808380126953125,0.02808380126953125,0.023067235946655273,1.0,1.0
230,31,7193,supports_refusal,0.0279693603515625,0.0279693603515625,0.02918395958840847,0.012262042611837387,0.949999988079071,0.949999988079071
231,31,12913,supports_refusal,0.0279541015625,0.0279541015625,0.0279541015625,0.020755955949425697,1.0,1.0
232,27,1871,suppresses_refusal,-0.027860093861818314,0.027860093861818314,0.029947686940431595,0.029177725315093994,0.10000000149011612,0.8999999761581421
233,29,9228,suppresses_refusal,-0.027745818719267845,0.027745818719267845,0.029781341552734375,0.02124149166047573,0.07500000298023224,0.925000011920929
234,5,13861,supports_refusal,0.027744483202695847,0.027744483202695847,0.028762053698301315,0.033100489526987076,0.925000011920929,0.925000011920929
235,31,714,suppresses_refusal,-0.02770385704934597,0.02770385704934597,0.03926849365234375,0.03869941458106041,0.22499999403953552,0.7749999761581421
236,31,10712,supports_refusal,0.02768707275390625,0.02768707275390625,0.02768707275390625,0.015410911291837692,1.0,1.0
237,31,855,suppresses_refusal,-0.02764434739947319,0.02764434739947319,0.02856140211224556,0.015813354402780533,0.05000000074505806,0.949999988079071
238,24,6776,supports_refusal,0.027457809075713158,0.027457809075713158,0.02907409705221653,0.028019635006785393,0.824999988079071,0.824999988079071
239,0,1006,supports_refusal,0.027308538556098938,0.027308538556098938,0.027797624468803406,0.17076918482780457,0.20000000298023224,0.800000011920929
240,30,11663,suppresses_refusal,-0.027286529541015625,0.027286529541015625,0.028034210205078125,0.00923192873597145,0.02500000037252903,0.9750000238418579
241,31,2188,supports_refusal,0.027060318738222122,0.027060318738222122,0.028976058587431908,0.02458389475941658,0.824999988079071,0.824999988079071
242,30,12394,suppresses_refusal,-0.027010325342416763,0.027010325342416763,0.027010325342416763,0.012963478453457355,0.0,1.0
243,17,8517,supports_refusal,0.026974791660904884,0.026974791660904884,0.029265671968460083,0.028410064056515694,0.8500000238418579,0.8500000238418579
244,31,10716,supports_refusal,0.026829909533262253,0.026829909533262253,0.028721237555146217,0.02555198036134243,0.8500000238418579,0.8500000238418579
245,31,3175,supports_refusal,0.02682342566549778,0.02682342566549778,0.0400238037109375,0.04602481797337532,0.699999988079071,0.699999988079071
246,30,4323,suppresses_refusal,-0.026802444830536842,0.026802444830536842,0.026802444830536842,0.011940225958824158,0.0,1.0
247,31,10100,supports_refusal,0.026736069470643997,0.026736069470643997,0.028876114636659622,0.023083627223968506,0.875,0.875
248,30,11441,supports_refusal,0.026621246710419655,0.026621246710419655,0.026621246710419655,0.008940521627664566,1.0,1.0
249,30,1457,supports_refusal,0.02655029296875,0.02655029296875,0.02699890173971653,0.018009984865784645,0.9750000238418579,0.9750000238418579
250,12,846,supports_refusal,0.026401614770293236,0.026401614770293236,0.02779531478881836,0.02279924787580967,0.925000011920929,0.925000011920929
251,31,10210,suppresses_refusal,-0.02620697021484375,0.02620697021484375,0.02806549146771431,0.014245569705963135,0.05000000074505806,0.949999988079071
252,4,5852,supports_refusal,0.026143819093704224,0.026143819093704224,0.02963073179125786,0.16515231132507324,0.5,0.5
253,31,5617,supports_refusal,0.026068877428770065,0.026068877428770065,0.029776763170957565,0.023231646046042442,0.875,0.875
254,31,8937,suppresses_refusal,-0.026058578863739967,0.026058578863739967,0.04415550082921982,0.050697993487119675,0.25,0.75
255,29,7733,supports_refusal,0.02600383758544922,0.02600383758544922,0.033896446228027344,0.0372043251991272,0.7250000238418579,0.7250000238418579
256,29,13302,supports_refusal,0.025795746594667435,0.025795746594667435,0.026445770636200905,0.027508605271577835,0.8999999761581421,0.8999999761581421
257,31,1186,supports_refusal,0.025789260864257812,0.025789260864257812,0.0481082908809185,0.05491875857114792,0.625,0.625
258,28,3797,suppresses_refusal,-0.025687599554657936,0.025687599554657936,0.025726700201630592,0.020544452592730522,0.02500000037252903,0.9750000238418579
259,30,13393,supports_refusal,0.02563447877764702,0.02563447877764702,0.027742480859160423,0.025109542533755302,0.8999999761581421,0.8999999761581421
260,15,7566,suppresses_refusal,-0.025468766689300537,0.025468766689300537,0.026426255702972412,0.022380074486136436,0.10000000149011612,0.8999999761581421
261,22,10995,supports_refusal,0.02545623853802681,0.02545623853802681,0.02545623853802681,0.01268053986132145,1.0,1.0
262,30,2792,suppresses_refusal,-0.025378799065947533,0.025378799065947533,0.025378799065947533,0.013310452923178673,0.0,1.0
263,31,486,suppresses_refusal,-0.0252209659665823,0.0252209659665823,0.026541423052549362,0.019018124788999557,0.125,0.875
264,31,7851,supports_refusal,0.025176620110869408,0.025176620110869408,0.028692245483398438,0.021540245041251183,0.9750000238418579,0.9750000238418579
265,25,8701,supports_refusal,0.025014495477080345,0.025014495477080345,0.027321625500917435,0.019841086119413376,0.9750000238418579,0.9750000238418579
266,18,5964,supports_refusal,0.025009918957948685,0.025009918957948685,0.025241851806640625,0.014348585158586502,0.9750000238418579,0.9750000238418579
267,29,13745,suppresses_refusal,-0.02498931810259819,0.02498931810259819,0.02498931810259819,0.011312616989016533,0.0,1.0
268,31,1549,supports_refusal,0.02495870552957058,0.02495870552957058,0.027902889996767044,0.024772686883807182,0.8999999761581421,0.8999999761581421
269,31,11638,suppresses_refusal,-0.02490844763815403,0.02490844763815403,0.02618408203125,0.016499564051628113,0.07500000298023224,0.925000011920929
270,31,8384,supports_refusal,0.024860382080078125,0.024860382080078125,0.024860382080078125,0.007086963392794132,1.0,1.0
271,15,10655,supports_refusal,0.024788666516542435,0.024788666516542435,0.026790618896484375,0.019052553921937943,0.9750000238418579,0.9750000238418579
272,30,3000,suppresses_refusal,-0.024775315076112747,0.024775315076112747,0.024775315076112747,0.0055817668326199055,0.0,1.0
273,30,10985,suppresses_refusal,-0.024706650525331497,0.024706650525331497,0.025204086676239967,0.013197366148233414,0.02500000037252903,0.9750000238418579
274,28,8131,suppresses_refusal,-0.024665068835020065,0.024665068835020065,0.028115082532167435,0.022343100979924202,0.10000000149011612,0.8999999761581421
275,30,7675,suppresses_refusal,-0.024602079764008522,0.024602079764008522,0.02462468110024929,0.014366919174790382,0.02500000037252903,0.9750000238418579
276,30,9247,supports_refusal,0.0245513916015625,0.0245513916015625,0.05423278734087944,0.06276843696832657,0.6499999761581421,0.6499999761581421
277,28,6249,suppresses_refusal,-0.024492645636200905,0.024492645636200905,0.024579619988799095,0.008511263877153397,0.02500000037252903,0.9750000238418579
278,31,5681,supports_refusal,0.024434279650449753,0.024434279650449753,0.024434279650449753,0.015891481190919876,1.0,1.0
279,31,7115,supports_refusal,0.024321366101503372,0.024321366101503372,0.025629043579101562,0.017165111377835274,0.925000011920929,0.925000011920929
280,10,11908,supports_refusal,0.02425994910299778,0.02425994910299778,0.02438373491168022,0.030847782269120216,0.949999988079071,0.949999988079071
281,24,10586,supports_refusal,0.02421855926513672,0.02421855926513672,0.02425250969827175,0.010442642495036125,0.9750000238418579,0.9750000238418579
282,31,13803,supports_refusal,0.024135112762451172,0.024135112762451172,0.024135112762451172,0.018796522170305252,1.0,1.0
283,25,902,suppresses_refusal,-0.02409973181784153,0.02409973181784153,0.02507629431784153,0.014155588112771511,0.05000000074505806,0.949999988079071
284,16,9901,suppresses_refusal,-0.02404022216796875,0.02404022216796875,0.02404022216796875,0.007763376459479332,0.0,1.0
285,26,6595,supports_refusal,0.023923778906464577,0.023923778906464577,0.023943042382597923,0.010455109179019928,0.9750000238418579,0.9750000238418579
286,26,10461,supports_refusal,0.02381572686135769,0.02381572686135769,0.024099159985780716,0.016915470361709595,0.925000011920929,0.925000011920929
287,31,12156,suppresses_refusal,-0.023769188672304153,0.023769188672304153,0.023769188672304153,0.011122114956378937,0.0,1.0
288,31,8984,supports_refusal,0.02375335618853569,0.02375335618853569,0.02375335618853569,0.009986898861825466,1.0,1.0
289,31,10233,supports_refusal,0.023727798834443092,0.023727798834443092,0.025770951062440872,0.021274639293551445,0.8999999761581421,0.8999999761581421
290,1,3682,supports_refusal,0.02370605431497097,0.02370605431497097,0.02457580529153347,0.02626415528357029,0.925000011920929,0.925000011920929
291,31,4921,supports_refusal,0.02369537390768528,0.02369537390768528,0.02369537390768528,0.008018559776246548,1.0,1.0
292,28,2136,supports_refusal,0.02347106859087944,0.02347106859087944,0.02347106859087944,0.008900999091565609,1.0,1.0
293,31,2100,suppresses_refusal,-0.0234527587890625,0.0234527587890625,0.0266265869140625,0.019134344533085823,0.02500000037252903,0.9750000238418579
294,31,12933,suppresses_refusal,-0.023360634222626686,0.023360634222626686,0.02341747283935547,0.010667080990970135,0.02500000037252903,0.9750000238418579
295,31,4786,supports_refusal,0.023360442370176315,0.023360442370176315,0.023360442370176315,0.013560572639107704,1.0,1.0
296,31,12514,supports_refusal,0.02331981621682644,0.02331981621682644,0.02331981621682644,0.013707172125577927,1.0,1.0
297,30,1795,supports_refusal,0.023312758654356003,0.023312758654356003,0.029116440564393997,0.02906152978539467,0.800000011920929,0.800000011920929
298,28,1447,supports_refusal,0.023311614990234375,0.023311614990234375,0.028719330206513405,0.025101907551288605,0.824999988079071,0.824999988079071
299,31,2657,supports_refusal,0.02323932573199272,0.02323932573199272,0.0336671844124794,0.03641510009765625,0.800000011920929,0.800000011920929
300,9,2606,suppresses_refusal,-0.02305927313864231,0.02305927313864231,0.02340412139892578,0.015950942412018776,0.02500000037252903,0.9750000238418579
301,30,11022,suppresses_refusal,-0.02305145189166069,0.02305145189166069,0.02390899695456028,0.014939697459340096,0.05000000074505806,0.949999988079071
302,16,13195,supports_refusal,0.023023223504424095,0.023023223504424095,0.02317199669778347,0.014260418713092804,0.9750000238418579,0.9750000238418579
303,29,6400,suppresses_refusal,-0.02300415001809597,0.02300415001809597,0.02372131310403347,0.0179857537150383,0.07500000298023224,0.925000011920929
304,15,13528,supports_refusal,0.02298126183450222,0.02298126183450222,0.02324523963034153,0.012976424768567085,0.949999988079071,0.949999988079071
305,27,11143,suppresses_refusal,-0.0226743221282959,0.0226743221282959,0.0226743221282959,0.013658715412020683,0.0,1.0
306,8,8632,supports_refusal,0.022578049451112747,0.022578049451112747,0.023157883435487747,0.022682074457406998,0.949999988079071,0.949999988079071
307,31,12119,supports_refusal,0.022564316168427467,0.022564316168427467,0.05157279968261719,0.0631597563624382,0.625,0.625
308,31,7592,suppresses_refusal,-0.022537995129823685,0.022537995129823685,0.022537995129823685,0.01239033229649067,0.0,1.0
309,30,619,supports_refusal,0.022499466314911842,0.022499466314911842,0.022499466314911842,0.010954641737043858,1.0,1.0
310,30,13984,suppresses_refusal,-0.022492790594697,0.022492790594697,0.022492790594697,0.013020110316574574,0.0,1.0
311,31,13812,suppresses_refusal,-0.02248840406537056,0.02248840406537056,0.02248840406537056,0.006773096974939108,0.0,1.0
312,31,1919,supports_refusal,0.02245788648724556,0.02245788648724556,0.02509460411965847,0.02866111695766449,0.824999988079071,0.824999988079071
313,29,1295,supports_refusal,0.02242574654519558,0.02242574654519558,0.02242574654519558,0.013814378529787064,1.0,1.0
314,19,12164,suppresses_refusal,-0.02235851250588894,0.02235851250588894,0.02426891401410103,0.020389169454574585,0.125,0.875
315,30,11430,suppresses_refusal,-0.022352028638124466,0.022352028638124466,0.025621986016631126,0.02976183034479618,0.10000000149011612,0.8999999761581421
316,22,3629,suppresses_refusal,-0.022283554077148438,0.022283554077148438,0.024367904290556908,0.016321402043104172,0.05000000074505806,0.949999988079071
317,31,9187,suppresses_refusal,-0.022278213873505592,0.022278213873505592,0.022739028558135033,0.013996964320540428,0.02500000037252903,0.9750000238418579
318,16,8434,supports_refusal,0.02226867713034153,0.02226867713034153,0.022854994982481003,0.020731082186102867,0.949999988079071,0.949999988079071
319,11,2210,supports_refusal,0.022210676223039627,0.022210676223039627,0.022735577076673508,0.032330259680747986,0.949999988079071,0.949999988079071
320,29,10662,suppresses_refusal,-0.022083377465605736,0.022083377465605736,0.024660397320985794,0.05116620659828186,0.25,0.75
321,31,9519,supports_refusal,0.02193126641213894,0.02193126641213894,0.02347431145608425,0.01793222315609455,0.949999988079071,0.949999988079071
322,30,1832,suppresses_refusal,-0.02152404747903347,0.02152404747903347,0.02152404747903347,0.0057083298452198505,0.0,1.0
323,24,5026,suppresses_refusal,-0.02147909440100193,0.02147909440100193,0.02148507907986641,0.012874798849225044,0.02500000037252903,0.9750000238418579
324,31,1159,supports_refusal,0.02147827111184597,0.02147827111184597,0.02276306226849556,0.013540011830627918,0.949999988079071,0.949999988079071
325,11,11321,suppresses_refusal,-0.02138824388384819,0.02138824388384819,0.06920013576745987,0.08590809255838394,0.375,0.625
326,24,7245,suppresses_refusal,-0.021376991644501686,0.021376991644501686,0.021376991644501686,0.012445586733520031,0.0,1.0
327,28,11293,supports_refusal,0.021366309374570847,0.021366309374570847,0.02141857147216797,0.01321221049875021,0.9750000238418579,0.9750000238418579
328,24,5504,suppresses_refusal,-0.021363209933042526,0.021363209933042526,0.02137017250061035,0.011194450780749321,0.02500000037252903,0.9750000238418579
329,31,12776,suppresses_refusal,-0.02131194993853569,0.02131194993853569,0.02191314660012722,0.007834021933376789,0.05000000074505806,0.949999988079071
330,12,13868,supports_refusal,0.021302033215761185,0.021302033215761185,0.0229034423828125,0.016405124217271805,0.8999999761581421,0.8999999761581421
331,16,13461,supports_refusal,0.021280288696289062,0.021280288696289062,0.023470688611268997,0.022709840908646584,0.875,0.875
332,31,11348,suppresses_refusal,-0.021224593743681908,0.021224593743681908,0.021224593743681908,0.005898507311940193,0.0,1.0
333,29,10899,supports_refusal,0.02122192457318306,0.02122192457318306,0.02122192457318306,0.006892450153827667,1.0,1.0
334,8,13676,suppresses_refusal,-0.02120952680706978,0.02120952680706978,0.023067284375429153,0.07252748310565948,0.32499998807907104,0.675000011920929
335,31,5535,suppresses_refusal,-0.021111011505126953,0.021111011505126953,0.021152401342988014,0.01710025779902935,0.02500000037252903,0.9750000238418579
336,30,2653,suppresses_refusal,-0.021091651171445847,0.021091651171445847,0.029163170605897903,0.02917693927884102,0.20000000298023224,0.800000011920929
337,16,429,suppresses_refusal,-0.02103407308459282,0.02103407308459282,0.021174883469939232,0.017352106049656868,0.05000000074505806,0.949999988079071
338,5,6739,supports_refusal,0.021033477038145065,0.021033477038145065,0.022888947278261185,0.016116805374622345,0.9750000238418579,0.9750000238418579
339,16,1592,supports_refusal,0.02101898193359375,0.02101898193359375,0.02101898193359375,0.011638675816357136,1.0,1.0
340,31,9050,suppresses_refusal,-0.02100372314453125,0.02100372314453125,0.02239227294921875,0.018875697627663612,0.125,0.875
341,30,13790,suppresses_refusal,-0.02098565176129341,0.02098565176129341,0.02100653573870659,0.00832972303032875,0.02500000037252903,0.9750000238418579
342,30,559,supports_refusal,0.020905876532197,0.020905876532197,0.02290630340576172,0.017200808972120285,0.8500000238418579,0.8500000238418579
343,24,12975,supports_refusal,0.020882796496152878,0.020882796496152878,0.020925521850585938,0.011705545708537102,0.9750000238418579,0.9750000238418579
344,18,7417,supports_refusal,0.020876312628388405,0.020876312628388405,0.06594467163085938,0.08377037942409515,0.6499999761581421,0.6499999761581421
345,27,38,supports_refusal,0.020838165655732155,0.020838165655732155,0.020838165655732155,0.005853168200701475,1.0,1.0
346,1,10289,supports_refusal,0.020818043500185013,0.020818043500185013,0.020840739831328392,0.026937464252114296,0.9750000238418579,0.9750000238418579
347,30,13087,supports_refusal,0.02079315111041069,0.02079315111041069,0.02210388146340847,0.012284738011658192,0.925000011920929,0.925000011920929
348,31,10036,supports_refusal,0.020775223150849342,0.020775223150849342,0.020779037848114967,0.010691218078136444,0.9750000238418579,0.9750000238418579
349,3,8902,supports_refusal,0.0207551009953022,0.0207551009953022,0.021985720843076706,0.024559184908866882,0.8999999761581421,0.8999999761581421
350,21,8329,suppresses_refusal,-0.020714569836854935,0.020714569836854935,0.020812224596738815,0.012069744057953358,0.02500000037252903,0.9750000238418579
351,31,507,suppresses_refusal,-0.020696258172392845,0.020696258172392845,0.020696258172392845,0.010458176024258137,0.0,1.0
352,31,2474,supports_refusal,0.020691489800810814,0.020691489800810814,0.02078533172607422,0.014791343361139297,0.9750000238418579,0.9750000238418579
353,31,12917,supports_refusal,0.02060241624712944,0.02060241624712944,0.02060241624712944,0.009773134253919125,1.0,1.0
354,30,14058,suppresses_refusal,-0.02054443396627903,0.02054443396627903,0.02054443396627903,0.008766396902501583,0.0,1.0
355,31,2945,supports_refusal,0.020534992218017578,0.020534992218017578,0.023799419403076172,0.024362800642848015,0.824999988079071,0.824999988079071
356,29,7777,supports_refusal,0.020503807812929153,0.020503807812929153,0.020560646429657936,0.014333410188555717,0.9750000238418579,0.9750000238418579
357,22,4433,supports_refusal,0.02048492431640625,0.02048492431640625,0.02296142652630806,0.022630827501416206,0.8500000238418579,0.8500000238418579
358,31,4046,suppresses_refusal,-0.020463943481445312,0.020463943481445312,0.024857711046934128,0.02087647095322609,0.17499999701976776,0.824999988079071
359,5,1771,suppresses_refusal,-0.02035677060484886,0.02035677060484886,0.020765159279108047,0.12747102975845337,0.5,0.5
360,31,3548,suppresses_refusal,-0.02024230919778347,0.02024230919778347,0.03587646409869194,0.0371963270008564,0.30000001192092896,0.699999988079071
361,31,12226,supports_refusal,0.02021503448486328,0.02021503448486328,0.029112815856933594,0.039098042994737625,0.699999988079071,0.699999988079071
362,31,4160,supports_refusal,0.020204925909638405,0.020204925909638405,0.020204925909638405,0.011201558634638786,1.0,1.0
363,0,7279,supports_refusal,0.02019440568983555,0.02019440568983555,0.020197134464979172,0.015299265272915363,0.9750000238418579,0.9750000238418579
364,5,12,supports_refusal,0.020192433148622513,0.020192433148622513,0.021862316876649857,0.02366328053176403,0.8500000238418579,0.8500000238418579
365,30,2927,supports_refusal,0.020188141614198685,0.020188141614198685,0.020932769402861595,0.012085909023880959,0.949999988079071,0.949999988079071
366,30,6894,suppresses_refusal,-0.020184706896543503,0.020184706896543503,0.020602798089385033,0.01676321029663086,0.05000000074505806,0.949999988079071
367,30,992,supports_refusal,0.020172500982880592,0.020172500982880592,0.023897934705018997,0.020196586847305298,0.875,0.875
368,11,11405,supports_refusal,0.020160770043730736,0.020160770043730736,0.020160770043730736,0.017017094418406487,1.0,1.0
369,29,6859,supports_refusal,0.02008361741900444,0.02008361741900444,0.02150573767721653,0.010446215979754925,0.9750000238418579,0.9750000238418579
370,31,1418,suppresses_refusal,-0.02008056640625,0.02008056640625,0.02080688439309597,0.007505934685468674,0.02500000037252903,0.9750000238418579
371,31,5371,suppresses_refusal,-0.020021628588438034,0.020021628588438034,0.020545005798339844,0.016011808067560196,0.10000000149011612,0.8999999761581421
372,31,4352,suppresses_refusal,-0.020018767565488815,0.020018767565488815,0.020018767565488815,0.009801361709833145,0.0,1.0
373,28,7491,suppresses_refusal,-0.020006561651825905,0.020006561651825905,0.020372772589325905,0.010435136966407299,0.05000000074505806,0.949999988079071
374,2,7890,suppresses_refusal,-0.02000579796731472,0.02000579796731472,0.02020874060690403,0.014300178736448288,0.02500000037252903,0.9750000238418579
375,31,3358,suppresses_refusal,-0.01998271979391575,0.01998271979391575,0.02022991143167019,0.011971739120781422,0.05000000074505806,0.949999988079071
376,30,13827,supports_refusal,0.01996612548828125,0.01996612548828125,0.02042388916015625,0.00917824637144804,0.9750000238418579,0.9750000238418579
377,31,2538,supports_refusal,0.01994171179831028,0.01994171179831028,0.01994171179831028,0.010985136963427067,1.0,1.0
378,29,90,supports_refusal,0.019791413098573685,0.019791413098573685,0.019791413098573685,0.014880907721817493,1.0,1.0
379,28,2430,suppresses_refusal,-0.01976471021771431,0.01976471021771431,0.01976471021771431,0.007491514086723328,0.0,1.0
380,7,3606,suppresses_refusal,-0.019758988171815872,0.019758988171815872,0.019758988171815872,0.01606449857354164,0.0,1.0
381,31,13293,supports_refusal,0.01975250244140625,0.01975250244140625,0.01975250244140625,0.009560794569551945,1.0,1.0
382,26,11941,suppresses_refusal,-0.019737910479307175,0.019737910479307175,0.019739627838134766,0.010874479077756405,0.02500000037252903,0.9750000238418579
383,31,11691,supports_refusal,0.01972808875143528,0.01972808875143528,0.01972808875143528,0.006681711878627539,1.0,1.0
384,3,2136,suppresses_refusal,-0.01960296556353569,0.01960296556353569,0.01994781568646431,0.014942257665097713,0.02500000037252903,0.9750000238418579
385,1,11930,suppresses_refusal,-0.01960010454058647,0.01960010454058647,0.01960010454058647,0.022345734760165215,0.0,1.0
386,20,2238,supports_refusal,0.019536208361387253,0.019536208361387253,0.019536208361387253,0.012760648503899574,1.0,1.0
387,5,9654,supports_refusal,0.019515609368681908,0.019515609368681908,0.019594192504882812,0.011594695039093494,0.9750000238418579,0.9750000238418579
388,31,12145,suppresses_refusal,-0.019458960741758347,0.019458960741758347,0.022614097222685814,0.017069989815354347,0.125,0.875
389,15,3580,supports_refusal,0.019457483664155006,0.019457483664155006,0.020202111452817917,0.016297565773129463,0.925000011920929,0.925000011920929
390,0,11587,supports_refusal,0.019452476873993874,0.019452476873993874,0.020179176703095436,0.01873217709362507,0.925000011920929,0.925000011920929
391,28,6,suppresses_refusal,-0.01941986009478569,0.01941986009478569,0.01941986009478569,0.008181680925190449,0.0,1.0
392,18,9602,suppresses_refusal,-0.019416427239775658,0.019416427239775658,0.019448470324277878,0.007185391150414944,0.02500000037252903,0.9750000238418579
393,17,14096,supports_refusal,0.01936054229736328,0.01936054229736328,0.022919273003935814,0.02219858393073082,0.824999988079071,0.824999988079071
394,2,9353,suppresses_refusal,-0.019313812255859375,0.019313812255859375,0.02030639722943306,0.019138678908348083,0.10000000149011612,0.8999999761581421
395,31,2564,supports_refusal,0.019174957647919655,0.019174957647919655,0.019174957647919655,0.010235998779535294,1.0,1.0
396,7,10827,supports_refusal,0.019132565706968307,0.019132565706968307,0.02228684350848198,0.029731299728155136,0.875,0.875
397,1,6318,supports_refusal,0.019125748425722122,0.019125748425722122,0.019125748425722122,0.03249721601605415,1.0,1.0
398,30,635,supports_refusal,0.01912536658346653,0.01912536658346653,0.01912536658346653,0.004017336294054985,1.0,1.0
399,31,14211,suppresses_refusal,-0.019122600555419922,0.019122600555419922,0.019716929644346237,0.01429571583867073,0.05000000074505806,0.949999988079071
400,29,13217,suppresses_refusal,-0.01900634728372097,0.01900634728372097,0.01908569410443306,0.00716082938015461,0.05000000074505806,0.949999988079071
401,31,2756,suppresses_refusal,-0.019001388922333717,0.019001388922333717,0.022201919928193092,0.020477421581745148,0.07500000298023224,0.925000011920929
402,30,14059,supports_refusal,0.01899414137005806,0.01899414137005806,0.01899414137005806,0.007195640355348587,1.0,1.0
403,28,10843,suppresses_refusal,-0.01897125318646431,0.01897125318646431,0.01897125318646431,0.0058543006889522076,0.0,1.0
404,31,5287,suppresses_refusal,-0.018968963995575905,0.018968963995575905,0.018968963995575905,0.008232997730374336,0.0,1.0
405,18,8177,suppresses_refusal,-0.018830323591828346,0.018830323591828346,0.01944754086434841,0.02339400351047516,0.05000000074505806,0.949999988079071
406,29,10586,supports_refusal,0.01873760297894478,0.01873760297894478,0.018895531073212624,0.01191892009228468,0.9750000238418579,0.9750000238418579
407,31,12841,suppresses_refusal,-0.018727874383330345,0.018727874383330345,0.024106597527861595,0.022369887679815292,0.20000000298023224,0.800000011920929
408,31,879,supports_refusal,0.018637752160429955,0.018637752160429955,0.018637752160429955,0.0056211864575743675,1.0,1.0
409,31,9678,suppresses_refusal,-0.01861724816262722,0.01861724816262722,0.01867523230612278,0.012978363782167435,0.02500000037252903,0.9750000238418579
410,31,5206,suppresses_refusal,-0.018577050417661667,0.018577050417661667,0.0185849666595459,0.008947465568780899,0.02500000037252903,0.9750000238418579
411,1,2278,suppresses_refusal,-0.018561363220214844,0.018561363220214844,0.018561363220214844,0.017869925126433372,0.0,1.0
412,30,9049,suppresses_refusal,-0.018512725830078125,0.018512725830078125,0.018512725830078125,0.005972098559141159,0.0,1.0
413,31,14276,supports_refusal,0.018500184640288353,0.018500184640288353,0.025213193148374557,0.025629626587033272,0.800000011920929,0.800000011920929
414,3,13620,suppresses_refusal,-0.018496323376893997,0.018496323376893997,0.018496323376893997,0.009954244829714298,0.0,1.0
415,30,9883,suppresses_refusal,-0.018477629870176315,0.018477629870176315,0.019661713391542435,0.010123837739229202,0.05000000074505806,0.949999988079071
416,31,12850,suppresses_refusal,-0.018425751477479935,0.018425751477479935,0.018425751477479935,0.005121534690260887,0.0,1.0
417,30,6083,suppresses_refusal,-0.0184173583984375,0.0184173583984375,0.027005767449736595,0.026988040655851364,0.22499999403953552,0.7749999761581421
418,31,6614,suppresses_refusal,-0.018397141247987747,0.018397141247987747,0.018889237195253372,0.01771746575832367,0.05000000074505806,0.949999988079071
419,17,12927,supports_refusal,0.018284987658262253,0.018284987658262253,0.025843430310487747,0.027233118191361427,0.75,0.75
420,29,11008,suppresses_refusal,-0.018280029296875,0.018280029296875,0.018280029296875,0.009242030791938305,0.0,1.0
421,24,9978,suppresses_refusal,-0.018219565972685814,0.018219565972685814,0.01832408830523491,0.015566734597086906,0.05000000074505806,0.949999988079071
422,4,3869,supports_refusal,0.01816234551370144,0.01816234551370144,0.01816234551370144,0.01223883405327797,1.0,1.0
423,30,8614,suppresses_refusal,-0.018107986077666283,0.018107986077666283,0.018822098150849342,0.01454081665724516,0.05000000074505806,0.949999988079071
424,15,5862,supports_refusal,0.018102264031767845,0.018102264031767845,0.018378447741270065,0.011736000888049603,0.9750000238418579,0.9750000238418579
425,14,1469,suppresses_refusal,-0.018101835623383522,0.018101835623383522,0.01926264725625515,0.029920268803834915,0.07500000298023224,0.925000011920929
426,13,11412,suppresses_refusal,-0.018051719292998314,0.018051719292998314,0.01834430731832981,0.018058182671666145,0.05000000074505806,0.949999988079071
427,27,8839,suppresses_refusal,-0.018037986010313034,0.018037986010313034,0.019235800951719284,0.014694835059344769,0.125,0.875
428,6,10840,supports_refusal,0.01798400841653347,0.01798400841653347,0.018096160143613815,0.0138709070160985,0.9750000238418579,0.9750000238418579
429,26,5916,suppresses_refusal,-0.017974281683564186,0.017974281683564186,0.018315697088837624,0.010145436972379684,0.05000000074505806,0.949999988079071
430,31,14107,suppresses_refusal,-0.017962265759706497,0.017962265759706497,0.023509597405791283,0.022181369364261627,0.2750000059604645,0.7250000238418579
431,30,6816,suppresses_refusal,-0.01792755164206028,0.01792755164206028,0.01792755164206028,0.003545953193679452,0.0,1.0
432,20,8083,suppresses_refusal,-0.01790313795208931,0.01790313795208931,0.01790313795208931,0.0072507173754274845,0.0,1.0
433,22,703,suppresses_refusal,-0.017897415906190872,0.017897415906190872,0.018029402941465378,0.013381128199398518,0.05000000074505806,0.949999988079071
434,20,2417,suppresses_refusal,-0.017888832837343216,0.017888832837343216,0.019647788256406784,0.01812725141644478,0.15000000596046448,0.8500000238418579
435,31,102,supports_refusal,0.017870331183075905,0.017870331183075905,0.037197113037109375,0.04383409023284912,0.699999988079071,0.699999988079071
436,29,13822,suppresses_refusal,-0.017781447619199753,0.017781447619199753,0.018397903069853783,0.0130607970058918,0.10000000149011612,0.8999999761581421
437,13,13189,suppresses_refusal,-0.017777252942323685,0.017777252942323685,0.01784820482134819,0.014653690159320831,0.02500000037252903,0.9750000238418579
438,31,4788,supports_refusal,0.017777252942323685,0.017777252942323685,0.02677764929831028,0.027602802962064743,0.6499999761581421,0.6499999761581421
439,12,2404,suppresses_refusal,-0.017732810229063034,0.017732810229063034,0.01786212995648384,0.01344358455389738,0.05000000074505806,0.949999988079071
440,30,3436,supports_refusal,0.017626190558075905,0.017626190558075905,0.017626190558075905,0.00506066158413887,1.0,1.0
441,2,6180,suppresses_refusal,-0.017588043585419655,0.017588043585419655,0.017588043585419655,0.03459741175174713,0.0,1.0
442,31,4358,suppresses_refusal,-0.017511749640107155,0.017511749640107155,0.017511749640107155,0.007340254262089729,0.0,1.0
443,31,10949,suppresses_refusal,-0.017486572265625,0.017486572265625,0.017486572265625,0.007571558002382517,0.0,1.0
444,5,13308,supports_refusal,0.017468834295868874,0.017468834295868874,0.020885277539491653,0.029580632224678993,0.800000011920929,0.800000011920929
445,31,11314,supports_refusal,0.017432402819395065,0.017432402819395065,0.018398666754364967,0.015316765755414963,0.925000011920929,0.925000011920929
446,26,6653,suppresses_refusal,-0.01743164099752903,0.01743164099752903,0.01765155792236328,0.012026653625071049,0.05000000074505806,0.949999988079071
447,26,9709,supports_refusal,0.017392922192811966,0.017392922192811966,0.017392922192811966,0.01127789169549942,1.0,1.0
448,28,447,supports_refusal,0.01739196851849556,0.01739196851849556,0.018019866198301315,0.01438176166266203,0.925000011920929,0.925000011920929
449,31,8777,suppresses_refusal,-0.01735229417681694,0.01735229417681694,0.01760711707174778,0.007155378814786673,0.02500000037252903,0.9750000238418579
450,25,3897,suppresses_refusal,-0.017322158440947533,0.017322158440947533,0.019003678113222122,0.017053192481398582,0.05000000074505806,0.949999988079071
451,31,12862,suppresses_refusal,-0.017290497198700905,0.017290497198700905,0.01737060584127903,0.011450793594121933,0.05000000074505806,0.949999988079071
452,30,10431,suppresses_refusal,-0.017261695116758347,0.017261695116758347,0.025535011664032936,0.022667909041047096,0.17499999701976776,0.824999988079071
453,31,9276,supports_refusal,0.017221784219145775,0.017221784219145775,0.01760401763021946,0.011141403578221798,0.949999988079071,0.949999988079071
454,31,6657,supports_refusal,0.01720585860311985,0.01720585860311985,0.01726231537759304,0.014970863237977028,0.9750000238418579,0.9750000238418579
455,31,14027,suppresses_refusal,-0.017200469970703125,0.017200469970703125,0.023004913702607155,0.01898208074271679,0.125,0.875
456,29,9595,suppresses_refusal,-0.017162704840302467,0.017162704840302467,0.019524002447724342,0.014798547141253948,0.15000000596046448,0.8500000238418579
457,29,8858,supports_refusal,0.017157554626464844,0.017157554626464844,0.017251014709472656,0.007560018915683031,0.9750000238418579,0.9750000238418579
458,27,1690,supports_refusal,0.01713275909423828,0.01713275909423828,0.01713275909423828,0.007080299314111471,1.0,1.0
459,11,4846,supports_refusal,0.017128240317106247,0.017128240317106247,0.020903145894408226,0.039341408759355545,0.7250000238418579,0.7250000238418579
460,30,5905,suppresses_refusal,-0.01709899865090847,0.01709899865090847,0.02874450758099556,0.03662777319550514,0.05000000074505806,0.949999988079071
461,9,7715,supports_refusal,0.017090892419219017,0.017090892419219017,0.017130756750702858,0.01336901355534792,0.949999988079071,0.949999988079071
462,31,9825,suppresses_refusal,-0.017063140869140625,0.017063140869140625,0.017595672979950905,0.011854073964059353,0.05000000074505806,0.949999988079071
463,31,2344,supports_refusal,0.017048263922333717,0.017048263922333717,0.019592666998505592,0.01837981306016445,0.875,0.875
464,31,2528,suppresses_refusal,-0.017003823071718216,0.017003823071718216,0.017003823071718216,0.005809266120195389,0.0,1.0
465,30,2512,supports_refusal,0.01697683334350586,0.01697683334350586,0.017247866839170456,0.013576439581811428,0.925000011920929,0.925000011920929
466,22,1070,suppresses_refusal,-0.01694641076028347,0.01694641076028347,0.01694641076028347,0.00448397733271122,0.0,1.0
467,10,3609,suppresses_refusal,-0.01690654829144478,0.01690654829144478,0.01693248748779297,0.011684773489832878,0.02500000037252903,0.9750000238418579
468,29,12574,suppresses_refusal,-0.016864776611328125,0.016864776611328125,0.016864776611328125,0.007418875116854906,0.0,1.0
469,10,8322,supports_refusal,0.01682720147073269,0.01682720147073269,0.017397116869688034,0.016762226819992065,0.925000011920929,0.925000011920929
470,31,10492,suppresses_refusal,-0.01674804650247097,0.01674804650247097,0.02219085767865181,0.0198673028498888,0.17499999701976776,0.824999988079071
471,3,10378,supports_refusal,0.016739225015044212,0.016739225015044212,0.017512178048491478,0.013094373978674412,0.925000011920929,0.925000011920929
472,31,6734,supports_refusal,0.016732025891542435,0.016732025891542435,0.016732025891542435,0.007110487669706345,1.0,1.0
473,12,6150,supports_refusal,0.016721725463867188,0.016721725463867188,0.016721725463867188,0.01614309661090374,1.0,1.0
474,29,7349,suppresses_refusal,-0.016683291643857956,0.016683291643857956,0.018059253692626953,0.013579100370407104,0.10000000149011612,0.8999999761581421
475,31,12446,suppresses_refusal,-0.01668243482708931,0.01668243482708931,0.03385467454791069,0.037110764533281326,0.30000001192092896,0.699999988079071
476,30,2614,supports_refusal,0.016655731946229935,0.016655731946229935,0.018405914306640625,0.01356400828808546,0.925000011920929,0.925000011920929
477,31,7096,supports_refusal,0.01663818396627903,0.01663818396627903,0.01663818396627903,0.003395244712010026,1.0,1.0
478,30,3483,suppresses_refusal,-0.016570281237363815,0.016570281237363815,0.016570281237363815,0.005273210816085339,0.0,1.0
479,31,997,supports_refusal,0.016559600830078125,0.016559600830078125,0.02057952806353569,0.02106311544775963,0.75,0.75
480,31,13336,supports_refusal,0.016459178179502487,0.016459178179502487,0.018233204260468483,0.018541298806667328,0.875,0.875
481,30,10064,suppresses_refusal,-0.016423797234892845,0.016423797234892845,0.016423797234892845,0.0045439633540809155,0.0,1.0
482,19,4712,supports_refusal,0.01639881171286106,0.01639881171286106,0.017393684014678,0.015775104984641075,0.9750000238418579,0.9750000238418579
483,9,6060,supports_refusal,0.016392040997743607,0.016392040997743607,0.018028736114501953,0.03634874150156975,0.800000011920929,0.800000011920929
484,28,6945,supports_refusal,0.0163847915828228,0.0163847915828228,0.016467953100800514,0.014197173528373241,0.949999988079071,0.949999988079071
485,28,6033,supports_refusal,0.0163726806640625,0.0163726806640625,0.02167053148150444,0.017958933487534523,0.800000011920929,0.800000011920929
486,1,3404,suppresses_refusal,-0.01636343076825142,0.01636343076825142,0.026326846331357956,0.03564988076686859,0.15000000596046448,0.8500000238418579
487,31,13833,supports_refusal,0.01634235307574272,0.01634235307574272,0.024582481011748314,0.029367508366703987,0.7250000238418579,0.7250000238418579
488,30,9333,suppresses_refusal,-0.016338348388671875,0.016338348388671875,0.016338348388671875,0.005958406254649162,0.0,1.0
489,31,2115,supports_refusal,0.016323089599609375,0.016323089599609375,0.017157744616270065,0.012525270693004131,0.8999999761581421,0.8999999761581421
490,30,13513,supports_refusal,0.016308199614286423,0.016308199614286423,0.016476834192872047,0.024490922689437866,0.875,0.875
491,28,11921,supports_refusal,0.016297530382871628,0.016297530382871628,0.016944503411650658,0.01102490071207285,0.925000011920929,0.925000011920929
492,30,2420,suppresses_refusal,-0.016295623034238815,0.016295623034238815,0.016295623034238815,0.004213053733110428,0.0,1.0
493,31,9114,suppresses_refusal,-0.016276169568300247,0.016276169568300247,0.017589950934052467,0.016933199018239975,0.125,0.875
494,16,6310,supports_refusal,0.016261005774140358,0.016261005774140358,0.016261005774140358,0.012327803298830986,1.0,1.0
495,14,14167,suppresses_refusal,-0.01622467115521431,0.01622467115521431,0.01736602745950222,0.01225295476615429,0.02500000037252903,0.9750000238418579
496,10,4148,supports_refusal,0.01622467115521431,0.01622467115521431,0.01622467115521431,0.009268677793443203,1.0,1.0
497,31,11350,supports_refusal,0.016203880310058594,0.016203880310058594,0.017705345526337624,0.013754616491496563,0.9750000238418579,0.9750000238418579
498,28,6170,suppresses_refusal,-0.016202162951231003,0.016202162951231003,0.016882706433534622,0.014239920303225517,0.05000000074505806,0.949999988079071
499,12,6268,suppresses_refusal,-0.016162777319550514,0.016162777319550514,0.01816244050860405,0.022215276956558228,0.25,0.75
500,31,12035,supports_refusal,0.01614985428750515,0.01614985428750515,0.017702151089906693,0.016054334118962288,0.875,0.875
501,30,2250,supports_refusal,0.016127634793519974,0.016127634793519974,0.01614546775817871,0.00793401151895523,0.9750000238418579,0.9750000238418579
502,28,12739,supports_refusal,0.016057968139648438,0.016057968139648438,0.016057968139648438,0.008531409315764904,1.0,1.0
503,28,7668,supports_refusal,0.016011644154787064,0.016011644154787064,0.017018724232912064,0.020137669518589973,0.8999999761581421,0.8999999761581421
504,26,2537,supports_refusal,0.016010474413633347,0.016010474413633347,0.016010474413633347,0.008664503693580627,1.0,1.0
505,28,5336,supports_refusal,0.015926361083984375,0.015926361083984375,0.015926361083984375,0.008276289328932762,1.0,1.0
506,27,10231,supports_refusal,0.015906333923339844,0.015906333923339844,0.015966225415468216,0.008602127432823181,0.949999988079071,0.949999988079071
507,4,10993,suppresses_refusal,-0.01590118370950222,0.01590118370950222,0.01590118370950222,0.009171354584395885,0.0,1.0
508,31,8549,suppresses_refusal,-0.015852928161621094,0.015852928161621094,0.016069602221250534,0.008471469394862652,0.02500000037252903,0.9750000238418579
509,30,3744,supports_refusal,0.015806198120117188,0.015806198120117188,0.015806198120117188,0.009116129949688911,1.0,1.0
510,11,8556,supports_refusal,0.015790235251188278,0.015790235251188278,0.022900450974702835,0.07412176579236984,0.25,0.75
511,1,7172,suppresses_refusal,-0.01578826829791069,0.01578826829791069,0.01578826829791069,0.010216226801276207,0.0,1.0
512,3,6301,supports_refusal,0.015785980969667435,0.015785980969667435,0.015785980969667435,0.014158694073557854,1.0,1.0
513,15,13591,suppresses_refusal,-0.01578349992632866,0.01578349992632866,0.01578349992632866,0.00801254715770483,0.0,1.0
514,31,416,supports_refusal,0.01577014848589897,0.01577014848589897,0.025791358202695847,0.031077159568667412,0.7250000238418579,0.7250000238418579
515,29,1967,suppresses_refusal,-0.015741348266601562,0.015741348266601562,0.017998123541474342,0.014701912179589272,0.125,0.875
516,31,9903,suppresses_refusal,-0.01573333702981472,0.01573333702981472,0.01573333702981472,0.008053391240537167,0.0,1.0
517,31,11990,suppresses_refusal,-0.015706634148955345,0.015706634148955345,0.016396332532167435,0.007079346105456352,0.02500000037252903,0.9750000238418579
518,0,8001,supports_refusal,0.0156721118837595,0.0156721118837595,0.016334056854248047,0.013585364446043968,0.925000011920929,0.925000011920929
519,31,11299,suppresses_refusal,-0.01562805101275444,0.01562805101275444,0.01650695875287056,0.006715406198054552,0.05000000074505806,0.949999988079071
520,19,13845,supports_refusal,0.015607071109116077,0.015607071109116077,0.017913436517119408,0.014969062060117722,0.8999999761581421,0.8999999761581421
521,29,2233,supports_refusal,0.01560058631002903,0.01560058631002903,0.01560058631002903,0.007336320821195841,1.0,1.0
522,24,10872,suppresses_refusal,-0.015589904971420765,0.015589904971420765,0.015596771612763405,0.007388449274003506,0.02500000037252903,0.9750000238418579
523,8,9090,supports_refusal,0.01557081937789917,0.01557081937789917,0.0169820673763752,0.021804530173540115,0.875,0.875
524,31,12719,suppresses_refusal,-0.015550995245575905,0.015550995245575905,0.015550995245575905,0.0045430767349898815,0.0,1.0
525,22,2002,supports_refusal,0.01551055908203125,0.01551055908203125,0.01563720777630806,0.011730150319635868,0.9750000238418579,0.9750000238418579
526,19,11792,suppresses_refusal,-0.015500450506806374,0.015500450506806374,0.01649761199951172,0.01148178055882454,0.05000000074505806,0.949999988079071
527,27,1931,suppresses_refusal,-0.015478325076401234,0.015478325076401234,0.01654643937945366,0.011478492058813572,0.10000000149011612,0.8999999761581421
528,4,9349,supports_refusal,0.015476989559829235,0.015476989559829235,0.015476989559829235,0.01298471074551344,1.0,1.0
529,21,10983,suppresses_refusal,-0.01542511023581028,0.01542511023581028,0.01542511023581028,0.0040340726263821125,0.0,1.0
530,31,2036,suppresses_refusal,-0.01541290245950222,0.01541290245950222,0.01544952392578125,0.009090314619243145,0.02500000037252903,0.9750000238418579
531,4,1804,supports_refusal,0.015407085418701172,0.015407085418701172,0.016760539263486862,0.01784113235771656,0.949999988079071,0.949999988079071
532,31,5041,suppresses_refusal,-0.015404129400849342,0.015404129400849342,0.019694900140166283,0.016900405287742615,0.10000000149011612,0.8999999761581421
533,31,2549,suppresses_refusal,-0.01537933386862278,0.01537933386862278,0.0439453125,0.053056150674819946,0.375,0.625
534,31,9692,suppresses_refusal,-0.015359115786850452,0.015359115786850452,0.016488265246152878,0.010227572172880173,0.07500000298023224,0.925000011920929
535,4,7334,supports_refusal,0.015358162112534046,0.015358162112534046,0.01920032501220703,0.02217257395386696,0.875,0.875
536,28,11454,supports_refusal,0.015339660458266735,0.015339660458266735,0.015339660458266735,0.006872675381600857,1.0,1.0
537,31,2339,supports_refusal,0.015330123715102673,0.015330123715102673,0.015330123715102673,0.007957683876156807,1.0,1.0
538,5,11491,supports_refusal,0.015290921553969383,0.015290921553969383,0.018723387271165848,0.09667163342237473,0.6000000238418579,0.6000000238418579
539,28,12702,suppresses_refusal,-0.01525726355612278,0.01525726355612278,0.01525726355612278,0.004132591187953949,0.0,1.0
540,25,4805,supports_refusal,0.015250777825713158,0.015250777825713158,0.015482711605727673,0.008659053593873978,0.9750000238418579,0.9750000238418579
541,31,10180,suppresses_refusal,-0.015195846557617188,0.015195846557617188,0.015195846557617188,0.00956500694155693,0.0,1.0
542,17,2591,suppresses_refusal,-0.015185356140136719,0.015185356140136719,0.015505790710449219,0.01369963027536869,0.02500000037252903,0.9750000238418579
543,31,847,supports_refusal,0.015182304196059704,0.015182304196059704,0.015246009454131126,0.011448940262198448,0.949999988079071,0.949999988079071
544,29,770,suppresses_refusal,-0.015180205926299095,0.015180205926299095,0.015180205926299095,0.006620461121201515,0.0,1.0
545,19,7854,supports_refusal,0.015126991085708141,0.015126991085708141,0.017171669751405716,0.014621158130466938,0.875,0.875
546,30,5526,suppresses_refusal,-0.015076255425810814,0.015076255425810814,0.01587085798382759,0.011275270953774452,0.07500000298023224,0.925000011920929
547,2,1983,supports_refusal,0.015058517456054688,0.015058517456054688,0.015507888980209827,0.012016075663268566,0.925000011920929,0.925000011920929
548,6,12481,supports_refusal,0.015053177252411842,0.015053177252411842,0.015568161383271217,0.012426839210093021,0.949999988079071,0.949999988079071
549,31,7309,supports_refusal,0.01505136489868164,0.01505136489868164,0.015709590166807175,0.01321981567889452,0.925000011920929,0.925000011920929
550,23,13108,suppresses_refusal,-0.015030860900878906,0.015030860900878906,0.016508866101503372,0.016828367486596107,0.15000000596046448,0.8500000238418579
551,31,7104,supports_refusal,0.015029525384306908,0.015029525384306908,0.026122665032744408,0.026920704171061516,0.75,0.75
552,31,12794,suppresses_refusal,-0.01502380333840847,0.01502380333840847,0.020235443487763405,0.020367970690131187,0.2750000059604645,0.7250000238418579
553,13,13824,supports_refusal,0.015002059750258923,0.015002059750258923,0.01629028283059597,0.01409339439123869,0.949999988079071,0.949999988079071
554,12,4065,supports_refusal,0.014982223510742188,0.014982223510742188,0.01689910888671875,0.02131061814725399,0.7749999761581421,0.7749999761581421
555,29,3490,supports_refusal,0.01496734656393528,0.01496734656393528,0.02221832238137722,0.02604641206562519,0.675000011920929,0.675000011920929
556,29,13736,suppresses_refusal,-0.01495065726339817,0.01495065726339817,0.015145969577133656,0.0110179977491498,0.05000000074505806,0.949999988079071
557,16,12129,supports_refusal,0.01494674663990736,0.01494674663990736,0.015045166015625,0.009072879329323769,0.9750000238418579,0.9750000238418579
558,31,11928,supports_refusal,0.014904499053955078,0.014904499053955078,0.015444660559296608,0.008188403211534023,0.949999988079071,0.949999988079071
559,30,5222,suppresses_refusal,-0.014889526180922985,0.014889526180922985,0.01496276818215847,0.005978158209472895,0.02500000037252903,0.9750000238418579
560,29,4946,suppresses_refusal,-0.014868736267089844,0.014868736267089844,0.018590355291962624,0.016093548387289047,0.10000000149011612,0.8999999761581421
561,31,9360,suppresses_refusal,-0.014859771355986595,0.014859771355986595,0.015187835320830345,0.005563231185078621,0.02500000037252903,0.9750000238418579
562,29,2135,suppresses_refusal,-0.014823341742157936,0.014823341742157936,0.014888572506606579,0.00916419830173254,0.02500000037252903,0.9750000238418579
563,0,2251,suppresses_refusal,-0.014810132794082165,0.014810132794082165,0.014817571267485619,0.029102055355906487,0.05000000074505806,0.949999988079071
564,12,14045,suppresses_refusal,-0.01478276215493679,0.01478276215493679,0.014793634414672852,0.017003512009978294,0.02500000037252903,0.9750000238418579
565,4,1619,supports_refusal,0.014751767739653587,0.014751767739653587,0.016643095761537552,0.018790513277053833,0.8999999761581421,0.8999999761581421
566,31,786,supports_refusal,0.014751434326171875,0.014751434326171875,0.042971037328243256,0.053452976047992706,0.625,0.625
567,2,4256,supports_refusal,0.0147247314453125,0.0147247314453125,0.01503066997975111,0.021323254331946373,0.925000011920929,0.925000011920929
568,25,1685,supports_refusal,0.014709854498505592,0.014709854498505592,0.016225051134824753,0.014352057129144669,0.925000011920929,0.925000011920929
569,30,2683,supports_refusal,0.014703559689223766,0.014703559689223766,0.014703559689223766,0.00783834420144558,1.0,1.0
570,25,12954,suppresses_refusal,-0.014698028564453125,0.014698028564453125,0.014902496710419655,0.00684397341683507,0.02500000037252903,0.9750000238418579
571,28,5817,suppresses_refusal,-0.0146331787109375,0.0146331787109375,0.0146331787109375,0.007926573045551777,0.0,1.0
572,12,3327,supports_refusal,0.014595890417695045,0.014595890417695045,0.01869344711303711,0.022492384538054466,0.75,0.75
573,26,3009,supports_refusal,0.01458663959056139,0.01458663959056139,0.01518325787037611,0.015712564811110497,0.8500000238418579,0.8500000238418579
574,1,4544,suppresses_refusal,-0.014586066827178001,0.014586066827178001,0.014715385623276234,0.01778428442776203,0.05000000074505806,0.949999988079071
575,31,10165,supports_refusal,0.014548301696777344,0.014548301696777344,0.015131187625229359,0.010206584818661213,0.949999988079071,0.949999988079071
576,27,2012,suppresses_refusal,-0.014545440673828125,0.014545440673828125,0.021857451647520065,0.023143166676163673,0.30000001192092896,0.699999988079071
577,30,11725,suppresses_refusal,-0.014531898312270641,0.014531898312270641,0.014531898312270641,0.005462403874844313,0.0,1.0
578,29,13328,suppresses_refusal,-0.014497851952910423,0.014497851952910423,0.02336282655596733,0.03416552394628525,0.4000000059604645,0.6000000238418579
579,12,9000,suppresses_refusal,-0.01449432410299778,0.01449432410299778,0.01461715716868639,0.014613856561481953,0.02500000037252903,0.9750000238418579
580,31,14071,suppresses_refusal,-0.01448669470846653,0.01448669470846653,0.01579589769244194,0.007559648714959621,0.05000000074505806,0.949999988079071
581,27,3755,suppresses_refusal,-0.01443633995950222,0.01443633995950222,0.01443633995950222,0.007606761995702982,0.0,1.0
582,24,4421,suppresses_refusal,-0.014425707049667835,0.014425707049667835,0.014425707049667835,0.006081272382289171,0.0,1.0
583,31,13544,supports_refusal,0.014417052268981934,0.014417052268981934,0.015470290556550026,0.012853910215198994,0.949999988079071,0.949999988079071
584,17,11724,supports_refusal,0.01441640593111515,0.01441640593111515,0.01746964082121849,0.01872696354985237,0.7749999761581421,0.7749999761581421
585,31,6351,suppresses_refusal,-0.01441035233438015,0.01441035233438015,0.01447138749063015,0.010893166996538639,0.02500000037252903,0.9750000238418579
586,30,1978,suppresses_refusal,-0.014408874325454235,0.014408874325454235,0.014408874325454235,0.0026035765185952187,0.0,1.0
587,31,12270,suppresses_refusal,-0.01440505962818861,0.01440505962818861,0.01440505962818861,0.010132174007594585,0.0,1.0
588,30,5051,supports_refusal,0.014373207464814186,0.014373207464814186,0.014373207464814186,0.008207923732697964,1.0,1.0
589,31,11680,suppresses_refusal,-0.014334487728774548,0.014334487728774548,0.014334487728774548,0.006318957079201937,0.0,1.0
590,27,9615,suppresses_refusal,-0.014303779229521751,0.014303779229521751,0.014338493347167969,0.0070563387125730515,0.02500000037252903,0.9750000238418579
591,31,12174,supports_refusal,0.014265060424804688,0.014265060424804688,0.014265060424804688,0.008226782083511353,1.0,1.0
592,30,11307,suppresses_refusal,-0.014220809563994408,0.014220809563994408,0.014220809563994408,0.006756455637514591,0.0,1.0
593,28,9928,suppresses_refusal,-0.014201688580214977,0.014201688580214977,0.022918367758393288,0.030365783721208572,0.4000000059604645,0.6000000238418579
594,18,690,supports_refusal,0.014186954125761986,0.014186954125761986,0.01426153164356947,0.012308229692280293,0.949999988079071,0.949999988079071
595,9,12312,supports_refusal,0.014181947335600853,0.014181947335600853,0.019728899002075195,0.028881100937724113,0.574999988079071,0.574999988079071
596,31,13063,suppresses_refusal,-0.014179992489516735,0.014179992489516735,0.014179992489516735,0.005517762620002031,0.0,1.0
597,31,5362,suppresses_refusal,-0.01417388953268528,0.01417388953268528,0.014302825555205345,0.00767824612557888,0.02500000037252903,0.9750000238418579
598,31,11861,suppresses_refusal,-0.014157867059111595,0.014157867059111595,0.014157867059111595,0.0049619292840361595,0.0,1.0
599,2,10698,supports_refusal,0.014135169796645641,0.014135169796645641,0.014669227413833141,0.013288047164678574,0.949999988079071,0.949999988079071
600,19,11877,supports_refusal,0.014098167419433594,0.014098167419433594,0.014137839898467064,0.009267991408705711,0.949999988079071,0.949999988079071
601,30,10126,supports_refusal,0.014081954956054688,0.014081954956054688,0.014081954956054688,0.006155679002404213,1.0,1.0
602,8,7775,suppresses_refusal,-0.014052711427211761,0.014052711427211761,0.01486725639551878,0.08907688409090042,0.574999988079071,0.574999988079071
603,3,482,supports_refusal,0.014032458886504173,0.014032458886504173,0.016515636816620827,0.01745307445526123,0.824999988079071,0.824999988079071
604,31,3735,supports_refusal,0.014023971743881702,0.014023971743881702,0.014023971743881702,0.010814604349434376,1.0,1.0
605,18,6786,supports_refusal,0.014009857550263405,0.014009857550263405,0.014009857550263405,0.008137913420796394,1.0,1.0
606,30,7146,suppresses_refusal,-0.013983631506562233,0.013983631506562233,0.019406413659453392,0.01936217024922371,0.125,0.875
607,31,2111,suppresses_refusal,-0.013982581906020641,0.013982581906020641,0.017047692090272903,0.015640025958418846,0.17499999701976776,0.824999988079071
608,12,8655,suppresses_refusal,-0.013965606689453125,0.013965606689453125,0.013965606689453125,0.009241505526006222,0.0,1.0
609,28,7734,suppresses_refusal,-0.01394805870950222,0.01394805870950222,0.01394805870950222,0.0074921781197190285,0.0,1.0
610,10,11152,suppresses_refusal,-0.013946819119155407,0.013946819119155407,0.029082203283905983,0.03879646956920624,0.42500001192092896,0.574999988079071
611,30,3460,suppresses_refusal,-0.013943481259047985,0.013943481259047985,0.013943481259047985,0.0029483819380402565,0.0,1.0
612,30,5087,suppresses_refusal,-0.01393966656178236,0.01393966656178236,0.01393966656178236,0.006829550024122,0.0,1.0
613,30,6954,supports_refusal,0.013910675421357155,0.013910675421357155,0.013910675421357155,0.010088670067489147,1.0,1.0
614,14,957,suppresses_refusal,-0.013888740912079811,0.013888740912079811,0.01460561715066433,0.020016683265566826,0.15000000596046448,0.8500000238418579
615,30,10768,suppresses_refusal,-0.013856029137969017,0.013856029137969017,0.015964031219482422,0.01315976120531559,0.125,0.875
616,16,5666,supports_refusal,0.013850259594619274,0.013850259594619274,0.014375066384673119,0.014555703848600388,0.8999999761581421,0.8999999761581421
617,30,7966,supports_refusal,0.013813400641083717,0.013813400641083717,0.014826965518295765,0.01399668212980032,0.8500000238418579,0.8500000238418579
618,7,9048,supports_refusal,0.013806367293000221,0.013806367293000221,0.013821053318679333,0.014060813002288342,0.9750000238418579,0.9750000238418579
619,19,3405,supports_refusal,0.01380081195384264,0.01380081195384264,0.01380996685475111,0.00800460297614336,0.9750000238418579,0.9750000238418579
620,31,13592,suppresses_refusal,-0.013794374652206898,0.013794374652206898,0.013794374652206898,0.004431999288499355,0.0,1.0
621,30,7388,suppresses_refusal,-0.013789939694106579,0.013789939694106579,0.013945579528808594,0.010014338418841362,0.02500000037252903,0.9750000238418579
622,26,13873,supports_refusal,0.013770866207778454,0.013770866207778454,0.013770866207778454,0.006581129506230354,1.0,1.0
623,29,4103,suppresses_refusal,-0.013754653744399548,0.013754653744399548,0.013754653744399548,0.004519075155258179,0.0,1.0
624,24,6799,suppresses_refusal,-0.01375360507518053,0.01375360507518053,0.013770198449492455,0.006861763074994087,0.02500000037252903,0.9750000238418579
625,18,7999,suppresses_refusal,-0.01371002197265625,0.01371002197265625,0.01371002197265625,0.006003257352858782,0.0,1.0
626,13,13125,supports_refusal,0.013676452450454235,0.013676452450454235,0.013874816708266735,0.007652216590940952,0.9750000238418579,0.9750000238418579
627,12,858,suppresses_refusal,-0.01366577111184597,0.01366577111184597,0.014029311947524548,0.01628752425312996,0.07500000298023224,0.925000011920929
628,15,5080,supports_refusal,0.013606834225356579,0.013606834225356579,0.01363372802734375,0.0141240693628788,0.9750000238418579,0.9750000238418579
629,3,7354,supports_refusal,0.01359974592924118,0.01359974592924118,0.01514454372227192,0.08194849640130997,0.3499999940395355,0.6499999761581421
630,3,8878,supports_refusal,0.01357955951243639,0.01357955951243639,0.01421279925853014,0.019375097006559372,0.949999988079071,0.949999988079071
631,29,7328,supports_refusal,0.013578414916992188,0.013578414916992188,0.014516830444335938,0.0137577960267663,0.8500000238418579,0.8500000238418579
632,11,5200,suppresses_refusal,-0.013569158501923084,0.013569158501923084,0.013569170609116554,0.014707396738231182,0.02500000037252903,0.9750000238418579
633,23,11088,suppresses_refusal,-0.013562393374741077,0.013562393374741077,0.013562393374741077,0.00920857209712267,0.0,1.0
634,2,8173,supports_refusal,0.013505707494914532,0.013505707494914532,0.014667226001620293,0.08481753617525101,0.6499999761581421,0.6499999761581421
635,17,12441,supports_refusal,0.013500213623046875,0.013500213623046875,0.013500213623046875,0.0047646514140069485,1.0,1.0
636,18,8146,supports_refusal,0.013494491577148438,0.013494491577148438,0.013604355044662952,0.011927331797778606,0.925000011920929,0.925000011920929
637,28,1692,suppresses_refusal,-0.01345138531178236,0.01345138531178236,0.013506317511200905,0.004815304651856422,0.02500000037252903,0.9750000238418579
638,21,763,supports_refusal,0.013446045108139515,0.013446045108139515,0.013446045108139515,0.005229019559919834,1.0,1.0
639,31,10505,suppresses_refusal,-0.013444137759506702,0.013444137759506702,0.013444137759506702,0.006402357015758753,0.0,1.0
640,20,9082,supports_refusal,0.01343007106333971,0.01343007106333971,0.01343007106333971,0.009877877309918404,1.0,1.0
641,12,1559,supports_refusal,0.013423919677734375,0.013423919677734375,0.013845061883330345,0.008850832469761372,0.949999988079071,0.949999988079071
642,19,8935,suppresses_refusal,-0.013415241613984108,0.013415241613984108,0.016086673364043236,0.020714838057756424,0.30000001192092896,0.699999988079071
643,31,7263,supports_refusal,0.013388442806899548,0.013388442806899548,0.027324294671416283,0.03059021383523941,0.7250000238418579,0.7250000238418579
644,30,8026,suppresses_refusal,-0.01336593646556139,0.01336593646556139,0.01395492535084486,0.009355876594781876,0.05000000074505806,0.949999988079071
645,15,2599,supports_refusal,0.013348388485610485,0.013348388485610485,0.015383911319077015,0.01112506166100502,0.8999999761581421,0.8999999761581421
646,25,10647,suppresses_refusal,-0.013340759091079235,0.013340759091079235,0.013340759091079235,0.0049346438609063625,0.0,1.0
647,1,4408,supports_refusal,0.01331472396850586,0.01331472396850586,0.01342763938009739,0.01609216444194317,0.9750000238418579,0.9750000238418579
648,31,12591,supports_refusal,0.013307953253388405,0.013307953253388405,0.024896621704101562,0.027820121496915817,0.699999988079071,0.699999988079071
649,29,4960,suppresses_refusal,-0.013286590576171875,0.013286590576171875,0.013286590576171875,0.007254381198436022,0.0,1.0
650,30,10963,supports_refusal,0.013274001888930798,0.013274001888930798,0.013274001888930798,0.00927602220326662,1.0,1.0
651,20,1223,supports_refusal,0.013269019313156605,0.013269019313156605,0.01349637471139431,0.011074808426201344,0.925000011920929,0.925000011920929
652,23,13147,suppresses_refusal,-0.013264846988022327,0.013264846988022327,0.01344375591725111,0.007398856338113546,0.05000000074505806,0.949999988079071
653,1,12834,suppresses_refusal,-0.013263058848679066,0.013263058848679066,0.013385129161179066,0.0100623844191432,0.02500000037252903,0.9750000238418579
654,24,1619,suppresses_refusal,-0.013255310244858265,0.013255310244858265,0.013255310244858265,0.006280794739723206,0.0,1.0
655,29,2380,suppresses_refusal,-0.01324462890625,0.01324462890625,0.01324462890625,0.003418241161853075,0.0,1.0
656,31,311,supports_refusal,0.01322393398731947,0.01322393398731947,0.015279102139174938,0.016118770465254784,0.75,0.75
657,31,13292,supports_refusal,0.01322033442556858,0.01322033442556858,0.01911938190460205,0.01905781216919422,0.800000011920929,0.800000011920929
658,31,13989,supports_refusal,0.013218307867646217,0.013218307867646217,0.015797805041074753,0.01314324326813221,0.8500000238418579,0.8500000238418579
659,31,7506,supports_refusal,0.01319589652121067,0.01319589652121067,0.014524554833769798,0.01753690466284752,0.7250000238418579,0.7250000238418579
660,3,1990,supports_refusal,0.013187396340072155,0.013187396340072155,0.016046535223722458,0.018032623454928398,0.875,0.875
661,30,6961,suppresses_refusal,-0.01317596435546875,0.01317596435546875,0.01317596435546875,0.0035393598955124617,0.0,1.0
662,31,6424,suppresses_refusal,-0.013148498721420765,0.013148498721420765,0.01773223839700222,0.01665303111076355,0.22499999403953552,0.7749999761581421
663,31,14108,suppresses_refusal,-0.013141250237822533,0.013141250237822533,0.013216781429946423,0.0060186381451785564,0.02500000037252903,0.9750000238418579
664,15,9511,supports_refusal,0.01312475185841322,0.01312475185841322,0.014353466220200062,0.02840845286846161,0.925000011920929,0.925000011920929
665,28,9265,supports_refusal,0.0131072998046875,0.0131072998046875,0.0131072998046875,0.004449489992111921,1.0,1.0
666,4,3960,suppresses_refusal,-0.013103103265166283,0.013103103265166283,0.014660644344985485,0.01628083921968937,0.10000000149011612,0.8999999761581421
667,28,1622,suppresses_refusal,-0.013091659173369408,0.013091659173369408,0.013131332583725452,0.006521852221339941,0.02500000037252903,0.9750000238418579
668,31,12004,supports_refusal,0.013060664758086205,0.013060664758086205,0.016443347558379173,0.01995689421892166,0.949999988079071,0.949999988079071
669,25,8728,suppresses_refusal,-0.013046622276306152,0.013046622276306152,0.01365664042532444,0.011612825095653534,0.10000000149011612,0.8999999761581421
670,15,8213,supports_refusal,0.013044166378676891,0.013044166378676891,0.014356804080307484,0.01255775336176157,0.800000011920929,0.800000011920929
671,13,4011,suppresses_refusal,-0.013003063388168812,0.013003063388168812,0.013741588220000267,0.01098556350916624,0.05000000074505806,0.949999988079071
672,8,11354,suppresses_refusal,-0.012992000207304955,0.012992000207304955,0.013033008202910423,0.012748518958687782,0.02500000037252903,0.9750000238418579
673,30,5089,supports_refusal,0.012939071282744408,0.012939071282744408,0.013039017096161842,0.006037718616425991,0.9750000238418579,0.9750000238418579
674,17,13532,supports_refusal,0.012889957055449486,0.012889957055449486,0.01572408713400364,0.015668779611587524,0.675000011920929,0.675000011920929
675,31,7687,supports_refusal,0.012882232666015625,0.012882232666015625,0.012882232666015625,0.004787867423146963,1.0,1.0
676,29,9923,suppresses_refusal,-0.012881850823760033,0.012881850823760033,0.012881850823760033,0.0044693113304674625,0.0,1.0
677,6,7457,suppresses_refusal,-0.012856769375503063,0.012856769375503063,0.012856769375503063,0.03571363911032677,0.0,1.0
678,27,13407,suppresses_refusal,-0.01284942589700222,0.01284942589700222,0.01293182373046875,0.006673164665699005,0.02500000037252903,0.9750000238418579
679,27,2170,supports_refusal,0.012847709469497204,0.012847709469497204,0.013289069756865501,0.00864841602742672,0.949999988079071,0.949999988079071
680,28,5934,suppresses_refusal,-0.01282424945384264,0.01282424945384264,0.01301650982350111,0.006410019006580114,0.02500000037252903,0.9750000238418579
681,31,11084,supports_refusal,0.012813759036362171,0.012813759036362171,0.015037727542221546,0.0129777230322361,0.8500000238418579,0.8500000238418579
682,31,1136,supports_refusal,0.01280975341796875,0.01280975341796875,0.013478088192641735,0.00664161192253232,0.949999988079071,0.949999988079071
683,22,6274,suppresses_refusal,-0.012805652804672718,0.012805652804672718,0.015524005517363548,0.01335536502301693,0.125,0.875
684,30,13767,supports_refusal,0.012796783819794655,0.012796783819794655,0.013246918097138405,0.014117904007434845,0.8999999761581421,0.8999999761581421
685,20,14335,supports_refusal,0.012775326147675514,0.012775326147675514,0.012775326147675514,0.0066254534758627415,1.0,1.0
686,15,9635,supports_refusal,0.012760925106704235,0.012760925106704235,0.01482238806784153,0.011359068565070629,0.8999999761581421,0.8999999761581421
687,5,5815,suppresses_refusal,-0.012758207507431507,0.012758207507431507,0.012817049399018288,0.0078007555566728115,0.05000000074505806,0.949999988079071
688,3,6147,supports_refusal,0.012751355767250061,0.012751355767250061,0.014884456992149353,0.08507665991783142,0.6499999761581421,0.6499999761581421
689,26,2622,suppresses_refusal,-0.012747573666274548,0.012747573666274548,0.012747573666274548,0.006027891766279936,0.0,1.0
690,31,953,suppresses_refusal,-0.012672806158661842,0.012672806158661842,0.013013076968491077,0.009008513763546944,0.07500000298023224,0.925000011920929
691,31,9628,supports_refusal,0.012672042474150658,0.012672042474150658,0.013764572329819202,0.009009815752506256,0.949999988079071,0.949999988079071
692,1,12697,supports_refusal,0.012609767727553844,0.012609767727553844,0.018212223425507545,0.0252301674336195,0.699999988079071,0.699999988079071
693,26,6077,suppresses_refusal,-0.012592315673828125,0.012592315673828125,0.01317672710865736,0.007346083875745535,0.07500000298023224,0.925000011920929
694,31,11586,supports_refusal,0.012577963061630726,0.012577963061630726,0.012723398394882679,0.013541234657168388,0.8999999761581421,0.8999999761581421
695,4,11701,suppresses_refusal,-0.012576103210449219,0.012576103210449219,0.012576103210449219,0.008725262247025967,0.0,1.0
696,30,8735,suppresses_refusal,-0.01257476769387722,0.01257476769387722,0.01313629187643528,0.005066937766969204,0.02500000037252903,0.9750000238418579
697,29,10297,suppresses_refusal,-0.012522125616669655,0.012522125616669655,0.012522125616669655,0.005671449471265078,0.0,1.0
698,29,6313,suppresses_refusal,-0.012501525692641735,0.012501525692641735,0.012501525692641735,0.005558031611144543,0.0,1.0
699,31,1739,supports_refusal,0.01247329730540514,0.01247329730540514,0.018878936767578125,0.02116735465824604,0.675000011920929,0.675000011920929
700,0,3662,suppresses_refusal,-0.012465286068618298,0.012465286068618298,0.012465286068618298,0.0191305261105299,0.0,1.0
701,17,10466,suppresses_refusal,-0.012449836358428001,0.012449836358428001,0.012726020999252796,0.011646234430372715,0.02500000037252903,0.9750000238418579
702,21,1412,suppresses_refusal,-0.0124359130859375,0.0124359130859375,0.012721252627670765,0.007699086796492338,0.02500000037252903,0.9750000238418579
703,3,1072,supports_refusal,0.012424850836396217,0.012424850836396217,0.012509917840361595,0.010686224326491356,0.9750000238418579,0.9750000238418579
704,31,4790,supports_refusal,0.012405633926391602,0.012405633926391602,0.018346071243286133,0.018530258908867836,0.7749999761581421,0.7749999761581421
705,22,11889,suppresses_refusal,-0.01239852886646986,0.01239852886646986,0.01239852886646986,0.009100520983338356,0.0,1.0
706,31,3484,suppresses_refusal,-0.01239089947193861,0.01239089947193861,0.01239089947193861,0.006816296838223934,0.0,1.0
707,18,6898,supports_refusal,0.012361499480903149,0.012361499480903149,0.015154674649238586,0.01563543826341629,0.7749999761581421,0.7749999761581421
708,31,5933,supports_refusal,0.01234283484518528,0.01234283484518528,0.01540374755859375,0.01483967062085867,0.7250000238418579,0.7250000238418579
709,30,9305,supports_refusal,0.012324524112045765,0.012324524112045765,0.012324524112045765,0.0038411046843975782,1.0,1.0
710,0,12037,suppresses_refusal,-0.012319182977080345,0.012319182977080345,0.012319182977080345,0.009004526771605015,0.0,1.0
711,2,12277,supports_refusal,0.012317562475800514,0.012317562475800514,0.01419057883322239,0.019001608714461327,0.925000011920929,0.925000011920929
712,30,3397,supports_refusal,0.01229238510131836,0.01229238510131836,0.014602184295654297,0.014005804434418678,0.7749999761581421,0.7749999761581421
713,29,11000,supports_refusal,0.012290572747588158,0.012290572747588158,0.012290572747588158,0.0045840321108698845,1.0,1.0
714,30,5549,suppresses_refusal,-0.012255096808075905,0.012255096808075905,0.012255096808075905,0.003587781684473157,0.0,1.0
715,0,3837,supports_refusal,0.012202834710478783,0.012202834710478783,0.027992630377411842,0.05084771290421486,0.8999999761581421,0.8999999761581421
716,31,12839,suppresses_refusal,-0.012195969000458717,0.012195969000458717,0.016788100823760033,0.018519297242164612,0.17499999701976776,0.824999988079071
717,31,10143,supports_refusal,0.0121917724609375,0.0121917724609375,0.0121917724609375,0.0073057133704423904,1.0,1.0
718,26,11948,suppresses_refusal,-0.01215440034866333,0.01215440034866333,0.01354979258030653,0.011857191100716591,0.22499999403953552,0.7749999761581421
719,31,9672,suppresses_refusal,-0.01212310791015625,0.01212310791015625,0.01212310791015625,0.005912145599722862,0.0,1.0
720,29,1928,supports_refusal,0.012103271670639515,0.012103271670639515,0.012103271670639515,0.006726031191647053,1.0,1.0
721,28,545,suppresses_refusal,-0.012103167362511158,0.012103167362511158,0.012793836183845997,0.013534006662666798,0.125,0.875
722,2,12805,supports_refusal,0.012102794833481312,0.012102794833481312,0.012223529629409313,0.01015567034482956,0.925000011920929,0.925000011920929
723,31,10715,suppresses_refusal,-0.01210174523293972,0.01210174523293972,0.01210174523293972,0.004644334781914949,0.0,1.0
724,31,1519,suppresses_refusal,-0.012080383487045765,0.012080383487045765,0.02935485914349556,0.03514649718999863,0.375,0.625
725,10,6230,supports_refusal,0.01207358855754137,0.01207358855754137,0.012648845091462135,0.018734971061348915,0.949999988079071,0.949999988079071
726,16,12849,supports_refusal,0.012063217349350452,0.012063217349350452,0.012176322750747204,0.010371035896241665,0.949999988079071,0.949999988079071
727,22,1573,suppresses_refusal,-0.012056159786880016,0.012056159786880016,0.012056159786880016,0.00806958507746458,0.0,1.0
728,31,1712,suppresses_refusal,-0.012056159786880016,0.012056159786880016,0.016045570373535156,0.01718134805560112,0.15000000596046448,0.8500000238418579
729,31,1313,suppresses_refusal,-0.012055754661560059,0.012055754661560059,0.012060761451721191,0.008652434684336185,0.02500000037252903,0.9750000238418579
730,20,1474,suppresses_refusal,-0.012049674987792969,0.012049674987792969,0.012730980291962624,0.013317047618329525,0.125,0.875
731,4,11445,suppresses_refusal,-0.012045765295624733,0.012045765295624733,0.012360095977783203,0.009753606282174587,0.02500000037252903,0.9750000238418579
732,6,895,supports_refusal,0.012033844366669655,0.012033844366669655,0.01357879675924778,0.018903274089097977,0.875,0.875
733,11,8989,supports_refusal,0.012026595883071423,0.012026595883071423,0.012097549624741077,0.008333477191627026,0.9750000238418579,0.9750000238418579
734,13,7787,supports_refusal,0.012024116702377796,0.012024116702377796,0.014446830376982689,0.016592353582382202,0.8999999761581421,0.8999999761581421
735,22,1848,supports_refusal,0.01202240027487278,0.01202240027487278,0.01202240027487278,0.004788945894688368,1.0,1.0
736,3,2951,supports_refusal,0.012017297558486462,0.012017297558486462,0.012224817648530006,0.015271058306097984,0.9750000238418579,0.9750000238418579
737,31,1174,supports_refusal,0.01201553363353014,0.01201553363353014,0.01201553363353014,0.004048821050673723,1.0,1.0
738,24,2597,suppresses_refusal,-0.012009048834443092,0.012009048834443092,0.012009048834443092,0.0044719986617565155,0.0,1.0
739,30,2549,supports_refusal,0.012006759643554688,0.012006759643554688,0.012006759643554688,0.006183053832501173,1.0,1.0
740,30,5194,suppresses_refusal,-0.01200180035084486,0.01200180035084486,0.01200180035084486,0.0030497428961098194,0.0,1.0
741,10,1918,suppresses_refusal,-0.011996841058135033,0.011996841058135033,0.017695998772978783,0.02341023087501526,0.3499999940395355,0.6499999761581421
742,8,11791,supports_refusal,0.01199417095631361,0.01199417095631361,0.014408111572265625,0.013611141592264175,0.8999999761581421,0.8999999761581421
743,3,11398,suppresses_refusal,-0.011980628594756126,0.011980628594756126,0.02040996588766575,0.026899011805653572,0.30000001192092896,0.699999988079071
744,22,2901,suppresses_refusal,-0.01197507418692112,0.01197507418692112,0.012335991486907005,0.006143588572740555,0.05000000074505806,0.949999988079071
745,16,2644,suppresses_refusal,-0.011958885006606579,0.011958885006606579,0.012013435363769531,0.0071049281395971775,0.02500000037252903,0.9750000238418579
746,9,10216,supports_refusal,0.011949717998504639,0.011949717998504639,0.020425807684659958,0.02684519812464714,0.800000011920929,0.800000011920929
747,5,1615,suppresses_refusal,-0.011936044320464134,0.011936044320464134,0.013440275564789772,0.01367961335927248,0.10000000149011612,0.8999999761581421
748,30,8027,suppresses_refusal,-0.01190261822193861,0.01190261822193861,0.01190261822193861,0.003218327648937702,0.0,1.0
749,29,2309,supports_refusal,0.011898803524672985,0.011898803524672985,0.01214599609375,0.010248729027807713,0.925000011920929,0.925000011920929
750,31,11488,supports_refusal,0.011881065554916859,0.011881065554916859,0.018977928906679153,0.01977192983031273,0.75,0.75
751,29,8335,suppresses_refusal,-0.011834335513412952,0.011834335513412952,0.011834335513412952,0.00473678158596158,0.0,1.0
752,11,12227,suppresses_refusal,-0.011829948052763939,0.011829948052763939,0.015420722775161266,0.018676137551665306,0.22499999403953552,0.7749999761581421
753,29,5272,suppresses_refusal,-0.011811638250946999,0.011811638250946999,0.011829185299575329,0.011452281847596169,0.02500000037252903,0.9750000238418579
754,31,10697,suppresses_refusal,-0.011761617846786976,0.011761617846786976,0.012579107657074928,0.012646027840673923,0.125,0.875
755,12,613,suppresses_refusal,-0.011742663569748402,0.011742663569748402,0.013198589906096458,0.016968755051493645,0.2750000059604645,0.7250000238418579
756,9,2374,suppresses_refusal,-0.011723804287612438,0.011723804287612438,0.015615606680512428,0.025508057326078415,0.2750000059604645,0.7250000238418579
757,13,8818,supports_refusal,0.011711502447724342,0.011711502447724342,0.011711502447724342,0.005792182870209217,1.0,1.0
758,31,850,supports_refusal,0.011709022335708141,0.011709022335708141,0.012405967339873314,0.01356455683708191,0.824999988079071,0.824999988079071
759,25,12470,supports_refusal,0.01170659065246582,0.01170659065246582,0.011844396591186523,0.01686907187104225,0.875,0.875
760,31,11395,suppresses_refusal,-0.011693477630615234,0.011693477630615234,0.01177225075662136,0.005888423416763544,0.05000000074505806,0.949999988079071
761,31,5692,supports_refusal,0.011683940887451172,0.011683940887451172,0.011683940887451172,0.007357265334576368,1.0,1.0
762,30,13476,suppresses_refusal,-0.011664199642837048,0.011664199642837048,0.011664199642837048,0.005283134989440441,0.0,1.0
763,4,2995,supports_refusal,0.011659788899123669,0.011659788899123669,0.012858128175139427,0.010156783275306225,0.8999999761581421,0.8999999761581421
764,0,5290,suppresses_refusal,-0.011644363403320312,0.011644363403320312,0.011644363403320312,0.0076035261154174805,0.0,1.0
765,8,14282,supports_refusal,0.011636590585112572,0.011636590585112572,0.011739397421479225,0.01436436828225851,0.949999988079071,0.949999988079071
766,21,12001,supports_refusal,0.011629486456513405,0.011629486456513405,0.011629486456513405,0.00782065000385046,1.0,1.0
767,4,3166,suppresses_refusal,-0.011602185666561127,0.011602185666561127,0.012574173510074615,0.07539559155702591,0.800000011920929,0.800000011920929
768,23,1780,suppresses_refusal,-0.011598062701523304,0.011598062701523304,0.012159871868789196,0.007042791694402695,0.07500000298023224,0.925000011920929
769,27,609,supports_refusal,0.0115966796875,0.0115966796875,0.01195602398365736,0.008925546891987324,0.875,0.875
770,29,7097,suppresses_refusal,-0.01157989539206028,0.01157989539206028,0.01157989539206028,0.005628474522382021,0.0,1.0
771,30,2306,supports_refusal,0.01157379150390625,0.01157379150390625,0.01157379150390625,0.002152936300262809,1.0,1.0
772,2,692,suppresses_refusal,-0.011554241180419922,0.011554241180419922,0.011856365017592907,0.009575924836099148,0.02500000037252903,0.9750000238418579
773,3,4283,supports_refusal,0.01152801513671875,0.01152801513671875,0.01152801513671875,0.011260168626904488,1.0,1.0
774,14,3444,suppresses_refusal,-0.011508273892104626,0.011508273892104626,0.013226985931396484,0.011641979217529297,0.07500000298023224,0.925000011920929
775,28,10706,suppresses_refusal,-0.011503219604492188,0.011503219604492188,0.011503219604492188,0.003858093870803714,0.0,1.0
776,6,5667,supports_refusal,0.011499595828354359,0.011499595828354359,0.012308311648666859,0.008766185492277145,0.949999988079071,0.949999988079071
777,29,12590,supports_refusal,0.01149902306497097,0.01149902306497097,0.01149902306497097,0.0036394319031387568,1.0,1.0
778,29,10092,supports_refusal,0.01148691214621067,0.01148691214621067,0.01148843765258789,0.004478858783841133,0.9750000238418579,0.9750000238418579
779,18,12834,suppresses_refusal,-0.011484527960419655,0.011484527960419655,0.011484527960419655,0.0087378965690732,0.0,1.0
780,31,3759,suppresses_refusal,-0.011478233151137829,0.011478233151137829,0.02233295515179634,0.026233691722154617,0.30000001192092896,0.699999988079071
781,22,2940,suppresses_refusal,-0.011447906494140625,0.011447906494140625,0.01363449078053236,0.01249619573354721,0.10000000149011612,0.8999999761581421
782,30,4011,suppresses_refusal,-0.011415171436965466,0.011415171436965466,0.01149361114948988,0.0068653058260679245,0.05000000074505806,0.949999988079071
783,29,7514,suppresses_refusal,-0.011406516656279564,0.011406516656279564,0.011433601379394531,0.006509527564048767,0.02500000037252903,0.9750000238418579
784,31,4015,suppresses_refusal,-0.01140584982931614,0.01140584982931614,0.020020008087158203,0.020308859646320343,0.22499999403953552,0.7749999761581421
785,31,12326,supports_refusal,0.011402892880141735,0.011402892880141735,0.012127494439482689,0.007894140668213367,0.949999988079071,0.949999988079071
786,14,1325,suppresses_refusal,-0.011397075839340687,0.011397075839340687,0.011911297217011452,0.008134876377880573,0.05000000074505806,0.949999988079071
787,7,14179,supports_refusal,0.011376905255019665,0.011376905255019665,0.011384248733520508,0.014202133752405643,0.9750000238418579,0.9750000238418579
788,31,9647,supports_refusal,0.011372375302016735,0.011372375302016735,0.011585998348891735,0.008544179610908031,0.949999988079071,0.949999988079071
789,31,454,supports_refusal,0.011356377974152565,0.011356377974152565,0.015244459733366966,0.018152210861444473,0.7749999761581421,0.7749999761581421
790,0,11666,suppresses_refusal,-0.01135330181568861,0.01135330181568861,0.011585235595703125,0.008623910136520863,0.05000000074505806,0.949999988079071
791,31,2675,supports_refusal,0.011341094970703125,0.011341094970703125,0.011341094970703125,0.005422067362815142,1.0,1.0
792,30,599,suppresses_refusal,-0.011336708441376686,0.011336708441376686,0.011336708441376686,0.004037444479763508,0.0,1.0
793,6,4595,supports_refusal,0.01132965087890625,0.01132965087890625,0.01187973003834486,0.011338680051267147,0.949999988079071,0.949999988079071
794,29,13979,suppresses_refusal,-0.011309241876006126,0.011309241876006126,0.011380195617675781,0.008766151033341885,0.02500000037252903,0.9750000238418579
795,30,14201,suppresses_refusal,-0.011292362585663795,0.011292362585663795,0.011980915442109108,0.0068715824745595455,0.07500000298023224,0.925000011920929
796,31,12889,suppresses_refusal,-0.01126174908131361,0.01126174908131361,0.01126174908131361,0.005681134294718504,0.0,1.0
797,27,8896,suppresses_refusal,-0.011253547854721546,0.011253547854721546,0.011276054196059704,0.007272651884704828,0.02500000037252903,0.9750000238418579
798,23,3321,suppresses_refusal,-0.01125259418040514,0.01125259418040514,0.01227417029440403,0.007871212437748909,0.07500000298023224,0.925000011920929
799,31,5883,suppresses_refusal,-0.011241912841796875,0.011241912841796875,0.013660430908203125,0.013523784466087818,0.10000000149011612,0.8999999761581421
800,17,5722,supports_refusal,0.011223221197724342,0.011223221197724342,0.014912796206772327,0.015755945816636086,0.7749999761581421,0.7749999761581421
801,30,2319,suppresses_refusal,-0.011215019039809704,0.011215019039809704,0.011525154113769531,0.0054808794520795345,0.05000000074505806,0.949999988079071
802,31,6364,suppresses_refusal,-0.011201858520507812,0.011201858520507812,0.011201858520507812,0.004604644142091274,0.0,1.0
803,30,11369,suppresses_refusal,-0.011195039376616478,0.011195039376616478,0.013516664505004883,0.012677723541855812,0.20000000298023224,0.800000011920929
804,28,6293,suppresses_refusal,-0.01119232177734375,0.01119232177734375,0.0113067626953125,0.00841306522488594,0.02500000037252903,0.9750000238418579
805,12,3044,suppresses_refusal,-0.011162757873535156,0.011162757873535156,0.011227607727050781,0.00687325419858098,0.02500000037252903,0.9750000238418579
806,27,2298,suppresses_refusal,-0.011159134097397327,0.011159134097397327,0.011159134097397327,0.00374496728181839,0.0,1.0
807,30,840,suppresses_refusal,-0.0111541748046875,0.0111541748046875,0.0111541748046875,0.003690798068419099,0.0,1.0
808,30,13939,supports_refusal,0.011149215511977673,0.011149215511977673,0.011801719665527344,0.012939643114805222,0.8999999761581421,0.8999999761581421
809,19,7423,suppresses_refusal,-0.011145400814712048,0.011145400814712048,0.011145400814712048,0.006396254990249872,0.0,1.0
810,31,3540,supports_refusal,0.011082267388701439,0.011082267388701439,0.011232185177505016,0.00752969179302454,0.949999988079071,0.949999988079071
811,14,7805,supports_refusal,0.011078929528594017,0.011078929528594017,0.011645317077636719,0.020936429500579834,0.7250000238418579,0.7250000238418579
812,29,6216,supports_refusal,0.011071967892348766,0.011071967892348766,0.011516761966049671,0.006587169133126736,0.949999988079071,0.949999988079071
813,31,11075,suppresses_refusal,-0.01107177697122097,0.01107177697122097,0.01107177697122097,0.006178201176226139,0.0,1.0
814,30,9932,suppresses_refusal,-0.011071396060287952,0.011071396060287952,0.011071396060287952,0.0038772323168814182,0.0,1.0
815,31,12985,suppresses_refusal,-0.01106338482350111,0.01106338482350111,0.012662124820053577,0.009353366680443287,0.15000000596046448,0.8500000238418579
816,20,1455,supports_refusal,0.011062240228056908,0.011062240228056908,0.011207198724150658,0.006045340094715357,0.9750000238418579,0.9750000238418579
817,31,10897,supports_refusal,0.011053085327148438,0.011053085327148438,0.011053085327148438,0.004940369166433811,1.0,1.0
818,31,1793,supports_refusal,0.011038589291274548,0.011038589291274548,0.020987320691347122,0.023925727233290672,0.75,0.75
819,30,4861,suppresses_refusal,-0.0110321044921875,0.0110321044921875,0.0110321044921875,0.0028805830515921116,0.0,1.0
820,21,9625,suppresses_refusal,-0.011026573367416859,0.011026573367416859,0.013685798272490501,0.013861972838640213,0.25,0.75
821,29,4854,supports_refusal,0.011023354716598988,0.011023354716598988,0.011023354716598988,0.00776138948276639,1.0,1.0
822,27,8191,suppresses_refusal,-0.011009025387465954,0.011009025387465954,0.011144066229462624,0.00698938500136137,0.07500000298023224,0.925000011920929
823,30,2049,suppresses_refusal,-0.011003399267792702,0.011003399267792702,0.011204814538359642,0.007023460231721401,0.05000000074505806,0.949999988079071
824,31,7122,supports_refusal,0.010997772216796875,0.010997772216796875,0.01122131384909153,0.009092435240745544,0.925000011920929,0.925000011920929
825,1,9914,supports_refusal,0.010996341705322266,0.010996341705322266,0.012491893954575062,0.012348408810794353,0.875,0.875
826,24,10375,supports_refusal,0.010984420776367188,0.010984420776367188,0.011503219604492188,0.0067689260467886925,0.925000011920929,0.925000011920929
827,3,1540,suppresses_refusal,-0.010979875922203064,0.010979875922203064,0.011908600106835365,0.07049348205327988,0.675000011920929,0.675000011920929
828,30,2341,suppresses_refusal,-0.01097869873046875,0.01097869873046875,0.01097869873046875,0.004620122257620096,0.0,1.0
829,31,7365,supports_refusal,0.010967063717544079,0.010967063717544079,0.011055946350097656,0.0038994913920760155,0.9750000238418579,0.9750000238418579
830,30,2513,supports_refusal,0.010955619625747204,0.010955619625747204,0.011506843380630016,0.00987118761986494,0.8999999761581421,0.8999999761581421
831,12,911,suppresses_refusal,-0.010953569784760475,0.010953569784760475,0.011285925284028053,0.014921736903488636,0.07500000298023224,0.925000011920929
832,17,12117,suppresses_refusal,-0.010926151648163795,0.010926151648163795,0.01226034201681614,0.010941651649773121,0.15000000596046448,0.8500000238418579
833,30,4077,suppresses_refusal,-0.010915184393525124,0.010915184393525124,0.011153602972626686,0.008286023512482643,0.10000000149011612,0.8999999761581421
834,27,3653,supports_refusal,0.010889172554016113,0.010889172554016113,0.01853001117706299,0.0210680291056633,0.6499999761581421,0.6499999761581421
835,15,6658,suppresses_refusal,-0.010864639654755592,0.010864639654755592,0.015053940005600452,0.015893638134002686,0.22499999403953552,0.7749999761581421
836,29,153,supports_refusal,0.01084976177662611,0.01084976177662611,0.01084976177662611,0.004948996938765049,1.0,1.0
837,28,9387,supports_refusal,0.010844039730727673,0.010844039730727673,0.010844039730727673,0.005129827186465263,1.0,1.0
838,31,9145,suppresses_refusal,-0.01082620583474636,0.01082620583474636,0.010974407196044922,0.011192535050213337,0.07500000298023224,0.925000011920929
839,31,5506,suppresses_refusal,-0.01078643836081028,0.01078643836081028,0.01078643836081028,0.005055638495832682,0.0,1.0
840,22,1418,supports_refusal,0.010781383141875267,0.010781383141875267,0.011366939172148705,0.008133945986628532,0.875,0.875
841,31,7673,suppresses_refusal,-0.010778236202895641,0.010778236202895641,0.012835502624511719,0.010508539155125618,0.125,0.875
842,28,5484,suppresses_refusal,-0.01077194232493639,0.01077194232493639,0.01077194232493639,0.005754317622631788,0.0,1.0
843,27,2354,supports_refusal,0.010768699459731579,0.010768699459731579,0.011386299505829811,0.007520034443587065,0.925000011920929,0.925000011920929
844,31,8018,suppresses_refusal,-0.010758519172668457,0.010758519172668457,0.01083519496023655,0.005883574951440096,0.02500000037252903,0.9750000238418579
845,27,627,supports_refusal,0.01074981689453125,0.01074981689453125,0.01075897179543972,0.0037973711732774973,0.9750000238418579,0.9750000238418579
846,13,11841,supports_refusal,0.010739254765212536,0.010739254765212536,0.01167747937142849,0.010566270910203457,0.8999999761581421,0.8999999761581421
847,28,547,supports_refusal,0.010739135555922985,0.010739135555922985,0.010739135555922985,0.007772418204694986,1.0,1.0
848,19,6374,suppresses_refusal,-0.010737419128417969,0.010737419128417969,0.011816978454589844,0.016018958762288094,0.2750000059604645,0.7250000238418579
849,12,9441,suppresses_refusal,-0.010722542181611061,0.010722542181611061,0.010787010192871094,0.008775986731052399,0.02500000037252903,0.9750000238418579
850,23,9634,suppresses_refusal,-0.010718345642089844,0.010718345642089844,0.010718345642089844,0.006026518065482378,0.0,1.0
851,30,6462,suppresses_refusal,-0.010668468661606312,0.010668468661606312,0.010668468661606312,0.0059889801777899265,0.0,1.0
852,8,3210,supports_refusal,0.010664939880371094,0.010664939880371094,0.010904883965849876,0.008214072324335575,0.949999988079071,0.949999988079071
853,28,12928,supports_refusal,0.010663223452866077,0.010663223452866077,0.011159134097397327,0.006237100809812546,0.925000011920929,0.925000011920929
854,12,5800,suppresses_refusal,-0.010642623528838158,0.010642623528838158,0.011729812249541283,0.010462572798132896,0.05000000074505806,0.949999988079071
855,28,3424,suppresses_refusal,-0.010641098022460938,0.010641098022460938,0.010691451840102673,0.006824669428169727,0.02500000037252903,0.9750000238418579
856,19,9566,supports_refusal,0.010637283325195312,0.010637283325195312,0.010637283325195312,0.003844296094030142,1.0,1.0
857,10,12642,suppresses_refusal,-0.010624885559082031,0.010624885559082031,0.024794960394501686,0.04100744426250458,0.375,0.625
858,4,7728,suppresses_refusal,-0.010610198602080345,0.010610198602080345,0.011555099859833717,0.010072533041238785,0.10000000149011612,0.8999999761581421
859,28,13395,supports_refusal,0.010607910342514515,0.010607910342514515,0.01093215961009264,0.008681022562086582,0.8999999761581421,0.8999999761581421
860,30,4063,suppresses_refusal,-0.010602736845612526,0.010602736845612526,0.0127495052292943,0.013971712440252304,0.2750000059604645,0.7250000238418579
861,11,2227,suppresses_refusal,-0.01060266513377428,0.01060266513377428,0.01114950142800808,0.016537638381123543,0.15000000596046448,0.8500000238418579
862,5,13208,suppresses_refusal,-0.010580348782241344,0.010580348782241344,0.010580348782241344,0.008737257681787014,0.0,1.0
863,30,4826,supports_refusal,0.01057510357350111,0.01057510357350111,0.010588455013930798,0.006372584030032158,0.9750000238418579,0.9750000238418579
864,17,2169,suppresses_refusal,-0.010567283257842064,0.010567283257842064,0.011047172360122204,0.008913948200643063,0.15000000596046448,0.8500000238418579
865,24,3352,suppresses_refusal,-0.010567093268036842,0.010567093268036842,0.010805130004882812,0.005636360961943865,0.02500000037252903,0.9750000238418579
866,30,10070,suppresses_refusal,-0.010525798425078392,0.010525798425078392,0.015388011932373047,0.015300124883651733,0.25,0.75
867,29,6070,supports_refusal,0.010502243414521217,0.010502243414521217,0.010502243414521217,0.0027581986505538225,1.0,1.0
868,29,9768,suppresses_refusal,-0.010494470596313477,0.010494470596313477,0.010496568866074085,0.006749126128852367,0.02500000037252903,0.9750000238418579
869,23,13591,suppresses_refusal,-0.01046600379049778,0.01046600379049778,0.011087417602539062,0.009892934933304787,0.15000000596046448,0.8500000238418579
870,31,4229,supports_refusal,0.010457992553710938,0.010457992553710938,0.010457992553710938,0.0039657894521951675,1.0,1.0
871,21,6538,supports_refusal,0.01044616661965847,0.01044616661965847,0.01135864295065403,0.008714879862964153,0.949999988079071,0.949999988079071
872,27,7180,suppresses_refusal,-0.01043548621237278,0.01043548621237278,0.010721969418227673,0.006893671117722988,0.05000000074505806,0.949999988079071
873,29,11929,suppresses_refusal,-0.010435295291244984,0.010435295291244984,0.010661125183105469,0.004637095145881176,0.02500000037252903,0.9750000238418579
874,31,531,suppresses_refusal,-0.01041259802877903,0.01041259802877903,0.01053543109446764,0.007292907685041428,0.02500000037252903,0.9750000238418579
875,25,10085,suppresses_refusal,-0.010408783331513405,0.010408783331513405,0.01427383441478014,0.021725786849856377,0.3499999940395355,0.6499999761581421
876,19,10739,suppresses_refusal,-0.010401916690170765,0.010401916690170765,0.010401916690170765,0.003828238695859909,0.0,1.0
877,21,450,supports_refusal,0.010399246588349342,0.010399246588349342,0.010446930304169655,0.00683165155351162,0.949999988079071,0.949999988079071
878,23,10303,supports_refusal,0.0103843929246068,0.0103843929246068,0.010736155323684216,0.008765866979956627,0.8999999761581421,0.8999999761581421
879,20,10783,suppresses_refusal,-0.010380769148468971,0.010380769148468971,0.01043932419270277,0.012610595673322678,0.05000000074505806,0.949999988079071
880,16,5033,supports_refusal,0.01036478579044342,0.01036478579044342,0.011623444966971874,0.011143535375595093,0.875,0.875
881,6,8398,supports_refusal,0.010363960638642311,0.010363960638642311,0.010568427853286266,0.009481039829552174,0.9750000238418579,0.9750000238418579
882,17,9401,supports_refusal,0.010342788882553577,0.010342788882553577,0.010342788882553577,0.006417089141905308,1.0,1.0
883,26,1029,suppresses_refusal,-0.010300016030669212,0.010300016030669212,0.010406064800918102,0.00713344756513834,0.02500000037252903,0.9750000238418579
884,11,9089,supports_refusal,0.010297012515366077,0.010297012515366077,0.0107879638671875,0.01306104101240635,0.875,0.875
885,31,13214,suppresses_refusal,-0.01029129046946764,0.01029129046946764,0.01154251117259264,0.006072049029171467,0.05000000074505806,0.949999988079071
886,16,13109,supports_refusal,0.010288429446518421,0.010288429446518421,0.011306953616440296,0.009311618283390999,0.8999999761581421,0.8999999761581421
887,30,4920,suppresses_refusal,-0.010287975892424583,0.010287975892424583,0.01086647529155016,0.00937509723007679,0.10000000149011612,0.8999999761581421
888,25,11584,supports_refusal,0.010280800051987171,0.010280800051987171,0.011198615655303001,0.010942617431282997,0.800000011920929,0.800000011920929
889,13,5757,supports_refusal,0.01027831993997097,0.01027831993997097,0.013916015625,0.014050481840968132,0.800000011920929,0.800000011920929
890,30,7435,suppresses_refusal,-0.01025400124490261,0.01025400124490261,0.010339641943573952,0.010338510386645794,0.07500000298023224,0.925000011920929
891,27,4706,supports_refusal,0.0102530000731349,0.0102530000731349,0.010677576065063477,0.007559974677860737,0.8999999761581421,0.8999999761581421
892,28,6352,supports_refusal,0.01024117786437273,0.01024117786437273,0.01174960471689701,0.017253508791327477,0.6499999761581421,0.6499999761581421
893,31,10783,supports_refusal,0.010235214605927467,0.010235214605927467,0.010348891839385033,0.0038039805367588997,0.9750000238418579,0.9750000238418579
894,29,1521,supports_refusal,0.010220706462860107,0.010220706462860107,0.010395824909210205,0.007756889332085848,0.925000011920929,0.925000011920929
895,30,9637,suppresses_refusal,-0.010217094793915749,0.010217094793915749,0.010307883843779564,0.0044538602232933044,0.02500000037252903,0.9750000238418579
896,31,14073,suppresses_refusal,-0.01021575927734375,0.01021575927734375,0.01565093919634819,0.017009295523166656,0.2750000059604645,0.7250000238418579
897,17,7878,supports_refusal,0.010206222534179688,0.010206222534179688,0.015178489498794079,0.016627224162220955,0.800000011920929,0.800000011920929
898,23,6019,supports_refusal,0.010204697027802467,0.010204697027802467,0.010805892758071423,0.007991463877260685,0.949999988079071,0.949999988079071
899,13,12356,supports_refusal,0.010199797339737415,0.010199797339737415,0.01031945925205946,0.007127587217837572,0.925000011920929,0.925000011920929
900,30,155,suppresses_refusal,-0.010196089744567871,0.010196089744567871,0.011001944541931152,0.009021883830428123,0.125,0.875
901,27,11989,suppresses_refusal,-0.01017618179321289,0.01017618179321289,0.010947895236313343,0.008968126960098743,0.07500000298023224,0.925000011920929
902,12,7367,suppresses_refusal,-0.01016998291015625,0.01016998291015625,0.010301971808075905,0.009044741280376911,0.05000000074505806,0.949999988079071
903,12,9450,suppresses_refusal,-0.010165130719542503,0.010165130719542503,0.010765230283141136,0.012571210041642189,0.15000000596046448,0.8500000238418579
904,28,6199,suppresses_refusal,-0.010162735357880592,0.010162735357880592,0.010680007748305798,0.006986568216234446,0.05000000074505806,0.949999988079071
905,3,7213,supports_refusal,0.010161352343857288,0.010161352343857288,0.023861169815063477,0.03322850167751312,0.699999988079071,0.699999988079071
906,30,6735,suppresses_refusal,-0.010160064324736595,0.010160064324736595,0.010160064324736595,0.004846991505473852,0.0,1.0
907,31,4436,supports_refusal,0.010152434930205345,0.010152434930205345,0.012874985113739967,0.011621165089309216,0.800000011920929,0.800000011920929
908,31,13038,suppresses_refusal,-0.0101318359375,0.0101318359375,0.01088867150247097,0.007192694582045078,0.125,0.875
909,28,9158,suppresses_refusal,-0.01012964267283678,0.01012964267283678,0.01012964267283678,0.006208833772689104,0.0,1.0
910,30,2059,suppresses_refusal,-0.010129546746611595,0.010129546746611595,0.010129546746611595,0.002565504750236869,0.0,1.0
911,9,646,supports_refusal,0.01012511271983385,0.01012511271983385,0.01057057362049818,0.012210574001073837,0.8999999761581421,0.8999999761581421
912,31,12423,supports_refusal,0.01012496929615736,0.01012496929615736,0.0118408203125,0.009419776499271393,0.875,0.875
913,5,1606,supports_refusal,0.01012356299906969,0.01012356299906969,0.01043026428669691,0.010819454677402973,0.9750000238418579,0.9750000238418579
914,16,2610,suppresses_refusal,-0.010119199752807617,0.010119199752807617,0.010296965017914772,0.011335327289998531,0.05000000074505806,0.949999988079071
915,28,1478,supports_refusal,0.010118842124938965,0.010118842124938965,0.010201811790466309,0.010047120042145252,0.949999988079071,0.949999988079071
916,6,8455,suppresses_refusal,-0.010117530822753906,0.010117530822753906,0.010117530822753906,0.007931637577712536,0.0,1.0
917,31,5068,suppresses_refusal,-0.0101165771484375,0.0101165771484375,0.0101165771484375,0.002006272552534938,0.0,1.0
918,18,8429,supports_refusal,0.010116362944245338,0.010116362944245338,0.010142112150788307,0.012354383245110512,0.9750000238418579,0.9750000238418579
919,30,7048,suppresses_refusal,-0.010113716125488281,0.010113716125488281,0.010166740044951439,0.0058497716672718525,0.02500000037252903,0.9750000238418579
920,4,9488,suppresses_refusal,-0.010111808776855469,0.010111808776855469,0.011450767517089844,0.015174342319369316,0.125,0.875
921,31,10075,suppresses_refusal,-0.010101700201630592,0.010101700201630592,0.010101700201630592,0.006114175543189049,0.0,1.0
922,30,1464,suppresses_refusal,-0.010097789578139782,0.010097789578139782,0.015261555090546608,0.014666403643786907,0.20000000298023224,0.800000011920929
923,31,9995,supports_refusal,0.01009445171803236,0.01009445171803236,0.01009445171803236,0.003889378160238266,1.0,1.0
924,29,13865,supports_refusal,0.010084914974868298,0.010084914974868298,0.010084914974868298,0.004179124720394611,1.0,1.0
925,30,35,supports_refusal,0.010064172558486462,0.010064172558486462,0.011066580191254616,0.006814248394221067,0.925000011920929,0.925000011920929
926,29,8502,suppresses_refusal,-0.01006393413990736,0.01006393413990736,0.01006393413990736,0.0028610960580408573,0.0,1.0
927,30,6327,suppresses_refusal,-0.010057354345917702,0.010057354345917702,0.010087299160659313,0.0037409618962556124,0.02500000037252903,0.9750000238418579
928,27,14191,suppresses_refusal,-0.010049057193100452,0.010049057193100452,0.010296249762177467,0.005203893408179283,0.02500000037252903,0.9750000238418579
929,26,6479,suppresses_refusal,-0.01003952044993639,0.01003952044993639,0.014446258544921875,0.01435964833945036,0.10000000149011612,0.8999999761581421
930,30,6610,suppresses_refusal,-0.010036277584731579,0.010036277584731579,0.010078621096909046,0.004952519666403532,0.02500000037252903,0.9750000238418579
931,17,10586,suppresses_refusal,-0.010035323910415173,0.010035323910415173,0.010035323910415173,0.00452821422368288,0.0,1.0
932,30,7660,supports_refusal,0.010024452582001686,0.010024452582001686,0.011380958370864391,0.008715267293155193,0.875,0.875
933,31,13304,supports_refusal,0.009995555505156517,0.009995555505156517,0.009995555505156517,0.006547900382429361,1.0,1.0
934,28,13243,suppresses_refusal,-0.009984207339584827,0.009984207339584827,0.009984207339584827,0.003815653035417199,0.0,1.0
935,18,4570,suppresses_refusal,-0.009982233867049217,0.009982233867049217,0.01039307750761509,0.009424634277820587,0.10000000149011612,0.8999999761581421
936,14,3766,supports_refusal,0.009976816363632679,0.009976816363632679,0.009976816363632679,0.007886402308940887,1.0,1.0
937,31,11194,suppresses_refusal,-0.009971809573471546,0.009971809573471546,0.009971809573471546,0.006221071816980839,0.0,1.0
938,29,9301,suppresses_refusal,-0.00997095089405775,0.00997095089405775,0.00997095089405775,0.00643427949398756,0.0,1.0
939,31,8350,suppresses_refusal,-0.009955215267837048,0.009955215267837048,0.012414932250976562,0.009568002074956894,0.125,0.875
940,3,11147,suppresses_refusal,-0.009944629855453968,0.009944629855453968,0.009944629855453968,0.009174851700663567,0.0,1.0
941,2,12087,suppresses_refusal,-0.009943639859557152,0.009943639859557152,0.01024240255355835,0.021687760949134827,0.17499999701976776,0.824999988079071
942,30,2730,supports_refusal,0.009940147399902344,0.009940147399902344,0.012496376410126686,0.009866400621831417,0.824999988079071,0.824999988079071
943,0,2378,suppresses_refusal,-0.009917831048369408,0.009917831048369408,0.009917831048369408,0.005901669152081013,0.0,1.0
944,31,2420,suppresses_refusal,-0.00991668738424778,0.00991668738424778,0.00991668738424778,0.004492280073463917,0.0,1.0
945,31,4097,supports_refusal,0.00991292018443346,0.00991292018443346,0.010120153427124023,0.007002572994679213,0.8999999761581421,0.8999999761581421
946,29,7523,supports_refusal,0.009907054714858532,0.009907054714858532,0.009907054714858532,0.004005709663033485,1.0,1.0
947,30,13848,suppresses_refusal,-0.009900093078613281,0.009900093078613281,0.012384986504912376,0.011642253026366234,0.20000000298023224,0.800000011920929
948,28,936,suppresses_refusal,-0.009898376651108265,0.009898376651108265,0.009898376651108265,0.003630210179835558,0.0,1.0
949,31,609,supports_refusal,0.009897613897919655,0.009897613897919655,0.01280364952981472,0.013422256335616112,0.7749999761581421,0.7749999761581421
950,16,11588,suppresses_refusal,-0.009882641024887562,0.009882641024887562,0.009935284033417702,0.00895718950778246,0.02500000037252903,0.9750000238418579
951,8,7034,suppresses_refusal,-0.00987930316478014,0.00987930316478014,0.011241912841796875,0.01044020801782608,0.10000000149011612,0.8999999761581421
952,27,7680,supports_refusal,0.009876823052763939,0.009876823052763939,0.010324669070541859,0.006956733763217926,0.925000011920929,0.925000011920929
953,28,3340,supports_refusal,0.009854316711425781,0.009854316711425781,0.010899543762207031,0.009975407272577286,0.8999999761581421,0.8999999761581421
954,31,7124,supports_refusal,0.009809494018554688,0.009809494018554688,0.009809494018554688,0.004847853444516659,1.0,1.0
955,19,629,supports_refusal,0.009786796756088734,0.009786796756088734,0.009786796756088734,0.005927902180701494,1.0,1.0
956,15,642,suppresses_refusal,-0.009785175323486328,0.009785175323486328,0.00989236868917942,0.009061192162334919,0.05000000074505806,0.949999988079071
957,0,8509,suppresses_refusal,-0.009769630618393421,0.009769630618393421,0.009867286309599876,0.010871676728129387,0.05000000074505806,0.949999988079071
958,27,10202,suppresses_refusal,-0.009762597270309925,0.009762597270309925,0.009830117225646973,0.0073441569693386555,0.02500000037252903,0.9750000238418579
959,3,5533,suppresses_refusal,-0.009756731800734997,0.009756731800734997,0.010314678773283958,0.01072825025767088,0.07500000298023224,0.925000011920929
960,29,9831,suppresses_refusal,-0.009754466824233532,0.009754466824233532,0.009754466824233532,0.004417174495756626,0.0,1.0
961,6,2570,supports_refusal,0.009730244055390358,0.009730244055390358,0.010194873437285423,0.009445009753108025,0.925000011920929,0.925000011920929
962,25,6452,suppresses_refusal,-0.009729767218232155,0.009729767218232155,0.009778976440429688,0.007960066199302673,0.02500000037252903,0.9750000238418579
963,10,9064,supports_refusal,0.009729099459946156,0.009729099459946156,0.018679141998291016,0.04614232853055,0.699999988079071,0.699999988079071
964,31,9312,suppresses_refusal,-0.00972824078053236,0.00972824078053236,0.00972824078053236,0.003168023657053709,0.0,1.0
965,22,6459,suppresses_refusal,-0.009691906161606312,0.009691906161606312,0.009691906161606312,0.0057729328982532024,0.0,1.0
966,30,1228,supports_refusal,0.009685325436294079,0.009685325436294079,0.009685325436294079,0.004342766012996435,1.0,1.0
967,31,5556,suppresses_refusal,-0.00968170166015625,0.00968170166015625,0.00968170166015625,0.0050151473842561245,0.0,1.0
968,27,6188,supports_refusal,0.009670639410614967,0.009670639410614967,0.009670639410614967,0.004381492268294096,1.0,1.0
969,17,303,suppresses_refusal,-0.009665489196777344,0.009665489196777344,0.010701370425522327,0.009321378543972969,0.07500000298023224,0.925000011920929
970,28,10999,supports_refusal,0.009627151302993298,0.009627151302993298,0.009627151302993298,0.003718049731105566,1.0,1.0
971,31,13402,supports_refusal,0.009626055136322975,0.009626055136322975,0.012319231405854225,0.013785448856651783,0.75,0.75
972,31,13001,suppresses_refusal,-0.009624099358916283,0.009624099358916283,0.009658431634306908,0.003270863089710474,0.02500000037252903,0.9750000238418579
973,15,256,supports_refusal,0.00962142925709486,0.00962142925709486,0.009828949347138405,0.006157791242003441,0.9750000238418579,0.9750000238418579
974,12,6790,supports_refusal,0.009612083435058594,0.009612083435058594,0.009902382269501686,0.00981583259999752,0.925000011920929,0.925000011920929
975,5,4138,suppresses_refusal,-0.00961008109152317,0.00961008109152317,0.00994100607931614,0.010427121073007584,0.10000000149011612,0.8999999761581421
976,28,7087,supports_refusal,0.009602737613022327,0.009602737613022327,0.009602737613022327,0.00295157078653574,1.0,1.0
977,31,8254,supports_refusal,0.00959091167896986,0.00959091167896986,0.00959091167896986,0.005385721568018198,1.0,1.0
978,14,7342,supports_refusal,0.009587859734892845,0.009587859734892845,0.00983428955078125,0.0076690902933478355,0.8999999761581421,0.8999999761581421
979,25,744,suppresses_refusal,-0.009587001986801624,0.009587001986801624,0.009786128997802734,0.008761516772210598,0.05000000074505806,0.949999988079071
980,30,11158,suppresses_refusal,-0.00958251953125,0.00958251953125,0.00958251953125,0.0044656493701040745,0.0,1.0
981,30,422,supports_refusal,0.009576034732162952,0.009576034732162952,0.020198440179228783,0.022115541622042656,0.675000011920929,0.675000011920929
982,28,3790,supports_refusal,0.009560013189911842,0.009560013189911842,0.009560013189911842,0.004377651959657669,1.0,1.0
983,6,10653,suppresses_refusal,-0.009557962417602539,0.009557962417602539,0.00960240326821804,0.00786637794226408,0.02500000037252903,0.9750000238418579
984,26,14176,suppresses_refusal,-0.009556579403579235,0.009556579403579235,0.00993423443287611,0.008556609973311424,0.10000000149011612,0.8999999761581421
985,26,13860,suppresses_refusal,-0.009540557861328125,0.009540557861328125,0.009540557861328125,0.0037854942493140697,0.0,1.0
986,6,8990,suppresses_refusal,-0.009538555517792702,0.009538555517792702,0.010932445526123047,0.012920783832669258,0.125,0.875
987,28,8276,supports_refusal,0.00953598041087389,0.00953598041087389,0.00953598041087389,0.004766114987432957,1.0,1.0
988,13,7977,suppresses_refusal,-0.009511971846222878,0.009511971846222878,0.009664559736847878,0.009942246600985527,0.125,0.875
989,31,2127,supports_refusal,0.009511184878647327,0.009511184878647327,0.010431289672851562,0.007304222788661718,0.925000011920929,0.925000011920929
990,28,11929,supports_refusal,0.009510612115263939,0.009510612115263939,0.010122490115463734,0.007673909422010183,0.8999999761581421,0.8999999761581421
991,1,31,supports_refusal,0.009510469622910023,0.009510469622910023,0.010496187023818493,0.009518982842564583,0.925000011920929,0.925000011920929
992,29,1516,suppresses_refusal,-0.009503746405243874,0.009503746405243874,0.009503746405243874,0.005706296768039465,0.0,1.0
993,28,7284,suppresses_refusal,-0.009500885382294655,0.009500885382294655,0.009500885382294655,0.0026410261634737253,0.0,1.0
994,30,8771,suppresses_refusal,-0.009487533941864967,0.009487533941864967,0.012678909115493298,0.01336395088583231,0.15000000596046448,0.8500000238418579
995,30,959,supports_refusal,0.009471511468291283,0.009471511468291283,0.009804153814911842,0.0070856171660125256,0.9750000238418579,0.9750000238418579
996,29,10833,suppresses_refusal,-0.009467887692153454,0.009467887692153454,0.009705925360321999,0.006697834003716707,0.07500000298023224,0.925000011920929
997,9,1542,suppresses_refusal,-0.009467840194702148,0.009467840194702148,0.012331056408584118,0.01420899759978056,0.25,0.75
998,31,8214,suppresses_refusal,-0.009465026669204235,0.009465026669204235,0.010051727294921875,0.008516241796314716,0.10000000149011612,0.8999999761581421
999,0,9832,supports_refusal,0.009464693255722523,0.009464693255722523,0.009714936837553978,0.00802247691899538,0.949999988079071,0.949999988079071
1000,29,11835,suppresses_refusal,-0.009461378678679466,0.009461378678679466,0.013644623570144176,0.013394794426858425,0.17499999701976776,0.824999988079071
1001,30,7674,supports_refusal,0.00945968646556139,0.00945968646556139,0.00945968646556139,0.003725252812728286,1.0,1.0
1002,30,1674,suppresses_refusal,-0.009459495544433594,0.009459495544433594,0.012565421871840954,0.012102939188480377,0.22499999403953552,0.7749999761581421
1003,29,578,suppresses_refusal,-0.009449386969208717,0.009449386969208717,0.009624863043427467,0.004728629719465971,0.05000000074505806,0.949999988079071
1004,29,2928,supports_refusal,0.009439373388886452,0.009439373388886452,0.009439373388886452,0.0036526392214000225,1.0,1.0
1005,30,760,supports_refusal,0.009431648068130016,0.009431648068130016,0.009431648068130016,0.003973682411015034,1.0,1.0
1006,0,12719,suppresses_refusal,-0.009422493167221546,0.009422493167221546,0.009678840637207031,0.012541609816253185,0.02500000037252903,0.9750000238418579
1007,31,13750,suppresses_refusal,-0.009416962042450905,0.009416962042450905,0.00958175677806139,0.0035212188959121704,0.05000000074505806,0.949999988079071
1008,13,1325,supports_refusal,0.00940637569874525,0.00940637569874525,0.010475444607436657,0.0119255892932415,0.8500000238418579,0.8500000238418579
1009,29,108,supports_refusal,0.0094003202393651,0.0094003202393651,0.013247442431747913,0.012450264766812325,0.875,0.875
1010,13,348,suppresses_refusal,-0.00939865130931139,0.00939865130931139,0.00959701556712389,0.00654637860134244,0.02500000037252903,0.9750000238418579
1011,28,13560,supports_refusal,0.009388732723891735,0.009388732723891735,0.009388732723891735,0.0035347705706954002,1.0,1.0
1012,30,3807,suppresses_refusal,-0.009383010677993298,0.009383010677993298,0.009622573852539062,0.005140696652233601,0.02500000037252903,0.9750000238418579
1013,28,6665,suppresses_refusal,-0.009379958733916283,0.009379958733916283,0.011628341861069202,0.010935299098491669,0.17499999701976776,0.824999988079071
1014,29,4745,supports_refusal,0.009377831593155861,0.009377831593155861,0.009507531300187111,0.010193351656198502,0.9750000238418579,0.9750000238418579
1015,4,9067,supports_refusal,0.00937127135694027,0.00937127135694027,0.01374951284378767,0.0627271831035614,0.44999998807907104,0.550000011920929
1016,15,8390,suppresses_refusal,-0.009365057572722435,0.009365057572722435,0.009365057572722435,0.005847011227160692,0.0,1.0
1017,31,11999,supports_refusal,0.009363556280732155,0.009363556280732155,0.022808074951171875,0.02813238836824894,0.5,0.5
1018,23,10213,supports_refusal,0.009355545043945312,0.009355545043945312,0.011285781860351562,0.012182378210127354,0.8500000238418579,0.8500000238418579
1019,21,12554,supports_refusal,0.009353923611342907,0.009353923611342907,0.01059656124562025,0.009561393409967422,0.824999988079071,0.824999988079071
1020,31,5874,suppresses_refusal,-0.009351158514618874,0.009351158514618874,0.009351158514618874,0.005370296537876129,0.0,1.0
1021,6,13218,supports_refusal,0.009350204840302467,0.009350204840302467,0.009399795904755592,0.008551151491701603,0.9750000238418579,0.9750000238418579
1022,14,4413,supports_refusal,0.009341907687485218,0.009341907687485218,0.009439563378691673,0.006593388970941305,0.9750000238418579,0.9750000238418579
1023,31,3794,supports_refusal,0.009336089715361595,0.009336089715361595,0.009412383660674095,0.005852576810866594,0.9750000238418579,0.9750000238418579
1024,31,5540,supports_refusal,0.009329795837402344,0.009329795837402344,0.009844398126006126,0.01010928489267826,0.875,0.875
1025,15,8697,suppresses_refusal,-0.009324264712631702,0.009324264712631702,0.010162735357880592,0.009706958197057247,0.15000000596046448,0.8500000238418579
1026,29,9790,suppresses_refusal,-0.009322929196059704,0.009322929196059704,0.010905265808105469,0.00889746192842722,0.125,0.875
1027,19,10070,suppresses_refusal,-0.009305572137236595,0.009305572137236595,0.009305572137236595,0.002806467469781637,0.0,1.0
1028,27,2666,supports_refusal,0.00930411834269762,0.00930411834269762,0.009726643562316895,0.006319953594356775,0.949999988079071,0.949999988079071
1029,29,9154,suppresses_refusal,-0.009299946017563343,0.009299946017563343,0.00933008175343275,0.0052467454224824905,0.02500000037252903,0.9750000238418579
1030,31,2930,suppresses_refusal,-0.009291457943618298,0.009291457943618298,0.009398269467055798,0.0034748075995594263,0.02500000037252903,0.9750000238418579
1031,31,1000,supports_refusal,0.009288978762924671,0.009288978762924671,0.009370232000946999,0.005384366028010845,0.9750000238418579,0.9750000238418579
1032,26,5269,supports_refusal,0.00928506813943386,0.00928506813943386,0.00928506813943386,0.003525438951328397,1.0,1.0
1033,29,1710,supports_refusal,0.009276485070586205,0.009276485070586205,0.009749507531523705,0.007816001772880554,0.925000011920929,0.925000011920929
1034,2,636,supports_refusal,0.009276295080780983,0.009276295080780983,0.01012430153787136,0.014123630709946156,0.875,0.875
1035,2,2285,supports_refusal,0.009275699034333229,0.009275699034333229,0.010448336601257324,0.01595429703593254,0.8999999761581421,0.8999999761581421
1036,31,9734,supports_refusal,0.009263992309570312,0.009263992309570312,0.011158371344208717,0.008295480161905289,0.875,0.875
1037,18,9419,supports_refusal,0.009228515438735485,0.009228515438735485,0.009547424502670765,0.006791791412979364,0.949999988079071,0.949999988079071
1038,25,1642,suppresses_refusal,-0.009212684817612171,0.009212684817612171,0.009212684817612171,0.0060190302319824696,0.0,1.0
1039,30,50,suppresses_refusal,-0.00920791644603014,0.00920791644603014,0.00920791644603014,0.00214019394479692,0.0,1.0
1040,8,8277,supports_refusal,0.009204196743667126,0.009204196743667126,0.009282207116484642,0.011185889132320881,0.925000011920929,0.925000011920929
1041,31,13890,suppresses_refusal,-0.009200096130371094,0.009200096130371094,0.009575461968779564,0.005398672539740801,0.02500000037252903,0.9750000238418579
1042,30,8142,supports_refusal,0.009199142456054688,0.009199142456054688,0.010698318481445312,0.009570217691361904,0.824999988079071,0.824999988079071
1043,5,447,suppresses_refusal,-0.00917739886790514,0.00917739886790514,0.010040665045380592,0.009926585480570793,0.07500000298023224,0.925000011920929
1044,12,3700,supports_refusal,0.00917673110961914,0.00917673110961914,0.009932613000273705,0.010198965668678284,0.925000011920929,0.925000011920929
1045,1,198,suppresses_refusal,-0.009174632839858532,0.009174632839858532,0.018550585955381393,0.02962195873260498,0.4000000059604645,0.6000000238418579
1046,12,11210,supports_refusal,0.009167480282485485,0.009167480282485485,0.009167480282485485,0.006016741041094065,1.0,1.0
1047,31,10073,supports_refusal,0.009162688627839088,0.009162688627839088,0.010269713588058949,0.006859371438622475,0.925000011920929,0.925000011920929
1048,30,6659,supports_refusal,0.009159850887954235,0.009159850887954235,0.01143035851418972,0.008863587863743305,0.8999999761581421,0.8999999761581421
1049,16,6950,supports_refusal,0.009158134460449219,0.009158134460449219,0.010920142754912376,0.00914858840405941,0.875,0.875
1050,31,3616,supports_refusal,0.009152698330581188,0.009152698330581188,0.010388469323515892,0.009948549792170525,0.875,0.875
1051,27,11972,suppresses_refusal,-0.009148120880126953,0.009148120880126953,0.009148120880126953,0.005185518879443407,0.0,1.0
1052,7,13397,suppresses_refusal,-0.009141981601715088,0.009141981601715088,0.010687196627259254,0.009569672867655754,0.10000000149011612,0.8999999761581421
1053,20,14322,suppresses_refusal,-0.009124564938247204,0.009124564938247204,0.009124564938247204,0.005070164334028959,0.0,1.0
1054,31,5059,suppresses_refusal,-0.009123450145125389,0.009123450145125389,0.009123450145125389,0.005861992947757244,0.0,1.0
1055,16,6521,suppresses_refusal,-0.00911560095846653,0.00911560095846653,0.01701202429831028,0.01917201280593872,0.32499998807907104,0.675000011920929
1056,18,6877,suppresses_refusal,-0.009101128205657005,0.009101128205657005,0.00910184346139431,0.005464920774102211,0.02500000037252903,0.9750000238418579
1057,31,11489,supports_refusal,0.009094906039536,0.009094906039536,0.00934381503611803,0.008886372670531273,0.875,0.875
1058,14,6433,supports_refusal,0.009091949090361595,0.009091949090361595,0.009141921997070312,0.0067935511469841,0.9750000238418579,0.9750000238418579
1059,27,11990,supports_refusal,0.00908441562205553,0.00908441562205553,0.00922536849975586,0.007401336915791035,0.949999988079071,0.949999988079071
1060,14,14264,supports_refusal,0.009073829278349876,0.009073829278349876,0.010593605227768421,0.009003478102385998,0.824999988079071,0.824999988079071
1061,30,1456,supports_refusal,0.00907135009765625,0.00907135009765625,0.00907135009765625,0.0032063124235719442,1.0,1.0
1062,30,10312,suppresses_refusal,-0.009068298153579235,0.009068298153579235,0.009068298153579235,0.0029033974278718233,0.0,1.0
1063,24,1676,suppresses_refusal,-0.009067106060683727,0.009067106060683727,0.00918192882090807,0.005945985671132803,0.05000000074505806,0.949999988079071
1064,31,12861,suppresses_refusal,-0.009057235904037952,0.009057235904037952,0.027911758050322533,0.0337202362716198,0.375,0.625
1065,1,7050,supports_refusal,0.009052038192749023,0.009052038192749023,0.009453678503632545,0.015085116028785706,0.949999988079071,0.949999988079071
1066,31,437,supports_refusal,0.009049033746123314,0.009049033746123314,0.009483909234404564,0.006516315508633852,0.925000011920929,0.925000011920929
1067,31,4726,suppresses_refusal,-0.00904769916087389,0.00904769916087389,0.009252166375517845,0.00516807334497571,0.02500000037252903,0.9750000238418579
1068,31,12941,supports_refusal,0.009044242091476917,0.009044242091476917,0.010573983192443848,0.00840163603425026,0.824999988079071,0.824999988079071
1069,12,6078,suppresses_refusal,-0.009042453952133656,0.009042453952133656,0.009042453952133656,0.00563094625249505,0.0,1.0
1070,30,3261,supports_refusal,0.009041952900588512,0.009041952900588512,0.009041952900588512,0.005748308729380369,1.0,1.0
1071,5,9255,supports_refusal,0.009036445990204811,0.009036445990204811,0.009465026669204235,0.018624484539031982,0.8500000238418579,0.8500000238418579
1072,31,9119,suppresses_refusal,-0.009035110473632812,0.009035110473632812,0.013311386108398438,0.013928073458373547,0.25,0.75
1073,2,9950,suppresses_refusal,-0.009001350030303001,0.009001350030303001,0.009594535455107689,0.03813447430729866,0.30000001192092896,0.699999988079071
1074,31,8193,suppresses_refusal,-0.009000778198242188,0.009000778198242188,0.012305831536650658,0.011390295810997486,0.15000000596046448,0.8500000238418579
1075,17,5391,supports_refusal,0.009000444784760475,0.009000444784760475,0.009042596444487572,0.0071593220345675945,0.9750000238418579,0.9750000238418579
1076,31,5437,suppresses_refusal,-0.00899120606482029,0.00899120606482029,0.009439337067306042,0.006142850033938885,0.125,0.875
1077,30,13047,suppresses_refusal,-0.00897207297384739,0.00897207297384739,0.017004871740937233,0.018897393718361855,0.3499999940395355,0.6499999761581421
1078,2,2948,supports_refusal,0.008970851078629494,0.008970851078629494,0.009698313660919666,0.023066863417625427,0.875,0.875
1079,30,459,supports_refusal,0.008968735113739967,0.008968735113739967,0.008968735113739967,0.005519470665603876,1.0,1.0
1080,8,6823,supports_refusal,0.008961630053818226,0.008961630053818226,0.010170603170990944,0.027483459562063217,0.625,0.625
1081,26,11322,suppresses_refusal,-0.00895862840116024,0.00895862840116024,0.01191730797290802,0.014039061963558197,0.25,0.75
1082,3,9094,supports_refusal,0.008956670761108398,0.008956670761108398,0.010613203048706055,0.010703356936573982,0.875,0.875
1083,28,12087,suppresses_refusal,-0.008954619988799095,0.008954619988799095,0.008954619988799095,0.004315514117479324,0.0,1.0
1084,6,10442,supports_refusal,0.008953857235610485,0.008953857235610485,0.008953857235610485,0.005386697594076395,1.0,1.0
1085,29,2205,supports_refusal,0.008953476324677467,0.008953476324677467,0.009107589721679688,0.003298261435702443,0.9750000238418579,0.9750000238418579
1086,31,13340,supports_refusal,0.00895240344107151,0.00895240344107151,0.00901420135051012,0.00590613903477788,0.9750000238418579,0.9750000238418579
1087,27,6816,supports_refusal,0.008944702334702015,0.008944702334702015,0.00896530132740736,0.005337089765816927,0.9750000238418579,0.9750000238418579
1088,31,2800,supports_refusal,0.00894088763743639,0.00894088763743639,0.014925384894013405,0.015569984912872314,0.7250000238418579,0.7250000238418579
1089,2,6123,supports_refusal,0.008931691758334637,0.008931691758334637,0.00906438659876585,0.05393312871456146,0.6000000238418579,0.6000000238418579
1090,9,12694,supports_refusal,0.008926344104111195,0.008926344104111195,0.008926344104111195,0.011151101440191269,1.0,1.0
1091,31,10956,suppresses_refusal,-0.008924484252929688,0.008924484252929688,0.024192046374082565,0.03275648131966591,0.30000001192092896,0.699999988079071
1092,30,6424,supports_refusal,0.008923912420868874,0.008923912420868874,0.008982276543974876,0.0040368917398154736,0.9750000238418579,0.9750000238418579
1093,30,8321,supports_refusal,0.008922958746552467,0.008922958746552467,0.009601974859833717,0.007351385895162821,0.8999999761581421,0.8999999761581421
1094,31,7429,supports_refusal,0.00890817679464817,0.00890817679464817,0.00890817679464817,0.005384680349379778,1.0,1.0
1095,26,8029,supports_refusal,0.008904337882995605,0.008904337882995605,0.00966346263885498,0.0066799018532037735,0.949999988079071,0.949999988079071
1096,31,12111,supports_refusal,0.008898925967514515,0.008898925967514515,0.008898925967514515,0.0030947201885282993,1.0,1.0
1097,4,576,supports_refusal,0.008895015344023705,0.008895015344023705,0.00912942923605442,0.007619622629135847,0.925000011920929,0.925000011920929
1098,27,3365,supports_refusal,0.00888900738209486,0.00888900738209486,0.00888900738209486,0.00368488859385252,1.0,1.0
1099,21,4577,suppresses_refusal,-0.008888435550034046,0.008888435550034046,0.009507942013442516,0.006270814221352339,0.02500000037252903,0.9750000238418579
1100,30,1514,supports_refusal,0.008884811773896217,0.008884811773896217,0.008884811773896217,0.004530663136392832,1.0,1.0
1101,26,4323,supports_refusal,0.008884286507964134,0.008884286507964134,0.009876107797026634,0.00929259229451418,0.875,0.875
1102,28,12949,suppresses_refusal,-0.008874893188476562,0.008874893188476562,0.008931350894272327,0.003943202551454306,0.02500000037252903,0.9750000238418579
1103,30,6080,supports_refusal,0.008872032165527344,0.008872032165527344,0.008872032165527344,0.00450395792722702,1.0,1.0
1104,31,7175,supports_refusal,0.00885848980396986,0.00885848980396986,0.00885848980396986,0.0036195877473801374,1.0,1.0
1105,1,13087,suppresses_refusal,-0.008858108893036842,0.008858108893036842,0.008858108893036842,0.005400532390922308,0.0,1.0
1106,14,13482,supports_refusal,0.008846854791045189,0.008846854791045189,0.009490775875747204,0.005692479200661182,0.9750000238418579,0.9750000238418579
1107,12,9114,supports_refusal,0.008844852447509766,0.008844852447509766,0.014865589328110218,0.01892831176519394,0.7250000238418579,0.7250000238418579
1108,31,9804,suppresses_refusal,-0.008839989081025124,0.008839989081025124,0.008839989081025124,0.004371164366602898,0.0,1.0
1109,26,12054,suppresses_refusal,-0.008838271722197533,0.008838271722197533,0.008838271722197533,0.002281386638060212,0.0,1.0
1110,26,8456,supports_refusal,0.0088332649320364,0.0088332649320364,0.008967923931777477,0.005993667524307966,0.949999988079071,0.949999988079071
1111,31,4032,suppresses_refusal,-0.008809852413833141,0.008809852413833141,0.008809852413833141,0.0028244447894394398,0.0,1.0
1112,30,8634,suppresses_refusal,-0.008788871578872204,0.008788871578872204,0.008788871578872204,0.004130678717046976,0.0,1.0
1113,26,14124,supports_refusal,0.008788680657744408,0.008788680657744408,0.008847045712172985,0.006542342249304056,0.9750000238418579,0.9750000238418579
1114,30,11574,suppresses_refusal,-0.008785748854279518,0.008785748854279518,0.009844708256423473,0.008475884795188904,0.10000000149011612,0.8999999761581421
1115,19,2534,supports_refusal,0.008776092901825905,0.008776092901825905,0.009639739990234375,0.005589117296040058,0.925000011920929,0.925000011920929
1116,30,13759,supports_refusal,0.008733177557587624,0.008733177557587624,0.008733177557587624,0.004383401479572058,1.0,1.0
1117,28,4166,supports_refusal,0.008728981018066406,0.008728981018066406,0.009853553958237171,0.008046763949096203,0.875,0.875
1118,3,5299,supports_refusal,0.008722210302948952,0.008722210302948952,0.008767222985625267,0.0067199477925896645,0.9750000238418579,0.9750000238418579
1119,31,11541,supports_refusal,0.008722114376723766,0.008722114376723766,0.010143470950424671,0.011059407144784927,0.875,0.875
1120,14,8660,suppresses_refusal,-0.008715438656508923,0.008715438656508923,0.008715438656508923,0.0028602168895304203,0.0,1.0
1121,31,8595,suppresses_refusal,-0.008715247735381126,0.008715247735381126,0.008715247735381126,0.004984949715435505,0.0,1.0
1122,11,789,supports_refusal,0.008714580908417702,0.008714580908417702,0.009967422112822533,0.010486500337719917,0.824999988079071,0.824999988079071
1123,14,5637,supports_refusal,0.008710766211152077,0.008710766211152077,0.008813190273940563,0.006955588236451149,0.949999988079071,0.949999988079071
1124,21,6790,suppresses_refusal,-0.008701893500983715,0.008701893500983715,0.008969810791313648,0.023424144834280014,0.2750000059604645,0.7250000238418579
1125,31,4110,suppresses_refusal,-0.008701419457793236,0.008701419457793236,0.008701419457793236,0.002833080245181918,0.0,1.0
1126,31,3191,supports_refusal,0.008700179867446423,0.008700179867446423,0.009267807006835938,0.004090007394552231,0.9750000238418579,0.9750000238418579
1127,21,12113,supports_refusal,0.008679389953613281,0.008679389953613281,0.008706474676728249,0.008379143662750721,0.9750000238418579,0.9750000238418579
1128,29,11384,suppresses_refusal,-0.00867614708840847,0.00867614708840847,0.00867614708840847,0.002569221192970872,0.0,1.0
1129,27,11968,suppresses_refusal,-0.008673286065459251,0.008673286065459251,0.008741187863051891,0.004683812148869038,0.02500000037252903,0.9750000238418579
1130,30,14109,supports_refusal,0.008671951480209827,0.008671951480209827,0.008671951480209827,0.005235066171735525,1.0,1.0
1131,26,7919,suppresses_refusal,-0.008666610345244408,0.008666610345244408,0.009255600161850452,0.007628428749740124,0.07500000298023224,0.925000011920929
1132,13,12409,supports_refusal,0.008663177490234375,0.008663177490234375,0.01071090716868639,0.00897921808063984,0.949999988079071,0.949999988079071
1133,24,14081,supports_refusal,0.00865249615162611,0.00865249615162611,0.008852386847138405,0.004997021518647671,0.9750000238418579,0.9750000238418579
1134,28,6305,suppresses_refusal,-0.008650016970932484,0.008650016970932484,0.015766333788633347,0.018626214936375618,0.3499999940395355,0.6499999761581421
1135,30,11618,supports_refusal,0.008626937866210938,0.008626937866210938,0.008626937866210938,0.004662396386265755,1.0,1.0
1136,31,8496,suppresses_refusal,-0.008623505011200905,0.008623505011200905,0.008623505011200905,0.002235419349744916,0.0,1.0
1137,6,3502,suppresses_refusal,-0.008618354797363281,0.008618354797363281,0.014124870300292969,0.016088055446743965,0.22499999403953552,0.7749999761581421
1138,21,7323,suppresses_refusal,-0.00861436128616333,0.00861436128616333,0.008638298138976097,0.007035303860902786,0.05000000074505806,0.949999988079071
1139,14,6293,supports_refusal,0.008612250909209251,0.008612250909209251,0.008612250909209251,0.006018614396452904,1.0,1.0
1140,26,9802,supports_refusal,0.008601188659667969,0.008601188659667969,0.008601188659667969,0.004168840125203133,1.0,1.0
1141,12,12926,supports_refusal,0.008600759319961071,0.008600759319961071,0.008754873648285866,0.008573495782911777,0.925000011920929,0.925000011920929
1142,26,11122,supports_refusal,0.008592438884079456,0.008592438884079456,0.008592438884079456,0.006761233322322369,1.0,1.0
1143,16,5225,suppresses_refusal,-0.008590715937316418,0.008590715937316418,0.009189683012664318,0.020313000306487083,0.2750000059604645,0.7250000238418579
1144,13,9215,suppresses_refusal,-0.008578491397202015,0.008578491397202015,0.014151382260024548,0.016754068434238434,0.375,0.625
1145,11,41,supports_refusal,0.00857686996459961,0.00857686996459961,0.008599186316132545,0.006022491492331028,0.9750000238418579,0.9750000238418579
1146,16,2089,suppresses_refusal,-0.008576774969696999,0.008576774969696999,0.008794975467026234,0.006082149688154459,0.02500000037252903,0.9750000238418579
1147,3,12007,supports_refusal,0.008573150262236595,0.008573150262236595,0.01076507568359375,0.010914050042629242,0.949999988079071,0.949999988079071
1148,11,4034,supports_refusal,0.008566712960600853,0.008566712960600853,0.009058808907866478,0.009706322103738785,0.875,0.875
1149,30,9485,suppresses_refusal,-0.008564663119614124,0.008564663119614124,0.008862972259521484,0.005647740792483091,0.07500000298023224,0.925000011920929
1150,22,13332,supports_refusal,0.00855407677590847,0.00855407677590847,0.008837128058075905,0.0037748957984149456,0.949999988079071,0.949999988079071
1151,31,2471,suppresses_refusal,-0.008544254116714,0.008544254116714,0.008544254116714,0.002975005190819502,0.0,1.0
1152,31,4983,supports_refusal,0.008541869930922985,0.008541869930922985,0.011553955264389515,0.012701790779829025,0.7250000238418579,0.7250000238418579
1153,22,7980,supports_refusal,0.008539080619812012,0.008539080619812012,0.01198718510568142,0.01344971265643835,0.699999988079071,0.699999988079071
1154,13,1119,suppresses_refusal,-0.008528709411621094,0.008528709411621094,0.008706474676728249,0.006381475366652012,0.05000000074505806,0.949999988079071
1155,15,10238,supports_refusal,0.00852813757956028,0.00852813757956028,0.008862304501235485,0.006197924725711346,0.949999988079071,0.949999988079071
1156,16,6924,supports_refusal,0.008526849560439587,0.008526849560439587,0.009068536572158337,0.008804182521998882,0.925000011920929,0.925000011920929
1157,25,9876,suppresses_refusal,-0.00851736031472683,0.00851736031472683,0.008584308438003063,0.0056220972910523415,0.05000000074505806,0.949999988079071
1158,31,5509,supports_refusal,0.00851516705006361,0.00851516705006361,0.008602619171142578,0.00753394328057766,0.925000011920929,0.925000011920929
1159,30,301,supports_refusal,0.008514893241226673,0.008514893241226673,0.009032929316163063,0.009596000425517559,0.875,0.875
1160,30,4438,suppresses_refusal,-0.008509683422744274,0.008509683422744274,0.008983468636870384,0.007322045974433422,0.05000000074505806,0.949999988079071
1161,29,7570,supports_refusal,0.008504867553710938,0.008504867553710938,0.008519744500517845,0.006237134337425232,0.9750000238418579,0.9750000238418579
1162,31,6159,supports_refusal,0.008504104800522327,0.008504104800522327,0.008504104800522327,0.0030951981898397207,1.0,1.0
1163,30,5131,suppresses_refusal,-0.008501196280121803,0.008501196280121803,0.008791303262114525,0.00888480618596077,0.07500000298023224,0.925000011920929
1164,14,13315,supports_refusal,0.008496379479765892,0.008496379479765892,0.008725261315703392,0.006370576564222574,0.949999988079071,0.949999988079071
1165,3,3271,suppresses_refusal,-0.008495235815644264,0.008495235815644264,0.00874338112771511,0.011110294610261917,0.07500000298023224,0.925000011920929
1166,31,5919,supports_refusal,0.008487129583954811,0.008487129583954811,0.02628002129495144,0.03703216835856438,0.6000000238418579,0.6000000238418579
1167,0,5691,supports_refusal,0.008481001481413841,0.008481001481413841,0.00992805976420641,0.018245579674839973,0.800000011920929,0.800000011920929
1168,28,10405,supports_refusal,0.008480072021484375,0.008480072021484375,0.008480072021484375,0.004005581606179476,1.0,1.0
1169,15,6543,supports_refusal,0.008459997363388538,0.008459997363388538,0.008595514111220837,0.006544513627886772,0.925000011920929,0.925000011920929
1170,30,3574,suppresses_refusal,-0.008457946591079235,0.008457946591079235,0.008457946591079235,0.0022832935210317373,0.0,1.0
1171,29,4918,suppresses_refusal,-0.008449745364487171,0.008449745364487171,0.008449745364487171,0.004178907256573439,0.0,1.0
1172,22,14250,suppresses_refusal,-0.00844573974609375,0.00844573974609375,0.00848541222512722,0.008615984581410885,0.05000000074505806,0.949999988079071
1173,12,2963,suppresses_refusal,-0.008445406332612038,0.008445406332612038,0.008622884750366211,0.010045192204415798,0.125,0.875
1174,30,10352,supports_refusal,0.008441800251603127,0.008441800251603127,0.008645504713058472,0.006434825249016285,0.949999988079071,0.949999988079071
1175,19,3088,suppresses_refusal,-0.00843358039855957,0.00843358039855957,0.008735704235732555,0.006622827611863613,0.02500000037252903,0.9750000238418579
1176,27,12947,suppresses_refusal,-0.008423996157944202,0.008423996157944202,0.008423996157944202,0.0031443333718925714,0.0,1.0
1177,29,449,supports_refusal,0.00842065829783678,0.00842065829783678,0.010802554897964,0.011551201343536377,0.8500000238418579,0.8500000238418579
1178,26,5239,suppresses_refusal,-0.008419227786362171,0.008419227786362171,0.008535194210708141,0.00600335281342268,0.02500000037252903,0.9750000238418579
1179,5,12491,suppresses_refusal,-0.008407210931181908,0.008407210931181908,0.008735847659409046,0.009284324944019318,0.10000000149011612,0.8999999761581421
1180,13,12428,suppresses_refusal,-0.008404922671616077,0.008404922671616077,0.01111526507884264,0.013083245605230331,0.25,0.75
1181,31,649,supports_refusal,0.008393431082367897,0.008393431082367897,0.008393431082367897,0.00527697941288352,1.0,1.0
1182,26,3370,suppresses_refusal,-0.008388519287109375,0.008388519287109375,0.008388519287109375,0.0025909580290317535,0.0,1.0
1183,31,9171,suppresses_refusal,-0.008383369073271751,0.008383369073271751,0.019346047192811966,0.021774454042315483,0.32499998807907104,0.675000011920929
1184,13,7290,supports_refusal,0.00837941188365221,0.00837941188365221,0.00892109889537096,0.00914997048676014,0.949999988079071,0.949999988079071
1185,13,9722,supports_refusal,0.008376884274184704,0.008376884274184704,0.008569526486098766,0.0052832672372460365,0.925000011920929,0.925000011920929
1186,8,6027,suppresses_refusal,-0.008375739678740501,0.008375739678740501,0.008375739678740501,0.005890847183763981,0.0,1.0
1187,9,7310,suppresses_refusal,-0.008362543769180775,0.008362543769180775,0.008858144283294678,0.030841466039419174,0.3499999940395355,0.6499999761581421
1188,31,9503,suppresses_refusal,-0.008356666192412376,0.008356666192412376,0.011402701959013939,0.011229642666876316,0.25,0.75
1189,10,9229,suppresses_refusal,-0.008353138342499733,0.008353138342499733,0.010416698642075062,0.012057214975357056,0.15000000596046448,0.8500000238418579
1190,30,2273,supports_refusal,0.008336258120834827,0.008336258120834827,0.008336258120834827,0.002676529111340642,1.0,1.0
1191,29,11576,suppresses_refusal,-0.00831527728587389,0.00831527728587389,0.008589744567871094,0.006460077129304409,0.07500000298023224,0.925000011920929
1192,13,6700,supports_refusal,0.008309030905365944,0.008309030905365944,0.00831904448568821,0.009045352227985859,0.949999988079071,0.949999988079071
1193,30,10174,supports_refusal,0.008305549621582031,0.008305549621582031,0.009055137634277344,0.009791321121156216,0.824999988079071,0.824999988079071
1194,31,11222,suppresses_refusal,-0.008303070440888405,0.008303070440888405,0.010091399773955345,0.006635760888457298,0.05000000074505806,0.949999988079071
1195,29,2560,suppresses_refusal,-0.00830154400318861,0.00830154400318861,0.00830154400318861,0.0017729043029248714,0.0,1.0
1196,30,10408,supports_refusal,0.00830078125,0.00830078125,0.00925598107278347,0.006729015149176121,0.949999988079071,0.949999988079071
1197,31,3583,supports_refusal,0.008300399407744408,0.008300399407744408,0.025889968499541283,0.030757710337638855,0.5,0.5
1198,6,7242,suppresses_refusal,-0.008294296450912952,0.008294296450912952,0.008411025628447533,0.005216502118855715,0.02500000037252903,0.9750000238418579
1199,13,11464,suppresses_refusal,-0.008284425362944603,0.008284425362944603,0.008513307198882103,0.00839993916451931,0.02500000037252903,0.9750000238418579
1200,5,11509,suppresses_refusal,-0.008284425362944603,0.008284425362944603,0.008365964516997337,0.008624310605227947,0.05000000074505806,0.949999988079071
1201,4,10159,supports_refusal,0.008282089605927467,0.008282089605927467,0.008727645501494408,0.006107966881245375,0.9750000238418579,0.9750000238418579
1202,15,3864,suppresses_refusal,-0.008281087502837181,0.008281087502837181,0.008512449450790882,0.00846401508897543,0.20000000298023224,0.800000011920929
1203,15,7542,supports_refusal,0.008275222964584827,0.008275222964584827,0.008275222964584827,0.007063656114041805,1.0,1.0
1204,30,14228,suppresses_refusal,-0.008271599188446999,0.008271599188446999,0.008271599188446999,0.00347897713072598,0.0,1.0
1205,15,3346,supports_refusal,0.008269881829619408,0.008269881829619408,0.009658431634306908,0.009151646867394447,0.8999999761581421,0.8999999761581421
1206,30,7220,suppresses_refusal,-0.008262977004051208,0.008262977004051208,0.008262977004051208,0.003236171556636691,0.0,1.0
1207,28,5387,supports_refusal,0.008262705989181995,0.008262705989181995,0.009457087144255638,0.009694583714008331,0.8500000238418579,0.8500000238418579
1208,5,2714,suppresses_refusal,-0.008262681774795055,0.008262681774795055,0.00889124907553196,0.010095864534378052,0.125,0.875
1209,24,4508,suppresses_refusal,-0.008252310566604137,0.008252310566604137,0.008258461952209473,0.004384299274533987,0.02500000037252903,0.9750000238418579
1210,15,4973,suppresses_refusal,-0.00825111847370863,0.00825111847370863,0.010509228333830833,0.021786801517009735,0.5,0.5
1211,23,4700,suppresses_refusal,-0.008242798037827015,0.008242798037827015,0.00861511193215847,0.008235955610871315,0.05000000074505806,0.949999988079071
1212,29,3371,supports_refusal,0.008240127936005592,0.008240127936005592,0.008240127936005592,0.004430463071912527,1.0,1.0
1213,13,11924,suppresses_refusal,-0.00823974609375,0.00823974609375,0.009121703915297985,0.008281380869448185,0.15000000596046448,0.8500000238418579
1214,31,6696,supports_refusal,0.008234882727265358,0.008234882727265358,0.00832071341574192,0.004035652615129948,0.949999988079071,0.949999988079071
1215,26,14014,supports_refusal,0.0082251550629735,0.0082251550629735,0.008400917053222656,0.0067399595864117146,0.925000011920929,0.925000011920929
1216,27,4153,suppresses_refusal,-0.008216666989028454,0.008216666989028454,0.008241844363510609,0.004091871902346611,0.02500000037252903,0.9750000238418579
1217,16,1232,supports_refusal,0.008211326785385609,0.008211326785385609,0.008297920227050781,0.005187468137592077,0.949999988079071,0.949999988079071
1218,12,11802,suppresses_refusal,-0.008209419436752796,0.008209419436752796,0.009921455755829811,0.012104163877665997,0.17499999701976776,0.824999988079071
1219,30,13558,supports_refusal,0.008201027289032936,0.008201027289032936,0.008304405026137829,0.004652603063732386,0.949999988079071,0.949999988079071
1220,3,6864,suppresses_refusal,-0.008196878246963024,0.008196878246963024,0.009771967306733131,0.009747371077537537,0.15000000596046448,0.8500000238418579
1221,28,11796,suppresses_refusal,-0.008189534768462181,0.008189534768462181,0.008201837539672852,0.004334813449531794,0.02500000037252903,0.9750000238418579
1222,30,4106,supports_refusal,0.008176898583769798,0.008176898583769798,0.015648365020751953,0.019207093864679337,0.7250000238418579,0.7250000238418579
1223,29,6710,suppresses_refusal,-0.008176421746611595,0.008176421746611595,0.008176421746611595,0.00446421280503273,0.0,1.0
1224,31,7437,supports_refusal,0.008174324408173561,0.008174324408173561,0.010544014163315296,0.010008730925619602,0.75,0.75
1225,28,6048,supports_refusal,0.00817184429615736,0.00817184429615736,0.00822525005787611,0.003314358415082097,0.9750000238418579,0.9750000238418579
1226,26,12228,suppresses_refusal,-0.008171463385224342,0.008171463385224342,0.008700942620635033,0.005296904593706131,0.05000000074505806,0.949999988079071
1227,31,3084,suppresses_refusal,-0.008169174194335938,0.008169174194335938,0.010325240902602673,0.00918789766728878,0.05000000074505806,0.949999988079071
1228,28,13504,supports_refusal,0.008158683776855469,0.008158683776855469,0.008158683776855469,0.0051348209381103516,1.0,1.0
1229,30,4497,suppresses_refusal,-0.00815734826028347,0.00815734826028347,0.011581802740693092,0.012516760267317295,0.25,0.75
1230,12,9683,suppresses_refusal,-0.008154630661010742,0.008154630661010742,0.00825734157115221,0.007868488319218159,0.05000000074505806,0.949999988079071
1231,5,473,suppresses_refusal,-0.008153915405273438,0.008153915405273438,0.008593559265136719,0.013345825485885143,0.125,0.875
1232,12,8250,suppresses_refusal,-0.008153152652084827,0.008153152652084827,0.00820770300924778,0.007885769940912724,0.05000000074505806,0.949999988079071
1233,28,9384,supports_refusal,0.008148193359375,0.008148193359375,0.009556388482451439,0.00885192584246397,0.824999988079071,0.824999988079071
1234,20,3972,supports_refusal,0.00813903845846653,0.00813903845846653,0.05118102952837944,0.061727993190288544,0.5,0.5
1235,4,13803,supports_refusal,0.008135032840073109,0.008135032840073109,0.008230781182646751,0.005992896389216185,0.9750000238418579,0.9750000238418579
1236,13,6717,supports_refusal,0.008123445324599743,0.008123445324599743,0.008373689837753773,0.006591533776372671,0.949999988079071,0.949999988079071
1237,15,8329,suppresses_refusal,-0.008121967315673828,0.008121967315673828,0.008121967315673828,0.006791538093239069,0.0,1.0
1238,30,12951,supports_refusal,0.00811758078634739,0.00811758078634739,0.00811758078634739,0.0037092396523803473,1.0,1.0
1239,23,7393,supports_refusal,0.008112048730254173,0.008112048730254173,0.0081634521484375,0.005495220422744751,0.925000011920929,0.925000011920929
1240,29,336,suppresses_refusal,-0.008106613531708717,0.008106613531708717,0.008106613531708717,0.004880259744822979,0.0,1.0
1241,29,11650,supports_refusal,0.00809478759765625,0.00809478759765625,0.009170914068818092,0.011907312087714672,0.75,0.75
1242,15,11808,supports_refusal,0.00809336919337511,0.00809336919337511,0.00819483958184719,0.00836118869483471,0.9750000238418579,0.9750000238418579
1243,11,12239,supports_refusal,0.008092355914413929,0.008092355914413929,0.009601068682968616,0.009882494807243347,0.949999988079071,0.949999988079071
1244,26,3470,supports_refusal,0.008090424351394176,0.008090424351394176,0.008860421366989613,0.007712205871939659,0.875,0.875
1245,29,11749,suppresses_refusal,-0.008085036650300026,0.008085036650300026,0.008349776268005371,0.008262351155281067,0.07500000298023224,0.925000011920929
1246,31,12105,suppresses_refusal,-0.008073496632277966,0.008073496632277966,0.008417582139372826,0.006293742451816797,0.125,0.875
1247,28,12389,suppresses_refusal,-0.00807276926934719,0.00807276926934719,0.00808416586369276,0.006405565422028303,0.02500000037252903,0.9750000238418579
1248,12,10137,suppresses_refusal,-0.008070850744843483,0.008070850744843483,0.010201740078628063,0.010695398785173893,0.17499999701976776,0.824999988079071
1249,28,13975,suppresses_refusal,-0.008061599917709827,0.008061599917709827,0.008061599917709827,0.0027876817621290684,0.0,1.0
1250,0,5668,supports_refusal,0.008061456494033337,0.008061456494033337,0.008588838391005993,0.01540437713265419,0.8999999761581421,0.8999999761581421
1251,28,14320,suppresses_refusal,-0.008056831546127796,0.008056831546127796,0.008056831546127796,0.0026452885940670967,0.0,1.0
1252,25,6030,suppresses_refusal,-0.008054351434111595,0.008054351434111595,0.008054351434111595,0.005640489049255848,0.0,1.0
1253,30,7225,supports_refusal,0.008037567138671875,0.008037567138671875,0.008037567138671875,0.0035266007762402296,1.0,1.0
1254,29,9117,suppresses_refusal,-0.008022785186767578,0.008022785186767578,0.008930111303925514,0.008272051811218262,0.10000000149011612,0.8999999761581421
1255,17,11375,supports_refusal,0.008017921820282936,0.008017921820282936,0.008572960272431374,0.008809519931674004,0.875,0.875
1256,5,309,suppresses_refusal,-0.008017158135771751,0.008017158135771751,0.008017158135771751,0.005901573691517115,0.0,1.0
1257,31,9922,suppresses_refusal,-0.008015823550522327,0.008015823550522327,0.008015823550522327,0.002297239378094673,0.0,1.0
1258,17,13186,supports_refusal,0.008013153448700905,0.008013153448700905,0.00802536029368639,0.006227791775017977,0.9750000238418579,0.9750000238418579
1259,22,13977,supports_refusal,0.008009100332856178,0.008009100332856178,0.008009100332856178,0.006194408982992172,1.0,1.0
1260,12,923,supports_refusal,0.00800867099314928,0.00800867099314928,0.010559558868408203,0.01239148247987032,0.8500000238418579,0.8500000238418579
1261,29,5866,suppresses_refusal,-0.008000755682587624,0.008000755682587624,0.008550072088837624,0.0058980477042496204,0.02500000037252903,0.9750000238418579
1262,28,4873,suppresses_refusal,-0.007998084649443626,0.007998084649443626,0.007998084649443626,0.003557609859853983,0.0,1.0
1263,6,4709,supports_refusal,0.00799764133989811,0.00799764133989811,0.012349638156592846,0.0176547858864069,0.75,0.75
1264,31,556,supports_refusal,0.007991028018295765,0.007991028018295765,0.00824127160012722,0.003613085253164172,0.949999988079071,0.949999988079071
1265,16,11277,suppresses_refusal,-0.00798811949789524,0.00798811949789524,0.00978398323059082,0.009500832296907902,0.22499999403953552,0.7749999761581421
1266,24,5770,suppresses_refusal,-0.007977724075317383,0.007977724075317383,0.007981824688613415,0.004086979199200869,0.02500000037252903,0.9750000238418579
1267,28,2454,supports_refusal,0.007977676577866077,0.007977676577866077,0.007977676577866077,0.0035019067581743,1.0,1.0
1268,25,12123,suppresses_refusal,-0.00797204952687025,0.00797204952687025,0.00888681411743164,0.010241596959531307,0.125,0.875
1269,31,14194,suppresses_refusal,-0.007969665341079235,0.007969665341079235,0.007969665341079235,0.0034237918443977833,0.0,1.0
1270,18,1463,suppresses_refusal,-0.007960652932524681,0.007960652932524681,0.010158682242035866,0.01207971852272749,0.32499998807907104,0.675000011920929
1271,15,5760,supports_refusal,0.007949543185532093,0.007949543185532093,0.007949543185532093,0.005056973081082106,1.0,1.0
1272,31,5720,suppresses_refusal,-0.007946205325424671,0.007946205325424671,0.009199333377182484,0.006565316114574671,0.125,0.875
1273,7,14181,suppresses_refusal,-0.007943535223603249,0.007943535223603249,0.008334541693329811,0.006390649359673262,0.125,0.875
1274,30,8214,supports_refusal,0.007934784516692162,0.007934784516692162,0.008046746253967285,0.004664483945816755,0.925000011920929,0.925000011920929
1275,10,4084,supports_refusal,0.00793447531759739,0.00793447531759739,0.008740139193832874,0.010159801691770554,0.8999999761581421,0.8999999761581421
1276,17,6682,supports_refusal,0.007933855056762695,0.007933855056762695,0.0080124381929636,0.006118207238614559,0.9750000238418579,0.9750000238418579
1277,9,8308,suppresses_refusal,-0.007928306236863136,0.007928306236863136,0.009729606099426746,0.02179436944425106,0.3499999940395355,0.6499999761581421
1278,28,1898,suppresses_refusal,-0.007922828197479248,0.007922828197479248,0.00810230989009142,0.005840779282152653,0.05000000074505806,0.949999988079071
1279,2,4269,supports_refusal,0.007921883836388588,0.007921883836388588,0.008453396148979664,0.016313882544636726,0.75,0.75
1280,29,3538,supports_refusal,0.007921218872070312,0.007921218872070312,0.008137893863022327,0.00464831804856658,0.9750000238418579,0.9750000238418579
1281,30,6805,suppresses_refusal,-0.00792083702981472,0.00792083702981472,0.00792083702981472,0.0039132037200033665,0.0,1.0
1282,31,8180,supports_refusal,0.00792007427662611,0.00792007427662611,0.00792007427662611,0.0050735874101519585,1.0,1.0
1283,31,1199,suppresses_refusal,-0.007911205291748047,0.007911205291748047,0.007911205291748047,0.005130665842443705,0.0,1.0
1284,7,468,supports_refusal,0.007909774780273438,0.007909774780273438,0.008800792507827282,0.009751813486218452,0.925000011920929,0.925000011920929
1285,8,405,suppresses_refusal,-0.007909774780273438,0.007909774780273438,0.008565139956772327,0.007968304678797722,0.10000000149011612,0.8999999761581421
1286,28,9477,supports_refusal,0.007908439263701439,0.007908439263701439,0.008680152706801891,0.005796661134809256,0.8999999761581421,0.8999999761581421
1287,30,8639,suppresses_refusal,-0.007903814315795898,0.007903814315795898,0.027165746316313744,0.036965709179639816,0.4000000059604645,0.6000000238418579
1288,8,10306,suppresses_refusal,-0.007896995171904564,0.007896995171904564,0.01184768695384264,0.016634562984108925,0.30000001192092896,0.699999988079071
1289,15,5896,suppresses_refusal,-0.007895851507782936,0.007895851507782936,0.007975578308105469,0.005184147506952286,0.02500000037252903,0.9750000238418579
1290,22,82,suppresses_refusal,-0.007891845889389515,0.007891845889389515,0.007891845889389515,0.0028264084830880165,0.0,1.0
1291,26,10405,suppresses_refusal,-0.007888412103056908,0.007888412103056908,0.007888412103056908,0.003564009442925453,0.0,1.0
1292,5,12837,suppresses_refusal,-0.00788335781544447,0.00788335781544447,0.00788335781544447,0.006632746197283268,0.0,1.0
1293,30,936,supports_refusal,0.00788269005715847,0.00788269005715847,0.04734497144818306,0.05626056715846062,0.625,0.625
1294,4,9431,supports_refusal,0.007880782708525658,0.007880782708525658,0.008087540045380592,0.006021707784384489,0.949999988079071,0.949999988079071
1295,31,3252,supports_refusal,0.00787353515625,0.00787353515625,0.00787353515625,0.004426728468388319,1.0,1.0
1296,17,9050,supports_refusal,0.007871580310165882,0.007871580310165882,0.007871580310165882,0.00522048631682992,1.0,1.0
1297,14,12647,supports_refusal,0.007870147004723549,0.007870147004723549,0.007891127839684486,0.005913929082453251,0.9750000238418579,0.9750000238418579
1298,29,9972,suppresses_refusal,-0.007864761166274548,0.007864761166274548,0.007864761166274548,0.003617039415985346,0.0,1.0
1299,4,7913,supports_refusal,0.007862198166549206,0.007862198166549206,0.010614859871566296,0.014363055117428303,0.699999988079071,0.699999988079071
1300,31,8959,supports_refusal,0.007859420962631702,0.007859420962631702,0.008395004086196423,0.004963940475136042,0.925000011920929,0.925000011920929
1301,30,13366,supports_refusal,0.007857847027480602,0.007857847027480602,0.007857847027480602,0.005001270677894354,1.0,1.0
1302,13,1995,suppresses_refusal,-0.007851600646972656,0.007851600646972656,0.007896041497588158,0.007773089222609997,0.05000000074505806,0.949999988079071
1303,19,6198,supports_refusal,0.007841539569199085,0.007841539569199085,0.007906293496489525,0.0066696214489638805,0.949999988079071,0.949999988079071
1304,16,12916,supports_refusal,0.007832527160644531,0.007832527160644531,0.008503722958266735,0.012385609559714794,0.824999988079071,0.824999988079071
1305,4,7086,suppresses_refusal,-0.007831573486328125,0.007831573486328125,0.009455871768295765,0.008233238011598587,0.125,0.875
1306,27,10519,supports_refusal,0.007829094305634499,0.007829094305634499,0.007829094305634499,0.0062943329103291035,0.9750000238418579,0.9750000238418579
1307,28,10749,supports_refusal,0.007822799496352673,0.007822799496352673,0.009884262457489967,0.008109800517559052,0.8999999761581421,0.8999999761581421
1308,20,10491,suppresses_refusal,-0.007821464911103249,0.007821464911103249,0.007869529537856579,0.005125438794493675,0.02500000037252903,0.9750000238418579
1309,21,11726,supports_refusal,0.007819175720214844,0.007819175720214844,0.008954810909926891,0.006592275574803352,0.925000011920929,0.925000011920929
1310,23,6969,suppresses_refusal,-0.007808022201061249,0.007808022201061249,0.008024843409657478,0.048478689044713974,0.5249999761581421,0.5249999761581421
1311,30,14244,supports_refusal,0.007796287536621094,0.007796287536621094,0.009931373409926891,0.009614641778171062,0.800000011920929,0.800000011920929
1312,30,7194,suppresses_refusal,-0.007790255360305309,0.007790255360305309,0.01042110938578844,0.010603289119899273,0.22499999403953552,0.7749999761581421
1313,21,10806,supports_refusal,0.007789671421051025,0.007789671421051025,0.007862532511353493,0.008644076064229012,0.8999999761581421,0.8999999761581421
1314,29,2589,suppresses_refusal,-0.007783794309943914,0.007783794309943914,0.007806110195815563,0.004653141833841801,0.05000000074505806,0.949999988079071
1315,29,2124,suppresses_refusal,-0.007783222012221813,0.007783222012221813,0.008334445767104626,0.008304045535624027,0.10000000149011612,0.8999999761581421
1316,27,7128,suppresses_refusal,-0.007775259204208851,0.007775259204208851,0.007853460498154163,0.003707802388817072,0.02500000037252903,0.9750000238418579
1317,26,10795,suppresses_refusal,-0.007768058683723211,0.007768058683723211,0.007768058683723211,0.0037664822302758694,0.0,1.0
1318,29,1590,supports_refusal,0.00776748638600111,0.00776748638600111,0.00820083636790514,0.0054537453688681126,0.9750000238418579,0.9750000238418579
1319,1,1856,supports_refusal,0.007764339447021484,0.007764339447021484,0.007887554354965687,0.006545404437929392,0.949999988079071,0.949999988079071
1320,13,594,supports_refusal,0.007758617401123047,0.007758617401123047,0.008761691860854626,0.008631684817373753,0.8999999761581421,0.8999999761581421
1321,16,7051,suppresses_refusal,-0.007756042294204235,0.007756042294204235,0.009586525149643421,0.017773738130927086,0.2750000059604645,0.7250000238418579
1322,27,4968,suppresses_refusal,-0.007747936062514782,0.007747936062514782,0.007787036709487438,0.0046238829381763935,0.02500000037252903,0.9750000238418579
1323,17,12712,supports_refusal,0.00774726876989007,0.00774726876989007,0.008582687005400658,0.0094872135668993,0.8500000238418579,0.8500000238418579
1324,31,4380,supports_refusal,0.007746887393295765,0.007746887393295765,0.007746887393295765,0.004864819347858429,1.0,1.0
1325,30,13752,suppresses_refusal,-0.007741737179458141,0.007741737179458141,0.008411598391830921,0.007177232764661312,0.05000000074505806,0.949999988079071
1326,23,2125,supports_refusal,0.007737970445305109,0.007737970445305109,0.00798487663269043,0.006474678870290518,0.8999999761581421,0.8999999761581421
1327,13,4036,suppresses_refusal,-0.007736802101135254,0.007736802101135254,0.00849759578704834,0.006265908479690552,0.07500000298023224,0.925000011920929
1328,30,8730,supports_refusal,0.007733154110610485,0.007733154110610485,0.007733154110610485,0.004103141836822033,1.0,1.0
1329,27,4144,supports_refusal,0.007718920707702637,0.007718920707702637,0.007718920707702637,0.004185627214610577,1.0,1.0
1330,31,5833,suppresses_refusal,-0.007715892978012562,0.007715892978012562,0.007966327480971813,0.003637968795374036,0.07500000298023224,0.925000011920929
1331,11,2253,suppresses_refusal,-0.007714652922004461,0.007714652922004461,0.008976173587143421,0.007991529069840908,0.20000000298023224,0.800000011920929
1332,29,3813,suppresses_refusal,-0.007713031955063343,0.007713031955063343,0.007713031955063343,0.005111393053084612,0.0,1.0
1333,30,4134,supports_refusal,0.007711315061897039,0.007711315061897039,0.007711505983024836,0.003503145184367895,0.9750000238418579,0.9750000238418579
1334,29,8909,supports_refusal,0.0077021121978759766,0.0077021121978759766,0.00864863395690918,0.008840290829539299,0.824999988079071,0.824999988079071
1335,30,3508,suppresses_refusal,-0.007701111026108265,0.007701111026108265,0.00812683068215847,0.005376397166401148,0.125,0.875
1336,25,6301,suppresses_refusal,-0.007695388980209827,0.007695388980209827,0.007695388980209827,0.0031812679953873158,0.0,1.0
1337,28,4626,supports_refusal,0.0076881409622728825,0.0076881409622728825,0.0076881409622728825,0.003174219746142626,1.0,1.0
1338,31,12130,suppresses_refusal,-0.0076812743209302425,0.0076812743209302425,0.00768623361364007,0.003772636642679572,0.02500000037252903,0.9750000238418579
1339,30,2120,suppresses_refusal,-0.007680225186049938,0.007680225186049938,0.007695293519645929,0.004741187207400799,0.05000000074505806,0.949999988079071
1340,31,10432,suppresses_refusal,-0.0076774596236646175,0.0076774596236646175,0.0076774596236646175,0.003642966039478779,0.0,1.0
1341,0,12659,suppresses_refusal,-0.0076656341552734375,0.0076656341552734375,0.0076656341552734375,0.004367596935480833,0.0,1.0
1342,10,12569,suppresses_refusal,-0.007665479090064764,0.007665479090064764,0.008379900828003883,0.008212413638830185,0.15000000596046448,0.8500000238418579
1343,12,10171,supports_refusal,0.007665061857551336,0.007665061857551336,0.009204673580825329,0.008731340989470482,0.8500000238418579,0.8500000238418579
1344,26,2589,suppresses_refusal,-0.007658195681869984,0.007658195681869984,0.011701774783432484,0.013795226812362671,0.32499998807907104,0.675000011920929
1345,27,10811,suppresses_refusal,-0.007651614956557751,0.007651614956557751,0.007651614956557751,0.005257539916783571,0.0,1.0
1346,16,5364,suppresses_refusal,-0.0076499939896166325,0.0076499939896166325,0.00949020404368639,0.010492796078324318,0.125,0.875
1347,31,1584,suppresses_refusal,-0.0076461792923510075,0.0076461792923510075,0.0076461792923510075,0.0026380650233477354,0.0,1.0
1348,31,10088,suppresses_refusal,-0.007631492801010609,0.007631492801010609,0.007631492801010609,0.004118143115192652,0.0,1.0
1349,31,8884,supports_refusal,0.00763015728443861,0.00763015728443861,0.008066559210419655,0.0036231286358088255,0.9750000238418579,0.9750000238418579
1350,4,4909,suppresses_refusal,-0.0076288701966404915,0.0076288701966404915,0.009189844131469727,0.009958148933947086,0.15000000596046448,0.8500000238418579
1351,22,3228,suppresses_refusal,-0.007627916522324085,0.007627916522324085,0.008379697799682617,0.007407201454043388,0.125,0.875
1352,25,5477,suppresses_refusal,-0.007626369595527649,0.007626369595527649,0.007629367522895336,0.004093465860933065,0.05000000074505806,0.949999988079071
1353,11,9948,suppresses_refusal,-0.007621145341545343,0.007621145341545343,0.007976675406098366,0.008516451343894005,0.07500000298023224,0.925000011920929
1354,16,3529,suppresses_refusal,-0.007614565081894398,0.007614565081894398,0.009526968002319336,0.022357789799571037,0.30000001192092896,0.699999988079071
1355,29,2734,supports_refusal,0.00761337298899889,0.00761337298899889,0.00761337298899889,0.003260267898440361,1.0,1.0
1356,10,5153,suppresses_refusal,-0.0075997114181518555,0.0075997114181518555,0.009148240089416504,0.012743270955979824,0.15000000596046448,0.8500000238418579
1357,11,5846,supports_refusal,0.007587718777358532,0.007587718777358532,0.012275409884750843,0.0161825530230999,0.6499999761581421,0.6499999761581421
1358,30,9329,supports_refusal,0.0075813294388353825,0.0075813294388353825,0.0075813294388353825,0.0018869254272431135,1.0,1.0
1359,29,6974,supports_refusal,0.0075743915513157845,0.0075743915513157845,0.00786888599395752,0.005197965539991856,0.949999988079071,0.949999988079071
1360,31,327,supports_refusal,0.007574272342026234,0.007574272342026234,0.008570099249482155,0.010971511714160442,0.75,0.75
1361,13,5722,suppresses_refusal,-0.007570886518806219,0.007570886518806219,0.008291768841445446,0.009268486872315407,0.2750000059604645,0.7250000238418579
1362,30,4391,supports_refusal,0.007566928863525391,0.007566928863525391,0.007566928863525391,0.005658215843141079,1.0,1.0
1363,25,2355,suppresses_refusal,-0.0075668334029614925,0.0075668334029614925,0.00758018484339118,0.0049567013047635555,0.02500000037252903,0.9750000238418579
1364,13,3654,supports_refusal,0.007561874575912952,0.007561874575912952,0.00759201031178236,0.0066981008276343346,0.9750000238418579,0.9750000238418579
1365,31,9355,suppresses_refusal,-0.007558965589851141,0.007558965589851141,0.010435342788696289,0.01154977548867464,0.25,0.75
1366,23,1200,supports_refusal,0.00755729665979743,0.00755729665979743,0.00755729665979743,0.003500139806419611,1.0,1.0
1367,2,12247,suppresses_refusal,-0.007549929432570934,0.007549929432570934,0.007632327266037464,0.011296315118670464,0.02500000037252903,0.9750000238418579
1368,30,3364,supports_refusal,0.007548332214355469,0.007548332214355469,0.008362007327377796,0.007616326212882996,0.8999999761581421,0.8999999761581421
1369,30,14181,suppresses_refusal,-0.0075469971634447575,0.0075469971634447575,0.0075469971634447575,0.0025363413151353598,0.0,1.0
1370,30,6663,supports_refusal,0.00754623394459486,0.00754623394459486,0.00754623394459486,0.0027141927275806665,1.0,1.0
1371,15,8094,suppresses_refusal,-0.007544958498328924,0.007544958498328924,0.007544958498328924,0.005449439864605665,0.0,1.0
1372,30,13387,suppresses_refusal,-0.007542419247329235,0.007542419247329235,0.007801055908203125,0.0040801516734063625,0.05000000074505806,0.949999988079071
1373,31,2354,supports_refusal,0.007538127712905407,0.007538127712905407,0.007625675294548273,0.009408621117472649,0.925000011920929,0.925000011920929
1374,30,4355,suppresses_refusal,-0.007536697201430798,0.007536697201430798,0.008715247735381126,0.008766346611082554,0.17499999701976776,0.824999988079071
1375,28,7031,supports_refusal,0.007529926486313343,0.007529926486313343,0.007529926486313343,0.005614524241536856,1.0,1.0
1376,31,9575,supports_refusal,0.007527542300522327,0.007527542300522327,0.009646987542510033,0.010197436437010765,0.8999999761581421,0.8999999761581421
1377,3,14321,supports_refusal,0.007524394895881414,0.007524394895881414,0.008352184668183327,0.009328674525022507,0.925000011920929,0.925000011920929
1378,28,11387,suppresses_refusal,-0.007522201631218195,0.007522201631218195,0.007825088687241077,0.005146402399986982,0.10000000149011612,0.8999999761581421
1379,31,13713,supports_refusal,0.007516002748161554,0.007516002748161554,0.008011341094970703,0.005458719562739134,0.8999999761581421,0.8999999761581421
1380,31,9115,supports_refusal,0.007512473966926336,0.007512473966926336,0.008143424987792969,0.005743928719311953,0.875,0.875
1381,3,6139,supports_refusal,0.007511244621127844,0.007511244621127844,0.011863629333674908,0.05211818218231201,0.5249999761581421,0.5249999761581421
1382,29,11511,supports_refusal,0.007506751921027899,0.007506751921027899,0.007603645324707031,0.003567491425201297,0.9750000238418579,0.9750000238418579
1383,4,12790,supports_refusal,0.007501936051994562,0.007501936051994562,0.007634210400283337,0.00607333704829216,0.949999988079071,0.949999988079071
1384,5,13544,supports_refusal,0.007497191429138184,0.007497191429138184,0.007598900701850653,0.0066362000070512295,0.8999999761581421,0.8999999761581421
1385,16,4312,supports_refusal,0.007495594210922718,0.007495594210922718,0.007691097445785999,0.007840478792786598,0.8999999761581421,0.8999999761581421
1386,20,3498,supports_refusal,0.007494735531508923,0.007494735531508923,0.009045029059052467,0.010342524386942387,0.800000011920929,0.800000011920929
1387,12,329,supports_refusal,0.007494545076042414,0.007494545076042414,0.008549690246582031,0.007621231954544783,0.8500000238418579,0.8500000238418579
1388,3,11840,supports_refusal,0.007492673583328724,0.007492673583328724,0.009276998229324818,0.010051814839243889,0.800000011920929,0.800000011920929
1389,18,8804,suppresses_refusal,-0.007486043963581324,0.007486043963581324,0.009696878492832184,0.05297032743692398,0.6000000238418579,0.6000000238418579
1390,5,5402,suppresses_refusal,-0.007484245114028454,0.007484245114028454,0.0203718189150095,0.02863248437643051,0.32499998807907104,0.675000011920929
1391,28,7926,suppresses_refusal,-0.00748367328196764,0.00748367328196764,0.00748367328196764,0.0025688884779810905,0.0,1.0
1392,30,9965,supports_refusal,0.007482719607651234,0.007482719607651234,0.007482719607651234,0.004342048428952694,1.0,1.0
1393,26,6048,supports_refusal,0.00747914332896471,0.00747914332896471,0.007504892535507679,0.019729964435100555,0.925000011920929,0.925000011920929
1394,15,1235,suppresses_refusal,-0.00746917724609375,0.00746917724609375,0.00746917724609375,0.005655850749462843,0.0,1.0
1395,29,9053,suppresses_refusal,-0.007465267088264227,0.007465267088264227,0.007534313015639782,0.006341010332107544,0.05000000074505806,0.949999988079071
1396,22,6126,supports_refusal,0.007464790251106024,0.007464790251106024,0.007464790251106024,0.004925876390188932,1.0,1.0
1397,30,1152,supports_refusal,0.007463646121323109,0.007463646121323109,0.008458519354462624,0.004777372349053621,0.9750000238418579,0.9750000238418579
1398,18,12464,suppresses_refusal,-0.0074613094329833984,0.0074613094329833984,0.008409070782363415,0.007881277240812778,0.17499999701976776,0.824999988079071
1399,30,810,suppresses_refusal,-0.007453537080436945,0.007453537080436945,0.007930755615234375,0.006070270203053951,0.10000000149011612,0.8999999761581421
1400,4,8461,supports_refusal,0.007453322410583496,0.007453322410583496,0.008014654740691185,0.01686655357480049,0.824999988079071,0.824999988079071
1401,31,6102,suppresses_refusal,-0.007450676057487726,0.007450676057487726,0.007815742865204811,0.004904862958937883,0.10000000149011612,0.8999999761581421
1402,25,9392,supports_refusal,0.00744209298864007,0.00744209298864007,0.008576584048569202,0.006731681525707245,0.925000011920929,0.925000011920929
1403,30,14215,supports_refusal,0.007441329769790173,0.007441329769790173,0.010883713141083717,0.010586119256913662,0.75,0.75
1404,31,9261,supports_refusal,0.007438850589096546,0.007438850589096546,0.008913611993193626,0.007195926737040281,0.875,0.875
1405,30,13252,suppresses_refusal,-0.0074172974564135075,0.0074172974564135075,0.007430648896843195,0.003096064319834113,0.02500000037252903,0.9750000238418579
1406,29,10902,supports_refusal,0.007405471988022327,0.007405471988022327,0.008339310064911842,0.004687463399022818,0.949999988079071,0.949999988079071
1407,17,10747,suppresses_refusal,-0.007401096634566784,0.007401096634566784,0.00804046355187893,0.010670706629753113,0.17499999701976776,0.824999988079071
1408,31,1090,suppresses_refusal,-0.007398700807243586,0.007398700807243586,0.011275768280029297,0.013697895221412182,0.30000001192092896,0.699999988079071
1409,12,4085,suppresses_refusal,-0.007397985551506281,0.007397985551506281,0.02209925651550293,0.05034111067652702,0.675000011920929,0.675000011920929
1410,25,10687,supports_refusal,0.007397651672363281,0.007397651672363281,0.007397651672363281,0.00411961367353797,1.0,1.0
1411,31,1755,supports_refusal,0.0073947906494140625,0.0073947906494140625,0.010416030883789062,0.009716241620481014,0.800000011920929,0.800000011920929
1412,13,12063,suppresses_refusal,-0.007393455598503351,0.007393455598503351,0.007397270295768976,0.004906149115413427,0.02500000037252903,0.9750000238418579
1413,13,12869,supports_refusal,0.007391929626464844,0.007391929626464844,0.007417869754135609,0.0058271195739507675,0.9750000238418579,0.9750000238418579
1414,30,1253,suppresses_refusal,-0.007383918855339289,0.007383918855339289,0.008604621514678001,0.0070688677951693535,0.125,0.875
1415,2,12932,supports_refusal,0.0073760151863098145,0.0073760151863098145,0.007539170794188976,0.039410002529621124,0.574999988079071,0.574999988079071
1416,22,2240,suppresses_refusal,-0.007371139712631702,0.007371139712631702,0.007371139712631702,0.0034291245974600315,0.0,1.0
1417,12,6816,supports_refusal,0.007368278689682484,0.007368278689682484,0.007368278689682484,0.005216293502599001,1.0,1.0
1418,31,3428,suppresses_refusal,-0.007362651638686657,0.007362651638686657,0.011162090115249157,0.010548473335802555,0.22499999403953552,0.7749999761581421
1419,19,1567,suppresses_refusal,-0.00735926628112793,0.00735926628112793,0.007528734393417835,0.005131960846483707,0.07500000298023224,0.925000011920929
1420,18,3134,suppresses_refusal,-0.007359218783676624,0.007359218783676624,0.007767581846565008,0.006187043618410826,0.07500000298023224,0.925000011920929
1421,30,11504,supports_refusal,0.007358741946518421,0.007358741946518421,0.007405662443488836,0.0024697675835341215,0.9750000238418579,0.9750000238418579
1422,12,2965,suppresses_refusal,-0.007356166839599609,0.007356166839599609,0.007725668139755726,0.009961913339793682,0.17499999701976776,0.824999988079071
1423,20,8563,suppresses_refusal,-0.007354354951530695,0.007354354951530695,0.007354354951530695,0.004058614373207092,0.0,1.0
1424,20,13110,suppresses_refusal,-0.0073486329056322575,0.0073486329056322575,0.007595062255859375,0.006122874096035957,0.07500000298023224,0.925000011920929
1425,18,5076,suppresses_refusal,-0.007342171855270863,0.007342171855270863,0.007593798451125622,0.008032752200961113,0.07500000298023224,0.925000011920929
1426,15,12217,suppresses_refusal,-0.007341718766838312,0.007341718766838312,0.008394015021622181,0.015727005898952484,0.44999998807907104,0.550000011920929
1427,31,5926,suppresses_refusal,-0.00734024029225111,0.00734024029225111,0.00734024029225111,0.0031174118630588055,0.0,1.0
1428,30,5542,suppresses_refusal,-0.007336807437241077,0.007336807437241077,0.011538314633071423,0.010491477325558662,0.17499999701976776,0.824999988079071
1429,26,11907,suppresses_refusal,-0.007336616516113281,0.007336616516113281,0.007336616516113281,0.0047251321375370026,0.0,1.0
1430,12,2272,supports_refusal,0.00732841482385993,0.00732841482385993,0.0077800750732421875,0.0058625610545277596,0.8999999761581421,0.8999999761581421
1431,28,2847,supports_refusal,0.007327079772949219,0.007327079772949219,0.007327079772949219,0.002530183643102646,1.0,1.0
1432,17,5011,suppresses_refusal,-0.0073265074752271175,0.0073265074752271175,0.008534622378647327,0.009214771911501884,0.17499999701976776,0.824999988079071
1433,30,7684,suppresses_refusal,-0.007322072982788086,0.007322072982788086,0.007474374957382679,0.0033574597910046577,0.05000000074505806,0.949999988079071
1434,23,6450,supports_refusal,0.0073184967041015625,0.0073184967041015625,0.007453441619873047,0.005927747581154108,0.8999999761581421,0.8999999761581421
1435,20,3479,suppresses_refusal,-0.007315444760024548,0.007315444760024548,0.007315444760024548,0.006376655772328377,0.0,1.0
1436,19,10288,supports_refusal,0.007311439607292414,0.007311439607292414,0.008587074466049671,0.007746653165668249,0.925000011920929,0.925000011920929
1437,11,12980,supports_refusal,0.0073074339888989925,0.0073074339888989925,0.0073875426314771175,0.004739326890558004,0.949999988079071,0.949999988079071
1438,15,1236,supports_refusal,0.007305276580154896,0.007305276580154896,0.007537138648331165,0.008578441105782986,0.8500000238418579,0.8500000238418579
1439,5,3203,supports_refusal,0.007302871439605951,0.007302871439605951,0.008909734897315502,0.023686647415161133,0.824999988079071,0.824999988079071
1440,31,13183,suppresses_refusal,-0.007299995515495539,0.007299995515495539,0.007386207580566406,0.005253258161246777,0.02500000037252903,0.9750000238418579
1441,10,3942,suppresses_refusal,-0.007299321703612804,0.007299321703612804,0.008220678195357323,0.009299485012888908,0.20000000298023224,0.800000011920929
1442,15,11492,supports_refusal,0.0072953226044774055,0.0072953226044774055,0.007460498716682196,0.005893487483263016,0.925000011920929,0.925000011920929
1443,19,8675,suppresses_refusal,-0.0072952271439135075,0.0072952271439135075,0.0081634521484375,0.0055803279392421246,0.05000000074505806,0.949999988079071
1444,17,11581,suppresses_refusal,-0.007291746325790882,0.007291746325790882,0.007366514299064875,0.004171167034655809,0.02500000037252903,0.9750000238418579
1445,18,755,supports_refusal,0.007285404019057751,0.007285404019057751,0.007285404019057751,0.006235221866518259,1.0,1.0
1446,20,11033,supports_refusal,0.0072841644287109375,0.0072841644287109375,0.0072841644287109375,0.004038343671709299,1.0,1.0
1447,4,11560,suppresses_refusal,-0.007281303405761719,0.007281303405761719,0.007557487580925226,0.005720209795981646,0.02500000037252903,0.9750000238418579
1448,6,11546,supports_refusal,0.007278311066329479,0.007278311066329479,0.008769500069320202,0.040106095373630524,0.574999988079071,0.574999988079071
1449,23,12485,supports_refusal,0.007270216941833496,0.007270216941833496,0.007770848460495472,0.005578218027949333,0.8500000238418579,0.8500000238418579
1450,31,1370,supports_refusal,0.007268333341926336,0.007268333341926336,0.007268333341926336,0.002963056555017829,1.0,1.0
1451,4,7711,suppresses_refusal,-0.007266902830451727,0.007266902830451727,0.009655284695327282,0.011102610267698765,0.125,0.875
1452,31,13648,suppresses_refusal,-0.0072654723189771175,0.0072654723189771175,0.047653961926698685,0.05632556602358818,0.4000000059604645,0.6000000238418579
1453,25,12427,suppresses_refusal,-0.0072653768584132195,0.0072653768584132195,0.00820302963256836,0.01068085990846157,0.17499999701976776,0.824999988079071
1454,12,12763,supports_refusal,0.0072494507767260075,0.0072494507767260075,0.007287025451660156,0.005594704765826464,0.949999988079071,0.949999988079071
1455,30,12258,supports_refusal,0.007246160414069891,0.007246160414069891,0.00786900520324707,0.005998943466693163,0.949999988079071,0.949999988079071
1456,4,3086,suppresses_refusal,-0.007241559214890003,0.007241559214890003,0.007607913110405207,0.009677968919277191,0.20000000298023224,0.800000011920929
1457,27,11841,supports_refusal,0.007231950759887695,0.007231950759887695,0.007254171185195446,0.0053326901979744434,0.949999988079071,0.949999988079071
1458,4,323,suppresses_refusal,-0.007231664843857288,0.007231664843857288,0.01192708034068346,0.014141304418444633,0.17499999701976776,0.824999988079071
1459,7,6976,suppresses_refusal,-0.007226181216537952,0.007226181216537952,0.008445357903838158,0.0077399020083248615,0.15000000596046448,0.8500000238418579
1460,2,2216,suppresses_refusal,-0.007215714547783136,0.007215714547783136,0.00847170315682888,0.04423288255929947,0.42500001192092896,0.574999988079071
1461,11,2909,supports_refusal,0.0072151897475123405,0.0072151897475123405,0.007255864329636097,0.007206208072602749,0.949999988079071,0.949999988079071
1462,31,11794,suppresses_refusal,-0.0072113992646336555,0.0072113992646336555,0.009489631280303001,0.008636181242763996,0.20000000298023224,0.800000011920929
1463,8,9760,supports_refusal,0.007209396455436945,0.007209396455436945,0.00734291085973382,0.006543358322232962,0.9750000238418579,0.9750000238418579
1464,18,1321,suppresses_refusal,-0.007206725887954235,0.007206725887954235,0.007206725887954235,0.0040639652870595455,0.0,1.0
1465,28,287,supports_refusal,0.0072006224654614925,0.0072006224654614925,0.0074821473099291325,0.004258450120687485,0.949999988079071,0.949999988079071
1466,23,9021,suppresses_refusal,-0.0071884156204760075,0.0071884156204760075,0.00731658935546875,0.0027174437418580055,0.02500000037252903,0.9750000238418579
1467,29,13033,suppresses_refusal,-0.007185554597526789,0.007185554597526789,0.007262992672622204,0.0029620970599353313,0.05000000074505806,0.949999988079071
1468,7,7848,suppresses_refusal,-0.007185077760368586,0.007185077760368586,0.007185077760368586,0.00653830636292696,0.0,1.0
1469,18,13457,supports_refusal,0.0071846009232103825,0.0071846009232103825,0.007266998291015625,0.004899068735539913,0.9750000238418579,0.9750000238418579
1470,31,7411,suppresses_refusal,-0.00718269357457757,0.00718269357457757,0.007330703549087048,0.004816902801394463,0.05000000074505806,0.949999988079071
1471,22,9287,supports_refusal,0.007180085871368647,0.007180085871368647,0.007460722234100103,0.007089880760759115,0.925000011920929,0.925000011920929
1472,28,2464,suppresses_refusal,-0.007177281193435192,0.007177281193435192,0.007379078771919012,0.005667767953127623,0.05000000074505806,0.949999988079071
1473,26,12852,suppresses_refusal,-0.007171964738518,0.007171964738518,0.007471418473869562,0.0061743841506540775,0.07500000298023224,0.925000011920929
1474,28,11641,supports_refusal,0.007166862487792969,0.007166862487792969,0.007166862487792969,0.00477095041424036,1.0,1.0
1475,28,1222,suppresses_refusal,-0.007164573762565851,0.007164573762565851,0.010522270575165749,0.011476348154246807,0.22499999403953552,0.7749999761581421
1476,4,11573,suppresses_refusal,-0.007157611660659313,0.007157611660659313,0.007354450412094593,0.006614281330257654,0.02500000037252903,0.9750000238418579
1477,4,332,supports_refusal,0.007155808620154858,0.007155808620154858,0.014487805776298046,0.06565961241722107,0.30000001192092896,0.699999988079071
1478,31,3599,suppresses_refusal,-0.007155418395996094,0.007155418395996094,0.007483482360839844,0.004840103443711996,0.10000000149011612,0.8999999761581421
1479,18,9102,supports_refusal,0.007151412777602673,0.007151412777602673,0.010448455810546875,0.011287199333310127,0.7250000238418579,0.7250000238418579
1480,13,1358,supports_refusal,0.007149124052375555,0.007149124052375555,0.007521629333496094,0.0064516495913267136,0.8999999761581421,0.8999999761581421
1481,3,1505,suppresses_refusal,-0.007142853923141956,0.007142853923141956,0.007160210516303778,0.005617113318294287,0.02500000037252903,0.9750000238418579
1482,27,10366,suppresses_refusal,-0.007142782211303711,0.007142782211303711,0.007344198413193226,0.003943285439163446,0.02500000037252903,0.9750000238418579
1483,30,9908,suppresses_refusal,-0.007130813784897327,0.007130813784897327,0.007130813784897327,0.002500545931980014,0.0,1.0
1484,14,7038,supports_refusal,0.007130288984626532,0.007130288984626532,0.0071447850205004215,0.006011677905917168,0.9750000238418579,0.9750000238418579
1485,5,13538,supports_refusal,0.0071291448548436165,0.0071291448548436165,0.0073809148743748665,0.007935618050396442,0.925000011920929,0.925000011920929
1486,3,640,supports_refusal,0.007128763012588024,0.007128763012588024,0.009741067886352539,0.011960859410464764,0.9750000238418579,0.9750000238418579
1487,30,13245,suppresses_refusal,-0.007118719629943371,0.007118719629943371,0.007519739679992199,0.0049463901668787,0.10000000149011612,0.8999999761581421
1488,13,12569,supports_refusal,0.007114887237548828,0.007114887237548828,0.0071471212431788445,0.00472651980817318,0.9750000238418579,0.9750000238418579
1489,28,2608,supports_refusal,0.00711479177698493,0.00711479177698493,0.00711479177698493,0.0035545085556805134,1.0,1.0
1490,31,7669,suppresses_refusal,-0.007113647647202015,0.007113647647202015,0.007113647647202015,0.002497056033462286,0.0,1.0
1491,18,10730,suppresses_refusal,-0.007113552186638117,0.007113552186638117,0.007113552186638117,0.006263441406190395,0.0,1.0
1492,10,2140,supports_refusal,0.0071122171357274055,0.0071122171357274055,0.007198047824203968,0.005680981557816267,0.949999988079071,0.949999988079071
1493,26,3768,supports_refusal,0.007112026214599609,0.007112026214599609,0.00861654244363308,0.007409286219626665,0.875,0.875
1494,6,9966,supports_refusal,0.007110214326530695,0.007110214326530695,0.007285690400749445,0.00558806024491787,0.9750000238418579,0.9750000238418579
1495,31,13102,suppresses_refusal,-0.007103061769157648,0.007103061769157648,0.01219186745584011,0.014023606665432453,0.32499998807907104,0.675000011920929
1496,21,10381,supports_refusal,0.0071013448759913445,0.0071013448759913445,0.007342434022575617,0.005345422774553299,0.8999999761581421,0.8999999761581421
1497,26,5006,supports_refusal,0.0071007730439305305,0.0071007730439305305,0.0071007730439305305,0.0036739385686814785,1.0,1.0
1498,9,10542,supports_refusal,0.007096910383552313,0.007096910383552313,0.007360982708632946,0.007374696433544159,0.8500000238418579,0.8500000238418579
1499,14,8052,supports_refusal,0.007084083743393421,0.007084083743393421,0.007505989167839289,0.005289367865771055,0.925000011920929,0.925000011920929
1500,28,12167,suppresses_refusal,-0.007083892822265625,0.007083892822265625,0.01092376746237278,0.010129866190254688,0.25,0.75
1501,4,3981,supports_refusal,0.0070833684876561165,0.0070833684876561165,0.007762002758681774,0.007799155078828335,0.875,0.875
1502,10,5297,supports_refusal,0.007082700729370117,0.007082700729370117,0.008692026138305664,0.009395376779139042,0.75,0.75
1503,31,13012,supports_refusal,0.007082045078277588,0.007082045078277588,0.008050215430557728,0.009187175892293453,0.925000011920929,0.925000011920929
1504,22,14304,supports_refusal,0.00708117475733161,0.00708117475733161,0.0070954798720777035,0.009531978517770767,0.949999988079071,0.949999988079071
1505,29,6603,supports_refusal,0.0070785521529614925,0.0070785521529614925,0.0070785521529614925,0.002018997212871909,1.0,1.0
1506,31,9445,suppresses_refusal,-0.007076835725456476,0.007076835725456476,0.007076835725456476,0.0026496981736272573,0.0,1.0
1507,31,12499,suppresses_refusal,-0.007072067353874445,0.007072067353874445,0.007072067353874445,0.003248452441766858,0.0,1.0
1508,26,9267,suppresses_refusal,-0.007071971893310547,0.007071971893310547,0.007071971893310547,0.0035915812477469444,0.0,1.0
1509,31,1506,suppresses_refusal,-0.007071590516716242,0.007071590516716242,0.010122585110366344,0.009969737380743027,0.17499999701976776,0.824999988079071
1510,28,8021,supports_refusal,0.007063102908432484,0.007063102908432484,0.007151603698730469,0.004688635468482971,0.9750000238418579,0.9750000238418579
1511,30,12337,suppresses_refusal,-0.0070629119873046875,0.0070629119873046875,0.00723609933629632,0.0033784492406994104,0.02500000037252903,0.9750000238418579
1512,10,12464,supports_refusal,0.007055902387946844,0.007055902387946844,0.0072747706435620785,0.010918651707470417,0.8999999761581421,0.8999999761581421
1513,13,4949,suppresses_refusal,-0.007054829504340887,0.007054829504340887,0.0072158100083470345,0.00892944447696209,0.05000000074505806,0.949999988079071
1514,31,11572,suppresses_refusal,-0.007050144486129284,0.007050144486129284,0.007050144486129284,0.0072661773301661015,0.0,1.0
1515,11,2573,suppresses_refusal,-0.007047557737678289,0.007047557737678289,0.007625865750014782,0.010376314632594585,0.17499999701976776,0.824999988079071
1516,4,5019,supports_refusal,0.007046801038086414,0.007046801038086414,0.01157265342772007,0.022456863895058632,0.7749999761581421,0.7749999761581421
1517,30,1563,suppresses_refusal,-0.00704536447301507,0.00704536447301507,0.00704536447301507,0.002530008787289262,0.0,1.0
1518,30,1296,supports_refusal,0.007045340724289417,0.007045340724289417,0.008965706452727318,0.00781963299959898,0.824999988079071,0.824999988079071
1519,31,3309,suppresses_refusal,-0.0070441244170069695,0.0070441244170069695,0.027387142181396484,0.03866787627339363,0.375,0.625
1520,22,12315,supports_refusal,0.0070434571243822575,0.0070434571243822575,0.0070434571243822575,0.0037263587582856417,1.0,1.0
1521,31,3195,suppresses_refusal,-0.007041740231215954,0.007041740231215954,0.007426643278449774,0.005749090109020472,0.125,0.875
1522,22,13435,suppresses_refusal,-0.007038974668830633,0.007038974668830633,0.007061290554702282,0.004031185992062092,0.02500000037252903,0.9750000238418579
1523,11,8208,suppresses_refusal,-0.007034015841782093,0.007034015841782093,0.01032037753611803,0.014854547567665577,0.22499999403953552,0.7749999761581421
1524,2,5790,supports_refusal,0.0070192888379096985,0.0070192888379096985,0.007546283304691315,0.044857315719127655,0.42500001192092896,0.574999988079071
1525,5,12566,suppresses_refusal,-0.007018470671027899,0.007018470671027899,0.007815742865204811,0.007185962051153183,0.05000000074505806,0.949999988079071
1526,13,7187,suppresses_refusal,-0.007018327713012695,0.007018327713012695,0.00769915571436286,0.005767346825450659,0.17499999701976776,0.824999988079071
1527,31,3353,supports_refusal,0.0070171356201171875,0.0070171356201171875,0.0070171356201171875,0.003550752066075802,1.0,1.0
1528,29,1355,supports_refusal,0.007016467861831188,0.007016467861831188,0.009130668826401234,0.01029267068952322,0.699999988079071,0.699999988079071
1529,10,8224,supports_refusal,0.007016324903815985,0.007016324903815985,0.008178663440048695,0.00994967482984066,0.8500000238418579,0.8500000238418579
1530,17,6447,suppresses_refusal,-0.007011306472122669,0.007011306472122669,0.007392466068267822,0.018208011984825134,0.30000001192092896,0.699999988079071
1531,30,11965,supports_refusal,0.007001685909926891,0.007001685909926891,0.007001685909926891,0.0020894480403512716,1.0,1.0
1532,27,3918,suppresses_refusal,-0.007000160403549671,0.007000160403549671,0.007874488830566406,0.006860093679279089,0.10000000149011612,0.8999999761581421
1533,7,11192,suppresses_refusal,-0.0069945333525538445,0.0069945333525538445,0.007468319032341242,0.007980844005942345,0.05000000074505806,0.949999988079071
1534,6,1743,suppresses_refusal,-0.00699194660410285,0.00699194660410285,0.01320792455226183,0.0447726845741272,0.4749999940395355,0.5249999761581421
1535,13,13668,supports_refusal,0.00699161272495985,0.00699161272495985,0.007310998626053333,0.008445755578577518,0.8999999761581421,0.8999999761581421
1536,6,6574,supports_refusal,0.00698882807046175,0.00698882807046175,0.009990493766963482,0.013606186956167221,0.800000011920929,0.800000011920929
1537,14,1423,suppresses_refusal,-0.006986761000007391,0.006986761000007391,0.0083297248929739,0.012414447963237762,0.2750000059604645,0.7250000238418579
1538,22,1558,suppresses_refusal,-0.006983280181884766,0.006983280181884766,0.006983280181884766,0.0033243594225496054,0.0,1.0
1539,22,1199,suppresses_refusal,-0.006978041026741266,0.006978041026741266,0.010160225443542004,0.01362368930131197,0.3499999940395355,0.6499999761581421
1540,19,12007,supports_refusal,0.006977653596550226,0.006977653596550226,0.007060241885483265,0.004487651400268078,0.949999988079071,0.949999988079071
1541,9,6010,supports_refusal,0.006975889205932617,0.006975889205932617,0.006975889205932617,0.0067847673781216145,1.0,1.0
1542,30,1650,supports_refusal,0.006973075680434704,0.006973075680434704,0.006973075680434704,0.002461361698806286,1.0,1.0
1543,26,529,suppresses_refusal,-0.006972312927246094,0.006972312927246094,0.0073089599609375,0.006094010546803474,0.20000000298023224,0.800000011920929
1544,14,10408,supports_refusal,0.006972002796828747,0.006972002796828747,0.0076070548966526985,0.00727599672973156,0.8999999761581421,0.8999999761581421
1545,31,4648,suppresses_refusal,-0.0069713592529296875,0.0069713592529296875,0.0069713592529296875,0.003014190588146448,0.0,1.0
1546,3,2215,suppresses_refusal,-0.006966590881347656,0.006966590881347656,0.007330513093620539,0.015605607070028782,0.15000000596046448,0.8500000238418579
1547,4,8363,suppresses_refusal,-0.006958341691643,0.006958341691643,0.0073777674697339535,0.007058401592075825,0.07500000298023224,0.925000011920929
1548,26,4079,suppresses_refusal,-0.006953882984817028,0.006953882984817028,0.0074517009779810905,0.006269498262554407,0.10000000149011612,0.8999999761581421
1549,26,8914,suppresses_refusal,-0.00695044407621026,0.00695044407621026,0.007237225770950317,0.008650777861475945,0.07500000298023224,0.925000011920929
1550,30,2806,supports_refusal,0.006943893618881702,0.006943893618881702,0.012591171078383923,0.013590661808848381,0.7250000238418579,0.7250000238418579
1551,19,7751,suppresses_refusal,-0.0069424151442945,0.0069424151442945,0.0073430538177490234,0.00795061606913805,0.17499999701976776,0.824999988079071
1552,30,333,suppresses_refusal,-0.006938266567885876,0.006938266567885876,0.00879049301147461,0.00849396176636219,0.25,0.75
1553,28,2978,supports_refusal,0.00693588238209486,0.00693588238209486,0.007115173153579235,0.004710650071501732,0.925000011920929,0.925000011920929
1554,30,2458,supports_refusal,0.0069252015091478825,0.0069252015091478825,0.0069252015091478825,0.0016423928318545222,1.0,1.0
1555,29,3543,supports_refusal,0.006921577267348766,0.006921577267348766,0.007257652468979359,0.005512871313840151,0.925000011920929,0.925000011920929
1556,23,8442,supports_refusal,0.006917381193488836,0.006917381193488836,0.006917381193488836,0.003099041525274515,1.0,1.0
1557,29,6732,suppresses_refusal,-0.006916046142578125,0.006916046142578125,0.006916046142578125,0.0015536517603322864,0.0,1.0
1558,29,258,suppresses_refusal,-0.00691566476598382,0.00691566476598382,0.007201767060905695,0.004797093570232391,0.07500000298023224,0.925000011920929
1559,28,8523,supports_refusal,0.00691566476598382,0.00691566476598382,0.00691566476598382,0.002345952671021223,1.0,1.0
1560,21,1409,suppresses_refusal,-0.006910419557243586,0.006910419557243586,0.006910419557243586,0.0033739455975592136,0.0,1.0
1561,19,9958,suppresses_refusal,-0.006910419557243586,0.006910419557243586,0.006946086883544922,0.006040924694389105,0.05000000074505806,0.949999988079071
1562,0,12222,suppresses_refusal,-0.0069096325896680355,0.0069096325896680355,0.02763359621167183,0.038390155881643295,0.42500001192092896,0.574999988079071
1563,17,9787,suppresses_refusal,-0.006905174348503351,0.006905174348503351,0.007005119230598211,0.007536469493061304,0.125,0.875
1564,24,4901,supports_refusal,0.006901931948959827,0.006901931948959827,0.007018661592155695,0.003839725162833929,0.9750000238418579,0.9750000238418579
1565,30,1561,supports_refusal,0.006899333093315363,0.006899333093315363,0.006989216897636652,0.005557554308325052,0.8999999761581421,0.8999999761581421
1566,4,5662,supports_refusal,0.006896281149238348,0.006896281149238348,0.007438778877258301,0.014145114459097385,0.875,0.875
1567,28,8470,supports_refusal,0.006895828060805798,0.006895828060805798,0.006895828060805798,0.002071305178105831,1.0,1.0
1568,31,7037,suppresses_refusal,-0.006888103671371937,0.006888103671371937,0.006898212246596813,0.0033993725664913654,0.02500000037252903,0.9750000238418579
1569,15,11740,supports_refusal,0.006883525755256414,0.006883525755256414,0.006883525755256414,0.004362459760159254,1.0,1.0
1570,29,12504,supports_refusal,0.006878161337226629,0.006878161337226629,0.0069398642517626286,0.006245228461921215,0.925000011920929,0.925000011920929
1571,30,3635,supports_refusal,0.00687751779332757,0.00687751779332757,0.006945419125258923,0.003659573383629322,0.9750000238418579,0.9750000238418579
1572,15,4183,supports_refusal,0.0068759918212890625,0.0068759918212890625,0.00702323904260993,0.00598167534917593,0.949999988079071,0.949999988079071
1573,13,2043,suppresses_refusal,-0.0068725585006177425,0.0068725585006177425,0.0068725585006177425,0.004618626553565264,0.0,1.0
1574,29,2647,suppresses_refusal,-0.006866753101348877,0.006866753101348877,0.006997215561568737,0.005321916658431292,0.05000000074505806,0.949999988079071
1575,22,5957,suppresses_refusal,-0.006864643190056086,0.006864643190056086,0.00848093070089817,0.008725806139409542,0.25,0.75
1576,9,10070,suppresses_refusal,-0.006862640380859375,0.006862640380859375,0.007606887724250555,0.007023554295301437,0.15000000596046448,0.8500000238418579
1577,13,11829,supports_refusal,0.0068610189482569695,0.0068610189482569695,0.0068610189482569695,0.0059589059092104435,1.0,1.0
1578,30,3533,suppresses_refusal,-0.006858444306999445,0.006858444306999445,0.00703773507848382,0.0036840292159467936,0.05000000074505806,0.949999988079071
1579,31,154,suppresses_refusal,-0.006848144344985485,0.006848144344985485,0.00969085656106472,0.009604730643332005,0.32499998807907104,0.675000011920929
1580,14,8369,suppresses_refusal,-0.00684809684753418,0.00684809684753418,0.008387994952499866,0.011621943674981594,0.20000000298023224,0.800000011920929
1581,30,8726,supports_refusal,0.006846809294074774,0.006846809294074774,0.006867408752441406,0.005053990986198187,0.9750000238418579,0.9750000238418579
1582,29,5472,suppresses_refusal,-0.006842422299087048,0.006842422299087048,0.007026290986686945,0.004342188593000174,0.07500000298023224,0.925000011920929
1583,24,6024,supports_refusal,0.006840896792709827,0.006840896792709827,0.006840896792709827,0.0030658594332635403,1.0,1.0
1584,20,5827,supports_refusal,0.00684013357385993,0.00684013357385993,0.0069484710693359375,0.0035347738303244114,0.9750000238418579,0.9750000238418579
1585,30,4069,suppresses_refusal,-0.006837749388068914,0.006837749388068914,0.00914907455444336,0.00915445201098919,0.17499999701976776,0.824999988079071
1586,16,2592,suppresses_refusal,-0.006836891174316406,0.006836891174316406,0.007600975222885609,0.006042558699846268,0.10000000149011612,0.8999999761581421
1587,18,12333,suppresses_refusal,-0.00683517474681139,0.00683517474681139,0.00683517474681139,0.0030963518656790257,0.0,1.0
1588,19,12861,supports_refusal,0.006824302487075329,0.006824302487075329,0.007039451505988836,0.004386839922517538,0.9750000238418579,0.9750000238418579
1589,4,11281,supports_refusal,0.006822490599006414,0.006822490599006414,0.007388210389763117,0.007344501558691263,0.8999999761581421,0.8999999761581421
1590,4,6603,supports_refusal,0.00681991595774889,0.00681991595774889,0.007835579104721546,0.008759070187807083,0.824999988079071,0.824999988079071
1591,2,8230,suppresses_refusal,-0.006816410925239325,0.006816410925239325,0.008087324909865856,0.009604756720364094,0.17499999701976776,0.824999988079071
1592,30,7410,supports_refusal,0.006815814878791571,0.006815814878791571,0.007251834962517023,0.007865841500461102,0.875,0.875
1593,9,592,suppresses_refusal,-0.006815624423325062,0.006815624423325062,0.009835338220000267,0.031025206670165062,0.5249999761581421,0.5249999761581421
1594,30,5552,supports_refusal,0.006809806916862726,0.006809806916862726,0.006809806916862726,0.003838564036414027,1.0,1.0
1595,29,14025,suppresses_refusal,-0.006805324461311102,0.006805324461311102,0.010060405358672142,0.011626919731497765,0.3499999940395355,0.6499999761581421
1596,17,12859,supports_refusal,0.006804466247558594,0.006804466247558594,0.006804466247558594,0.0038354515563696623,1.0,1.0
1597,18,2546,supports_refusal,0.0067996978759765625,0.0067996978759765625,0.007091522216796875,0.0077612497843801975,0.949999988079071,0.949999988079071
1598,13,350,supports_refusal,0.006797313690185547,0.006797313690185547,0.007113170810043812,0.011271319352090359,0.949999988079071,0.949999988079071
1599,25,1530,suppresses_refusal,-0.0067955018021166325,0.0067955018021166325,0.0067955018021166325,0.002512251026928425,0.0,1.0
1600,11,1238,suppresses_refusal,-0.0067945001646876335,0.0067945001646876335,0.007137727923691273,0.010707376524806023,0.15000000596046448,0.8500000238418579
1601,30,8631,suppresses_refusal,-0.006793475244194269,0.006793475244194269,0.00749580841511488,0.005234987940639257,0.10000000149011612,0.8999999761581421
1602,1,5021,suppresses_refusal,-0.006785464473068714,0.006785464473068714,0.007040858268737793,0.006239426322281361,0.05000000074505806,0.949999988079071
1603,15,10154,suppresses_refusal,-0.0067844390869140625,0.0067844390869140625,0.00682830810546875,0.004437070805579424,0.02500000037252903,0.9750000238418579
1604,18,8463,supports_refusal,0.006783389952033758,0.006783389952033758,0.012152004055678844,0.01680263690650463,0.8500000238418579,0.8500000238418579
1605,30,10222,supports_refusal,0.006781101226806641,0.006781101226806641,0.006974124815315008,0.0054719652980566025,0.9750000238418579,0.9750000238418579
1606,31,13491,suppresses_refusal,-0.006777954287827015,0.006777954287827015,0.006797409150749445,0.002773832995444536,0.02500000037252903,0.9750000238418579
1607,13,7252,supports_refusal,0.0067733763717114925,0.0067733763717114925,0.00677833566442132,0.003961644135415554,0.9750000238418579,0.9750000238418579
1608,30,8049,supports_refusal,0.006766128353774548,0.006766128353774548,0.006972885224968195,0.004328987095504999,0.925000011920929,0.925000011920929
1609,17,13378,suppresses_refusal,-0.006765937898308039,0.006765937898308039,0.008762550540268421,0.0086026256904006,0.20000000298023224,0.800000011920929
1610,2,13164,suppresses_refusal,-0.006765437312424183,0.006765437312424183,0.007593989372253418,0.014117966406047344,0.25,0.75
1611,29,1351,supports_refusal,0.006763458251953125,0.006763458251953125,0.0067687989212572575,0.002796076238155365,0.9750000238418579,0.9750000238418579
1612,7,3464,suppresses_refusal,-0.006763356737792492,0.006763356737792492,0.007188767194747925,0.04270550608634949,0.5,0.5
1613,29,7623,supports_refusal,0.0067619322799146175,0.0067619322799146175,0.0067619322799146175,0.0031914396677166224,1.0,1.0
1614,27,12888,suppresses_refusal,-0.006751632783561945,0.006751632783561945,0.00748863210901618,0.0048755151219666,0.05000000074505806,0.949999988079071
1615,30,10476,supports_refusal,0.006746101193130016,0.006746101193130016,0.007156181149184704,0.004929669201374054,0.8999999761581421,0.8999999761581421
1616,20,10266,supports_refusal,0.006745529361069202,0.006745529361069202,0.00706062326207757,0.006506896112114191,0.8999999761581421,0.8999999761581421
1617,0,12890,suppresses_refusal,-0.006744098849594593,0.006744098849594593,0.007055378053337336,0.005092320032417774,0.02500000037252903,0.9750000238418579
1618,19,8664,suppresses_refusal,-0.006743216421455145,0.006743216421455145,0.008453154936432838,0.008617662824690342,0.20000000298023224,0.800000011920929
1619,25,14152,suppresses_refusal,-0.006742811296135187,0.006742811296135187,0.008030081167817116,0.011227279901504517,0.4000000059604645,0.6000000238418579
1620,13,1317,suppresses_refusal,-0.006742692086845636,0.006742692086845636,0.008073592558503151,0.010093686170876026,0.20000000298023224,0.800000011920929
1621,19,6798,supports_refusal,0.006741332821547985,0.006741332821547985,0.0067611695267260075,0.004453724250197411,0.9750000238418579,0.9750000238418579
1622,8,4334,suppresses_refusal,-0.006739425472915173,0.006739425472915173,0.008496475405991077,0.010000289417803288,0.17499999701976776,0.824999988079071
1623,6,4781,supports_refusal,0.006738710217177868,0.006738710217177868,0.006845521740615368,0.007290061097592115,0.9750000238418579,0.9750000238418579
1624,31,6304,supports_refusal,0.006732940673828125,0.006732940673828125,0.006762123201042414,0.003999574109911919,0.9750000238418579,0.9750000238418579
1625,30,9283,supports_refusal,0.006729626562446356,0.006729626562446356,0.006729626562446356,0.0031016101129353046,1.0,1.0
1626,28,13882,suppresses_refusal,-0.0067291259765625,0.0067291259765625,0.0067291259765625,0.004366084933280945,0.0,1.0
1627,31,1121,supports_refusal,0.006726861000061035,0.006726861000061035,0.00675013056024909,0.004000703804194927,0.9750000238418579,0.9750000238418579
1628,30,434,suppresses_refusal,-0.006718444637954235,0.006718444637954235,0.006718444637954235,0.0018932652892544866,0.0,1.0
1629,30,2648,suppresses_refusal,-0.006717872805893421,0.006717872805893421,0.006780815310776234,0.004096317570656538,0.02500000037252903,0.9750000238418579
1630,30,1777,supports_refusal,0.0067160604521632195,0.0067160604521632195,0.026877690106630325,0.033142637461423874,0.574999988079071,0.574999988079071
1631,30,9787,supports_refusal,0.00671462994068861,0.00671462994068861,0.00671462994068861,0.001027755904942751,1.0,1.0
1632,13,10134,suppresses_refusal,-0.006712436676025391,0.006712436676025391,0.006863498594611883,0.005166930146515369,0.02500000037252903,0.9750000238418579
1633,14,13490,suppresses_refusal,-0.006708479020744562,0.006708479020744562,0.0069963932037353516,0.0049060033634305,0.07500000298023224,0.925000011920929
1634,30,5896,suppresses_refusal,-0.00670792767778039,0.00670792767778039,0.006714180111885071,0.005451407749205828,0.05000000074505806,0.949999988079071
1635,23,8811,suppresses_refusal,-0.00670700054615736,0.00670700054615736,0.00670700054615736,0.004110762849450111,0.0,1.0
1636,12,9067,suppresses_refusal,-0.006706523708999157,0.006706523708999157,0.007293415255844593,0.010207167826592922,0.125,0.875
1637,12,833,suppresses_refusal,-0.0067001343704760075,0.0067001343704760075,0.00730972271412611,0.006789211183786392,0.125,0.875
1638,27,8715,suppresses_refusal,-0.006697463802993298,0.006697463802993298,0.006974411197006702,0.007498547900468111,0.10000000149011612,0.8999999761581421
1639,12,6178,supports_refusal,0.006695794872939587,0.006695794872939587,0.006695794872939587,0.006699090823531151,1.0,1.0
1640,21,5297,supports_refusal,0.006695485208183527,0.006695485208183527,0.0069321393966674805,0.005814146250486374,0.8999999761581421,0.8999999761581421
1641,10,3197,suppresses_refusal,-0.006691646762192249,0.006691646762192249,0.007596206851303577,0.008553956635296345,0.15000000596046448,0.8500000238418579
1642,13,6235,suppresses_refusal,-0.006688976194709539,0.006688976194709539,0.006693363189697266,0.004920051898807287,0.02500000037252903,0.9750000238418579
1643,22,12959,suppresses_refusal,-0.006684792228043079,0.006684792228043079,0.006742584519088268,0.005636607762426138,0.07500000298023224,0.925000011920929
1644,21,5691,suppresses_refusal,-0.0066810608841478825,0.0066810608841478825,0.0066810608841478825,0.0039040078409016132,0.0,1.0
1645,31,11244,suppresses_refusal,-0.006680107209831476,0.006680107209831476,0.01582927629351616,0.020403027534484863,0.3499999940395355,0.6499999761581421
1646,25,13410,suppresses_refusal,-0.0066788108088076115,0.0066788108088076115,0.006838551256805658,0.007898649200797081,0.10000000149011612,0.8999999761581421
1647,6,3888,supports_refusal,0.006677865982055664,0.006677865982055664,0.006684827618300915,0.0048391371965408325,0.9750000238418579,0.9750000238418579
1648,30,10073,suppresses_refusal,-0.006671905517578125,0.006671905517578125,0.006671905517578125,0.0036021647974848747,0.0,1.0
1649,12,3601,supports_refusal,0.006668281741440296,0.006668281741440296,0.006807136349380016,0.006234120577573776,0.8999999761581421,0.8999999761581421
1650,30,7221,suppresses_refusal,-0.006667137145996094,0.006667137145996094,0.008088111877441406,0.007074990775436163,0.20000000298023224,0.800000011920929
1651,30,8218,supports_refusal,0.0066665648482739925,0.0066665648482739925,0.0067192078568041325,0.0028583500534296036,0.9750000238418579,0.9750000238418579
1652,26,8107,suppresses_refusal,-0.006665825843811035,0.006665825843811035,0.009007716551423073,0.011180339381098747,0.25,0.75
1653,31,12159,supports_refusal,0.006665277294814587,0.006665277294814587,0.006723260972648859,0.003035421948879957,0.9750000238418579,0.9750000238418579
1654,29,9399,supports_refusal,0.006659603212028742,0.006659603212028742,0.006774425506591797,0.004195569083094597,0.949999988079071,0.949999988079071
1655,31,12633,suppresses_refusal,-0.0066585540771484375,0.0066585540771484375,0.0067802430130541325,0.0033928346820175648,0.05000000074505806,0.949999988079071
1656,28,5955,supports_refusal,0.0066581727005541325,0.0066581727005541325,0.00697250384837389,0.0030758073553442955,0.9750000238418579,0.9750000238418579
1657,18,5537,suppresses_refusal,-0.006657314486801624,0.006657314486801624,0.007691860198974609,0.005798466969281435,0.05000000074505806,0.949999988079071
1658,30,12353,supports_refusal,0.0066543580032885075,0.0066543580032885075,0.0066543580032885075,0.0030232814606279135,1.0,1.0
1659,31,1493,supports_refusal,0.006653785705566406,0.006653785705566406,0.006756591610610485,0.005767867900431156,0.925000011920929,0.925000011920929
1660,26,12395,suppresses_refusal,-0.00665283203125,0.00665283203125,0.00665283203125,0.0035642744041979313,0.0,1.0
1661,31,13825,suppresses_refusal,-0.006650733761489391,0.006650733761489391,0.006650733761489391,0.002815228421241045,0.0,1.0
1662,31,7590,suppresses_refusal,-0.006650567054748535,0.006650567054748535,0.006676888559013605,0.0025642206892371178,0.02500000037252903,0.9750000238418579
1663,28,10193,suppresses_refusal,-0.006640052888542414,0.006640052888542414,0.00693931570276618,0.007230584044009447,0.15000000596046448,0.8500000238418579
1664,31,1674,supports_refusal,0.006638145539909601,0.006638145539909601,0.007581519894301891,0.012309422716498375,0.7250000238418579,0.7250000238418579
1665,28,9026,suppresses_refusal,-0.00663413992151618,0.00663413992151618,0.00663413992151618,0.0019928687252104282,0.0,1.0
1666,26,5988,supports_refusal,0.006628131959587336,0.006628131959587336,0.006724071688950062,0.004729711450636387,0.949999988079071,0.949999988079071
1667,14,2015,supports_refusal,0.006621265318244696,0.006621265318244696,0.006924152374267578,0.007535844575613737,0.949999988079071,0.949999988079071
1668,1,3400,supports_refusal,0.00661811837926507,0.00661811837926507,0.006626129150390625,0.008890683762729168,0.9750000238418579,0.9750000238418579
1669,29,1016,suppresses_refusal,-0.00661811837926507,0.00661811837926507,0.00661811837926507,0.002456179354339838,0.0,1.0
1670,28,13812,supports_refusal,0.006612646393477917,0.006612646393477917,0.006646478082984686,0.004376774188131094,0.949999988079071,0.949999988079071
1671,5,14294,suppresses_refusal,-0.006606006529182196,0.006606006529182196,0.006620502565056086,0.008273458108305931,0.02500000037252903,0.9750000238418579
1672,8,4839,supports_refusal,0.006604957394301891,0.006604957394301891,0.007151222322136164,0.005827705375850201,0.875,0.875
1673,30,11535,suppresses_refusal,-0.006604194641113281,0.006604194641113281,0.007769203279167414,0.00697323540225625,0.20000000298023224,0.800000011920929
1674,22,8514,suppresses_refusal,-0.006599429063498974,0.006599429063498974,0.00690474221482873,0.00920104794204235,0.125,0.875
1675,21,3883,supports_refusal,0.006591796875,0.006591796875,0.00760650634765625,0.006028800271451473,0.8999999761581421,0.8999999761581421
1676,31,6417,supports_refusal,0.006581115536391735,0.006581115536391735,0.006581115536391735,0.0036783735267817974,1.0,1.0
1677,29,6087,suppresses_refusal,-0.006580627057701349,0.006580627057701349,0.007955824956297874,0.008251095190644264,0.2750000059604645,0.7250000238418579
1678,16,8661,supports_refusal,0.006573867984116077,0.006573867984116077,0.011405562981963158,0.012479180470108986,0.824999988079071,0.824999988079071
1679,30,7172,suppresses_refusal,-0.0065666199661791325,0.0065666199661791325,0.0065666199661791325,0.00146733527071774,0.0,1.0
1680,27,8122,suppresses_refusal,-0.0065635680221021175,0.0065635680221021175,0.0065635680221021175,0.0026968210004270077,0.0,1.0
1681,29,2110,suppresses_refusal,-0.006554603576660156,0.006554603576660156,0.010687065310776234,0.010358277708292007,0.15000000596046448,0.8500000238418579
1682,13,9506,suppresses_refusal,-0.0065521239303052425,0.0065521239303052425,0.006884383969008923,0.007013186812400818,0.17499999701976776,0.824999988079071
1683,27,12673,supports_refusal,0.0065513611771166325,0.0065513611771166325,0.0065513611771166325,0.0022566700354218483,1.0,1.0
1684,16,7480,suppresses_refusal,-0.006550597958266735,0.006550597958266735,0.007853507995605469,0.010089161805808544,0.20000000298023224,0.800000011920929
1685,31,5553,supports_refusal,0.006547355558723211,0.006547355558723211,0.006994438357651234,0.006178019568324089,0.8999999761581421,0.8999999761581421
1686,14,5332,supports_refusal,0.006546592805534601,0.006546592805534601,0.008468818850815296,0.00898763444274664,0.875,0.875
1687,30,11278,supports_refusal,0.0065441131591796875,0.0065441131591796875,0.0065441131591796875,0.002275116043165326,1.0,1.0
1688,28,10157,suppresses_refusal,-0.006524276919662952,0.006524276919662952,0.006675338838249445,0.004245239309966564,0.02500000037252903,0.9750000238418579
1689,29,6689,suppresses_refusal,-0.006522178649902344,0.006522178649902344,0.006921577267348766,0.0059456233866512775,0.07500000298023224,0.925000011920929
1690,30,5229,suppresses_refusal,-0.006517219357192516,0.006517219357192516,0.006517219357192516,0.0034203859977424145,0.0,1.0
1691,28,13920,supports_refusal,0.006515312008559704,0.006515312008559704,0.008515739813446999,0.010096422396600246,0.7749999761581421,0.7749999761581421
1692,30,3331,supports_refusal,0.006515026092529297,0.006515026092529297,0.016263294965028763,0.018762120977044106,0.625,0.625
1693,28,13336,suppresses_refusal,-0.006513786502182484,0.006513786502182484,0.008164405822753906,0.006888671312481165,0.17499999701976776,0.824999988079071
1694,15,4975,suppresses_refusal,-0.006506300065666437,0.006506300065666437,0.007596635725349188,0.005175716243684292,0.125,0.875
1695,31,9665,supports_refusal,0.006500816438347101,0.006500816438347101,0.011670494452118874,0.011969711631536484,0.7250000238418579,0.7250000238418579
1696,3,4856,supports_refusal,0.006499767303466797,0.006499767303466797,0.006802463438361883,0.005968088749796152,0.949999988079071,0.949999988079071
1697,27,6153,supports_refusal,0.006497764494270086,0.006497764494270086,0.007065391633659601,0.004120750352740288,0.9750000238418579,0.9750000238418579
1698,29,11374,suppresses_refusal,-0.006494855973869562,0.006494855973869562,0.006613874342292547,0.004114698152989149,0.07500000298023224,0.925000011920929
1699,28,3700,suppresses_refusal,-0.006492567248642445,0.006492567248642445,0.006492567248642445,0.004436457064002752,0.0,1.0
1700,9,5506,suppresses_refusal,-0.0064910887740552425,0.0064910887740552425,0.009262656792998314,0.01731248013675213,0.22499999403953552,0.7749999761581421
1701,10,6233,suppresses_refusal,-0.006490814499557018,0.006490814499557018,0.006499635986983776,0.006538150832056999,0.02500000037252903,0.9750000238418579
1702,25,14162,suppresses_refusal,-0.006490445230156183,0.006490445230156183,0.0069304704666137695,0.005837462842464447,0.125,0.875
1703,29,12725,supports_refusal,0.006489753723144531,0.006489753723144531,0.006489753723144531,0.0020709391683340073,1.0,1.0
1704,26,6755,suppresses_refusal,-0.006486988160759211,0.006486988160759211,0.006642818450927734,0.004120636731386185,0.07500000298023224,0.925000011920929
1705,31,14200,supports_refusal,0.0064796446822583675,0.0064796446822583675,0.0064796446822583675,0.0016684826696291566,1.0,1.0
1706,18,5591,suppresses_refusal,-0.006474113557487726,0.006474113557487726,0.006507682614028454,0.0038000610657036304,0.02500000037252903,0.9750000238418579
1707,15,12610,supports_refusal,0.006471967790275812,0.006471967790275812,0.007463979534804821,0.00797676108777523,0.824999988079071,0.824999988079071
1708,16,10929,supports_refusal,0.006467056460678577,0.006467056460678577,0.006499862764030695,0.004326870199292898,0.9750000238418579,0.9750000238418579
1709,20,9259,supports_refusal,0.006461828947067261,0.006461828947067261,0.006728810258209705,0.007202358450740576,0.824999988079071,0.824999988079071
1710,30,3775,suppresses_refusal,-0.0064605711959302425,0.0064605711959302425,0.0064605711959302425,0.0017268635565415025,0.0,1.0
1711,5,1071,suppresses_refusal,-0.006460428237915039,0.006460428237915039,0.006517553236335516,0.008145064115524292,0.05000000074505806,0.949999988079071
1712,29,1561,supports_refusal,0.006457245443016291,0.006457245443016291,0.007006538100540638,0.005755669437348843,0.824999988079071,0.824999988079071
1713,14,9749,supports_refusal,0.006456566043198109,0.006456566043198109,0.006463813595473766,0.003930249251425266,0.9750000238418579,0.9750000238418579
1714,30,329,supports_refusal,0.006452232599258423,0.006452232599258423,0.00645517697557807,0.0029158114921301603,0.9750000238418579,0.9750000238418579
1715,23,2959,supports_refusal,0.006451702211052179,0.006451702211052179,0.006451702211052179,0.004940699320286512,1.0,1.0
1716,5,1012,supports_refusal,0.006451058201491833,0.006451058201491833,0.006836295127868652,0.007542318664491177,0.8999999761581421,0.8999999761581421
1717,2,5241,suppresses_refusal,-0.006449651904404163,0.006449651904404163,0.008019685745239258,0.00882255844771862,0.22499999403953552,0.7749999761581421
1718,21,9554,suppresses_refusal,-0.006449508480727673,0.006449508480727673,0.006550979800522327,0.003573874942958355,0.02500000037252903,0.9750000238418579
1719,13,308,suppresses_refusal,-0.006446528248488903,0.006446528248488903,0.007029986474663019,0.008228800259530544,0.20000000298023224,0.800000011920929
1720,28,12279,supports_refusal,0.006443786434829235,0.006443786434829235,0.006443786434829235,0.002321611624211073,1.0,1.0
1721,14,12039,supports_refusal,0.0064427852630615234,0.0064427852630615234,0.007290887646377087,0.007514401338994503,0.925000011920929,0.925000011920929
1722,1,4272,supports_refusal,0.00644185533747077,0.00644185533747077,0.006446480751037598,0.005692030768841505,0.9750000238418579,0.9750000238418579
1723,24,11106,supports_refusal,0.006438994314521551,0.006438994314521551,0.006561303045600653,0.007582623511552811,0.8999999761581421,0.8999999761581421
1724,27,13251,supports_refusal,0.006435966584831476,0.006435966584831476,0.006435966584831476,0.004218966234475374,1.0,1.0
1725,7,5513,supports_refusal,0.006435298826545477,0.006435298826545477,0.007334804628044367,0.005866348743438721,0.949999988079071,0.949999988079071
1726,30,13989,supports_refusal,0.006432914640754461,0.006432914640754461,0.006874275393784046,0.003929266706109047,0.949999988079071,0.949999988079071
1727,0,13976,suppresses_refusal,-0.006432640366256237,0.006432640366256237,0.009892928414046764,0.012719090096652508,0.2750000059604645,0.7250000238418579
1728,30,236,supports_refusal,0.006431770510971546,0.006431770510971546,0.006431770510971546,0.004248537123203278,1.0,1.0
1729,19,6673,suppresses_refusal,-0.006426072213798761,0.006426072213798761,0.007386374287307262,0.011742373928427696,0.375,0.625
1730,16,7977,suppresses_refusal,-0.006425666622817516,0.006425666622817516,0.006869125179946423,0.006332580931484699,0.10000000149011612,0.8999999761581421
1731,28,8516,supports_refusal,0.006424331571906805,0.006424331571906805,0.006424331571906805,0.005885085556656122,1.0,1.0
1732,18,290,supports_refusal,0.006424045655876398,0.006424045655876398,0.007797336671501398,0.008862240239977837,0.8500000238418579,0.8500000238418579
1733,11,3522,suppresses_refusal,-0.0064239501953125,0.0064239501953125,0.0069828033447265625,0.007029006257653236,0.10000000149011612,0.8999999761581421
1734,31,11804,supports_refusal,0.006420135498046875,0.006420135498046875,0.006420135498046875,0.0025704216677695513,1.0,1.0
1735,30,9544,suppresses_refusal,-0.006408214569091797,0.006408214569091797,0.006429195404052734,0.004335826262831688,0.02500000037252903,0.9750000238418579
1736,28,3170,suppresses_refusal,-0.006402206607162952,0.006402206607162952,0.006402206607162952,0.003662846516817808,0.0,1.0
1737,7,5489,supports_refusal,0.006397211458534002,0.006397211458534002,0.011748683638870716,0.04041612520813942,0.675000011920929,0.675000011920929
1738,30,4064,supports_refusal,0.006396198179572821,0.006396198179572821,0.006396198179572821,0.005329261999577284,1.0,1.0
1739,25,8469,supports_refusal,0.006394577212631702,0.006394577212631702,0.006394577212631702,0.003718798980116844,1.0,1.0
1740,27,12215,suppresses_refusal,-0.006394004914909601,0.006394004914909601,0.006394004914909601,0.004038769751787186,0.0,1.0
1741,15,12933,suppresses_refusal,-0.006390178110450506,0.006390178110450506,0.0072685121558606625,0.008705654181540012,0.22499999403953552,0.7749999761581421
1742,30,1911,suppresses_refusal,-0.006389141082763672,0.006389141082763672,0.006473445799201727,0.004944650921970606,0.02500000037252903,0.9750000238418579
1743,28,2069,supports_refusal,0.006388425827026367,0.006388425827026367,0.0065463543869555,0.004720522090792656,0.949999988079071,0.949999988079071
1744,14,3937,supports_refusal,0.006387901492416859,0.006387901492416859,0.006387901492416859,0.0036725238896906376,1.0,1.0
1745,22,3553,suppresses_refusal,-0.006387376692146063,0.006387376692146063,0.006415033247321844,0.0041538723744452,0.02500000037252903,0.9750000238418579
1746,27,6737,suppresses_refusal,-0.006386613938957453,0.006386613938957453,0.00638890266418457,0.003305245889350772,0.02500000037252903,0.9750000238418579
1747,30,1668,supports_refusal,0.00638580322265625,0.00638580322265625,0.00640869140625,0.002063795691356063,0.9750000238418579,0.9750000238418579
1748,12,5277,suppresses_refusal,-0.006384658627212048,0.006384658627212048,0.006537246517837048,0.005152812227606773,0.02500000037252903,0.9750000238418579
1749,18,3721,suppresses_refusal,-0.006384356413036585,0.006384356413036585,0.006689207162708044,0.035472288727760315,0.4000000059604645,0.6000000238418579
1750,29,8615,supports_refusal,0.00637893658131361,0.00637893658131361,0.0066390992142260075,0.004222929943352938,0.925000011920929,0.925000011920929
1751,15,5480,supports_refusal,0.00637397775426507,0.00637397775426507,0.00637397775426507,0.0052461870945990086,1.0,1.0
1752,29,12644,suppresses_refusal,-0.006373024079948664,0.006373024079948664,0.006482124328613281,0.005515774246305227,0.02500000037252903,0.9750000238418579
1753,31,11690,supports_refusal,0.006369209382683039,0.006369209382683039,0.006369209382683039,0.0028827134519815445,1.0,1.0
1754,30,13178,suppresses_refusal,-0.0063645122572779655,0.0063645122572779655,0.006762790493667126,0.006239122711122036,0.15000000596046448,0.8500000238418579
1755,31,12944,suppresses_refusal,-0.006363296415656805,0.006363296415656805,0.006363296415656805,0.0034227631986141205,0.0,1.0
1756,5,3468,supports_refusal,0.006360816769301891,0.006360816769301891,0.006425666622817516,0.008316201157867908,0.9750000238418579,0.9750000238418579
1757,31,10462,suppresses_refusal,-0.006358528044074774,0.006358528044074774,0.006358528044074774,0.003596051363274455,0.0,1.0
1758,15,4933,supports_refusal,0.006357765290886164,0.006357765290886164,0.006412697024643421,0.004431912209838629,0.949999988079071,0.949999988079071
1759,8,8176,supports_refusal,0.006356573197990656,0.006356573197990656,0.006854391191154718,0.007371482905000448,0.8500000238418579,0.8500000238418579
1760,0,4387,supports_refusal,0.006351202726364136,0.006351202726364136,0.007246595807373524,0.03906060382723808,0.5249999761581421,0.5249999761581421
1761,24,9162,supports_refusal,0.006348800845444202,0.006348800845444202,0.006348800845444202,0.0024113941472023726,1.0,1.0
1762,16,8352,suppresses_refusal,-0.006348061375319958,0.006348061375319958,0.006846928503364325,0.007357743103057146,0.125,0.875
1763,14,1002,supports_refusal,0.006346297450363636,0.006346297450363636,0.0068059684708714485,0.00786156952381134,0.875,0.875
1764,13,2471,suppresses_refusal,-0.0063440026715397835,0.0063440026715397835,0.007183867506682873,0.008892481215298176,0.3499999940395355,0.6499999761581421
1765,29,11607,suppresses_refusal,-0.0063415528275072575,0.0063415528275072575,0.0063415528275072575,0.0035552075132727623,0.0,1.0
1766,25,5104,suppresses_refusal,-0.00634002685546875,0.00634002685546875,0.007899475283920765,0.0070966253988444805,0.15000000596046448,0.8500000238418579
1767,22,3825,supports_refusal,0.006332969758659601,0.006332969758659601,0.006369209382683039,0.004851231351494789,0.9750000238418579,0.9750000238418579
1768,10,2486,supports_refusal,0.00633163470774889,0.00633163470774889,0.0067008971236646175,0.00557186733931303,0.875,0.875
1769,27,9092,suppresses_refusal,-0.006330966949462891,0.006330966949462891,0.006339740939438343,0.003117734333500266,0.02500000037252903,0.9750000238418579
1770,15,834,suppresses_refusal,-0.00632896414026618,0.00632896414026618,0.00684776296839118,0.005148288793861866,0.02500000037252903,0.9750000238418579
1771,31,3874,supports_refusal,0.006328105926513672,0.006328105926513672,0.007168483920395374,0.005241218023002148,0.875,0.875
1772,29,7839,supports_refusal,0.00632553081959486,0.00632553081959486,0.0073715210892260075,0.006174587178975344,0.8500000238418579,0.8500000238418579
1773,30,12568,supports_refusal,0.006324148271232843,0.006324148271232843,0.0069536687806248665,0.004719245247542858,0.8999999761581421,0.8999999761581421
1774,12,2747,suppresses_refusal,-0.006323433015495539,0.006323433015495539,0.006595039274543524,0.004843275062739849,0.07500000298023224,0.925000011920929
1775,16,6893,supports_refusal,0.006319236941635609,0.006319236941635609,0.006378746125847101,0.0033747395500540733,0.9750000238418579,0.9750000238418579
1776,27,8738,supports_refusal,0.00631637591868639,0.00631637591868639,0.006427002139389515,0.0038199445698410273,0.949999988079071,0.949999988079071
1777,13,3264,suppresses_refusal,-0.006308889482170343,0.006308889482170343,0.006564092822372913,0.005619367118924856,0.10000000149011612,0.8999999761581421
1778,2,3253,suppresses_refusal,-0.006307691335678101,0.006307691335678101,0.007247752044349909,0.04123084992170334,0.550000011920929,0.550000011920929
1779,8,4243,supports_refusal,0.006307458970695734,0.006307458970695734,0.007898187264800072,0.013775240629911423,0.7749999761581421,0.7749999761581421
1780,29,9247,supports_refusal,0.006306839175522327,0.006306839175522327,0.006306839175522327,0.0017278629820793867,1.0,1.0
1781,4,10040,suppresses_refusal,-0.006297445390373468,0.006297445390373468,0.006303644273430109,0.008816150948405266,0.02500000037252903,0.9750000238418579
1782,11,9103,supports_refusal,0.006291008088737726,0.006291008088737726,0.006976127624511719,0.005517254583537579,0.949999988079071,0.949999988079071
1783,31,787,suppresses_refusal,-0.0062905787490308285,0.0062905787490308285,0.0067979334853589535,0.004476933274418116,0.07500000298023224,0.925000011920929
1784,9,5069,supports_refusal,0.0062888143584132195,0.0062888143584132195,0.006968975067138672,0.012077990919351578,0.7250000238418579,0.7250000238418579
1785,22,4964,supports_refusal,0.006287956144660711,0.006287956144660711,0.007826805114746094,0.007574225775897503,0.800000011920929,0.800000011920929
1786,4,23,supports_refusal,0.006286812014877796,0.006286812014877796,0.006286812014877796,0.005177631042897701,1.0,1.0
1787,14,3607,supports_refusal,0.006282508373260498,0.006282508373260498,0.006391989998519421,0.004936104640364647,0.949999988079071,0.949999988079071
1788,5,9423,supports_refusal,0.006280118133872747,0.006280118133872747,0.006347638554871082,0.008660735562443733,0.949999988079071,0.949999988079071
1789,27,14171,supports_refusal,0.006278276443481445,0.006278276443481445,0.00632023811340332,0.004717795178294182,0.9750000238418579,0.9750000238418579
1790,19,10348,suppresses_refusal,-0.0062777758575975895,0.0062777758575975895,0.007602000143378973,0.02399521879851818,0.5,0.5
1791,5,8463,supports_refusal,0.0062767029739916325,0.0062767029739916325,0.006380843929946423,0.005784826818853617,0.925000011920929,0.925000011920929
1792,28,12198,suppresses_refusal,-0.006276607513427734,0.006276607513427734,0.007217311765998602,0.006248435005545616,0.125,0.875
1793,2,9446,suppresses_refusal,-0.006276321597397327,0.006276321597397327,0.0068073272705078125,0.015894459560513496,0.125,0.875
1794,20,9599,supports_refusal,0.0062728882767260075,0.0062728882767260075,0.009159469977021217,0.014187945052981377,0.6000000238418579,0.6000000238418579
1795,13,7162,suppresses_refusal,-0.006271266844123602,0.006271266844123602,0.006669139955192804,0.005384412594139576,0.10000000149011612,0.8999999761581421
1796,31,7972,supports_refusal,0.006270980928093195,0.006270980928093195,0.006270980928093195,0.003474392229691148,1.0,1.0
1797,18,4373,suppresses_refusal,-0.006268692202866077,0.006268692202866077,0.006444168277084827,0.006835177540779114,0.10000000149011612,0.8999999761581421
1798,13,3060,supports_refusal,0.00626826286315918,0.00626826286315918,0.006793546490371227,0.005831658374518156,0.925000011920929,0.925000011920929
1799,27,14308,suppresses_refusal,-0.006267142482101917,0.006267142482101917,0.006267142482101917,0.002692081965506077,0.0,1.0
1800,31,12260,supports_refusal,0.006266403011977673,0.006266403011977673,0.006266403011977673,0.0057726395316421986,1.0,1.0
1801,25,11172,suppresses_refusal,-0.006265067961066961,0.006265067961066961,0.006278610322624445,0.005168427713215351,0.02500000037252903,0.9750000238418579
1802,11,358,supports_refusal,0.00626103300601244,0.00626103300601244,0.006324356887489557,0.005303668323904276,0.9750000238418579,0.9750000238418579
1803,29,12248,suppresses_refusal,-0.006259155459702015,0.006259155459702015,0.007266235537827015,0.006407143548130989,0.05000000074505806,0.949999988079071
1804,11,651,supports_refusal,0.0062583922408521175,0.0062583922408521175,0.00687484722584486,0.007602490484714508,0.75,0.75
1805,6,1037,supports_refusal,0.006258279085159302,0.006258279085159302,0.006295376922935247,0.006438955198973417,0.949999988079071,0.949999988079071
1806,31,14010,suppresses_refusal,-0.00625686626881361,0.00625686626881361,0.00625686626881361,0.0037062589544802904,0.0,1.0
1807,29,4907,suppresses_refusal,-0.006250500679016113,0.006250500679016113,0.006306099705398083,0.00548951979726553,0.07500000298023224,0.925000011920929
1808,10,3566,suppresses_refusal,-0.006248831748962402,0.006248831748962402,0.0065489052794873714,0.014399449340999126,0.17499999701976776,0.824999988079071
1809,3,11588,supports_refusal,0.006245279219001532,0.006245279219001532,0.0062566278502345085,0.005089683923870325,0.9750000238418579,0.9750000238418579
1810,13,11303,suppresses_refusal,-0.0062438249588012695,0.0062438249588012695,0.006565356161445379,0.006832611281424761,0.17499999701976776,0.824999988079071
1811,7,12332,suppresses_refusal,-0.006243562791496515,0.006243562791496515,0.00660595903173089,0.008288011886179447,0.05000000074505806,0.949999988079071
1812,29,8133,suppresses_refusal,-0.006243324372917414,0.006243324372917414,0.006319999694824219,0.003498771460726857,0.05000000074505806,0.949999988079071
1813,30,10654,supports_refusal,0.006241035647690296,0.006241035647690296,0.006241035647690296,0.003520818194374442,1.0,1.0
1814,29,3412,suppresses_refusal,-0.0062386272475123405,0.0062386272475123405,0.00691597443073988,0.007661122828722,0.20000000298023224,0.800000011920929
1815,30,9296,suppresses_refusal,-0.006236076354980469,0.006236076354980469,0.007930564694106579,0.007701663766056299,0.15000000596046448,0.8500000238418579
1816,30,5341,supports_refusal,0.006235885433852673,0.006235885433852673,0.006834792904555798,0.005708563141524792,0.925000011920929,0.925000011920929
1817,5,3365,supports_refusal,0.006233417894691229,0.006233417894691229,0.00662728538736701,0.007919585332274437,0.949999988079071,0.949999988079071
1818,4,12638,supports_refusal,0.006232785992324352,0.006232785992324352,0.0062487125396728516,0.0059378850273787975,0.9750000238418579,0.9750000238418579
1819,15,9166,suppresses_refusal,-0.0062286583706736565,0.0062286583706736565,0.0066573889926075935,0.008921664208173752,0.2750000059604645,0.7250000238418579
1820,16,1666,supports_refusal,0.00622634869068861,0.00622634869068861,0.006232261657714844,0.005186147056519985,0.9750000238418579,0.9750000238418579
1821,18,12931,suppresses_refusal,-0.006219959352165461,0.006219959352165461,0.007016467861831188,0.0069040399976074696,0.10000000149011612,0.8999999761581421
1822,29,3976,suppresses_refusal,-0.0062160491943359375,0.0062160491943359375,0.0062160491943359375,0.0024111992679536343,0.0,1.0
1823,30,12728,suppresses_refusal,-0.006212997250258923,0.006212997250258923,0.006212997250258923,0.0012291278690099716,0.0,1.0
1824,18,8413,suppresses_refusal,-0.006212997250258923,0.006212997250258923,0.0063644410111010075,0.005025158170610666,0.07500000298023224,0.925000011920929
1825,30,7463,supports_refusal,0.006211566738784313,0.006211566738784313,0.00815877877175808,0.008691242896020412,0.7749999761581421,0.7749999761581421
1826,8,13616,suppresses_refusal,-0.006206830032169819,0.006206830032169819,0.008770020678639412,0.011325225234031677,0.22499999403953552,0.7749999761581421
1827,30,594,suppresses_refusal,-0.006205606274306774,0.006205606274306774,0.007592630572617054,0.006937767844647169,0.17499999701976776,0.824999988079071
1828,26,288,supports_refusal,0.006205177400261164,0.006205177400261164,0.006205177400261164,0.003241969970986247,1.0,1.0
1829,30,2390,suppresses_refusal,-0.006204438395798206,0.006204438395798206,0.006364989094436169,0.03560493141412735,0.2750000059604645,0.7250000238418579
1830,22,10842,supports_refusal,0.0062025547958910465,0.0062025547958910465,0.008666753768920898,0.008943685330450535,0.7749999761581421,0.7749999761581421
1831,12,7528,suppresses_refusal,-0.006202065851539373,0.006202065851539373,0.006865942385047674,0.005312565714120865,0.125,0.875
1832,28,5657,suppresses_refusal,-0.006197166629135609,0.006197166629135609,0.006346321199089289,0.004500622395426035,0.07500000298023224,0.925000011920929
1833,3,655,supports_refusal,0.006194853689521551,0.006194853689521551,0.006320691201835871,0.005398196633905172,0.8999999761581421,0.8999999761581421
1834,31,1488,supports_refusal,0.006190490908920765,0.006190490908920765,0.006512450985610485,0.0030346643179655075,0.949999988079071,0.949999988079071
1835,16,8987,suppresses_refusal,-0.0061834813095629215,0.0061834813095629215,0.006489801220595837,0.005332797300070524,0.10000000149011612,0.8999999761581421
1836,28,12253,suppresses_refusal,-0.006181144621223211,0.006181144621223211,0.006181144621223211,0.0026035625487565994,0.0,1.0
1837,11,1070,supports_refusal,0.006179380230605602,0.006179380230605602,0.006396055221557617,0.005975758656859398,0.949999988079071,0.949999988079071
1838,14,11388,suppresses_refusal,-0.006176853086799383,0.006176853086799383,0.006324863526970148,0.0061431447975337505,0.05000000074505806,0.949999988079071
1839,15,11693,suppresses_refusal,-0.006176805589348078,0.006176805589348078,0.006276273634284735,0.00405063247308135,0.07500000298023224,0.925000011920929
1840,9,12531,supports_refusal,0.006176567170768976,0.006176567170768976,0.006229209713637829,0.008779104799032211,0.9750000238418579,0.9750000238418579
1841,6,12351,suppresses_refusal,-0.00617637624964118,0.00617637624964118,0.020838547497987747,0.026537515223026276,0.4000000059604645,0.6000000238418579
1842,28,1407,suppresses_refusal,-0.006173324771225452,0.006173324771225452,0.006173324771225452,0.0027181587647646666,0.0,1.0
1843,31,13669,supports_refusal,0.006173181347548962,0.006173181347548962,0.006574010942131281,0.030625980347394943,0.824999988079071,0.824999988079071
1844,4,5865,suppresses_refusal,-0.006170076318085194,0.006170076318085194,0.0075769005343317986,0.014804182574152946,0.20000000298023224,0.800000011920929
1845,19,2128,supports_refusal,0.0061698914505541325,0.0061698914505541325,0.0061698914505541325,0.004107076674699783,1.0,1.0
1846,21,4901,supports_refusal,0.006168699357658625,0.006168699357658625,0.006337308790534735,0.0038970978930592537,0.9750000238418579,0.9750000238418579
1847,2,272,supports_refusal,0.006166553590446711,0.006166553590446711,0.006710147950798273,0.005307277664542198,0.8999999761581421,0.8999999761581421
1848,7,13033,supports_refusal,0.006165027618408203,0.006165027618408203,0.007547855377197266,0.006551843602210283,0.8999999761581421,0.8999999761581421
1849,12,14274,suppresses_refusal,-0.006158065982162952,0.006158065982162952,0.006158065982162952,0.0034658252261579037,0.0,1.0
1850,2,13374,supports_refusal,0.00615730881690979,0.00615730881690979,0.00657768826931715,0.007613415364176035,0.925000011920929,0.925000011920929
1851,28,12743,suppresses_refusal,-0.006152915768325329,0.006152915768325329,0.006200599484145641,0.005837135016918182,0.125,0.875
1852,26,11984,suppresses_refusal,-0.00615272531285882,0.00615272531285882,0.009431838989257812,0.009391332976520061,0.25,0.75
1853,5,6400,suppresses_refusal,-0.006148910615593195,0.006148910615593195,0.006421280093491077,0.007245352957397699,0.07500000298023224,0.925000011920929
1854,30,6101,supports_refusal,0.006147337146103382,0.006147337146103382,0.006147337146103382,0.0019907488021999598,1.0,1.0
1855,5,6311,supports_refusal,0.006146240048110485,0.006146240048110485,0.006908607669174671,0.010268906131386757,0.824999988079071,0.824999988079071
1856,22,12794,suppresses_refusal,-0.006144821643829346,0.006144821643829346,0.006580269429832697,0.008788306266069412,0.15000000596046448,0.8500000238418579
1857,13,8310,suppresses_refusal,-0.006141090299934149,0.006141090299934149,0.013169670477509499,0.016426872462034225,0.2750000059604645,0.7250000238418579
1858,6,11856,suppresses_refusal,-0.006139182951301336,0.006139182951301336,0.006989097688347101,0.006700762081891298,0.07500000298023224,0.925000011920929
1859,31,5648,suppresses_refusal,-0.006137656979262829,0.006137656979262829,0.011792945675551891,0.013049427419900894,0.30000001192092896,0.699999988079071
1860,16,12012,supports_refusal,0.0061363219283521175,0.0061363219283521175,0.009302902035415173,0.010555512271821499,0.699999988079071,0.699999988079071
1861,3,8935,supports_refusal,0.0061352490447461605,0.0061352490447461605,0.0062611340545117855,0.006535107735544443,0.9750000238418579,0.9750000238418579
1862,30,3366,suppresses_refusal,-0.006135177798569202,0.006135177798569202,0.006135177798569202,0.002377568045631051,0.0,1.0
1863,28,13450,suppresses_refusal,-0.006116104312241077,0.006116104312241077,0.006116104312241077,0.002326567191630602,0.0,1.0
1864,8,2675,supports_refusal,0.006112861447036266,0.006112861447036266,0.006878090091049671,0.008699418045580387,0.875,0.875
1865,9,5243,supports_refusal,0.006111168768256903,0.006111168768256903,0.009991288185119629,0.01924184523522854,0.6000000238418579,0.6000000238418579
1866,16,7560,suppresses_refusal,-0.006105756852775812,0.006105756852775812,0.0068246363662183285,0.00643507344648242,0.125,0.875
1867,1,4568,suppresses_refusal,-0.006100463680922985,0.006100463680922985,0.006100463680922985,0.0043019638396799564,0.0,1.0
1868,30,12806,supports_refusal,0.00610008230432868,0.00610008230432868,0.006148338317871094,0.0039042888674885035,0.9750000238418579,0.9750000238418579
1869,29,6636,suppresses_refusal,-0.006095981691032648,0.006095981691032648,0.006320857908576727,0.006329952273517847,0.10000000149011612,0.8999999761581421
1870,29,10203,suppresses_refusal,-0.006093621253967285,0.006093621253967285,0.006163430400192738,0.0030636079609394073,0.02500000037252903,0.9750000238418579
1871,20,8388,supports_refusal,0.006092488765716553,0.006092488765716553,0.006131327245384455,0.00476015405729413,0.925000011920929,0.925000011920929
1872,24,8765,supports_refusal,0.006091308780014515,0.006091308780014515,0.0069869994185864925,0.006195399444550276,0.875,0.875
1873,14,11514,supports_refusal,0.006090378854423761,0.006090378854423761,0.0064081428572535515,0.0054068309254944324,0.925000011920929,0.925000011920929
1874,10,5733,supports_refusal,0.006089222617447376,0.006089222617447376,0.0062049031257629395,0.006936163641512394,0.949999988079071,0.949999988079071
1875,29,9267,suppresses_refusal,-0.006088447757065296,0.006088447757065296,0.006224632263183594,0.0029578772373497486,0.05000000074505806,0.949999988079071
1876,16,12738,supports_refusal,0.006088161375373602,0.006088161375373602,0.006124400999397039,0.004456230904906988,0.949999988079071,0.949999988079071
1877,31,3464,suppresses_refusal,-0.006087112240493298,0.006087112240493298,0.009355545043945312,0.007785882335156202,0.20000000298023224,0.800000011920929
1878,9,5950,suppresses_refusal,-0.00608406076207757,0.00608406076207757,0.00640792865306139,0.007037130184471607,0.07500000298023224,0.925000011920929
1879,18,10686,supports_refusal,0.006081819534301758,0.006081819534301758,0.006106233689934015,0.005249311216175556,0.949999988079071,0.949999988079071
1880,21,9896,suppresses_refusal,-0.006079482845962048,0.006079482845962048,0.006079482845962048,0.002366529079154134,0.0,1.0
1881,30,3099,suppresses_refusal,-0.0060749053955078125,0.0060749053955078125,0.0060749053955078125,0.0023909241426736116,0.0,1.0
1882,18,7148,supports_refusal,0.006074774079024792,0.006074774079024792,0.006420481018722057,0.006321759428828955,0.824999988079071,0.824999988079071
1883,8,7891,suppresses_refusal,-0.006071424577385187,0.006071424577385187,0.0095962043851614,0.01114467903971672,0.15000000596046448,0.8500000238418579
1884,31,3330,suppresses_refusal,-0.006068992428481579,0.006068992428481579,0.006098747253417969,0.002521084388718009,0.02500000037252903,0.9750000238418579
1885,28,1580,supports_refusal,0.00606613140553236,0.00606613140553236,0.00606613140553236,0.0018500328296795487,1.0,1.0
1886,25,1907,suppresses_refusal,-0.00606536865234375,0.00606536865234375,0.00606536865234375,0.0024825234431773424,0.0,1.0
1887,25,7284,suppresses_refusal,-0.006060647778213024,0.006060647778213024,0.007467603776603937,0.008194531314074993,0.22499999403953552,0.7749999761581421
1888,28,7137,supports_refusal,0.006060504820197821,0.006060504820197821,0.006060504820197821,0.003222198225557804,1.0,1.0
1889,28,1352,supports_refusal,0.006060409359633923,0.006060409359633923,0.006060409359633923,0.0017834739992395043,1.0,1.0
1890,31,11914,supports_refusal,0.006053924560546875,0.006053924560546875,0.0062431334517896175,0.00414276123046875,0.9750000238418579,0.9750000238418579
1891,30,11363,suppresses_refusal,-0.006048453040421009,0.006048453040421009,0.006163537502288818,0.0036133266985416412,0.05000000074505806,0.949999988079071
1892,13,12919,supports_refusal,0.006044960115104914,0.006044960115104914,0.006445884704589844,0.005979629699140787,0.925000011920929,0.925000011920929
1893,8,4019,supports_refusal,0.006044435314834118,0.006044435314834118,0.0079056266695261,0.01820804551243782,0.824999988079071,0.824999988079071
1894,28,956,suppresses_refusal,-0.006042194552719593,0.006042194552719593,0.006042194552719593,0.0025254131760448217,0.0,1.0
1895,14,5718,supports_refusal,0.006041276268661022,0.006041276268661022,0.006050074007362127,0.005768340080976486,0.949999988079071,0.949999988079071
1896,13,2585,suppresses_refusal,-0.006039095111191273,0.006039095111191273,0.00611643772572279,0.004295329097658396,0.10000000149011612,0.8999999761581421
1897,17,1380,suppresses_refusal,-0.0060381414368748665,0.0060381414368748665,0.006455087568610907,0.005479480605572462,0.125,0.875
1898,27,14294,supports_refusal,0.006036329083144665,0.006036329083144665,0.006058740429580212,0.0030164923518896103,0.9750000238418579,0.9750000238418579
1899,21,6388,suppresses_refusal,-0.006036186125129461,0.006036186125129461,0.008621024899184704,0.008464069105684757,0.17499999701976776,0.824999988079071
1900,5,12422,suppresses_refusal,-0.006021261215209961,0.006021261215209961,0.006318139843642712,0.0073447139002382755,0.125,0.875
1901,24,14292,supports_refusal,0.006020319648087025,0.006020319648087025,0.006020963191986084,0.0036262485664337873,0.9750000238418579,0.9750000238418579
1902,6,4966,supports_refusal,0.006017553620040417,0.006017553620040417,0.006234252359718084,0.01019271370023489,0.875,0.875
1903,28,3335,supports_refusal,0.006015014834702015,0.006015014834702015,0.006015014834702015,0.0034411444794386625,1.0,1.0
1904,14,9043,supports_refusal,0.00601190933957696,0.00601190933957696,0.006704658269882202,0.008028537966310978,0.824999988079071,0.824999988079071
1905,31,4096,supports_refusal,0.0060100555419921875,0.0060100555419921875,0.0060100555419921875,0.003900635987520218,1.0,1.0
1906,30,5244,suppresses_refusal,-0.006009864620864391,0.006009864620864391,0.006009864620864391,0.005649378523230553,0.0,1.0
1907,28,577,suppresses_refusal,-0.0060096741653978825,0.0060096741653978825,0.00606613140553236,0.0034573578741401434,0.05000000074505806,0.949999988079071
1908,10,2789,suppresses_refusal,-0.006009340286254883,0.006009340286254883,0.006408357527107,0.005709430668503046,0.10000000149011612,0.8999999761581421
1909,13,1218,supports_refusal,0.0060041905380785465,0.0060041905380785465,0.006593465805053711,0.005070999264717102,0.8500000238418579,0.8500000238418579
1910,5,12112,suppresses_refusal,-0.0059968577697873116,0.0059968577697873116,0.007251073606312275,0.041270412504673004,0.824999988079071,0.824999988079071
1911,11,9363,suppresses_refusal,-0.0059944153763353825,0.0059944153763353825,0.0074239252135157585,0.009394912980496883,0.17499999701976776,0.824999988079071
1912,28,5027,supports_refusal,0.005993652157485485,0.005993652157485485,0.00614585867151618,0.0034990685526281595,0.949999988079071,0.949999988079071
1913,11,4258,suppresses_refusal,-0.00599327078089118,0.00599327078089118,0.0646793395280838,0.09646642953157425,0.44999998807907104,0.550000011920929
1914,16,5292,supports_refusal,0.00599250802770257,0.00599250802770257,0.00674362201243639,0.008327358402311802,0.875,0.875
1915,5,4157,suppresses_refusal,-0.005989441182464361,0.005989441182464361,0.0067468793131411076,0.03154561668634415,0.30000001192092896,0.699999988079071
1916,29,12782,suppresses_refusal,-0.00598831195384264,0.00598831195384264,0.006026077084243298,0.0020808023400604725,0.02500000037252903,0.9750000238418579
1917,30,10789,supports_refusal,0.005985593888908625,0.005985593888908625,0.014560937881469727,0.019547341391444206,0.6499999761581421,0.6499999761581421
1918,30,2627,suppresses_refusal,-0.0059792520478367805,0.0059792520478367805,0.006309604737907648,0.005674455780535936,0.07500000298023224,0.925000011920929
1919,24,13916,supports_refusal,0.005978679750114679,0.005978679750114679,0.007182216737419367,0.006431229412555695,0.800000011920929,0.800000011920929
1920,31,11264,supports_refusal,0.005977153778076172,0.005977153778076172,0.005977153778076172,0.0029306344222277403,1.0,1.0
1921,6,380,suppresses_refusal,-0.005975150968879461,0.005975150968879461,0.006533622741699219,0.005510855466127396,0.02500000037252903,0.9750000238418579
1922,3,12619,supports_refusal,0.005974101833999157,0.005974101833999157,0.006666088011115789,0.006224320735782385,0.925000011920929,0.925000011920929
1923,21,6041,suppresses_refusal,-0.005968570709228516,0.005968570709228516,0.005997943691909313,0.0035407603718340397,0.02500000037252903,0.9750000238418579
1924,29,11920,suppresses_refusal,-0.005967902950942516,0.005967902950942516,0.006052208133041859,0.0036807062570005655,0.02500000037252903,0.9750000238418579
1925,26,10586,supports_refusal,0.005966567900031805,0.005966567900031805,0.006720351986587048,0.006491279229521751,0.949999988079071,0.949999988079071
1926,30,9210,suppresses_refusal,-0.005963468458503485,0.005963468458503485,0.005963468458503485,0.004248596727848053,0.0,1.0
1927,16,5576,suppresses_refusal,-0.0059615434147417545,0.0059615434147417545,0.006369560956954956,0.00833564717322588,0.17499999701976776,0.824999988079071
1928,31,10566,suppresses_refusal,-0.005959701724350452,0.005959701724350452,0.005959701724350452,0.002704193349927664,0.0,1.0
1929,26,9335,supports_refusal,0.0059580327942967415,0.0059580327942967415,0.006072378251701593,0.0036030581686645746,0.949999988079071,0.949999988079071
1930,26,11554,suppresses_refusal,-0.005954742431640625,0.005954742431640625,0.00597457867115736,0.003770308569073677,0.02500000037252903,0.9750000238418579
1931,23,12181,supports_refusal,0.005951118655502796,0.005951118655502796,0.007818793877959251,0.006273599341511726,0.824999988079071,0.824999988079071
1932,31,3034,supports_refusal,0.005950832273811102,0.005950832273811102,0.006674671079963446,0.006629278417676687,0.824999988079071,0.824999988079071
1933,8,3229,supports_refusal,0.005950546357780695,0.005950546357780695,0.006033897399902344,0.0053470744751393795,0.949999988079071,0.949999988079071
1934,29,1173,supports_refusal,0.005947875790297985,0.005947875790297985,0.006678772158920765,0.006056515965610743,0.800000011920929,0.800000011920929
1935,9,4161,supports_refusal,0.005943989846855402,0.005943989846855402,0.0069907428696751595,0.006364662665873766,0.875,0.875
1936,31,2881,supports_refusal,0.005943679716438055,0.005943679716438055,0.005943679716438055,0.0022933483123779297,1.0,1.0
1937,21,13799,supports_refusal,0.005941724870353937,0.005941724870353937,0.006727838423103094,0.007151287514716387,0.7749999761581421,0.7749999761581421
1938,26,1420,suppresses_refusal,-0.005941188428550959,0.005941188428550959,0.006598675157874823,0.007789636496454477,0.22499999403953552,0.7749999761581421
1939,11,12750,supports_refusal,0.005940246395766735,0.005940246395766735,0.005940246395766735,0.007938673719763756,1.0,1.0
1940,31,8987,suppresses_refusal,-0.005939674563705921,0.005939674563705921,0.005939674563705921,0.003437614068388939,0.0,1.0
1941,30,11910,supports_refusal,0.005938625428825617,0.005938625428825617,0.0065482137724757195,0.005187189672142267,0.925000011920929,0.925000011920929
1942,22,14052,suppresses_refusal,-0.005932760424911976,0.005932760424911976,0.006418180651962757,0.0058869291096925735,0.125,0.875
1943,27,9439,suppresses_refusal,-0.005931854248046875,0.005931854248046875,0.0059379576705396175,0.0026565082371234894,0.02500000037252903,0.9750000238418579
1944,15,13605,suppresses_refusal,-0.005931758787482977,0.005931758787482977,0.006013393402099609,0.003388418583199382,0.07500000298023224,0.925000011920929
1945,13,8897,suppresses_refusal,-0.00593147287145257,0.00593147287145257,0.006048965267837048,0.005261753220111132,0.02500000037252903,0.9750000238418579
1946,31,8300,suppresses_refusal,-0.005930876825004816,0.005930876825004816,0.008599018678069115,0.008209415711462498,0.15000000596046448,0.8500000238418579
1947,31,10094,supports_refusal,0.005930709652602673,0.005930709652602673,0.005930709652602673,0.002360188402235508,1.0,1.0
1948,30,993,suppresses_refusal,-0.00592727679759264,0.00592727679759264,0.00592727679759264,0.0025435900315642357,0.0,1.0
1949,16,12230,suppresses_refusal,-0.005923366639763117,0.005923366639763117,0.005923366639763117,0.0037654901389032602,0.0,1.0
1950,16,11499,suppresses_refusal,-0.005916499998420477,0.005916499998420477,0.0059219361282885075,0.0042846836149692535,0.02500000037252903,0.9750000238418579
1951,31,10674,suppresses_refusal,-0.005911445710808039,0.005911445710808039,0.009950446896255016,0.014089811593294144,0.22499999403953552,0.7749999761581421
1952,5,3821,supports_refusal,0.00590779772028327,0.00590779772028327,0.00600621709600091,0.006917166523635387,0.9750000238418579,0.9750000238418579
1953,26,4192,supports_refusal,0.0059036253951489925,0.0059036253951489925,0.006632995791733265,0.004220050759613514,0.9750000238418579,0.9750000238418579
1954,31,12914,supports_refusal,0.005901527591049671,0.005901527591049671,0.005949211306869984,0.0032912257593125105,0.949999988079071,0.949999988079071
1955,13,10238,supports_refusal,0.00590095529332757,0.00590095529332757,0.011008834466338158,0.012617778033018112,0.699999988079071,0.699999988079071
1956,2,12688,suppresses_refusal,-0.00589985866099596,0.00589985866099596,0.00589985866099596,0.0035051952581852674,0.0,1.0
1957,31,4195,suppresses_refusal,-0.005897903349250555,0.005897903349250555,0.00590858468785882,0.002727169543504715,0.02500000037252903,0.9750000238418579
1958,30,5384,suppresses_refusal,-0.005893611814826727,0.005893611814826727,0.005893611814826727,0.00411704508587718,0.0,1.0
1959,29,3511,suppresses_refusal,-0.005892849061638117,0.005892849061638117,0.005892849061638117,0.0038176581729203463,0.0,1.0
1960,31,3104,supports_refusal,0.0058921813033521175,0.0058921813033521175,0.005930709652602673,0.004140165168792009,0.9750000238418579,0.9750000238418579
1961,30,7398,supports_refusal,0.0058914185501635075,0.0058914185501635075,0.0058914185501635075,0.002155305352061987,1.0,1.0
1962,30,7796,supports_refusal,0.0058879852294921875,0.0058879852294921875,0.006809997372329235,0.012312522158026695,0.7749999761581421,0.7749999761581421
1963,30,2676,suppresses_refusal,-0.0058845519088208675,0.0058845519088208675,0.0059303282760083675,0.003771282732486725,0.02500000037252903,0.9750000238418579
1964,31,11148,suppresses_refusal,-0.005884197540581226,0.005884197540581226,0.005902835633605719,0.003090586280450225,0.05000000074505806,0.949999988079071
1965,28,12606,suppresses_refusal,-0.0058841705322265625,0.0058841705322265625,0.006001663394272327,0.002826376585289836,0.02500000037252903,0.9750000238418579
1966,31,4852,suppresses_refusal,-0.005882740020751953,0.005882740020751953,0.005882740020751953,0.0034426019992679358,0.0,1.0
1967,12,859,suppresses_refusal,-0.0058809369802474976,0.0058809369802474976,0.006718263030052185,0.012281849049031734,0.22499999403953552,0.7749999761581421
1968,31,4626,supports_refusal,0.005879878997802734,0.005879878997802734,0.007758617401123047,0.007739194203168154,0.875,0.875
1969,22,6804,supports_refusal,0.005879133939743042,0.005879133939743042,0.006032866425812244,0.009094549342989922,0.8500000238418579,0.8500000238418579
1970,31,11276,suppresses_refusal,-0.00587882986292243,0.00587882986292243,0.007352066226303577,0.005840983707457781,0.125,0.875
1971,15,12589,suppresses_refusal,-0.005875790026038885,0.005875790026038885,0.00694428663700819,0.009627832099795341,0.22499999403953552,0.7749999761581421
1972,30,5336,suppresses_refusal,-0.005875599570572376,0.005875599570572376,0.007420551963150501,0.00744755519554019,0.22499999403953552,0.7749999761581421
1973,31,13423,suppresses_refusal,-0.0058742999099195,0.0058742999099195,0.0059320926666259766,0.004402527119964361,0.05000000074505806,0.949999988079071
1974,29,9632,suppresses_refusal,-0.005869674496352673,0.005869674496352673,0.006136894226074219,0.004433250054717064,0.07500000298023224,0.925000011920929
1975,30,13538,suppresses_refusal,-0.00586624164134264,0.00586624164134264,0.00586624164134264,0.0022692156489938498,0.0,1.0
1976,13,9139,supports_refusal,0.005865049548447132,0.005865049548447132,0.00677723903208971,0.005640202201902866,0.875,0.875
1977,30,5884,suppresses_refusal,-0.005860581994056702,0.005860581994056702,0.005860647652298212,0.0025017927400767803,0.02500000037252903,0.9750000238418579
1978,15,8759,supports_refusal,0.005860078148543835,0.005860078148543835,0.007060063071548939,0.009109270758926868,0.800000011920929,0.800000011920929
1979,11,5264,suppresses_refusal,-0.005854559130966663,0.005854559130966663,0.00588603038340807,0.005942498333752155,0.02500000037252903,0.9750000238418579
1980,29,6911,supports_refusal,0.0058540343306958675,0.0058540343306958675,0.0058540343306958675,0.001622761832550168,1.0,1.0
1981,27,9425,supports_refusal,0.00584754953160882,0.00584754953160882,0.00584754953160882,0.0021428021136671305,1.0,1.0
1982,4,3651,suppresses_refusal,-0.005842113401740789,0.005842113401740789,0.007287120912224054,0.007663866505026817,0.07500000298023224,0.925000011920929
1983,8,13545,suppresses_refusal,-0.005841732025146484,0.005841732025146484,0.005904293153434992,0.004701364319771528,0.07500000298023224,0.925000011920929
1984,16,1012,suppresses_refusal,-0.00584068289026618,0.00584068289026618,0.005952334497123957,0.006525174714624882,0.10000000149011612,0.8999999761581421
1985,29,7428,supports_refusal,0.0058387755416333675,0.0058387755416333675,0.0058387755416333675,0.0017580665880814195,1.0,1.0
1986,31,6266,supports_refusal,0.005832481198012829,0.005832481198012829,0.0066970824263989925,0.006892445497214794,0.8500000238418579,0.8500000238418579
1987,21,10293,supports_refusal,0.005829238798469305,0.005829238798469305,0.005829238798469305,0.002531551057472825,1.0,1.0
1988,31,12120,supports_refusal,0.00582199078053236,0.00582199078053236,0.00582199078053236,0.0034302324056625366,1.0,1.0
1989,31,13042,supports_refusal,0.005816459655761719,0.005816459655761719,0.005816459655761719,0.0034791044890880585,1.0,1.0
1990,16,13496,supports_refusal,0.0058152200654149055,0.0058152200654149055,0.005928897764533758,0.004162896424531937,0.9750000238418579,0.9750000238418579
1991,5,12894,supports_refusal,0.005812883377075195,0.005812883377075195,0.006575155071914196,0.006615394726395607,0.8999999761581421,0.8999999761581421
1992,31,4768,supports_refusal,0.005810928530991077,0.005810928530991077,0.009183120913803577,0.010378684848546982,0.75,0.75
1993,31,639,supports_refusal,0.005810117814689875,0.005810117814689875,0.00609555235132575,0.004935947712510824,0.8999999761581421,0.8999999761581421
1994,30,13497,supports_refusal,0.005809783935546875,0.005809783935546875,0.005900573916733265,0.003826848231256008,0.925000011920929,0.925000011920929
1995,27,5147,suppresses_refusal,-0.005808639340102673,0.005808639340102673,0.0074291229248046875,0.006552596110850573,0.15000000596046448,0.8500000238418579
1996,20,4752,supports_refusal,0.0058065177872776985,0.0058065177872776985,0.006251788232475519,0.00827665627002716,0.824999988079071,0.824999988079071
1997,4,10711,suppresses_refusal,-0.005803870968520641,0.005803870968520641,0.006634712219238281,0.007122021168470383,0.07500000298023224,0.925000011920929
1998,10,5276,supports_refusal,0.005795979406684637,0.005795979406684637,0.007953906431794167,0.010543365962803364,0.7250000238418579,0.7250000238418579
1999,30,8412,suppresses_refusal,-0.005795860197395086,0.005795860197395086,0.005840110592544079,0.003610823303461075,0.02500000037252903,0.9750000238418579
2000,11,14100,supports_refusal,0.005795025732368231,0.005795025732368231,0.00626871595159173,0.005237384233623743,0.824999988079071,0.824999988079071
