rank,layer,neuron,mean_g,abs_mean_g,mean_abs_g,std_g,positive_fraction,sign_consistency,snr
1,30,5341,-0.02587890625,0.02587890625,0.02587890625,0.021298209205269814,0.0,1.0,1.2150743007659912
2,31,9936,0.025300979614257812,0.025300979614257812,0.025846481323242188,0.017919793725013733,0.75,0.75,1.4119012355804443
3,11,11321,0.0152435302734375,0.0152435302734375,0.0152435302734375,0.007001024205237627,1.0,1.0,2.177328586578369
4,16,1241,0.013031005859375,0.013031005859375,0.013031005859375,0.002549816155806184,1.0,1.0,5.11056661605835
5,13,4208,0.0107574462890625,0.0107574462890625,0.0107574462890625,0.006339489948004484,1.0,1.0,1.696894645690918
6,25,8701,0.0103302001953125,0.0103302001953125,0.0103302001953125,0.001390727935358882,1.0,1.0,7.427908897399902
7,27,6070,-0.008600234985351562,0.008600234985351562,0.008600234985351562,0.00547104561701417,0.0,1.0,1.5719544887542725
8,20,2204,0.008026123046875,0.008026123046875,0.008026123046875,0.0014399964129552245,1.0,1.0,5.5737104415893555
9,20,5425,-0.00783538818359375,0.00783538818359375,0.00783538818359375,0.0017804299714043736,0.0,1.0,4.4008402824401855
10,7,6673,0.00762176513671875,0.00762176513671875,0.00762176513671875,0.005577306728810072,1.0,1.0,1.3665673732757568
11,12,13860,0.00762176513671875,0.00762176513671875,0.00762176513671875,0.002698380034416914,1.0,1.0,2.824570655822754
12,16,2432,-0.00678253173828125,0.00678253173828125,0.00678253173828125,0.0029933976475149393,0.0,1.0,2.2658305168151855
13,20,6356,-0.00673675537109375,0.00673675537109375,0.00673675537109375,0.0021383410785347223,0.0,1.0,3.150458812713623
14,22,4821,0.0066986083984375,0.0066986083984375,0.0066986083984375,0.002759648021310568,1.0,1.0,2.4273416996002197
15,24,5326,-0.0065765380859375,0.0065765380859375,0.0065765380859375,0.005212869960814714,0.0,1.0,1.261596441268921
16,31,13076,0.006378173828125,0.006378173828125,0.006378173828125,0.00270851026289165,1.0,1.0,2.3548641204833984
17,30,13853,-0.00614166259765625,0.00614166259765625,0.00614166259765625,0.0019198654918000102,0.0,1.0,3.1990067958831787
18,12,1481,-0.0058155059814453125,0.0058155059814453125,0.0058155059814453125,0.003183434484526515,0.0,1.0,1.8268024921417236
19,18,7148,0.0058040618896484375,0.0058040618896484375,0.0058040618896484375,0.0036073781084269285,1.0,1.0,1.608941912651062
20,9,4255,0.005756378173828125,0.005756378173828125,0.005756378173828125,0.0024848266039043665,1.0,1.0,2.3166115283966064
21,16,6310,0.00574493408203125,0.00574493408203125,0.00574493408203125,0.002780984854325652,1.0,1.0,2.065791130065918
22,22,12959,-0.0056476593017578125,0.0056476593017578125,0.0056476593017578125,0.0038368208333849907,0.0,1.0,1.4719632863998413
23,31,5041,-0.0055389404296875,0.0055389404296875,0.0055389404296875,0.0021236047614365816,0.0,1.0,2.6082727909088135
24,10,9064,-0.005527496337890625,0.005527496337890625,0.005527496337890625,0.004960997495800257,0.0,1.0,1.1141904592514038
25,22,8514,-0.005259394645690918,0.005259394645690918,0.005284428596496582,0.003780350787565112,0.25,0.75,1.3912451267242432
26,15,5679,0.005252838134765625,0.005252838134765625,0.005252838134765625,0.002662131329998374,1.0,1.0,1.9731701612472534
27,31,14073,0.00501251220703125,0.00501251220703125,0.00501251220703125,0.002245026407763362,1.0,1.0,2.2327187061309814
28,23,7812,-0.005002021789550781,0.005002021789550781,0.005465507507324219,0.0038392036221921444,0.25,0.75,1.302880048751831
29,30,5905,-0.004913330078125,0.004913330078125,0.004913330078125,0.0022394319530576468,0.0,1.0,2.194007396697998
30,10,1084,-0.004834651947021484,0.004834651947021484,0.005037784576416016,0.004079215694218874,0.25,0.75,1.1851915121078491
31,24,12782,-0.0047626495361328125,0.0047626495361328125,0.0047626495361328125,0.004237215034663677,0.0,1.0,1.1240047216415405
32,31,4690,0.004543304443359375,0.004543304443359375,0.006488800048828125,0.006609190721064806,0.75,0.75,0.6874222159385681
33,20,1168,0.004425048828125,0.004425048828125,0.004425048828125,0.0009521777974441648,1.0,1.0,4.647292613983154
34,31,714,-0.004375457763671875,0.004375457763671875,0.004375457763671875,0.0005963995936326683,0.0,1.0,7.336453437805176
35,6,5866,0.0042896270751953125,0.0042896270751953125,0.0059032440185546875,0.006102448329329491,0.5,0.5,0.7029353976249695
36,16,12528,0.0041561126708984375,0.0041561126708984375,0.0041561126708984375,0.0016726250760257244,1.0,1.0,2.4847843647003174
37,18,5964,0.004146575927734375,0.004146575927734375,0.004146575927734375,0.0015887607587501407,1.0,1.0,2.6099436283111572
38,31,9678,-0.004047393798828125,0.004047393798828125,0.004047393798828125,0.0011436650529503822,0.0,1.0,3.5389678478240967
39,26,529,0.004015445709228516,0.004015445709228516,0.004015445709228516,0.002253566635772586,1.0,1.0,1.7818180322647095
40,16,4974,0.0038604736328125,0.0038604736328125,0.0038604736328125,0.0011275511933490634,1.0,1.0,3.4237680435180664
41,19,8952,0.00385284423828125,0.00385284423828125,0.00385284423828125,0.0013735240790992975,1.0,1.0,2.805079460144043
42,26,592,0.00376129150390625,0.00376129150390625,0.00376129150390625,0.0005923968274146318,1.0,1.0,6.349277019500732
43,17,5245,-0.003688812255859375,0.003688812255859375,0.003688812255859375,0.0015292464522644877,0.0,1.0,2.4121763706207275
44,28,5152,-0.003658294677734375,0.003658294677734375,0.003658294677734375,0.001250679837539792,0.0,1.0,2.9250450134277344
45,30,12394,0.003570556640625,0.003570556640625,0.003570556640625,0.00109905656427145,1.0,1.0,3.248746871948242
46,9,7310,-0.0035483837127685547,0.0035483837127685547,0.0035483837127685547,0.005427251104265451,0.0,1.0,0.6538086533546448
47,10,11570,0.003452301025390625,0.003452301025390625,0.004024505615234375,0.003983133938163519,0.75,0.75,0.8667298555374146
48,31,11999,0.00341796875,0.00341796875,0.00341796875,0.0017002085223793983,1.0,1.0,2.0103232860565186
49,20,9623,-0.0034170150756835938,0.0034170150756835938,0.0034952163696289062,0.003323729382827878,0.25,0.75,1.0280665159225464
50,16,11277,0.00334930419921875,0.00334930419921875,0.00334930419921875,0.000830903765745461,1.0,1.0,4.030917167663574
51,17,8517,-0.00333404541015625,0.00333404541015625,0.00333404541015625,0.0022401660680770874,0.0,1.0,1.4883028268814087
52,31,5099,0.0033168792724609375,0.0033168792724609375,0.0033168792724609375,0.0015635733725503087,1.0,1.0,2.1213455200195312
53,17,1632,0.0033044815063476562,0.0033044815063476562,0.0033044815063476562,0.002235091058537364,1.0,1.0,1.4784549474716187
54,28,4130,0.00330352783203125,0.00330352783203125,0.00330352783203125,0.00048258560127578676,1.0,1.0,6.845475196838379
55,13,13879,0.00328826904296875,0.00328826904296875,0.00533294677734375,0.006180935073643923,0.75,0.75,0.5320018529891968
56,16,6950,-0.00328826904296875,0.00328826904296875,0.00406646728515625,0.0032333063427358866,0.25,0.75,1.0169988870620728
57,30,12336,-0.003284454345703125,0.003284454345703125,0.003284454345703125,0.001683362410403788,0.0,1.0,1.951127290725708
58,31,10712,-0.003215789794921875,0.003215789794921875,0.003215789794921875,0.0012295107590034604,0.0,1.0,2.6155035495758057
59,24,3804,-0.003154754638671875,0.003154754638671875,0.003154754638671875,0.0008368284325115383,0.0,1.0,3.7698941230773926
60,31,3387,-0.003082275390625,0.003082275390625,0.003082275390625,0.0010174878407269716,0.0,1.0,3.02929949760437
61,31,8591,0.003070831298828125,0.003070831298828125,0.003070831298828125,0.0010666087036952376,1.0,1.0,2.879060745239258
62,21,13085,-0.0030670166015625,0.0030670166015625,0.0030670166015625,0.001219510450027883,0.0,1.0,2.5149571895599365
63,26,12639,-0.003055572509765625,0.003055572509765625,0.003055572509765625,0.0009636245667934418,0.0,1.0,3.1709158420562744
64,29,841,-0.0030193328857421875,0.0030193328857421875,0.0030193328857421875,0.0013408905360847712,0.0,1.0,2.251737117767334
65,10,4789,0.0030078887939453125,0.0030078887939453125,0.0030078887939453125,0.001076047308743,1.0,1.0,2.7953128814697266
66,19,12151,0.0029458999633789062,0.0029458999633789062,0.0029458999633789062,0.0015899610007181764,1.0,1.0,1.8528127670288086
67,20,10080,-0.0029430389404296875,0.0029430389404296875,0.0029430389404296875,0.0009731049067340791,0.0,1.0,3.0243799686431885
68,26,13447,-0.002941131591796875,0.002941131591796875,0.002941131591796875,0.0011276737786829472,0.0,1.0,2.608140468597412
69,27,1686,0.0029296875,0.0029296875,0.0029296875,0.0005053862114436924,1.0,1.0,5.7969279289245605
70,31,11276,-0.002910614013671875,0.002910614013671875,0.002910614013671875,0.0011386664118617773,0.0,1.0,2.5561604499816895
71,30,11970,-0.002899169921875,0.002899169921875,0.002899169921875,0.0006321817636489868,0.0,1.0,4.585975170135498
72,27,4251,-0.0028972625732421875,0.0028972625732421875,0.0028972625732421875,0.0006188839324750006,0.0,1.0,4.681431293487549
73,28,12743,0.0028896331787109375,0.0028896331787109375,0.0028896331787109375,0.0006128587410785258,1.0,1.0,4.7150068283081055
74,16,3884,0.0028820037841796875,0.0028820037841796875,0.0028820037841796875,0.0015056448755785823,1.0,1.0,1.9141324758529663
75,27,8839,-0.0028667449951171875,0.0028667449951171875,0.0028667449951171875,0.0011132954386994243,0.0,1.0,2.5750083923339844
76,15,8697,-0.00279998779296875,0.00279998779296875,0.00279998779296875,0.0028076600283384323,0.0,1.0,0.9972673654556274
77,28,4074,-0.002788543701171875,0.002788543701171875,0.002788543701171875,0.0013169327285140753,0.0,1.0,2.1174533367156982
78,30,3382,0.00278472900390625,0.00278472900390625,0.00278472900390625,0.001854484435170889,1.0,1.0,1.5016189813613892
79,22,7399,0.0027790069580078125,0.0027790069580078125,0.0027790069580078125,0.0007914071902632713,1.0,1.0,3.5114755630493164
80,12,1889,-0.002777099609375,0.002777099609375,0.002777099609375,0.001323606469668448,0.0,1.0,2.098130941390991
81,27,11269,-0.0027713775634765625,0.0027713775634765625,0.0027713775634765625,0.0007409036625176668,0.0,1.0,3.74053692817688
82,18,8592,0.0027561187744140625,0.0027561187744140625,0.0027561187744140625,0.0009344276040792465,1.0,1.0,2.949526309967041
83,29,10790,-0.00275421142578125,0.00275421142578125,0.00275421142578125,0.0004286742187105119,0.0,1.0,6.424952507019043
84,18,3236,0.0027523040771484375,0.0027523040771484375,0.0027523040771484375,0.0007529438589699566,1.0,1.0,3.655390739440918
85,18,11215,0.0027437210083007812,0.0027437210083007812,0.0027437210083007812,0.0015918384306132793,1.0,1.0,1.7236177921295166
86,31,12446,0.0027313232421875,0.0027313232421875,0.0027313232421875,0.00036684615770354867,1.0,1.0,7.445418834686279
87,31,7944,-0.002704620361328125,0.002704620361328125,0.002704620361328125,0.00012919383880216628,0.0,1.0,20.934593200683594
88,27,8140,0.0026960372924804688,0.0026960372924804688,0.0026960372924804688,0.001188990892842412,1.0,1.0,2.267500400543213
89,17,7878,-0.0026702880859375,0.0026702880859375,0.0026702880859375,0.0015763887204229832,0.0,1.0,1.6939274072647095
90,17,4374,-0.0026702880859375,0.0026702880859375,0.00376129150390625,0.003210787894204259,0.25,0.75,0.8316613435745239
91,31,10075,-0.002666473388671875,0.002666473388671875,0.002666473388671875,0.0007719933055341244,0.0,1.0,3.4540109634399414
92,24,13102,0.002651214599609375,0.002651214599609375,0.002651214599609375,0.0005375746404752135,1.0,1.0,4.931807518005371
93,20,9424,-0.0026433467864990234,0.0026433467864990234,0.002680063247680664,0.003407352138310671,0.25,0.75,0.7757773995399475
94,30,7545,0.0026111602783203125,0.0026111602783203125,0.0026111602783203125,0.0008173139067366719,1.0,1.0,3.1948070526123047
95,20,13715,-0.0026111602783203125,0.0026111602783203125,0.0026111602783203125,0.0007890132255852222,0.0,1.0,3.3093998432159424
96,30,11618,0.002605438232421875,0.002605438232421875,0.002605438232421875,0.0003669056750368327,1.0,1.0,7.101111888885498
97,16,12860,0.00260162353515625,0.00260162353515625,0.00260162353515625,0.0010894016595557332,1.0,1.0,2.3881216049194336
98,0,12829,-0.002590179443359375,0.002590179443359375,0.002590179443359375,0.0006650604773312807,0.0,1.0,3.8946526050567627
99,23,2343,0.002559661865234375,0.002559661865234375,0.002559661865234375,0.0014977873070165515,1.0,1.0,1.7089622020721436
100,20,9928,-0.0025281906127929688,0.0025281906127929688,0.0025281906127929688,0.002101350110024214,0.0,1.0,1.2031267881393433
101,31,10850,0.00252532958984375,0.00252532958984375,0.00252532958984375,0.0008679085876792669,1.0,1.0,2.909672260284424
102,28,9628,0.00250244140625,0.00250244140625,0.00250244140625,0.0004018308827653527,1.0,1.0,6.227598667144775
103,28,7137,0.002498626708984375,0.002498626708984375,0.002498626708984375,0.0002413530892226845,1.0,1.0,10.352578163146973
104,25,12935,-0.0024852752685546875,0.0024852752685546875,0.0024852752685546875,0.00047130812890827656,0.0,1.0,5.273143291473389
105,23,1498,0.002483367919921875,0.002483367919921875,0.002483367919921875,0.0006865077302791178,1.0,1.0,3.6173925399780273
106,23,4769,0.00247955322265625,0.00247955322265625,0.00247955322265625,0.0005902312113903463,1.0,1.0,4.200986385345459
107,9,592,0.002474188804626465,0.002474188804626465,0.0024930238723754883,0.0033682449720799923,0.75,0.75,0.7345631718635559
108,11,4258,0.0024738311767578125,0.0024738311767578125,0.0036106109619140625,0.003964717965573072,0.75,0.75,0.6239614486694336
109,31,7267,0.0024700164794921875,0.0024700164794921875,0.0024700164794921875,0.000800838868599385,1.0,1.0,3.0842864513397217
110,30,3843,-0.0024585723876953125,0.0024585723876953125,0.0024585723876953125,0.0009023412130773067,0.0,1.0,2.7246592044830322
111,31,3611,-0.0024566650390625,0.0024566650390625,0.0024566650390625,0.0014021178940311074,0.0,1.0,1.7521101236343384
112,20,5237,0.002452850341796875,0.002452850341796875,0.002452850341796875,0.0013443385250866413,1.0,1.0,1.8245779275894165
113,31,287,0.0024509429931640625,0.0024509429931640625,0.0024509429931640625,0.0010448284447193146,1.0,1.0,2.345785140991211
114,18,11782,-0.002445220947265625,0.002445220947265625,0.002445220947265625,0.001264921622350812,0.0,1.0,1.933100700378418
115,17,9255,-0.0023937225341796875,0.0023937225341796875,0.0023937225341796875,0.0006855081301182508,0.0,1.0,3.4918951988220215
116,15,12099,-0.0023908615112304688,0.0023908615112304688,0.0023908615112304688,0.0020905574783682823,0.0,1.0,1.1436477899551392
117,17,4802,0.0023708343505859375,0.0023708343505859375,0.0023708343505859375,0.001050301594659686,1.0,1.0,2.257289171218872
118,19,900,0.0023670196533203125,0.0023670196533203125,0.0023670196533203125,0.000625944638159126,1.0,1.0,3.7815160751342773
119,28,13790,0.0023651123046875,0.0023651123046875,0.0023651123046875,0.00048553169472143054,1.0,1.0,4.871180057525635
120,14,8131,-0.002361297607421875,0.002361297607421875,0.002361297607421875,0.0016676096711307764,0.0,1.0,1.4159773588180542
121,28,3057,0.0023555755615234375,0.0023555755615234375,0.0023555755615234375,0.0005120618152432144,1.0,1.0,4.600178241729736
122,15,630,-0.0023450851440429688,0.0023450851440429688,0.0023450851440429688,0.0017875578487291932,0.0,1.0,1.311893343925476
123,28,7737,0.0023441314697265625,0.0023441314697265625,0.0023441314697265625,0.0003752923512365669,1.0,1.0,6.246147632598877
124,20,4035,0.00231170654296875,0.00231170654296875,0.00231170654296875,0.0008047112496569753,1.0,1.0,2.872715473175049
125,31,5369,-0.0022983551025390625,0.0022983551025390625,0.0022983551025390625,0.0008680322207510471,0.0,1.0,2.6477763652801514
126,22,9265,-0.002254486083984375,0.002254486083984375,0.002254486083984375,0.0009485718328505754,0.0,1.0,2.376716136932373
127,21,4502,-0.00225067138671875,0.00225067138671875,0.00225067138671875,0.0006560835754498839,0.0,1.0,3.430464506149292
128,31,2153,0.0022487640380859375,0.0022487640380859375,0.0022487640380859375,0.0006404006271623075,1.0,1.0,3.511495590209961
129,31,10715,-0.0022487640380859375,0.0022487640380859375,0.0022487640380859375,0.0005848162109032273,0.0,1.0,3.8452491760253906
130,9,10216,-0.002239227294921875,0.002239227294921875,0.005016326904296875,0.005846141371876001,0.25,0.75,0.3830265402793884
131,17,13031,-0.0022373199462890625,0.0022373199462890625,0.0022373199462890625,0.000918690871912986,0.0,1.0,2.4353349208831787
132,18,9220,-0.002223968505859375,0.002223968505859375,0.002223968505859375,0.0008497360977344215,0.0,1.0,2.617246150970459
133,28,11275,0.0022096633911132812,0.0022096633911132812,0.0022096633911132812,0.0010191075270995498,1.0,1.0,2.168233871459961
134,17,12927,0.002208709716796875,0.002208709716796875,0.002208709716796875,0.000989272492006421,1.0,1.0,2.2326605319976807
135,29,911,0.00220489501953125,0.00220489501953125,0.00220489501953125,0.0011870759772136807,1.0,1.0,1.8574169874191284
136,20,5512,-0.0021915435791015625,0.0021915435791015625,0.0021915435791015625,0.0007428259705193341,0.0,1.0,2.9502785205841064
137,15,5080,0.0021905899047851562,0.0021905899047851562,0.0021905899047851562,0.00199586758390069,1.0,1.0,1.0975627899169922
138,28,10351,0.002185821533203125,0.002185821533203125,0.002185821533203125,0.0003632785810623318,1.0,1.0,6.0169291496276855
139,19,6804,0.0021800994873046875,0.0021800994873046875,0.0021800994873046875,0.000624548178166151,1.0,1.0,3.490682601928711
140,15,5862,-0.0021767616271972656,0.0021767616271972656,0.0021767616271972656,0.0014612515224143863,0.0,1.0,1.4896557331085205
141,17,5191,-0.0021686553955078125,0.0021686553955078125,0.0021686553955078125,0.0009031149675138295,0.0,1.0,2.401305913925171
142,18,7152,-0.0021495819091796875,0.0021495819091796875,0.0021495819091796875,0.0008558938861824572,0.0,1.0,2.511505126953125
143,18,290,0.002148151397705078,0.002148151397705078,0.002148151397705078,0.001162499189376831,1.0,1.0,1.8478734493255615
144,14,5718,-0.0021429061889648438,0.0021429061889648438,0.0021429061889648438,0.001116743660531938,0.0,1.0,1.9188882112503052
145,19,14046,0.0021429061889648438,0.0021429061889648438,0.0021429061889648438,0.001389860175549984,1.0,1.0,1.5418142080307007
146,16,9495,-0.0021381378173828125,0.0021381378173828125,0.0021381378173828125,0.0007361945463344455,0.0,1.0,2.904310941696167
147,31,5603,0.002132415771484375,0.002132415771484375,0.002132415771484375,0.0011278802994638681,1.0,1.0,1.890640139579773
148,25,5676,-0.0021266937255859375,0.0021266937255859375,0.0021266937255859375,0.0005964941228739917,0.0,1.0,3.565322160720825
149,31,10014,0.002101898193359375,0.002101898193359375,0.002101898193359375,0.0006075197597965598,1.0,1.0,3.4598021507263184
150,14,12563,0.0020999908447265625,0.0020999908447265625,0.0020999908447265625,0.0004254499217495322,1.0,1.0,4.935929775238037
151,29,8508,0.00209808349609375,0.00209808349609375,0.00209808349609375,0.00048762516235001385,1.0,1.0,4.302656173706055
152,14,3917,-0.00209808349609375,0.00209808349609375,0.003570556640625,0.0031496465671807528,0.25,0.75,0.6661329865455627
153,15,10757,0.0020771026611328125,0.0020771026611328125,0.0026378631591796875,0.0018679117783904076,0.75,0.75,1.1119918823242188
154,19,11716,-0.0020732879638671875,0.0020732879638671875,0.0020732879638671875,0.000498205132316798,0.0,1.0,4.161514759063721
155,24,9569,0.002071380615234375,0.002071380615234375,0.002071380615234375,0.0010002729250118136,1.0,1.0,2.070815324783325
156,25,11921,0.0020685195922851562,0.0020685195922851562,0.0020685195922851562,0.0013349325163289905,1.0,1.0,1.5495312213897705
157,16,14185,-0.0020685195922851562,0.0020685195922851562,0.0020685195922851562,0.0007998792571015656,0.0,1.0,2.5860397815704346
158,7,10909,-0.0020685046911239624,0.0020685046911239624,0.002144560217857361,0.0036688498221337795,0.5,0.5,0.5638019442558289
159,29,4265,-0.00206756591796875,0.00206756591796875,0.00206756591796875,0.0005762844812124968,0.0,1.0,3.587752103805542
160,31,5178,0.00206756591796875,0.00206756591796875,0.00206756591796875,0.0007817244622856379,1.0,1.0,2.6448781490325928
161,18,3261,-0.002067089080810547,0.002067089080810547,0.002144336700439453,0.0017669814405962825,0.25,0.75,1.169842004776001
162,20,4772,0.002063751220703125,0.002063751220703125,0.002063751220703125,0.0006424679304473102,1.0,1.0,3.2122244834899902
163,17,6950,0.0020599365234375,0.0020599365234375,0.0020599365234375,0.0005736523307859898,1.0,1.0,3.590914487838745
164,14,4589,0.002056121826171875,0.002056121826171875,0.002056121826171875,0.0013911620480939746,1.0,1.0,1.4779887199401855
165,16,10855,-0.002052024006843567,0.002052024006843567,0.002052024006843567,0.0014054832281544805,0.0,1.0,1.4600131511688232
166,28,6596,-0.002044677734375,0.002044677734375,0.002044677734375,0.0005818382487632334,0.0,1.0,3.5141687393188477
167,18,13165,-0.002033233642578125,0.002033233642578125,0.002033233642578125,0.0004817556473426521,0.0,1.0,4.220466613769531
168,9,12002,0.002032727003097534,0.002032727003097534,0.002041369676589966,0.001836782437749207,0.75,0.75,1.1066781282424927
169,28,2570,-0.0020313262939453125,0.0020313262939453125,0.0020313262939453125,0.0005735349841415882,0.0,1.0,3.5417652130126953
170,24,8613,-0.0020275115966796875,0.0020275115966796875,0.0020275115966796875,0.000329761765897274,0.0,1.0,6.148413181304932
171,16,654,0.0020275115966796875,0.0020275115966796875,0.0020275115966796875,0.00127375905867666,1.0,1.0,1.59175443649292
172,19,1520,-0.0020265579223632812,0.0020265579223632812,0.0020265579223632812,0.0030261294450610876,0.0,1.0,0.6696864366531372
173,12,6358,0.0020265579223632812,0.0020265579223632812,0.0020265579223632812,0.0010071934666484594,1.0,1.0,2.0120840072631836
174,18,3031,-0.002025604248046875,0.002025604248046875,0.002025604248046875,0.00041143945418298244,0.0,1.0,4.923213481903076
175,16,2995,0.0020236968994140625,0.0020236968994140625,0.0020236968994140625,0.0006491125095635653,1.0,1.0,3.1176366806030273
176,23,13369,0.00202178955078125,0.00202178955078125,0.00202178955078125,0.0008510280749760568,1.0,1.0,2.3757026195526123
177,25,13289,0.0020189285278320312,0.0020189285278320312,0.0020189285278320312,0.0008881340036168694,1.0,1.0,2.2732250690460205
178,31,5441,-0.002017974853515625,0.002017974853515625,0.002017974853515625,0.0006071124225854874,0.0,1.0,3.323889970779419
179,23,9380,0.0020170211791992188,0.0020170211791992188,0.0020170211791992188,0.0010658286046236753,1.0,1.0,1.8924442529678345
180,15,13318,-0.0020160675048828125,0.0020160675048828125,0.0020160675048828125,0.00020910492457915097,0.0,1.0,9.6414155960083
181,31,124,-0.0020122528076171875,0.0020122528076171875,0.0020122528076171875,0.00044455137685872614,0.0,1.0,4.526479721069336
182,29,2252,-0.002010345458984375,0.002010345458984375,0.002010345458984375,0.0004884749068878591,0.0,1.0,4.115555286407471
183,18,3876,0.00200653076171875,0.00200653076171875,0.00200653076171875,0.0002456854563206434,1.0,1.0,8.167071342468262
184,29,9595,-0.002002716064453125,0.002002716064453125,0.002002716064453125,0.0006384235457517207,0.0,1.0,3.1369707584381104
185,19,6090,-0.0019989013671875,0.0019989013671875,0.0019989013671875,0.00045107080950401723,0.0,1.0,4.431457996368408
186,17,13012,-0.0019903182983398438,0.0019903182983398438,0.0019903182983398438,0.0014801182551309466,0.0,1.0,1.3447022438049316
187,29,90,0.001979827880859375,0.001979827880859375,0.001979827880859375,0.0004814534913748503,1.0,1.0,4.112189292907715
188,18,4164,0.0019779205322265625,0.0019779205322265625,0.0019779205322265625,0.00013360973389353603,1.0,1.0,14.803715705871582
189,24,8362,-0.0019626617431640625,0.0019626617431640625,0.0019626617431640625,0.0008733469876460731,0.0,1.0,2.2472875118255615
190,26,2589,-0.00196075439453125,0.00196075439453125,0.00196075439453125,0.0001923303643707186,0.0,1.0,10.194721221923828
191,14,7642,0.0019512176513671875,0.0019512176513671875,0.0019512176513671875,0.0013752433005720377,1.0,1.0,1.418816328048706
192,15,1832,-0.0019474029541015625,0.0019474029541015625,0.0019474029541015625,0.0005804704851470888,0.0,1.0,3.354869842529297
193,31,11861,-0.0019474029541015625,0.0019474029541015625,0.0019474029541015625,0.0006205042009241879,0.0,1.0,3.138420343399048
194,31,7104,0.0019435882568359375,0.0019435882568359375,0.0019435882568359375,0.0007825128850527108,1.0,1.0,2.4837779998779297
195,30,1754,0.0019397735595703125,0.0019397735595703125,0.0019397735595703125,0.00041277686250396073,1.0,1.0,4.69932746887207
196,26,3004,-0.0019378662109375,0.0019378662109375,0.0019378662109375,0.00012014782259939238,0.0,1.0,16.129016876220703
197,30,2049,0.0019321441650390625,0.0019321441650390625,0.0019321441650390625,0.00039412948535755277,1.0,1.0,4.902307987213135
198,25,6384,-0.0019207000732421875,0.0019207000732421875,0.0019207000732421875,0.0009753454360179603,0.0,1.0,1.9692511558532715
199,30,10669,0.001918792724609375,0.001918792724609375,0.001918792724609375,0.0008345473324880004,1.0,1.0,2.299201726913452
200,15,6918,0.0019159317016601562,0.0019159317016601562,0.0019159317016601562,0.000970277760643512,1.0,1.0,1.9746218919754028
201,24,5048,-0.0019130706787109375,0.0019130706787109375,0.0019130706787109375,0.0007906897808425128,0.0,1.0,2.4194958209991455
202,18,4228,-0.001911163330078125,0.001911163330078125,0.001911163330078125,0.0006862533045932651,0.0,1.0,2.784924030303955
203,30,3175,0.001895904541015625,0.001895904541015625,0.001895904541015625,0.0006939080194570124,1.0,1.0,2.732213020324707
204,20,13625,0.00189208984375,0.00189208984375,0.00189208984375,0.0005978496046736836,1.0,1.0,3.164825677871704
205,22,5804,-0.0018863677978515625,0.0018863677978515625,0.0018863677978515625,0.000508640194311738,0.0,1.0,3.708648681640625
206,31,3691,0.0018863677978515625,0.0018863677978515625,0.0018863677978515625,0.0004822952614631504,1.0,1.0,3.9112303256988525
207,15,11853,0.001886129379272461,0.001886129379272461,0.001951456069946289,0.0012048939242959023,0.75,0.75,1.5653903484344482
208,29,142,-0.0018835067749023438,0.0018835067749023438,0.0018835067749023438,0.000655453244689852,0.0,1.0,2.873594284057617
209,21,8760,-0.001880645751953125,0.001880645751953125,0.001880645751953125,0.0009545208304189146,0.0,1.0,1.9702510833740234
210,14,1559,-0.0018787384033203125,0.0018787384033203125,0.0026073455810546875,0.002040248829871416,0.25,0.75,0.9208378791809082
211,30,1443,0.00186920166015625,0.00186920166015625,0.00186920166015625,0.00020199893333483487,1.0,1.0,9.253522872924805
212,23,12181,0.0018666982650756836,0.0018666982650756836,0.001907944679260254,0.001545239007100463,0.75,0.75,1.2080320119857788
213,16,6901,-0.0018663406372070312,0.0018663406372070312,0.0018663406372070312,0.0014041127869859338,0.0,1.0,1.3291956186294556
214,27,932,0.0018644332885742188,0.0018644332885742188,0.0018644332885742188,0.0008437786600552499,1.0,1.0,2.2096235752105713
215,28,4077,-0.0018634796142578125,0.0018634796142578125,0.0018634796142578125,0.0005637594731524587,0.0,1.0,3.3054516315460205
216,18,9102,-0.0018634796142578125,0.0018634796142578125,0.0018634796142578125,0.0005897964583709836,0.0,1.0,3.1595299243927
217,27,5995,0.001861572265625,0.001861572265625,0.001861572265625,0.001092109945602715,1.0,1.0,1.7045649290084839
218,27,14327,0.001861572265625,0.001861572265625,0.001861572265625,0.0006229296559467912,1.0,1.0,2.988415002822876
219,2,4786,0.0018596649169921875,0.0018596649169921875,0.00201416015625,0.002259412780404091,0.75,0.75,0.823074460029602
220,26,11941,0.001857757568359375,0.001857757568359375,0.002223968505859375,0.001678341068327427,0.75,0.75,1.1069010496139526
221,6,8252,-0.0018562376499176025,0.0018562376499176025,0.00196877121925354,0.0033336973283439875,0.5,0.5,0.5568104982376099
222,31,3402,-0.0018520355224609375,0.0018520355224609375,0.0018520355224609375,0.0005785117391496897,0.0,1.0,3.2013792991638184
223,23,5722,-0.0018520355224609375,0.0018520355224609375,0.0018520355224609375,0.00023952987976372242,0.0,1.0,7.731960296630859
224,16,8987,-0.0018453598022460938,0.0018453598022460938,0.0018453598022460938,0.0008938625105656683,0.0,1.0,2.0644783973693848
225,31,2085,-0.0018444061279296875,0.0018444061279296875,0.0018444061279296875,0.0008347543771378696,0.0,1.0,2.209519624710083
226,18,6431,0.0018405914306640625,0.0018405914306640625,0.0018405914306640625,0.00034616669290699065,1.0,1.0,5.317066669464111
227,16,5547,0.0018310546875,0.0018310546875,0.0018310546875,0.00019748197519220412,1.0,1.0,9.272008895874023
228,19,6569,-0.0018291473388671875,0.0018291473388671875,0.0018291473388671875,0.0009048213250935078,0.0,1.0,2.0215563774108887
229,20,88,0.001827239990234375,0.001827239990234375,0.001827239990234375,0.0005459283711388707,1.0,1.0,3.3470325469970703
230,26,9692,-0.0018253326416015625,0.0018253326416015625,0.0018253326416015625,0.00013469447731040418,0.0,1.0,13.551651954650879
231,21,10170,-0.00182342529296875,0.00182342529296875,0.00400543212890625,0.003621407551690936,0.25,0.75,0.5035128593444824
232,28,9883,0.0018215179443359375,0.0018215179443359375,0.0018215179443359375,0.0002060907572740689,1.0,1.0,8.83842658996582
233,7,11861,0.0018207132816314697,0.0018207132816314697,0.0018207132816314697,0.003054262138903141,1.0,1.0,0.596122145652771
234,31,10100,-0.0018157958984375,0.0018157958984375,0.0018157958984375,0.0002680079487618059,0.0,1.0,6.7751569747924805
235,26,10933,-0.0018157958984375,0.0018157958984375,0.0018157958984375,0.0006436107796616852,0.0,1.0,2.8212640285491943
236,31,4995,0.0018157958984375,0.0018157958984375,0.0018157958984375,0.00044316210551187396,1.0,1.0,4.097362518310547
237,25,8519,0.0018150806427001953,0.0018150806427001953,0.0018150806427001953,0.0014708334347233176,1.0,1.0,1.2340490818023682
238,20,8323,0.0018072128295898438,0.0018072128295898438,0.0018072128295898438,0.0008372907759621739,1.0,1.0,2.158405303955078
239,18,4534,-0.0018053054809570312,0.0018053054809570312,0.0019636154174804688,0.0012346701696515083,0.25,0.75,1.4621763229370117
240,24,8765,0.001804351806640625,0.001804351806640625,0.001804351806640625,0.0003689622972160578,1.0,1.0,4.890341758728027
241,23,5473,-0.001796722412109375,0.001796722412109375,0.001796722412109375,0.0004011240671388805,0.0,1.0,4.479218482971191
242,28,547,0.0017957687377929688,0.0017957687377929688,0.0017957687377929688,0.0008290776167996228,1.0,1.0,2.1659839153289795
243,29,5764,0.0017910003662109375,0.0017910003662109375,0.0017910003662109375,0.0003925757191609591,1.0,1.0,4.562178134918213
244,29,8873,0.0017910003662109375,0.0017910003662109375,0.0017910003662109375,0.0004287887713871896,1.0,1.0,4.176882743835449
245,22,6781,-0.0017871856689453125,0.0017871856689453125,0.0017871856689453125,0.00028179099899716675,0.0,1.0,6.342238426208496
246,27,6091,-0.0017871856689453125,0.0017871856689453125,0.0017871856689453125,0.0003887389902956784,0.0,1.0,4.597392559051514
247,31,7450,0.0017862319946289062,0.0017862319946289062,0.0017862319946289062,0.0007821821491234004,1.0,1.0,2.2836523056030273
248,21,13134,0.001781463623046875,0.001781463623046875,0.001781463623046875,0.0008049915195442736,1.0,1.0,2.2130215167999268
249,31,10459,0.001781463623046875,0.001781463623046875,0.001781463623046875,0.0006480608135461807,1.0,1.0,2.7489142417907715
250,31,13599,0.001781463623046875,0.001781463623046875,0.001781463623046875,0.0007987305871210992,1.0,1.0,2.2303686141967773
251,31,14304,0.0017757415771484375,0.0017757415771484375,0.0017757415771484375,0.00011269509559497237,1.0,1.0,15.757043838500977
252,30,2226,-0.001773834228515625,0.001773834228515625,0.001773834228515625,0.0002959034754894674,0.0,1.0,5.994637966156006
253,15,9635,-0.001771688461303711,0.001771688461303711,0.003320455551147461,0.003893102053552866,0.25,0.75,0.4550839960575104
254,20,3876,0.0017681121826171875,0.0017681121826171875,0.0017681121826171875,0.00030917293042875826,1.0,1.0,5.718845367431641
255,22,2958,0.0017681121826171875,0.0017681121826171875,0.0017681121826171875,0.00026628526393324137,1.0,1.0,6.639917373657227
256,28,8219,-0.0017642974853515625,0.0017642974853515625,0.0017642974853515625,0.0006059817969799042,0.0,1.0,2.9114694595336914
257,26,7419,-0.00176239013671875,0.00176239013671875,0.00176239013671875,0.0008293787250295281,0.0,1.0,2.1249520778656006
258,20,133,0.0017566680908203125,0.0017566680908203125,0.0017566680908203125,0.0008006389834918082,1.0,1.0,2.194082736968994
259,31,5883,-0.0017547607421875,0.0017547607421875,0.0017547607421875,0.0006478474824689329,0.0,1.0,2.708601713180542
260,26,8722,0.001750946044921875,0.001750946044921875,0.001750946044921875,0.00032163577270694077,1.0,1.0,5.443878650665283
261,28,10999,0.0017404556274414062,0.0017404556274414062,0.0017404556274414062,0.0006950833485461771,1.0,1.0,2.5039525032043457
262,22,377,0.001735687255859375,0.001735687255859375,0.001735687255859375,0.000731198932044208,1.0,1.0,2.3737552165985107
263,29,8993,-0.001735687255859375,0.001735687255859375,0.001735687255859375,0.00021542065951507539,0.0,1.0,8.057199478149414
264,26,6423,-0.0017333030700683594,0.0017333030700683594,0.0017333030700683594,0.0008232583641074598,0.0,1.0,2.1054182052612305
265,16,11992,0.0017325878143310547,0.0017325878143310547,0.0017325878143310547,0.0021798170637339354,1.0,1.0,0.7948317527770996
266,14,8913,0.0017299652099609375,0.0017299652099609375,0.0017299652099609375,0.0008685350185260177,1.0,1.0,1.9918197393417358
267,18,12745,-0.001728057861328125,0.001728057861328125,0.001728057861328125,0.0007029504631645977,0.0,1.0,2.4582924842834473
268,31,3743,-0.001728057861328125,0.001728057861328125,0.001728057861328125,0.0004067440459039062,0.0,1.0,4.248514175415039
269,24,1956,0.0017232894897460938,0.0017232894897460938,0.0017232894897460938,0.0005851077730767429,1.0,1.0,2.94525146484375
270,0,10902,0.0017228126525878906,0.0017228126525878906,0.0017228126525878906,0.0012752329930663109,1.0,1.0,1.3509787321090698
271,15,764,0.0017223358154296875,0.0017223358154296875,0.0017223358154296875,0.0014616054249927402,1.0,1.0,1.1783863306045532
272,20,5771,0.0017194747924804688,0.0017194747924804688,0.0017194747924804688,0.0006168341496959329,1.0,1.0,2.7875804901123047
273,30,669,-0.00171661376953125,0.00171661376953125,0.00171661376953125,0.0010573389008641243,0.0,1.0,1.6235227584838867
274,16,3598,-0.001712799072265625,0.001712799072265625,0.001712799072265625,0.00017675678827799857,0.0,1.0,9.690145492553711
275,31,11817,-0.001708984375,0.001708984375,0.001708984375,0.00046479859156534076,0.0,1.0,3.6768276691436768
276,16,2756,-0.0017070770263671875,0.0017070770263671875,0.0017070770263671875,0.0015170425176620483,0.0,1.0,1.125266432762146
277,26,7068,0.001705169677734375,0.001705169677734375,0.001705169677734375,0.0004525684635154903,1.0,1.0,3.767760753631592
278,19,4762,0.0017037391662597656,0.0017037391662597656,0.0018630027770996094,0.001320999232120812,0.75,0.75,1.289735198020935
279,18,13570,0.0017032623291015625,0.0017032623291015625,0.0017032623291015625,0.0015610095579177141,1.0,1.0,1.0911287069320679
280,27,4121,0.0017032623291015625,0.0017032623291015625,0.0017032623291015625,0.0006128349923528731,1.0,1.0,2.7793164253234863
281,25,1907,-0.00170135498046875,0.00170135498046875,0.00170135498046875,0.00043844131869263947,0.0,1.0,3.880462169647217
282,16,6772,0.00170135498046875,0.00170135498046875,0.0020599365234375,0.0014496853109449148,0.75,0.75,1.1736029386520386
283,29,166,-0.0016984939575195312,0.0016984939575195312,0.0016984939575195312,0.0014766756212338805,0.0,1.0,1.150214672088623
284,28,435,-0.001697540283203125,0.001697540283203125,0.001697540283203125,0.0002895905636250973,0.0,1.0,5.861863136291504
285,26,13873,-0.0016965866088867188,0.0016965866088867188,0.0016965866088867188,0.0008604970062151551,0.0,1.0,1.9716356992721558
286,30,5612,0.0016937255859375,0.0016937255859375,0.0016937255859375,0.0008774633170105517,1.0,1.0,1.9302523136138916
287,28,3182,0.0016937255859375,0.0016937255859375,0.0016937255859375,0.0002149134234059602,1.0,1.0,7.880967140197754
288,28,1870,0.00168609619140625,0.00168609619140625,0.00168609619140625,0.0005999392014928162,1.0,1.0,2.8104450702667236
289,18,7417,-0.00168609619140625,0.00168609619140625,0.00357818603515625,0.004622852895408869,0.5,0.5,0.3647306561470032
290,31,13812,-0.001678466796875,0.001678466796875,0.001678466796875,0.0005312436842359602,0.0,1.0,3.1595044136047363
291,21,5287,-0.0016765594482421875,0.0016765594482421875,0.0016765594482421875,0.0004112935275770724,0.0,1.0,4.076308727264404
292,31,4096,0.0016765594482421875,0.0016765594482421875,0.0016765594482421875,0.00041249472997151315,1.0,1.0,4.064438343048096
293,6,9667,0.0016756653785705566,0.0016756653785705566,0.0016879439353942871,0.002891250653192401,0.75,0.75,0.5795642137527466
294,19,413,-0.001674652099609375,0.001674652099609375,0.001674652099609375,0.00032136417576111853,0.0,1.0,5.21107292175293
295,28,5784,0.00167083740234375,0.00167083740234375,0.00167083740234375,0.0003480375453364104,1.0,1.0,4.80073881149292
296,15,12971,0.00167083740234375,0.00167083740234375,0.00167083740234375,0.00023078129743225873,1.0,1.0,7.239916801452637
297,26,12922,-0.0016694068908691406,0.0016694068908691406,0.0016694068908691406,0.0007510684663429856,0.0,1.0,2.2227094173431396
298,25,11171,-0.001667022705078125,0.001667022705078125,0.001667022705078125,0.0005108419572934508,0.0,1.0,3.263284683227539
299,30,8562,0.001659393310546875,0.001659393310546875,0.001659393310546875,0.00039604934863746166,1.0,1.0,4.1898651123046875
300,16,7051,-0.001659393310546875,0.001659393310546875,0.001659393310546875,0.0004951618029735982,0.0,1.0,3.3512144088745117
301,31,12850,-0.0016574859619140625,0.0016574859619140625,0.0016574859619140625,0.0004264065355528146,0.0,1.0,3.8871026039123535
302,31,7791,0.0016508102416992188,0.0016508102416992188,0.0016508102416992188,0.0009121330222114921,1.0,1.0,1.8098349571228027
303,21,7892,0.0016460418701171875,0.0016460418701171875,0.0016460418701171875,0.0004019168845843524,1.0,1.0,4.095478057861328
304,30,11984,-0.0016460418701171875,0.0016460418701171875,0.0016460418701171875,0.0007360759773291647,0.0,1.0,2.236239194869995
305,29,12400,-0.0016422271728515625,0.0016422271728515625,0.0016422271728515625,0.00028070443659089506,0.0,1.0,5.850378513336182
306,30,12764,0.0016384124755859375,0.0016384124755859375,0.0016384124755859375,0.00042373628821223974,1.0,1.0,3.8665852546691895
307,27,13519,0.0016384124755859375,0.0016384124755859375,0.0016384124755859375,0.000988932210020721,1.0,1.0,1.6567490100860596
308,25,4868,-0.0016345977783203125,0.0016345977783203125,0.0016345977783203125,0.00037741893902421,0.0,1.0,4.330990314483643
309,15,5367,0.0016345977783203125,0.0016345977783203125,0.0016345977783203125,0.00035835319431498647,1.0,1.0,4.561415195465088
310,31,8254,0.0016307830810546875,0.0016307830810546875,0.0016307830810546875,0.00043888503569178283,1.0,1.0,3.715740919113159
311,31,13271,0.0016307830810546875,0.0016307830810546875,0.0016307830810546875,0.00040523416828364134,1.0,1.0,4.024298191070557
312,24,7928,0.0016307830810546875,0.0016307830810546875,0.0016307830810546875,0.0010634234640747309,1.0,1.0,1.5335217714309692
313,31,12358,0.0016231536865234375,0.0016231536865234375,0.0016231536865234375,0.0003459985018707812,1.0,1.0,4.691215991973877
314,17,2299,0.0016222000122070312,0.0016222000122070312,0.0016222000122070312,0.0009039519354701042,1.0,1.0,1.7945644855499268
315,28,8272,0.0016193389892578125,0.0016193389892578125,0.0016193389892578125,0.0004550335870590061,1.0,1.0,3.5587241649627686
316,18,730,0.0016102790832519531,0.0016102790832519531,0.0016102790832519531,0.0009072489337995648,1.0,1.0,1.7749032974243164
317,4,4391,0.0016078948974609375,0.0016078948974609375,0.0016078948974609375,0.0005473625496961176,1.0,1.0,2.9375317096710205
318,31,10716,-0.0016069412231445312,0.0016069412231445312,0.0016069412231445312,0.0004529491125140339,0.0,1.0,3.5477302074432373
319,4,11627,-0.0016044825315475464,0.0016044825315475464,0.0016044825315475464,0.002756111091002822,0.0,1.0,0.5821545124053955
320,16,14256,0.0016031265258789062,0.0016031265258789062,0.0016031265258789062,0.0010026429081335664,1.0,1.0,1.5989007949829102
321,31,3935,-0.0016021728515625,0.0016021728515625,0.0016021728515625,0.0005841595702804625,0.0,1.0,2.742697238922119
322,16,104,0.0016012191772460938,0.0016012191772460938,0.0016012191772460938,0.0005004264530725777,1.0,1.0,3.199709415435791
323,28,6033,-0.0016002655029296875,0.0016002655029296875,0.0016002655029296875,0.0007407268858514726,0.0,1.0,2.1603987216949463
324,20,12254,-0.001598358154296875,0.001598358154296875,0.001598358154296875,0.0006626712274737656,0.0,1.0,2.4119927883148193
325,19,29,-0.0015954971313476562,0.0015954971313476562,0.0015954971313476562,0.0005561377038247883,0.0,1.0,2.8688886165618896
326,23,1043,-0.00159454345703125,0.00159454345703125,0.00159454345703125,0.00048031870392151177,0.0,1.0,3.319761276245117
327,27,4672,0.0015926361083984375,0.0015926361083984375,0.0015926361083984375,0.0006627343245781958,1.0,1.0,2.4031291007995605
328,19,13010,-0.0015869140625,0.0015869140625,0.0015869140625,0.0010636234655976295,0.0,1.0,1.4919885396957397
329,29,10815,0.0015859603881835938,0.0015859603881835938,0.0015859603881835938,0.0005426289280876517,1.0,1.0,2.9227347373962402
330,16,8827,0.0015850067138671875,0.0015850067138671875,0.0015850067138671875,0.0005791904986836016,1.0,1.0,2.7365896701812744
331,31,1157,-0.001583099365234375,0.001583099365234375,0.001583099365234375,0.0003118033637292683,0.0,1.0,5.077236175537109
332,15,6063,-0.0015811920166015625,0.0015811920166015625,0.0015811920166015625,0.00029342807829380035,0.0,1.0,5.388686656951904
333,29,13885,0.0015802383422851562,0.0015802383422851562,0.0015802383422851562,0.0005975353997200727,1.0,1.0,2.6445937156677246
334,17,10757,-0.00157928466796875,0.00157928466796875,0.00157928466796875,0.0003850388457067311,0.0,1.0,4.101624488830566
335,19,10772,0.001575469970703125,0.001575469970703125,0.001575469970703125,0.0006960437749512494,1.0,1.0,2.2634639739990234
336,31,11222,-0.0015735626220703125,0.0015735626220703125,0.0015735626220703125,0.00027752414462156594,0.0,1.0,5.670002460479736
337,18,13518,-0.0015726089477539062,0.0015726089477539062,0.0015726089477539062,0.0008965609013102949,0.0,1.0,1.754045844078064
338,29,13822,-0.0015716552734375,0.0015716552734375,0.0015716552734375,0.0007688484038226306,0.0,1.0,2.044167995452881
339,22,10842,0.0015716552734375,0.0015716552734375,0.0015716552734375,0.0006721881800331175,1.0,1.0,2.338118076324463
340,15,5095,0.0015707015991210938,0.0015707015991210938,0.0015707015991210938,0.0008216860587708652,1.0,1.0,1.9115592241287231
341,30,1529,-0.0015687942504882812,0.0015687942504882812,0.0015687942504882812,0.0012906857300549746,0.0,1.0,1.2154734134674072
342,9,4237,-0.0015649497509002686,0.0015649497509002686,0.0015649497509002686,0.0026379870250821114,0.0,1.0,0.5932363271713257
343,27,12821,0.00156402587890625,0.00156402587890625,0.00156402587890625,0.0004113510367460549,1.0,1.0,3.802168369293213
344,25,9489,0.00156402587890625,0.00156402587890625,0.00156402587890625,0.0002109496563207358,1.0,1.0,7.414214134216309
345,17,11818,0.0015621185302734375,0.0015621185302734375,0.0015621185302734375,0.0002811188460327685,1.0,1.0,5.556790351867676
346,29,4017,0.0015621185302734375,0.0015621185302734375,0.0015621185302734375,0.0004498553753364831,1.0,1.0,3.4724905490875244
347,31,2012,0.001560211181640625,0.001560211181640625,0.001560211181640625,0.0006408350891433656,1.0,1.0,2.4346532821655273
348,31,8489,0.0015583038330078125,0.0015583038330078125,0.0015583038330078125,0.00021125124476384372,1.0,1.0,7.376542568206787
349,20,436,0.0015554428100585938,0.0015554428100585938,0.0015554428100585938,0.0012057049898430705,1.0,1.0,1.2900691032409668
350,28,12278,0.0015516281127929688,0.0015516281127929688,0.0015516281127929688,0.0005869762971997261,1.0,1.0,2.643425464630127
351,31,8345,0.0015506744384765625,0.0015506744384765625,0.0015506744384765625,0.00033418904058635235,1.0,1.0,4.640111446380615
352,19,9793,0.00154876708984375,0.00154876708984375,0.00154876708984375,0.0010763531317934394,1.0,1.0,1.4389023780822754
353,16,11949,0.00154876708984375,0.00154876708984375,0.00154876708984375,0.00033720716601237655,1.0,1.0,4.59292459487915
354,29,6444,-0.0015468597412109375,0.0015468597412109375,0.0015468597412109375,0.0003356662637088448,0.0,1.0,4.608326435089111
355,31,2549,0.0015392303466796875,0.0015392303466796875,0.0015392303466796875,0.00042831338942050934,1.0,1.0,3.593701124191284
356,19,11795,0.0015392303466796875,0.0015392303466796875,0.0015392303466796875,0.00021439651027321815,1.0,1.0,7.179362773895264
357,19,10624,0.0015354156494140625,0.0015354156494140625,0.0015354156494140625,0.0004107624990865588,1.0,1.0,3.737964630126953
358,30,1384,0.0015354156494140625,0.0015354156494140625,0.0015354156494140625,0.0003765697474591434,1.0,1.0,4.07737398147583
359,31,3493,0.00153350830078125,0.00153350830078125,0.00153350830078125,0.00046354459482245147,1.0,1.0,3.3082218170166016
360,17,12441,0.0015316009521484375,0.0015316009521484375,0.0015316009521484375,0.00038049096474424005,1.0,1.0,4.025328159332275
361,24,10631,0.001529693603515625,0.001529693603515625,0.001529693603515625,0.00032994375214912,1.0,1.0,4.63622522354126
362,15,13269,-0.0015292167663574219,0.0015292167663574219,0.0015292167663574219,0.0008964522276073694,0.0,1.0,1.7058541774749756
363,18,5765,-0.0015277862548828125,0.0015277862548828125,0.0015277862548828125,0.0005596662522293627,0.0,1.0,2.7298166751861572
364,31,12222,0.0015277862548828125,0.0015277862548828125,0.0015277862548828125,0.00048680006875656545,1.0,1.0,3.1384265422821045
365,16,5924,-0.0015234947204589844,0.0015234947204589844,0.0015234947204589844,0.001171426847577095,0.0,1.0,1.3005461692810059
366,13,2776,-0.0015189647674560547,0.0015189647674560547,0.0015189647674560547,0.0007737218402326107,0.0,1.0,1.963192343711853
367,20,10540,0.00151824951171875,0.00151824951171875,0.00151824951171875,5.860249075340107e-05,1.0,1.0,25.9075927734375
368,15,1706,0.00151824951171875,0.00151824951171875,0.00151824951171875,0.0002878516970667988,1.0,1.0,5.274415493011475
369,27,2478,-0.00151824951171875,0.00151824951171875,0.00151824951171875,0.0002604631008580327,0.0,1.0,5.829038619995117
370,29,4104,-0.0015172958374023438,0.0015172958374023438,0.0015172958374023438,0.0005821031518280506,0.0,1.0,2.6065754890441895
371,21,1011,-0.0015153884887695312,0.0015153884887695312,0.0017919540405273438,0.001222666585817933,0.25,0.75,1.2394126653671265
372,19,6427,-0.0015125274658203125,0.0015125274658203125,0.0015125274658203125,0.0003412981750443578,0.0,1.0,4.431689262390137
373,31,9628,-0.0015106201171875,0.0015106201171875,0.0015106201171875,0.0001835816801758483,0.0,1.0,8.228599548339844
374,26,4692,-0.0015087127685546875,0.0015087127685546875,0.0015087127685546875,0.0006717848591506481,0.0,1.0,2.2458271980285645
375,16,1575,0.0015087127685546875,0.0015087127685546875,0.0015087127685546875,0.00045021105324849486,1.0,1.0,3.351123332977295
376,29,6141,-0.001506805419921875,0.001506805419921875,0.001506805419921875,0.00018660850764717907,0.0,1.0,8.074687957763672
377,31,5553,0.001506805419921875,0.001506805419921875,0.001506805419921875,0.0005047379527240992,1.0,1.0,2.9853222370147705
378,21,3002,-0.0015058517456054688,0.0015058517456054688,0.0015058517456054688,0.000489957572426647,0.0,1.0,3.0734329223632812
379,18,2016,0.0015039443969726562,0.0015039443969726562,0.0015039443969726562,0.00057581951841712,1.0,1.0,2.611832857131958
380,24,6813,0.00150299072265625,0.00150299072265625,0.00150299072265625,0.0008487679879181087,1.0,1.0,1.7707910537719727
381,16,2831,0.0015010833740234375,0.0015010833740234375,0.0015010833740234375,0.00032522951369173825,1.0,1.0,4.6154584884643555
382,21,5297,-0.001499176025390625,0.001499176025390625,0.001499176025390625,0.000515153631567955,0.0,1.0,2.910153388977051
383,19,9739,0.0014972686767578125,0.0014972686767578125,0.0014972686767578125,0.0006702234386466444,1.0,1.0,2.2339844703674316
384,17,4209,-0.0014965534210205078,0.0014965534210205078,0.0016162395477294922,0.0015345294959843159,0.25,0.75,0.9752522706985474
385,16,6213,0.001495361328125,0.001495361328125,0.001495361328125,0.00027839449467137456,1.0,1.0,5.371375560760498
386,8,6528,-0.0014941096305847168,0.0014941096305847168,0.002152740955352783,0.0033655075822025537,0.75,0.75,0.44394779205322266
387,31,12889,-0.0014820098876953125,0.0014820098876953125,0.0014820098876953125,0.0005922094569541514,0.0,1.0,2.502509593963623
388,30,13943,0.0014801025390625,0.0014801025390625,0.0014801025390625,0.0001936123298946768,1.0,1.0,7.6446709632873535
389,24,4379,-0.0014801025390625,0.0014801025390625,0.0014801025390625,0.0007882313220761716,0.0,1.0,1.8777514696121216
390,25,12046,0.0014772415161132812,0.0014772415161132812,0.0014772415161132812,0.0008658244041725993,1.0,1.0,1.7061675786972046
391,15,4768,-0.0014767646789550781,0.0014767646789550781,0.002041339874267578,0.0020366243552416563,0.25,0.75,0.7251040935516357
392,14,1406,0.0014756321907043457,0.0014756321907043457,0.0014845728874206543,0.0011469717137515545,0.75,0.75,1.286546230316162
393,19,12390,-0.0014743804931640625,0.0014743804931640625,0.0014743804931640625,0.0006270363228395581,0.0,1.0,2.3513479232788086
394,21,5307,-0.00147247314453125,0.00147247314453125,0.00147247314453125,0.00029964197892695665,0.0,1.0,4.9141082763671875
395,24,1222,-0.0014696121215820312,0.0014696121215820312,0.0014696121215820312,0.0009091367828659713,0.0,1.0,1.6164917945861816
396,23,3252,0.0014667510986328125,0.0014667510986328125,0.0014667510986328125,0.00020819826750084758,1.0,1.0,7.0449724197387695
397,20,13350,-0.0014662742614746094,0.0014662742614746094,0.0014662742614746094,0.0007280519348569214,0.0,1.0,2.0139694213867188
398,14,4484,0.0014643669128417969,0.0014643669128417969,0.0014643669128417969,0.0009936008136719465,1.0,1.0,1.4737980365753174
399,25,4565,0.0014636516571044922,0.0014636516571044922,0.0015385150909423828,0.0010256503010168672,0.75,0.75,1.4270474910736084
400,27,3739,-0.0014629364013671875,0.0014629364013671875,0.0014629364013671875,0.0006129774847067893,0.0,1.0,2.3866071701049805
401,30,2450,0.0014581680297851562,0.0014581680297851562,0.0014581680297851562,0.0005368322599679232,1.0,1.0,2.716245174407959
402,24,5457,-0.00145721435546875,0.00145721435546875,0.00145721435546875,0.0008106074528768659,0.0,1.0,1.7976819276809692
403,31,39,-0.0014553070068359375,0.0014553070068359375,0.0014553070068359375,0.0005176580743864179,0.0,1.0,2.811328649520874
404,31,1997,-0.0014553070068359375,0.0014553070068359375,0.0014553070068359375,0.00047207938041538,0.0,1.0,3.082759141921997
405,27,4309,0.0014553070068359375,0.0014553070068359375,0.0014553070068359375,0.0010514197638258338,1.0,1.0,1.384135127067566
406,25,4322,-0.0014543533325195312,0.0014543533325195312,0.0014543533325195312,0.0006222598603926599,0.0,1.0,2.337212085723877
407,24,6529,0.001453399658203125,0.001453399658203125,0.001453399658203125,0.0008136937976814806,1.0,1.0,1.7861751317977905
408,13,9457,-0.0014530420303344727,0.0014530420303344727,0.0014530420303344727,0.0012161167105659842,0.0,1.0,1.1948212385177612
409,27,13732,0.0014514923095703125,0.0014514923095703125,0.0014514923095703125,0.0003534466668497771,1.0,1.0,4.106679916381836
410,30,12996,-0.001445770263671875,0.001445770263671875,0.001445770263671875,0.0001647401659283787,0.0,1.0,8.776063919067383
411,19,10070,-0.001445770263671875,0.001445770263671875,0.001445770263671875,0.0003075270797125995,0.0,1.0,4.701277732849121
412,31,11691,0.001445770263671875,0.001445770263671875,0.001445770263671875,0.00024014420341700315,1.0,1.0,6.020425319671631
413,27,8242,0.00144195556640625,0.00144195556640625,0.00144195556640625,0.00013573034084402025,1.0,1.0,10.623679161071777
414,23,12110,0.00144195556640625,0.00144195556640625,0.00144195556640625,0.00039300639764405787,1.0,1.0,3.6690382957458496
415,21,3593,-0.0014400482177734375,0.0014400482177734375,0.0014400482177734375,0.0001851111010182649,0.0,1.0,7.779372692108154
416,30,2614,0.0014352798461914062,0.0014352798461914062,0.0014352798461914062,0.0005710868863388896,1.0,1.0,2.513242483139038
417,30,5974,0.0014333724975585938,0.0014333724975585938,0.0014333724975585938,0.0005719271721318364,1.0,1.0,2.5062150955200195
418,28,2807,0.0014314651489257812,0.0014314651489257812,0.0014314651489257812,0.0009609758271835744,1.0,1.0,1.4895954132080078
419,1,2427,0.0014295578002929688,0.0014295578002929688,0.0014295578002929688,0.0010277950204908848,1.0,1.0,1.3908977508544922
420,27,13710,0.0014286041259765625,0.0014286041259765625,0.0014286041259765625,0.0002979068667627871,1.0,1.0,4.795472145080566
421,18,2401,0.00142669677734375,0.00142669677734375,0.00142669677734375,0.0002310963609488681,1.0,1.0,6.173601150512695
422,22,4544,-0.0014257431030273438,0.0014257431030273438,0.0014257431030273438,0.0007738025742582977,0.0,1.0,1.8425153493881226
423,19,7128,0.0014247894287109375,0.0014247894287109375,0.0014247894287109375,0.0004796631110366434,1.0,1.0,2.970396041870117
424,24,10897,-0.0014247894287109375,0.0014247894287109375,0.0014247894287109375,0.0005122394068166614,0.0,1.0,2.781491279602051
425,31,1418,-0.0014247894287109375,0.0014247894287109375,0.0014247894287109375,0.0003759896499104798,0.0,1.0,3.789438009262085
426,30,7433,0.001422882080078125,0.001422882080078125,0.001422882080078125,0.00013621193647850305,1.0,1.0,10.446089744567871
427,27,14126,-0.001422882080078125,0.001422882080078125,0.001422882080078125,0.0002849300508387387,0.0,1.0,4.9937944412231445
428,23,5263,-0.0014209747314453125,0.0014209747314453125,0.0014209747314453125,0.0008616551640443504,0.0,1.0,1.6491222381591797
429,22,7652,0.0014142990112304688,0.0014142990112304688,0.0014142990112304688,0.0005641457391902804,1.0,1.0,2.506974458694458
430,31,10514,0.0014133453369140625,0.0014133453369140625,0.0014133453369140625,0.000490581791382283,1.0,1.0,2.88095760345459
431,11,2963,-0.0014129877090454102,0.0014129877090454102,0.0014728307723999023,0.0015694202156737447,0.25,0.75,0.9003246426582336
432,15,6692,0.0014119148254394531,0.0014119148254394531,0.0014119148254394531,0.0008903665584512055,1.0,1.0,1.5857679843902588
433,29,13368,0.00140380859375,0.00140380859375,0.00140380859375,0.00024810200557112694,1.0,1.0,5.658191204071045
434,28,14332,0.0014028549194335938,0.0014028549194335938,0.0014028549194335938,0.000929974252358079,1.0,1.0,1.5084879398345947
435,20,8363,-0.0014019012451171875,0.0014019012451171875,0.0014019012451171875,0.0002951094356831163,0.0,1.0,4.750445365905762
436,27,7424,-0.0013966560363769531,0.0013966560363769531,0.0013966560363769531,0.0006637907354161143,0.0,1.0,2.104060649871826
437,14,2248,-0.0013952255249023438,0.0013952255249023438,0.0013952255249023438,0.0005078877438791096,0.0,1.0,2.7471139430999756
438,18,14012,0.0013942718505859375,0.0013942718505859375,0.0013942718505859375,0.0005422877729870379,1.0,1.0,2.571092128753662
439,31,12917,-0.0013933181762695312,0.0013933181762695312,0.0013933181762695312,0.0005737752071581781,0.0,1.0,2.4283344745635986
440,24,684,0.001392364501953125,0.001392364501953125,0.001392364501953125,9.475511615164578e-05,1.0,1.0,14.69434642791748
441,26,8456,0.0013904571533203125,0.0013904571533203125,0.0013904571533203125,0.00020224192121531814,1.0,1.0,6.875217437744141
442,29,3311,-0.0013885498046875,0.0013885498046875,0.0013885498046875,0.0002949429617729038,0.0,1.0,4.707858562469482
443,21,9230,-0.0013885498046875,0.0013885498046875,0.0013885498046875,0.0005421435344032943,0.0,1.0,2.5612218379974365
444,21,1653,0.0013885498046875,0.0013885498046875,0.0013885498046875,0.0005032798508182168,1.0,1.0,2.7590014934539795
445,26,5326,-0.0013866424560546875,0.0013866424560546875,0.0013866424560546875,0.0007011653506197035,0.0,1.0,1.9776254892349243
446,31,12930,0.0013866424560546875,0.0013866424560546875,0.0013866424560546875,0.00019266110030002892,1.0,1.0,7.197314262390137
447,12,4926,0.0013859272003173828,0.0013859272003173828,0.0013859272003173828,0.0010473370784893632,1.0,1.0,1.3232866525650024
448,26,13641,-0.0013828277587890625,0.0013828277587890625,0.0013828277587890625,0.00042973796371370554,0.0,1.0,3.217839479446411
449,28,4372,-0.0013828277587890625,0.0013828277587890625,0.0013828277587890625,0.0006042984896339476,0.0,1.0,2.2883191108703613
450,25,3650,0.0013818740844726562,0.0013818740844726562,0.0013818740844726562,0.00031408623908646405,1.0,1.0,4.399664402008057
451,31,13738,0.00138092041015625,0.00138092041015625,0.00138092041015625,0.0008988571353256702,1.0,1.0,1.5363068580627441
452,30,13029,-0.0013790130615234375,0.0013790130615234375,0.0013790130615234375,0.00013683813449461013,0.0,1.0,10.077695846557617
453,25,2849,-0.0013790130615234375,0.0013790130615234375,0.0013790130615234375,0.00018177942547481507,0.0,1.0,7.586188793182373
454,17,11833,0.001377105712890625,0.001377105712890625,0.001377105712890625,0.0005945423035882413,1.0,1.0,2.3162450790405273
455,28,10181,0.001377105712890625,0.001377105712890625,0.001377105712890625,0.00045195710845291615,1.0,1.0,3.046983242034912
456,24,12919,0.001377105712890625,0.001377105712890625,0.001377105712890625,8.172716479748487e-05,1.0,1.0,16.85003662109375
457,29,1101,-0.0013761520385742188,0.0013761520385742188,0.0013761520385742188,0.0005295658484101295,0.0,1.0,2.598641872406006
458,27,6455,-0.0013742446899414062,0.0013742446899414062,0.0013742446899414062,0.0005236592842265964,0.0,1.0,2.6243107318878174
459,16,11405,-0.0013723373413085938,0.0013723373413085938,0.0013723373413085938,0.00040765869198367,0.0,1.0,3.3663880825042725
460,29,10165,-0.0013713836669921875,0.0013713836669921875,0.0013713836669921875,0.00041235360549762845,0.0,1.0,3.325746774673462
461,4,3757,-0.0013625919818878174,0.0013625919818878174,0.0013867318630218506,0.0023672960232943296,0.5,0.5,0.5755900144577026
462,19,2606,-0.0013623237609863281,0.0013623237609863281,0.0013623237609863281,0.0005525625310838223,0.0,1.0,2.4654653072357178
463,14,6382,0.001361846923828125,0.001361846923828125,0.001361846923828125,0.0004396179865580052,1.0,1.0,3.0977962017059326
464,31,9360,-0.001361846923828125,0.001361846923828125,0.001361846923828125,0.00023156814859248698,0.0,1.0,5.880976676940918
465,14,1441,0.001361846923828125,0.001361846923828125,0.001361846923828125,0.0005398706416599452,1.0,1.0,2.522542953491211
466,17,3258,0.0013608932495117188,0.0013608932495117188,0.0013608932495117188,0.0010359743610024452,1.0,1.0,1.313636064529419
467,31,4786,-0.0013561248779296875,0.0013561248779296875,0.0013561248779296875,0.0001533845061203465,0.0,1.0,8.841341972351074
468,27,5147,0.0013561248779296875,0.0013561248779296875,0.0013561248779296875,9.049359505297616e-05,1.0,1.0,14.985865592956543
469,23,13376,0.0013545751571655273,0.0013545751571655273,0.0013545751571655273,0.0007683700532652438,1.0,1.0,1.7629202604293823
470,14,5424,-0.001354217529296875,0.001354217529296875,0.001354217529296875,0.0005266631487756968,0.0,1.0,2.5713162422180176
471,22,2851,-0.001354217529296875,0.001354217529296875,0.001354217529296875,0.00013394966663327068,0.0,1.0,10.109898567199707
472,25,1476,0.0013532638549804688,0.0013532638549804688,0.0013532638549804688,0.0006107768276706338,1.0,1.0,2.2156436443328857
473,19,11092,0.001346588134765625,0.001346588134765625,0.001346588134765625,0.0003323168493807316,1.0,1.0,4.052121162414551
474,24,6314,0.0013456344604492188,0.0013456344604492188,0.0013456344604492188,0.0003600736381486058,1.0,1.0,3.7371091842651367
475,25,8858,-0.0013446807861328125,0.0013446807861328125,0.0013446807861328125,0.0007052058936096728,0.0,1.0,1.9067918062210083
476,19,8097,0.0013437271118164062,0.0013437271118164062,0.0013437271118164062,0.00034324193256907165,1.0,1.0,3.9148104190826416
477,15,3726,-0.0013427734375,0.0013427734375,0.0013427734375,0.0002509015321265906,0.0,1.0,5.351794719696045
478,19,7010,-0.0013408660888671875,0.0013408660888671875,0.0013408660888671875,0.00021896329417359084,0.0,1.0,6.123702526092529
479,24,5249,0.0013408660888671875,0.0013408660888671875,0.0013408660888671875,0.00011637953139143065,1.0,1.0,11.521493911743164
480,25,1216,-0.0013399124145507812,0.0013399124145507812,0.0013399124145507812,0.00021836227097082883,0.0,1.0,6.136189937591553
481,21,8624,0.001338958740234375,0.001338958740234375,0.001338958740234375,0.000267491617705673,1.0,1.0,5.00560998916626
482,31,3034,-0.0013370513916015625,0.0013370513916015625,0.0013370513916015625,0.00029283238109201193,0.0,1.0,4.565927505493164
483,31,12423,0.0013360977172851562,0.0013360977172851562,0.0013360977172851562,0.00036155577981844544,1.0,1.0,3.6954123973846436
484,31,3730,0.0013341903686523438,0.0013341903686523438,0.0014562606811523438,0.00129228294827044,0.75,0.75,1.0324289798736572
485,21,14329,0.0013322830200195312,0.0013322830200195312,0.0013322830200195312,0.00028910490800626576,1.0,1.0,4.608303070068359
486,26,8671,-0.001331329345703125,0.001331329345703125,0.001331329345703125,0.0006904180627316236,0.0,1.0,1.9282945394515991
487,20,8083,0.0013284683227539062,0.0013284683227539062,0.0013284683227539062,0.0003142946516163647,1.0,1.0,4.2268242835998535
488,18,4408,-0.0013275146484375,0.0013275146484375,0.0013275146484375,0.0005265664076432586,0.0,1.0,2.5210773944854736
489,20,5957,0.0013256072998046875,0.0013256072998046875,0.0013256072998046875,0.00020721742475870997,1.0,1.0,6.397180557250977
490,19,14292,-0.0013256072998046875,0.0013256072998046875,0.0015039443969726562,0.0015071306843310595,0.25,0.75,0.8795569539070129
491,19,9047,-0.0013217926025390625,0.0013217926025390625,0.0013217926025390625,0.0001386342046316713,0.0,1.0,9.534390449523926
492,7,5920,-0.0013211965560913086,0.0013211965560913086,0.0014945268630981445,0.00248296489007771,0.5,0.5,0.5321044325828552
493,21,1874,-0.00131988525390625,0.00131988525390625,0.00131988525390625,0.0007203417480923235,0.0,1.0,1.8323042392730713
494,21,2449,-0.0013179779052734375,0.0013179779052734375,0.0013179779052734375,0.0004802618932444602,0.0,1.0,2.7442898750305176
495,22,3766,-0.0013170242309570312,0.0013170242309570312,0.0016851425170898438,0.0012767540756613016,0.25,0.75,1.0315409898757935
496,23,3123,-0.001316070556640625,0.001316070556640625,0.001316070556640625,0.0004549736331682652,0.0,1.0,2.8926303386688232
497,23,11466,-0.0013132095336914062,0.0013132095336914062,0.0013132095336914062,0.0004820453468710184,0.0,1.0,2.7242448329925537
498,16,10444,-0.001312255859375,0.001312255859375,0.001312255859375,0.00034204882103949785,0.0,1.0,3.8364577293395996
499,31,8214,-0.0013103485107421875,0.0013103485107421875,0.0013103485107421875,0.00033108299248851836,0.0,1.0,3.9577643871307373
500,17,5150,0.0013103485107421875,0.0013103485107421875,0.0013103485107421875,0.00039464604924432933,1.0,1.0,3.3203132152557373
501,25,4812,-0.001308441162109375,0.001308441162109375,0.001308441162109375,0.0003404497110750526,0.0,1.0,3.8432729244232178
502,29,5440,-0.001308441162109375,0.001308441162109375,0.001308441162109375,0.00018058472778648138,0.0,1.0,7.245580196380615
503,17,7426,0.0013074874877929688,0.0013074874877929688,0.0013074874877929688,0.0005881279357708991,1.0,1.0,2.2231345176696777
504,30,2137,0.0013074874877929688,0.0013074874877929688,0.0013074874877929688,0.0006063291220925748,1.0,1.0,2.1563990116119385
505,13,10963,0.0013041496276855469,0.0013041496276855469,0.0013041496276855469,0.0008742633508518338,1.0,1.0,1.4917125701904297
506,27,9862,0.0013036727905273438,0.0013036727905273438,0.0013036727905273438,0.0003000347933266312,1.0,1.0,4.345072269439697
507,27,9238,0.0013027191162109375,0.0013027191162109375,0.0013027191162109375,0.0006580629269592464,1.0,1.0,1.979627013206482
508,28,10332,-0.001300811767578125,0.001300811767578125,0.001300811767578125,0.0002543290320318192,0.0,1.0,5.114680767059326
509,28,11641,0.0012998580932617188,0.0012998580932617188,0.0012998580932617188,0.0007560676895081997,1.0,1.0,1.7192350625991821
510,27,2647,-0.0012989044189453125,0.0012989044189453125,0.0012989044189453125,0.0006418022676371038,0.0,1.0,2.023838996887207
511,29,10085,0.0012989044189453125,0.0012989044189453125,0.0012989044189453125,0.0003207239496987313,1.0,1.0,4.0499138832092285
512,24,5163,-0.0012979507446289062,0.0012979507446289062,0.0012979507446289062,0.0005412595346570015,0.0,1.0,2.3980190753936768
513,30,11097,-0.0012979507446289062,0.0012979507446289062,0.0012979507446289062,0.0003110367397312075,0.0,1.0,4.172982215881348
514,7,13587,0.0012971460819244385,0.0012971460819244385,0.0013249218463897705,0.0022466499358415604,0.75,0.75,0.5773690342903137
515,19,7437,-0.0012969970703125,0.0012969970703125,0.0012969970703125,0.00014724928769282997,0.0,1.0,8.808172225952148
516,20,1788,-0.0012969970703125,0.0012969970703125,0.0012969970703125,0.00011251740215811878,0.0,1.0,11.527079582214355
517,25,14266,0.0012969970703125,0.0012969970703125,0.0012969970703125,0.00018531734531279653,1.0,1.0,6.998789310455322
518,31,6266,-0.0012960433959960938,0.0012960433959960938,0.0012960433959960938,0.0005786807159893215,0.0,1.0,2.239651918411255
519,27,6678,0.0012950897216796875,0.0012950897216796875,0.0012950897216796875,0.0004054495657328516,1.0,1.0,3.194206714630127
520,12,5006,0.001293182373046875,0.001293182373046875,0.001712799072265625,0.001324579119682312,0.75,0.75,0.9762968420982361
521,20,243,0.0012912750244140625,0.0012912750244140625,0.0012912750244140625,0.0002331884898012504,1.0,1.0,5.537473201751709
522,17,3526,-0.0012884140014648438,0.0012884140014648438,0.0012884140014648438,0.0005867716972716153,0.0,1.0,2.1957671642303467
523,25,4293,0.0012884140014648438,0.0012884140014648438,0.0012884140014648438,0.0007752961828373373,1.0,1.0,1.6618345975875854
524,23,9544,-0.0012874603271484375,0.0012874603271484375,0.0012874603271484375,0.0003958242596127093,0.0,1.0,3.25260591506958
525,22,8713,0.0012874603271484375,0.0012874603271484375,0.0012874603271484375,0.00036359389196150005,1.0,1.0,3.5409295558929443
526,17,8131,0.0012874603271484375,0.0012874603271484375,0.0012874603271484375,0.0002060907572740689,1.0,1.0,6.2470550537109375
527,17,9331,-0.0012874603271484375,0.0012874603271484375,0.0012874603271484375,0.00016683577268850058,0.0,1.0,7.71693229675293
528,12,7966,0.0012865066528320312,0.0012865066528320312,0.0012865066528320312,0.000750707695260644,1.0,1.0,1.7137250900268555
529,12,13954,0.0012859702110290527,0.0012859702110290527,0.0012859702110290527,0.0007272728835232556,1.0,1.0,1.768208622932434
530,31,9922,-0.001285552978515625,0.001285552978515625,0.001285552978515625,0.00028323967126198113,0.0,1.0,4.538746356964111
531,28,2344,0.0012836456298828125,0.0012836456298828125,0.0012836456298828125,0.0002369645662838593,1.0,1.0,5.417036056518555
532,26,12294,-0.00128173828125,0.00128173828125,0.00128173828125,0.0004831280675716698,0.0,1.0,2.652998924255371
533,18,13565,-0.00128173828125,0.00128173828125,0.00128173828125,0.00012891193910036236,0.0,1.0,9.942743301391602
534,16,12032,-0.0012788772583007812,0.0012788772583007812,0.0012788772583007812,0.0004251922364346683,0.0,1.0,3.0077624320983887
535,30,5689,0.0012760162353515625,0.0012760162353515625,0.0012760162353515625,0.0002487097808625549,1.0,1.0,5.130543231964111
536,16,6127,0.0012760162353515625,0.0012760162353515625,0.0012760162353515625,0.00021007693430874497,1.0,1.0,6.074042320251465
537,31,12606,0.0012760162353515625,0.0012760162353515625,0.0012760162353515625,0.0002415263734292239,1.0,1.0,5.2831339836120605
538,23,4985,0.0012760162353515625,0.0012760162353515625,0.0012760162353515625,0.0005726145463995636,1.0,1.0,2.2284035682678223
539,24,11848,0.00127410888671875,0.00127410888671875,0.00127410888671875,0.00023153673100750893,1.0,1.0,5.502837181091309
540,29,6468,0.00127410888671875,0.00127410888671875,0.00127410888671875,0.0005021799588575959,1.0,1.0,2.537155866622925
541,16,10631,-0.0012736320495605469,0.0012736320495605469,0.0012736320495605469,0.0007189924945123494,0.0,1.0,1.7714121341705322
542,27,7985,-0.0012707710266113281,0.0012707710266113281,0.0012707710266113281,0.0007450075354427099,0.0,1.0,1.7057156562805176
543,14,12639,0.001270294189453125,0.001270294189453125,0.001270294189453125,0.00035254491376690567,1.0,1.0,3.603212356567383
544,19,13125,0.0012698173522949219,0.0012698173522949219,0.0012698173522949219,0.0008588115451857448,1.0,1.0,1.4785751104354858
545,24,5857,-0.0012693405151367188,0.0012693405151367188,0.0012693405151367188,0.0004642925050575286,0.0,1.0,2.733924150466919
546,17,9729,0.0012683868408203125,0.0012683868408203125,0.0012683868408203125,0.0005524433800019324,1.0,1.0,2.2959580421447754
547,18,10716,-0.0012679100036621094,0.0012679100036621094,0.0014634132385253906,0.0009802615968510509,0.25,0.75,1.2934404611587524
548,17,7285,0.0012655258178710938,0.0012655258178710938,0.0012655258178710938,0.0001923374511534348,1.0,1.0,6.579716205596924
549,30,6296,0.0012645721435546875,0.0012645721435546875,0.0012645721435546875,0.00017805893730837852,1.0,1.0,7.101986408233643
550,23,4077,0.0012645721435546875,0.0012645721435546875,0.0012645721435546875,0.0005919882678426802,1.0,1.0,2.136143922805786
551,28,9431,-0.0012636184692382812,0.0012636184692382812,0.0012636184692382812,0.000625909015070647,0.0,1.0,2.018853187561035
552,30,2549,0.001262664794921875,0.001262664794921875,0.001262664794921875,0.0004437035822775215,1.0,1.0,2.8457393646240234
553,28,6953,0.0012617111206054688,0.0012617111206054688,0.0012617111206054688,0.0003803750150837004,1.0,1.0,3.317018985748291
554,30,3786,-0.0012607574462890625,0.0012607574462890625,0.0012607574462890625,0.00039736530743539333,0.0,1.0,3.1727919578552246
555,17,5313,0.0012598037719726562,0.0012598037719726562,0.0012598037719726562,0.00034829226206056774,1.0,1.0,3.6170880794525146
556,23,11026,0.0012598037719726562,0.0012598037719726562,0.0014944076538085938,0.0016021300107240677,0.5,0.5,0.78633052110672
557,18,4318,-0.0012569427490234375,0.0012569427490234375,0.0012569427490234375,3.633987216744572e-05,0.0,1.0,34.588531494140625
558,17,1858,-0.0012569427490234375,0.0012569427490234375,0.0012569427490234375,0.0005223872140049934,0.0,1.0,2.406151533126831
559,17,4,-0.0012540817260742188,0.0012540817260742188,0.0012540817260742188,0.0005476540536619723,0.0,1.0,2.2899158000946045
560,23,3040,-0.0012502670288085938,0.0012502670288085938,0.0012502670288085938,0.0004972906317561865,0.0,1.0,2.51415753364563
561,28,459,-0.0012493133544921875,0.0012493133544921875,0.0012493133544921875,0.00033592627733014524,0.0,1.0,3.719010591506958
562,22,1570,-0.0012464523315429688,0.0012464523315429688,0.0012464523315429688,0.0003726060676854104,0.0,1.0,3.3452281951904297
563,27,4114,-0.0012464523315429688,0.0012464523315429688,0.0012464523315429688,0.00022618572984356433,0.0,1.0,5.510746955871582
564,29,14092,0.0012445449829101562,0.0012445449829101562,0.0012445449829101562,0.00041889105341397226,1.0,1.0,2.9710469245910645
565,27,3365,0.0012445449829101562,0.0012445449829101562,0.0012445449829101562,0.0004680306592490524,1.0,1.0,2.6591098308563232
566,31,8680,0.00124359130859375,0.00124359130859375,0.00124359130859375,0.00015939775039441884,1.0,1.0,7.801812171936035
567,29,430,-0.00124359130859375,0.00124359130859375,0.00124359130859375,0.00017355824820697308,0.0,1.0,7.165267467498779
568,21,9236,-0.0012426376342773438,0.0012426376342773438,0.0012426376342773438,0.00039768448914401233,0.0,1.0,3.1246821880340576
569,30,309,-0.0012407302856445312,0.0012407302856445312,0.0012407302856445312,0.0008060996769927442,0.0,1.0,1.5391772985458374
570,18,10365,-0.001239776611328125,0.001239776611328125,0.001239776611328125,0.00017284409841522574,0.0,1.0,7.172802448272705
571,23,12583,0.001239776611328125,0.001239776611328125,0.001239776611328125,0.0002510464983060956,1.0,1.0,4.93843412399292
572,30,13251,0.0012378692626953125,0.0012378692626953125,0.0012378692626953125,0.0002239571767859161,1.0,1.0,5.52725887298584
573,18,8652,0.0012369155883789062,0.0012369155883789062,0.0012369155883789062,0.0004298300191294402,1.0,1.0,2.877685546875
574,31,10620,-0.0012359619140625,0.0012359619140625,0.0012359619140625,0.000498332956340164,0.0,1.0,2.4801928997039795
575,31,12776,-0.0012359619140625,0.0012359619140625,0.0012359619140625,0.00029568211175501347,0.0,1.0,4.1800360679626465
576,28,6412,0.0012350082397460938,0.0012350082397460938,0.0012350082397460938,0.0004576235660351813,1.0,1.0,2.698742628097534
577,22,7467,0.0012331008911132812,0.0012331008911132812,0.0012331008911132812,0.000552455720026046,1.0,1.0,2.2320356369018555
578,29,8437,-0.0012331008911132812,0.0012331008911132812,0.0012331008911132812,0.00037324990262277424,0.0,1.0,3.30368709564209
579,25,2181,-0.0012302398681640625,0.0012302398681640625,0.0012302398681640625,0.000427769438829273,0.0,1.0,2.875941514968872
580,19,11694,0.0012297630310058594,0.0012297630310058594,0.0012297630310058594,0.0006426539039239287,1.0,1.0,1.913569688796997
581,15,3758,0.0012273788452148438,0.0012273788452148438,0.0012273788452148438,0.00034609180875122547,1.0,1.0,3.5463967323303223
582,23,4089,-0.0012273788452148438,0.0012273788452148438,0.0012273788452148438,0.00047543414984829724,0.0,1.0,2.5815958976745605
583,19,5488,-0.0012273788452148438,0.0012273788452148438,0.0012273788452148438,0.0006729258457198739,0.0,1.0,1.8239437341690063
584,1,4053,0.0012235641479492188,0.0012235641479492188,0.0014886856079101562,0.0010867180535569787,0.75,0.75,1.1259260177612305
585,19,484,0.0012226104736328125,0.0012226104736328125,0.0012226104736328125,0.0002825645497068763,1.0,1.0,4.326836109161377
586,20,3796,-0.0012226104736328125,0.0012226104736328125,0.0012226104736328125,0.00021125124476384372,0.0,1.0,5.787471294403076
587,22,7977,0.0012226104736328125,0.0012226104736328125,0.0012226104736328125,0.0003813314251601696,1.0,1.0,3.206162452697754
588,25,8692,-0.0012226104736328125,0.0012226104736328125,0.0012226104736328125,2.3746299120830372e-05,0.0,1.0,51.48635482788086
589,25,8904,0.0012226104736328125,0.0012226104736328125,0.0012226104736328125,0.00026628526393324137,1.0,1.0,4.59135627746582
590,0,8092,0.0012226104736328125,0.0012226104736328125,0.0012226104736328125,0.0003682862443383783,1.0,1.0,3.3197288513183594
591,14,5439,0.0012216567993164062,0.0012216567993164062,0.0012216567993164062,0.0003450390649959445,1.0,1.0,3.540633201599121
592,21,2485,0.001220703125,0.001220703125,0.001220703125,0.0002834707556758076,1.0,1.0,4.306275367736816
593,30,5183,-0.001220703125,0.001220703125,0.001220703125,0.00014405218826141208,0.0,1.0,8.474034309387207
594,27,6752,-0.0012197494506835938,0.0012197494506835938,0.0012197494506835938,0.0007526291301473975,0.0,1.0,1.620651364326477
595,27,2302,0.0012187957763671875,0.0012187957763671875,0.0012187957763671875,0.0002731373824644834,1.0,1.0,4.462207794189453
596,8,1261,-0.001216888427734375,0.001216888427734375,0.001216888427734375,0.00048782656085677445,0.0,1.0,2.4945104122161865
597,27,12493,0.001216888427734375,0.001216888427734375,0.001216888427734375,0.000490199716296047,1.0,1.0,2.482434034347534
598,31,5565,-0.001216888427734375,0.001216888427734375,0.001216888427734375,0.00019825418712571263,0.0,1.0,6.138021469116211
599,22,7694,0.0012159347534179688,0.0012159347534179688,0.0012159347534179688,0.0007318026036955416,1.0,1.0,1.661561131477356
600,31,6424,-0.0012149810791015625,0.0012149810791015625,0.0012149810791015625,0.0003251847520004958,0.0,1.0,3.736279249191284
601,22,12624,0.0012140274047851562,0.0012140274047851562,0.0012140274047851562,0.0004199492686893791,1.0,1.0,2.890890598297119
602,29,11680,-0.0012140274047851562,0.0012140274047851562,0.0012140274047851562,0.0002219481102656573,0.0,1.0,5.469870567321777
603,14,7687,0.0012140274047851562,0.0012140274047851562,0.0014619827270507812,0.0011845859698951244,0.75,0.75,1.0248538255691528
604,25,627,0.0012125968933105469,0.0012125968933105469,0.0012125968933105469,0.0005735197337344289,1.0,1.0,2.114307165145874
605,22,6366,-0.0012111663818359375,0.0012111663818359375,0.0012111663818359375,0.0002736164606176317,0.0,1.0,4.426511287689209
606,19,1450,-0.001209259033203125,0.001209259033203125,0.001209259033203125,0.0002251964178867638,0.0,1.0,5.3697967529296875
607,24,5463,-0.001209259033203125,0.001209259033203125,0.001209259033203125,0.00048208778025582433,0.0,1.0,2.5083794593811035
608,11,3621,0.001209259033203125,0.001209259033203125,0.001209259033203125,0.00045295414747670293,1.0,1.0,2.6697161197662354
609,29,7959,0.0012073516845703125,0.0012073516845703125,0.0012073516845703125,0.000158424794790335,1.0,1.0,7.62097692489624
610,22,10995,0.0012073516845703125,0.0012073516845703125,0.0012073516845703125,0.0006820178241468966,1.0,1.0,1.7702641487121582
611,26,8427,-0.0012063980102539062,0.0012063980102539062,0.0012063980102539062,0.000450734980404377,0.0,1.0,2.6765129566192627
612,22,13657,0.0012054443359375,0.0012054443359375,0.0012054443359375,0.00045181220048107207,1.0,1.0,2.668020725250244
613,20,10996,0.0012054443359375,0.0012054443359375,0.0012054443359375,0.00010363065666751936,1.0,1.0,11.632121086120605
614,29,5,0.0012044906616210938,0.0012044906616210938,0.0012044906616210938,0.000596658035647124,1.0,1.0,2.018728733062744
615,16,7454,0.0012044906616210938,0.0012044906616210938,0.0012044906616210938,0.0004084076208528131,1.0,1.0,2.9492363929748535
616,8,11350,-0.0012038648128509521,0.0012038648128509521,0.0012568533420562744,0.002124632243067026,0.5,0.5,0.5666226744651794
617,25,13151,-0.0012035369873046875,0.0012035369873046875,0.0012035369873046875,0.0002425484562991187,0.0,1.0,4.962047576904297
618,25,13395,0.0012035369873046875,0.0012035369873046875,0.0012035369873046875,0.00019817159045487642,1.0,1.0,6.073206424713135
619,27,2874,-0.0012025833129882812,0.0012025833129882812,0.0012025833129882812,0.0002554334350861609,0.0,1.0,4.708010673522949
620,26,1810,-0.001201629638671875,0.001201629638671875,0.001201629638671875,0.00026825215900316834,0.0,1.0,4.479477882385254
621,15,3580,-0.001201629638671875,0.001201629638671875,0.003322601318359375,0.0032860003411769867,0.25,0.75,0.365681529045105
622,16,12849,0.0011997222900390625,0.0011997222900390625,0.0011997222900390625,0.0005086116143502295,1.0,1.0,2.3588180541992188
623,13,2655,-0.00119781494140625,0.00119781494140625,0.00119781494140625,0.0003105172945652157,0.0,1.0,3.8574821949005127
624,27,2723,0.00119781494140625,0.00119781494140625,0.00119781494140625,0.0003626571560744196,1.0,1.0,3.302885055541992
625,21,763,0.00119781494140625,0.00119781494140625,0.00119781494140625,0.0003251679881941527,1.0,1.0,3.683680295944214
626,15,2500,-0.0011968612670898438,0.0011968612670898438,0.0011968612670898438,0.0004115134943276644,0.0,1.0,2.908437490463257
627,29,2740,0.0011959075927734375,0.0011959075927734375,0.0011959075927734375,7.898818876128644e-05,1.0,1.0,15.140334129333496
628,20,11241,0.0011959075927734375,0.0011959075927734375,0.0011959075927734375,8.688386878930032e-05,1.0,1.0,13.764437675476074
629,30,1124,0.0011959075927734375,0.0011959075927734375,0.0011959075927734375,0.00022544666717294604,1.0,1.0,5.304614067077637
630,23,2240,0.0011949539184570312,0.0011949539184570312,0.0011949539184570312,0.0003457447455730289,1.0,1.0,3.4561736583709717
631,31,11085,0.0011949539184570312,0.0011949539184570312,0.0011949539184570312,0.0008294022991321981,1.0,1.0,1.4407410621643066
632,24,6847,0.001194000244140625,0.001194000244140625,0.001194000244140625,0.00023074977798387408,1.0,1.0,5.174437046051025
633,25,10718,-0.0011930465698242188,0.0011930465698242188,0.0011930465698242188,0.0004890657146461308,0.0,1.0,2.4394402503967285
634,16,11065,0.0011920928955078125,0.0011920928955078125,0.0011920928955078125,0.00038706022314727306,1.0,1.0,3.079864025115967
635,19,1391,-0.0011920928955078125,0.0011920928955078125,0.0011920928955078125,0.00041065618279390037,0.0,1.0,2.902897834777832
636,25,1685,0.0011920928955078125,0.0011920928955078125,0.0011920928955078125,0.00018892381922341883,1.0,1.0,6.309913158416748
637,28,3341,-0.0011911988258361816,0.0011911988258361816,0.0012196898460388184,0.0007867896347306669,0.25,0.75,1.513999104499817
638,10,9940,0.0011897087097167969,0.0011897087097167969,0.0011897087097167969,0.001232622773386538,1.0,1.0,0.96518474817276
639,17,9707,0.0011892318725585938,0.0011892318725585938,0.0011892318725585938,0.00030080979922786355,1.0,1.0,3.953434705734253
640,23,1983,-0.0011882781982421875,0.0011882781982421875,0.0011882781982421875,0.0003711202589329332,0.0,1.0,3.2018682956695557
641,17,5610,0.0011873245239257812,0.0011873245239257812,0.0011873245239257812,0.0003604371740948409,1.0,1.0,3.294123411178589
642,22,344,-0.0011873245239257812,0.0011873245239257812,0.0011873245239257812,0.00043029527296312153,0.0,1.0,2.7593250274658203
643,30,12248,0.001186370849609375,0.001186370849609375,0.001186370849609375,3.908901635440998e-05,1.0,1.0,30.35049057006836
644,8,2253,0.001185774803161621,0.001185774803161621,0.001185774803161621,0.0010090969735756516,1.0,1.0,1.1750850677490234
645,28,1016,0.00118255615234375,0.00118255615234375,0.00118255615234375,0.0004191656189505011,1.0,1.0,2.8212146759033203
646,29,314,0.0011806488037109375,0.0011806488037109375,0.0011806488037109375,0.00017249645316042006,1.0,1.0,6.844481468200684
647,31,4852,0.0011806488037109375,0.0011806488037109375,0.0011806488037109375,0.00033598041045479476,1.0,1.0,3.51404070854187
648,30,10521,0.0011796951293945312,0.0011796951293945312,0.0011796951293945312,0.000716347829438746,1.0,1.0,1.6468188762664795
649,27,8531,0.0011792182922363281,0.0011792182922363281,0.0011792182922363281,0.0006594826700165868,1.0,1.0,1.7880959510803223
650,27,3387,-0.001178741455078125,0.001178741455078125,0.001178741455078125,0.0003554327704478055,0.0,1.0,3.3163557052612305
651,30,10348,-0.001178741455078125,0.001178741455078125,0.001178741455078125,0.0002560397842898965,0.0,1.0,4.603743553161621
652,12,8951,-0.0011758804321289062,0.0011758804321289062,0.0011758804321289062,0.0011938612442463636,0.0,1.0,0.98493891954422
653,26,5979,0.0011739730834960938,0.0011739730834960938,0.0011739730834960938,0.00024494953686371446,1.0,1.0,4.7927141189575195
654,30,670,0.0011739730834960938,0.0011739730834960938,0.0011739730834960938,0.000243848015088588,1.0,1.0,4.814363956451416
655,14,9164,-0.0011734962463378906,0.0011734962463378906,0.0011734962463378906,0.0006185978418216109,0.0,1.0,1.8970260620117188
656,19,7322,-0.001171112060546875,0.001171112060546875,0.001171112060546875,0.000584172026719898,0.0,1.0,2.0047383308410645
657,28,10304,-0.001171112060546875,0.001171112060546875,0.001171112060546875,0.00021098414435982704,0.0,1.0,5.550711154937744
658,19,2059,0.0011701583862304688,0.0011701583862304688,0.0011701583862304688,0.0002499627589713782,1.0,1.0,4.681330680847168
659,30,2087,-0.0011701583862304688,0.0011701583862304688,0.0011701583862304688,0.00018109519442077726,0.0,1.0,6.461565017700195
660,29,12090,0.0011692047119140625,0.0011692047119140625,0.0011692047119140625,0.00020288846280891448,1.0,1.0,5.762795448303223
661,31,570,0.00116729736328125,0.00116729736328125,0.00116729736328125,0.00034522483474574983,1.0,1.0,3.3812670707702637
662,31,1123,-0.0011663436889648438,0.0011663436889648438,0.0011663436889648438,0.00041336583672091365,0.0,1.0,2.821577310562134
663,19,1479,0.0011663436889648438,0.0011663436889648438,0.0011663436889648438,0.0009229296119883657,1.0,1.0,1.2637406587600708
664,29,7001,0.0011653900146484375,0.0011653900146484375,0.0011653900146484375,0.00018177942547481507,1.0,1.0,6.411011695861816
665,25,3071,-0.001163482666015625,0.001163482666015625,0.001163482666015625,0.0005181392771191895,0.0,1.0,2.245501756668091
666,22,2572,0.001163482666015625,0.001163482666015625,0.001163482666015625,9.83718637144193e-05,1.0,1.0,11.827392578125
667,23,4802,-0.001163482666015625,0.001163482666015625,0.001163482666015625,0.0004397503798827529,0.0,1.0,2.645779848098755
668,19,8947,0.0011620521545410156,0.0011620521545410156,0.0011620521545410156,0.0007530348957516253,1.0,1.0,1.5431584119796753
669,31,4983,0.0011615753173828125,0.0011615753173828125,0.0011615753173828125,0.0006034249672666192,1.0,1.0,1.9249706268310547
670,25,11654,0.0011606216430664062,0.0011606216430664062,0.0011606216430664062,0.0003302785044070333,1.0,1.0,3.5140695571899414
671,16,4836,0.0011606216430664062,0.0011606216430664062,0.0011606216430664062,0.00029818605980835855,1.0,1.0,3.892273426055908
672,25,7837,-0.0011606216430664062,0.0011606216430664062,0.0011606216430664062,0.00026366120437160134,0.0,1.0,4.401943206787109
673,20,10731,-0.00115966796875,0.00115966796875,0.00115966796875,0.0003812789509538561,0.0,1.0,3.0415210723876953
674,27,10884,0.00115966796875,0.00115966796875,0.00115966796875,0.0007066720281727612,1.0,1.0,1.6410270929336548
675,12,4319,0.00115966796875,0.00115966796875,0.0014476776123046875,0.001295562949962914,0.75,0.75,0.8951073884963989
676,21,4010,0.0011587142944335938,0.0011587142944335938,0.0011587142944335938,0.00037057948065921664,1.0,1.0,3.126763343811035
677,27,40,0.0011587142944335938,0.0011587142944335938,0.0011587142944335938,0.0002099535195156932,1.0,1.0,5.518908500671387
678,29,3783,-0.001155853271484375,0.001155853271484375,0.001155853271484375,0.0001633207284612581,0.0,1.0,7.0771989822387695
679,18,5590,0.0011548995971679688,0.0011548995971679688,0.0011548995971679688,0.0003180342901032418,1.0,1.0,3.6313681602478027
680,20,11425,-0.0011539459228515625,0.0011539459228515625,0.0011539459228515625,0.00022505906235892326,0.0,1.0,5.127302646636963
681,13,1358,0.00115203857421875,0.00115203857421875,0.00115203857421875,0.00046536180889233947,1.0,1.0,2.475576162338257
682,16,12008,-0.0011510848999023438,0.0011510848999023438,0.0011510848999023438,0.00024156967992894351,0.0,1.0,4.765022277832031
683,15,1236,0.0011484622955322266,0.0011484622955322266,0.001222372055053711,0.0010768736246973276,0.75,0.75,1.0664782524108887
684,23,518,-0.0011477470397949219,0.0011477470397949219,0.0011477470397949219,0.0006716418429277837,0.0,1.0,1.7088676691055298
685,19,10739,-0.0011472702026367188,0.0011472702026367188,0.0011472702026367188,0.0005508069880306721,0.0,1.0,2.0828897953033447
686,18,9308,0.0011472702026367188,0.0011472702026367188,0.0011472702026367188,0.0005996321560814977,1.0,1.0,1.913290023803711
687,24,7804,-0.0011472702026367188,0.0011472702026367188,0.0011472702026367188,0.00021159322932362556,0.0,1.0,5.422055244445801
688,24,6041,0.0011463165283203125,0.0011463165283203125,0.0011463165283203125,0.00012494224938564003,1.0,1.0,9.174771308898926
689,16,11987,0.0011453628540039062,0.0011453628540039062,0.0011453628540039062,0.0005976449465379119,1.0,1.0,1.916460394859314
690,17,6842,-0.0011453628540039062,0.0011453628540039062,0.0011453628540039062,0.0003519290767144412,0.0,1.0,3.2545275688171387
691,21,7208,0.0011444091796875,0.0011444091796875,0.0011444091796875,0.0002561818400863558,1.0,1.0,4.467175483703613
692,18,6532,0.0011434555053710938,0.0011434555053710938,0.0011434555053710938,0.0002116448013111949,1.0,1.0,5.4027099609375
693,16,5905,0.0011417269706726074,0.0011417269706726074,0.0011585354804992676,0.0008272687555290759,0.75,0.75,1.3801161050796509
694,17,4581,0.001141190528869629,0.001141190528869629,0.001141190528869629,0.0011493843048810959,1.0,1.0,0.9928711652755737
695,27,2827,0.0011396408081054688,0.0011396408081054688,0.0011396408081054688,0.0001345830096397549,1.0,1.0,8.467939376831055
696,19,3009,0.0011382102966308594,0.0011382102966308594,0.0011382102966308594,0.0009519670275039971,1.0,1.0,1.1956404447555542
697,15,9221,0.0011372566223144531,0.0011372566223144531,0.0011372566223144531,0.000589186092838645,1.0,1.0,1.9302163124084473
698,20,1620,-0.0011358261108398438,0.0011358261108398438,0.0011358261108398438,0.00041982796392403543,0.0,1.0,2.705456018447876
699,29,11947,0.0011358261108398438,0.0011358261108398438,0.0011358261108398438,0.0003659165231510997,1.0,1.0,3.104058027267456
700,16,12072,0.0011358261108398438,0.0011358261108398438,0.0011358261108398438,0.00023338926257565618,1.0,1.0,4.866659641265869
701,23,5679,0.0011358261108398438,0.0011358261108398438,0.0013837814331054688,0.0012432413641363382,0.75,0.75,0.9136006236076355
702,14,8006,0.0011348724365234375,0.0011348724365234375,0.0011348724365234375,0.0005936574889346957,1.0,1.0,1.911661982536316
703,31,11299,-0.001132965087890625,0.001132965087890625,0.001132965087890625,0.00017451979510951787,0.0,1.0,6.4918999671936035
704,17,7337,-0.001132965087890625,0.001132965087890625,0.001132965087890625,0.00037295371294021606,0.0,1.0,3.0378170013427734
705,15,13260,-0.0011320114135742188,0.0011320114135742188,0.0011320114135742188,0.0005229849484749138,0.0,1.0,2.164520025253296
706,14,3537,0.0011320114135742188,0.0011320114135742188,0.0011320114135742188,0.00026011891895905137,1.0,1.0,4.35189962387085
707,19,6125,0.0011301040649414062,0.0011301040649414062,0.0011301040649414062,0.000605879002250731,1.0,1.0,1.8652305603027344
708,7,6062,-0.0011287331581115723,0.0011287331581115723,0.001128852367401123,0.0019383865874260664,0.25,0.75,0.5823054909706116
709,17,12932,-0.0011281967163085938,0.0011281967163085938,0.0011281967163085938,0.000482128350995481,0.0,1.0,2.340034008026123
710,28,5712,-0.0011281967163085938,0.0011281967163085938,0.0011281967163085938,0.0005514076910912991,0.0,1.0,2.046030044555664
711,20,2367,-0.0011272430419921875,0.0011272430419921875,0.0011272430419921875,0.0009005453321151435,0.0,1.0,1.2517337799072266
712,23,8851,-0.0011272430419921875,0.0011272430419921875,0.0011272430419921875,0.00025357695994898677,0.0,1.0,4.445368766784668
713,16,3096,-0.0011272430419921875,0.0011272430419921875,0.0011272430419921875,0.0003034723049495369,0.0,1.0,3.7144839763641357
714,24,5024,-0.0011272430419921875,0.0011272430419921875,0.0011272430419921875,0.0005027120932936668,0.0,1.0,2.242323398590088
715,23,13157,0.0011272430419921875,0.0011272430419921875,0.0011272430419921875,0.0002546078176237643,1.0,1.0,4.427370071411133
716,24,6363,0.0011262893676757812,0.0011262893676757812,0.0011262893676757812,0.00042356346966698766,1.0,1.0,2.6590805053710938
717,31,4364,-0.001125335693359375,0.001125335693359375,0.001125335693359375,0.0010304423049092293,0.0,1.0,1.0920900106430054
718,23,5948,-0.001125335693359375,0.001125335693359375,0.001125335693359375,0.00038217479595914483,0.0,1.0,2.9445576667785645
719,24,6802,-0.0011243820190429688,0.0011243820190429688,0.0011243820190429688,0.00047701544826850295,0.0,1.0,2.357118606567383
720,19,7180,-0.0011234283447265625,0.0011234283447265625,0.0011234283447265625,0.0005001001409254968,0.0,1.0,2.2464067935943604
721,17,3428,-0.0011234283447265625,0.0011234283447265625,0.0011234283447265625,0.00037556368624791503,0.0,1.0,2.9913125038146973
722,24,1600,-0.0011234283447265625,0.0011234283447265625,0.0011234283447265625,0.0004379888705443591,0.0,1.0,2.564970016479492
723,29,254,-0.0011234283447265625,0.0011234283447265625,0.0011234283447265625,0.0005805394030176103,0.0,1.0,1.9351457357406616
724,20,8898,0.0011224746704101562,0.0011224746704101562,0.0011224746704101562,0.00026272126706317067,1.0,1.0,4.272492408752441
725,17,5345,0.0011224746704101562,0.0011224746704101562,0.0011224746704101562,0.0008318943437188864,1.0,1.0,1.3492995500564575
726,21,5101,0.0011210441589355469,0.0011210441589355469,0.0011210441589355469,0.0006090752431191504,1.0,1.0,1.8405675888061523
727,20,9634,-0.0011181831359863281,0.0011181831359863281,0.0011181831359863281,0.0004348595393821597,0.0,1.0,2.571366310119629
728,21,2568,-0.001117706298828125,0.001117706298828125,0.001117706298828125,0.00028992953593842685,0.0,1.0,3.8550963401794434
729,20,4367,-0.001117706298828125,0.001117706298828125,0.001117706298828125,0.0003115582512691617,0.0,1.0,3.5874712467193604
730,27,14038,-0.0011167526245117188,0.0011167526245117188,0.0011167526245117188,0.000639899808447808,0.0,1.0,1.745199203491211
731,21,6216,0.0011157989501953125,0.0011157989501953125,0.0011157989501953125,0.0001414399011991918,1.0,1.0,7.888855457305908
732,19,13544,0.0011157989501953125,0.0011157989501953125,0.0011157989501953125,0.00017542424029670656,1.0,1.0,6.360574722290039
733,28,14310,0.0011148452758789062,0.0011148452758789062,0.0011148452758789062,0.00022481443011201918,1.0,1.0,4.958957672119141
734,16,12478,0.0011136531829833984,0.0011136531829833984,0.0014841556549072266,0.001647524768486619,0.5,0.5,0.6759553551673889
735,30,12257,-0.0011110305786132812,0.0011110305786132812,0.0011110305786132812,0.00036721662036143243,0.0,1.0,3.025545358657837
736,26,6361,0.001110076904296875,0.001110076904296875,0.001110076904296875,0.00017601427680347115,1.0,1.0,6.306743621826172
737,7,5370,-0.0011098384857177734,0.0011098384857177734,0.0011181235313415527,0.0018965513445436954,0.25,0.75,0.5851876735687256
738,19,3480,-0.0011091232299804688,0.0011091232299804688,0.0011091232299804688,0.0007544781547039747,0.0,1.0,1.4700534343719482
739,27,4641,-0.0011091232299804688,0.0011091232299804688,0.0011091232299804688,0.0003026304766535759,0.0,1.0,3.6649422645568848
740,26,12789,-0.0011081695556640625,0.0011081695556640625,0.0011081695556640625,0.0001533845061203465,0.0,1.0,7.224781513214111
741,23,600,0.0011081695556640625,0.0011081695556640625,0.0011081695556640625,0.0004455649759620428,1.0,1.0,2.4871110916137695
742,18,8746,-0.0011072158813476562,0.0011072158813476562,0.0011072158813476562,0.0004243443545419723,0.0,1.0,2.609239101409912
743,30,8891,-0.00110626220703125,0.00110626220703125,0.00110626220703125,8.897326188161969e-05,0.0,1.0,12.433648109436035
744,17,1143,0.0011053085327148438,0.0011053085327148438,0.0011053085327148438,0.0003236020857002586,1.0,1.0,3.4156408309936523
745,24,1538,-0.001104593276977539,0.001104593276977539,0.0011489391326904297,0.000981369405053556,0.25,0.75,1.125563144683838
746,15,283,0.0011043548583984375,0.0011043548583984375,0.0011043548583984375,0.0007064171368256211,1.0,1.0,1.5633183717727661
747,24,4380,-0.0011034011840820312,0.0011034011840820312,0.0011034011840820312,0.00032670132350176573,0.0,1.0,3.3774003982543945
748,17,2519,-0.001102447509765625,0.001102447509765625,0.001102447509765625,0.000394493923522532,0.0,1.0,2.7945868968963623
749,30,5025,-0.001102447509765625,0.001102447509765625,0.001102447509765625,8.243630873039365e-05,0.0,1.0,13.373324394226074
750,19,629,0.0011019706726074219,0.0011019706726074219,0.0011019706726074219,0.0006607887917198241,1.0,1.0,1.6676594018936157
751,15,254,-0.0011017322540283203,0.0011017322540283203,0.0011017322540283203,0.0006654430762864649,0.0,1.0,1.6556371450424194
752,16,13510,-0.0011014938354492188,0.0011014938354492188,0.0011301040649414062,0.0010070272255688906,0.25,0.75,1.0938074588775635
753,24,13724,0.0011005401611328125,0.0011005401611328125,0.0011005401611328125,0.00020672526443377137,1.0,1.0,5.3236846923828125
754,29,12911,-0.0010995864868164062,0.0010995864868164062,0.0010995864868164062,0.00024357932852581143,0.0,1.0,4.514285087585449
755,22,4396,-0.0010967254638671875,0.0010967254638671875,0.0010967254638671875,0.0008714329451322556,0.0,1.0,1.258531093597412
756,24,9705,0.0010967254638671875,0.0010967254638671875,0.0010967254638671875,0.0002673215640243143,1.0,1.0,4.102644920349121
757,13,13155,-0.0010967254638671875,0.0010967254638671875,0.0014820098876953125,0.0013037938624620438,0.25,0.75,0.8411800861358643
758,22,12322,-0.0010962188243865967,0.0010962188243865967,0.0010962188243865967,0.0006561616901308298,0.0,1.0,1.6706534624099731
759,30,12598,0.0010957717895507812,0.0010957717895507812,0.0010957717895507812,0.00024122305330820382,1.0,1.0,4.542566776275635
760,19,9759,0.0010957717895507812,0.0010957717895507812,0.0010957717895507812,0.00017041442333720624,1.0,1.0,6.430041313171387
761,27,8122,0.001094818115234375,0.001094818115234375,0.001094818115234375,0.0003035382251255214,1.0,1.0,3.606854200363159
762,31,1981,-0.001094818115234375,0.001094818115234375,0.001094818115234375,0.0002953743387479335,0.0,1.0,3.7065443992614746
763,13,8818,0.001094818115234375,0.001094818115234375,0.001094818115234375,0.00033038450055755675,1.0,1.0,3.313769578933716
764,25,9166,0.001094818115234375,0.001094818115234375,0.001094818115234375,0.00012117294681956992,1.0,1.0,9.03516960144043
765,26,3280,-0.001094818115234375,0.001094818115234375,0.001094818115234375,0.00021783892589155585,0.0,1.0,5.025815010070801
766,30,8465,0.0010938644409179688,0.0010938644409179688,0.0010938644409179688,0.00030785074341110885,1.0,1.0,3.553229808807373
767,31,13741,-0.0010938644409179688,0.0010938644409179688,0.0011663436889648438,0.0009221685468219221,0.25,0.75,1.1861871480941772
768,20,10660,0.0010929107666015625,0.0010929107666015625,0.0010929107666015625,0.00025767568149603903,1.0,1.0,4.241419792175293
769,20,14291,-0.0010929107666015625,0.0010929107666015625,0.0010929107666015625,0.0004597659863065928,0.0,1.0,2.3771023750305176
770,29,1567,-0.00109100341796875,0.00109100341796875,0.00109100341796875,0.0003649471327662468,0.0,1.0,2.98948335647583
771,14,3534,-0.0010898113250732422,0.0010898113250732422,0.0010898113250732422,0.0008187785279005766,0.0,1.0,1.3310208320617676
772,15,6996,-0.001088857650756836,0.001088857650756836,0.001088857650756836,0.0008864084375090897,0.0,1.0,1.2283927202224731
773,29,12938,0.0010881423950195312,0.0010881423950195312,0.0010881423950195312,0.0003744176938198507,1.0,1.0,2.9062259197235107
774,21,3626,-0.001087188720703125,0.001087188720703125,0.001087188720703125,0.00029516490758396685,0.0,1.0,3.683326482772827
775,31,12258,-0.001087188720703125,0.001087188720703125,0.001087188720703125,0.00030098663410171866,0.0,1.0,3.6120829582214355
776,26,13357,0.0010862350463867188,0.0010862350463867188,0.0010862350463867188,0.00021692474547307938,1.0,1.0,5.007428169250488
777,19,20,-0.0010862350463867188,0.0010862350463867188,0.0010862350463867188,0.0001236507814610377,0.0,1.0,8.784700393676758
778,14,5932,0.0010852813720703125,0.0010852813720703125,0.0010852813720703125,0.00024481769651174545,1.0,1.0,4.433018684387207
779,27,2886,-0.0010852813720703125,0.0010852813720703125,0.0010852813720703125,0.0004991608439013362,0.0,1.0,2.1742117404937744
780,15,3816,0.0010845661163330078,0.0010845661163330078,0.0010845661163330078,0.0008864887058734894,1.0,1.0,1.223440408706665
781,28,12031,-0.0010843276977539062,0.0010843276977539062,0.0010843276977539062,0.0004147803701926023,0.0,1.0,2.6142213344573975
782,31,13814,-0.0010843276977539062,0.0010843276977539062,0.0010843276977539062,0.00030682090437039733,0.0,1.0,3.534073829650879
783,26,10343,0.0010833740234375,0.0010833740234375,0.0010833740234375,0.00027771416353061795,1.0,1.0,3.9010398387908936
784,24,968,-0.0010828971862792969,0.0010828971862792969,0.0010828971862792969,0.0010026617674157023,0.0,1.0,1.0800224542617798
785,29,11848,-0.0010824203491210938,0.0010824203491210938,0.0010824203491210938,0.00036641329643316567,0.0,1.0,2.954096794128418
786,14,8357,0.0010814666748046875,0.0010814666748046875,0.0010814666748046875,0.0002953066141344607,1.0,1.0,3.662182331085205
787,14,9411,-0.0010805130004882812,0.0010805130004882812,0.0010805130004882812,0.00048814990441314876,0.0,1.0,2.2134859561920166
788,23,11273,0.001079559326171875,0.001079559326171875,0.001079559326171875,0.0002862421388272196,1.0,1.0,3.7714898586273193
789,24,6081,-0.001079559326171875,0.001079559326171875,0.001079559326171875,0.00035904793185181916,0.0,1.0,3.006727695465088
790,16,9219,-0.0010790824890136719,0.0010790824890136719,0.0010790824890136719,0.0008275083964690566,0.0,1.0,1.304013967514038
791,30,3935,-0.0010786056518554688,0.0010786056518554688,0.0010786056518554688,0.0006033940589986742,0.0,1.0,1.7875642776489258
792,23,10571,-0.0010776519775390625,0.0010776519775390625,0.0010776519775390625,0.0002249943936476484,0.0,1.0,4.789683818817139
793,31,12946,0.0010776519775390625,0.0010776519775390625,0.0010776519775390625,0.00024736038176342845,1.0,1.0,4.356606960296631
794,21,7609,-0.0010766983032226562,0.0010766983032226562,0.0010766983032226562,0.0001521192752989009,0.0,1.0,7.077987194061279
795,23,9335,0.00107574462890625,0.00107574462890625,0.00107574462890625,0.0001323650503763929,1.0,1.0,8.127104759216309
796,16,1754,0.0010752677917480469,0.0010752677917480469,0.0010752677917480469,0.0005471637123264372,1.0,1.0,1.965166449546814
797,22,12258,-0.0010752677917480469,0.0010752677917480469,0.0010752677917480469,0.00037168440758250654,0.0,1.0,2.8929591178894043
798,22,6451,-0.0010738372802734375,0.0010738372802734375,0.0010738372802734375,0.0002767890691757202,0.0,1.0,3.8796231746673584
799,7,1531,-0.0010736286640167236,0.0010736286640167236,0.0010736286640167236,0.0018117097206413746,0.0,1.0,0.5926052331924438
800,20,11879,-0.0010733604431152344,0.0010733604431152344,0.0011353492736816406,0.0007559761288575828,0.25,0.75,1.419833779335022
801,22,3418,0.0010728836059570312,0.0010728836059570312,0.0010728836059570312,0.00039626401849091053,1.0,1.0,2.7074968814849854
802,27,2270,0.001071929931640625,0.001071929931640625,0.001071929931640625,0.0002451814943924546,1.0,1.0,4.37198543548584
803,20,3972,0.001071929931640625,0.001071929931640625,0.005977630615234375,0.006371913477778435,0.5,0.5,0.16822731494903564
804,24,1484,-0.0010709762573242188,0.0010709762573242188,0.0010709762573242188,0.00021899443527217954,0.0,1.0,4.8904266357421875
805,12,13464,-0.0010709762573242188,0.0010709762573242188,0.0010709762573242188,0.0006063651526346803,0.0,1.0,1.7662233114242554
806,21,7760,0.0010690689086914062,0.0010690689086914062,0.0010690689086914062,0.0005208310321904719,1.0,1.0,2.052621364593506
807,20,6783,0.0010690689086914062,0.0010690689086914062,0.0010690689086914062,0.0004907810362055898,1.0,1.0,2.1783010959625244
808,20,8105,0.0010685920715332031,0.0010685920715332031,0.0010685920715332031,0.000490293197799474,1.0,1.0,2.1794960498809814
809,15,7441,-0.0010685920715332031,0.0010685920715332031,0.0012736320495605469,0.0010954561876133084,0.25,0.75,0.9754768013954163
810,19,11420,-0.001068115234375,0.001068115234375,0.001068115234375,0.0003207863192074001,0.0,1.0,3.3296782970428467
811,20,1617,0.0010652542114257812,0.0010652542114257812,0.0010652542114257812,0.00030459556728601456,1.0,1.0,3.497274160385132
812,17,12034,0.001064300537109375,0.001064300537109375,0.001064300537109375,0.00026397319743409753,1.0,1.0,4.031850814819336
813,17,11845,0.0010633468627929688,0.0010633468627929688,0.0010633468627929688,0.00020292209228500724,1.0,1.0,5.240172863006592
814,21,5972,0.0010623931884765625,0.0010623931884765625,0.0010623931884765625,0.00022134285245556384,1.0,1.0,4.799762725830078
815,26,8392,0.0010623931884765625,0.0010623931884765625,0.0010623931884765625,0.00020338990725576878,1.0,1.0,5.22343111038208
816,29,643,-0.0010623931884765625,0.0010623931884765625,0.0010623931884765625,0.0002492358034942299,0.0,1.0,4.262602806091309
817,19,7922,0.0010595321655273438,0.0010595321655273438,0.0010595321655273438,0.000308900693198666,1.0,1.0,3.430009126663208
818,19,10040,-0.0010585784912109375,0.0010585784912109375,0.0010585784912109375,0.0004192567430436611,0.0,1.0,2.524893283843994
819,27,5443,0.0010585784912109375,0.0010585784912109375,0.0010585784912109375,0.00024875366943888366,1.0,1.0,4.255528926849365
820,19,12738,-0.0010576248168945312,0.0010576248168945312,0.0010576248168945312,0.00041597147355787456,0.0,1.0,2.542541742324829
821,25,9961,0.0010576248168945312,0.0010576248168945312,0.0010576248168945312,0.00024263656814582646,1.0,1.0,4.358884811401367
822,16,10820,0.001056671142578125,0.001056671142578125,0.001056671142578125,0.0004898730549030006,1.0,1.0,2.1570305824279785
823,21,14234,0.001056671142578125,0.001056671142578125,0.001056671142578125,0.00029541130061261356,1.0,1.0,3.576948881149292
824,15,2753,-0.001056671142578125,0.001056671142578125,0.001056671142578125,0.0002677091397345066,0.0,1.0,3.9470865726470947
825,9,12078,-0.0010559558868408203,0.0010559558868408203,0.0011088848114013672,0.0015997805166989565,0.25,0.75,0.6600629687309265
826,22,336,0.0010557174682617188,0.0010557174682617188,0.0010557174682617188,0.0007499221828766167,1.0,1.0,1.4077693223953247
827,18,1065,0.0010557174682617188,0.0010557174682617188,0.0010557174682617188,0.0003229155845474452,1.0,1.0,3.26932954788208
828,30,2361,-0.0010557174682617188,0.0010557174682617188,0.0010557174682617188,0.00035714180557988584,0.0,1.0,2.9560177326202393
829,21,12033,0.0010547637939453125,0.0010547637939453125,0.0010547637939453125,0.00018201943021267653,1.0,1.0,5.7947869300842285
830,24,12981,0.0010542869567871094,0.0010542869567871094,0.0010542869567871094,0.0007968944846652448,1.0,1.0,1.3229944705963135
831,29,3237,-0.0010538101196289062,0.0010538101196289062,0.0010538101196289062,0.0001819969475036487,0.0,1.0,5.790262699127197
832,29,11482,0.0010538101196289062,0.0010538101196289062,0.0010538101196289062,0.00024021047283895314,1.0,1.0,4.387028217315674
833,26,9441,0.0010538101196289062,0.0010538101196289062,0.0010538101196289062,0.0006897557759657502,1.0,1.0,1.527801752090454
834,20,619,0.0010528564453125,0.0010528564453125,0.0010528564453125,0.0001921789807965979,1.0,1.0,5.478520393371582
835,30,4614,-0.0010519027709960938,0.0010519027709960938,0.0010519027709960938,0.00016018038149923086,0.0,1.0,6.566988945007324
836,23,4916,0.0010514259338378906,0.0010514259338378906,0.0010514259338378906,0.0003419195127207786,1.0,1.0,3.075068473815918
837,26,5578,0.0010509490966796875,0.0010509490966796875,0.0010509490966796875,0.00027028549811802804,1.0,1.0,3.8882925510406494
838,6,9066,0.0010502040386199951,0.0010502040386199951,0.0010502040386199951,0.0016410178504884243,1.0,1.0,0.639971137046814
839,29,3852,-0.0010499954223632812,0.0010499954223632812,0.0010499954223632812,0.0003432101511862129,0.0,1.0,3.0593366622924805
840,16,10676,-0.0010499954223632812,0.0010499954223632812,0.0010499954223632812,0.00024570582900196314,0.0,1.0,4.273384094238281
841,28,10816,0.0010499954223632812,0.0010499954223632812,0.0010499954223632812,0.00024146423675119877,1.0,1.0,4.348451137542725
842,15,8354,-0.0010495185852050781,0.0010495185852050781,0.0017552375793457031,0.0021783518604934216,0.25,0.75,0.4817948043346405
843,3,3271,0.0010471343994140625,0.0010471343994140625,0.0010471343994140625,0.0003450720105320215,1.0,1.0,3.034538745880127
844,31,3616,0.0010461807250976562,0.0010461807250976562,0.0010461807250976562,0.00047609175089746714,1.0,1.0,2.197435140609741
845,26,2776,0.0010461807250976562,0.0010461807250976562,0.0010461807250976562,0.00014135950186755508,1.0,1.0,7.400851726531982
846,25,6915,-0.00104522705078125,0.00104522705078125,0.00104522705078125,0.0002724772784858942,0.0,1.0,3.836015462875366
847,30,10308,-0.00104522705078125,0.00104522705078125,0.00104522705078125,0.0002909191243816167,0.0,1.0,3.592844009399414
848,0,378,-0.0010442733764648438,0.0010442733764648438,0.0010442733764648438,0.0006814675289206207,0.0,1.0,1.5323890447616577
849,24,9306,0.0010442733764648438,0.0010442733764648438,0.0010442733764648438,0.00036928136250935495,1.0,1.0,2.827852964401245
850,19,7875,-0.0010433197021484375,0.0010433197021484375,0.0019588470458984375,0.0017923343693837523,0.25,0.75,0.582101047039032
851,9,2374,-0.0010427236557006836,0.0010427236557006836,0.0015980005264282227,0.0022570807486772537,0.5,0.5,0.46197888255119324
852,21,11574,0.0010423660278320312,0.0010423660278320312,0.0010423660278320312,0.0004344852641224861,1.0,1.0,2.399082660675049
853,6,435,-0.0010417401790618896,0.0010417401790618896,0.0011485517024993896,0.001918905763886869,0.5,0.5,0.5428823828697205
854,13,3523,-0.0010409355163574219,0.0010409355163574219,0.0010409355163574219,0.0010116937337443233,0.0,1.0,1.028903841972351
855,31,2474,0.0010404586791992188,0.0010404586791992188,0.0010404586791992188,0.0005576597759500146,1.0,1.0,1.8657588958740234
856,18,12138,0.0010404586791992188,0.0010404586791992188,0.0010404586791992188,0.00029704926419071853,1.0,1.0,3.5026469230651855
857,31,11443,0.0010395050048828125,0.0010395050048828125,0.0010395050048828125,0.00035088477306999266,1.0,1.0,2.9625253677368164
858,22,10324,-0.0010395050048828125,0.0010395050048828125,0.0010395050048828125,0.00014961445413064212,0.0,1.0,6.947891712188721
859,19,13282,-0.0010385513305664062,0.0010385513305664062,0.0010385513305664062,0.0005518033867701888,0.0,1.0,1.8821039199829102
860,30,717,-0.00103759765625,0.00103759765625,0.00103759765625,0.0002518422552384436,0.0,1.0,4.120029926300049
861,16,5496,-0.00103759765625,0.00103759765625,0.00103759765625,0.0002565366157796234,0.0,1.0,4.044637680053711
862,13,3822,-0.0010367035865783691,0.0010367035865783691,0.0010632872581481934,0.0007640759577043355,0.25,0.75,1.356806993484497
863,26,12832,-0.0010366439819335938,0.0010366439819335938,0.0010366439819335938,0.00028172481688670814,0.0,1.0,3.679633140563965
864,24,9303,0.0010366439819335938,0.0010366439819335938,0.0010366439819335938,0.0004323364410083741,1.0,1.0,2.3977713584899902
865,26,1396,0.0010366439819335938,0.0010366439819335938,0.0010366439819335938,0.0003322443226352334,1.0,1.0,3.1201255321502686
866,18,14009,0.0010356903076171875,0.0010356903076171875,0.0010356903076171875,0.0005663540796376765,1.0,1.0,1.8286975622177124
867,16,1038,-0.0010355710983276367,0.0010355710983276367,0.0010355710983276367,0.0011473094346001744,0.0,1.0,0.9026083946228027
868,28,5239,0.0010350346565246582,0.0010350346565246582,0.0010630488395690918,0.0008070674957707524,0.75,0.75,1.282463550567627
869,31,7096,0.0010347366333007812,0.0010347366333007812,0.0010347366333007812,0.00043574775918386877,1.0,1.0,2.3746230602264404
870,17,6949,-0.0010347366333007812,0.0010347366333007812,0.0010347366333007812,0.0002263143687741831,0.0,1.0,4.572120666503906
871,27,9494,-0.001033782958984375,0.001033782958984375,0.001033782958984375,0.000157122005475685,0.0,1.0,6.579492092132568
872,23,4176,-0.001033782958984375,0.001033782958984375,0.001033782958984375,0.0005802290979772806,0.0,1.0,1.781680703163147
873,30,11752,-0.001033782958984375,0.001033782958984375,0.001033782958984375,0.0004409483226481825,0.0,1.0,2.344453811645508
874,27,14202,-0.001033782958984375,0.001033782958984375,0.001033782958984375,0.00033911134232766926,0.0,1.0,3.048506021499634
875,29,2914,0.001033782958984375,0.001033782958984375,0.0018157958984375,0.0015738804358989,0.75,0.75,0.6568370461463928
876,13,4368,0.0010333061218261719,0.0010333061218261719,0.0010333061218261719,0.0006066513597033918,1.0,1.0,1.7032948732376099
877,8,9373,0.0010327696800231934,0.0010327696800231934,0.0010327696800231934,0.0011842407984659076,1.0,1.0,0.8720943331718445
878,21,5133,-0.0010318756103515625,0.0010318756103515625,0.0010318756103515625,0.00014689061208628118,0.0,1.0,7.024789333343506
879,26,6675,-0.0010313987731933594,0.0010313987731933594,0.0010313987731933594,0.0006726769497618079,0.0,1.0,1.5332750082015991
880,27,1312,0.00102996826171875,0.00102996826171875,0.00102996826171875,0.00013288622722029686,1.0,1.0,7.7507524490356445
881,19,9738,0.0010290145874023438,0.0010290145874023438,0.0010290145874023438,0.000213288571103476,1.0,1.0,4.824518203735352
882,23,10584,0.0010290145874023438,0.0010290145874023438,0.0010290145874023438,0.0004144030390307307,1.0,1.0,2.4831252098083496
883,27,5658,0.0010290145874023438,0.0010290145874023438,0.0010290145874023438,0.00011596851982176304,1.0,1.0,8.873223304748535
884,20,2651,-0.0010280609130859375,0.0010280609130859375,0.0010280609130859375,0.00020294224668759853,0.0,1.0,5.0657806396484375
885,20,8388,-0.0010271072387695312,0.0010271072387695312,0.0010271072387695312,0.0001728309434838593,0.0,1.0,5.942843437194824
886,19,1038,0.0010271072387695312,0.0010271072387695312,0.0010271072387695312,0.0007201668340712786,1.0,1.0,1.4262073040008545
887,16,5657,-0.0010271072387695312,0.0010271072387695312,0.0010271072387695312,0.0004802836920134723,0.0,1.0,2.138542890548706
888,21,5536,0.001026153564453125,0.001026153564453125,0.001026153564453125,5.132150181452744e-05,1.0,1.0,19.994613647460938
889,24,425,-0.0010251998901367188,0.0010251998901367188,0.0010251998901367188,0.0004332022799644619,0.0,1.0,2.3665616512298584
890,16,3215,-0.0010251998901367188,0.0010251998901367188,0.0010251998901367188,0.00024768192088231444,0.0,1.0,4.139179229736328
891,26,8035,-0.0010251998901367188,0.0010251998901367188,0.0010251998901367188,0.00017371276044286788,0.0,1.0,5.901695728302002
892,30,3364,-0.0010251998901367188,0.0010251998901367188,0.0010251998901367188,0.00024007413594517857,0.0,1.0,4.2703471183776855
893,31,11077,0.0010242462158203125,0.0010242462158203125,0.0010242462158203125,0.0003530347312334925,1.0,1.0,2.901261806488037
894,17,8459,0.0010242462158203125,0.0010242462158203125,0.0010242462158203125,0.0001342616305919364,1.0,1.0,7.6287336349487305
895,30,1127,-0.0010232925415039062,0.0010232925415039062,0.0010232925415039062,0.000270391465164721,0.0,1.0,3.784485340118408
896,24,9260,0.0010213851928710938,0.0010213851928710938,0.0010213851928710938,0.0005883135017938912,1.0,1.0,1.736124038696289
897,29,699,-0.0010209083557128906,0.0010209083557128906,0.0010209083557128906,0.00036458653630688787,0.0,1.0,2.8001811504364014
898,26,9795,-0.0010204315185546875,0.0010204315185546875,0.0010204315185546875,0.00021255601313896477,0.0,1.0,4.800765037536621
899,18,8284,-0.0010190010070800781,0.0010190010070800781,0.0010190010070800781,0.0009233797318302095,0.0,1.0,1.1035557985305786
900,15,11604,0.0010175704956054688,0.0010175704956054688,0.0010175704956054688,0.00026573651120997965,1.0,1.0,3.8292460441589355
901,18,11099,0.0010175704956054688,0.0010175704956054688,0.0010175704956054688,0.0003695275809150189,1.0,1.0,2.753706455230713
902,19,6217,-0.0010166168212890625,0.0010166168212890625,0.0010166168212890625,0.0004597818187903613,0.0,1.0,2.211085319519043
903,22,1612,-0.0010166168212890625,0.0010166168212890625,0.0010166168212890625,0.0006673894240520895,0.0,1.0,1.5232738256454468
904,19,118,-0.0010161399841308594,0.0010161399841308594,0.0010161399841308594,0.0005521821440197527,0.0,1.0,1.8402260541915894
905,3,203,-0.0010161250829696655,0.0010161250829696655,0.001023814082145691,0.0017567428294569254,0.25,0.75,0.578414261341095
906,15,8452,-0.0010156631469726562,0.0010156631469726562,0.0010156631469726562,0.0004322607128415257,0.0,1.0,2.349654197692871
907,22,8465,0.0010156631469726562,0.0010156631469726562,0.0010156631469726562,0.00025524821830913424,1.0,1.0,3.9791195392608643
908,25,8010,-0.0010156631469726562,0.0010156631469726562,0.0014829635620117188,0.0014200011501088738,0.25,0.75,0.7152551412582397
909,22,9789,-0.001015007495880127,0.001015007495880127,0.001015007495880127,0.0007459658663719893,0.0,1.0,1.3606621026992798
910,17,12398,0.00101470947265625,0.00101470947265625,0.00101470947265625,0.00019353715470060706,1.0,1.0,5.242969989776611
911,21,4675,0.00101470947265625,0.00101470947265625,0.00101470947265625,0.0002442598051857203,1.0,1.0,4.154222011566162
912,22,11009,-0.00101470947265625,0.00101470947265625,0.00101470947265625,0.00033043953590095043,0.0,1.0,3.070787191390991
913,11,5147,-0.0010142326354980469,0.0010142326354980469,0.0010142326354980469,0.0005046881269663572,0.0,1.0,2.009622573852539
914,23,9356,-0.0010132789611816406,0.0010132789611816406,0.0010132789611816406,0.0005868924199603498,0.0,1.0,1.7265156507492065
915,20,3416,0.0010128021240234375,0.0010128021240234375,0.0010128021240234375,0.0002479333197697997,1.0,1.0,4.084978103637695
916,30,13145,0.0010118484497070312,0.0010118484497070312,0.0010118484497070312,0.0003013535460922867,1.0,1.0,3.3576788902282715
917,31,636,-0.0010118484497070312,0.0010118484497070312,0.0010118484497070312,0.00041222895379178226,0.0,1.0,2.4545788764953613
918,24,5627,0.0010118484497070312,0.0010118484497070312,0.0010118484497070312,0.00035972995101474226,1.0,1.0,2.812800168991089
919,31,1209,0.0010089874267578125,0.0010089874267578125,0.0010089874267578125,0.0003227028646506369,1.0,1.0,3.126676321029663
920,16,12125,-0.0010089874267578125,0.0010089874267578125,0.0010089874267578125,0.0004286445036996156,0.0,1.0,2.353902578353882
921,24,4066,0.0010089874267578125,0.0010089874267578125,0.0010089874267578125,0.0003215509350411594,1.0,1.0,3.1378774642944336
922,12,6776,-0.0010089874267578125,0.0010089874267578125,0.0010089874267578125,0.00016951812722254544,0.0,1.0,5.952091693878174
923,30,2779,0.0010089874267578125,0.0010089874267578125,0.0010089874267578125,0.0004913227749057114,1.0,1.0,2.0536141395568848
924,27,1592,-0.0010080337524414062,0.0010080337524414062,0.0010080337524414062,0.00014917307998985052,0.0,1.0,6.757477760314941
925,28,12867,-0.0010080337524414062,0.0010080337524414062,0.0010080337524414062,0.00029229611391201615,0.0,1.0,3.4486730098724365
926,20,14234,0.0010075569152832031,0.0010075569152832031,0.0010075569152832031,0.0004980159574188292,1.0,1.0,2.023141860961914
927,8,7281,0.0010075569152832031,0.0010075569152832031,0.0010075569152832031,0.0011073504574596882,1.0,1.0,0.9098808169364929
928,19,2567,-0.001007080078125,0.001007080078125,0.001007080078125,0.0006946311332285404,0.0,1.0,1.4498056173324585
929,31,10867,-0.001007080078125,0.001007080078125,0.001007080078125,0.00014761941565666348,0.0,1.0,6.82213830947876
930,23,13662,-0.001007080078125,0.001007080078125,0.001007080078125,4.855317092733458e-05,0.0,1.0,20.741798400878906
931,5,14319,-0.0010068416595458984,0.0010068416595458984,0.0010068416595458984,0.0005769124254584312,0.0,1.0,1.7452244758605957
932,19,3982,-0.0010066032409667969,0.0010066032409667969,0.0010066032409667969,0.000493713014293462,0.0,1.0,2.0388429164886475
933,25,8265,0.0010061264038085938,0.0010061264038085938,0.0010061264038085938,0.00022230841568671167,1.0,1.0,4.525813579559326
934,18,10836,0.0010056495666503906,0.0010056495666503906,0.0011630058288574219,0.0008493564673699439,0.75,0.75,1.1840136051177979
935,16,8439,0.0010051727294921875,0.0010051727294921875,0.0010051727294921875,0.0003034842957276851,1.0,1.0,3.312107801437378
936,1,2829,-0.0010051727294921875,0.0010051727294921875,0.0010051727294921875,0.0003402626607567072,0.0,1.0,2.954108238220215
937,17,11053,-0.0010051727294921875,0.0010051727294921875,0.0010051727294921875,0.0004885605885647237,0.0,1.0,2.0574166774749756
938,12,9114,-0.0010051727294921875,0.0010051727294921875,0.0010051727294921875,0.0004160425451118499,0.0,1.0,2.4160335063934326
939,13,8310,0.0010051727294921875,0.0010051727294921875,0.001438140869140625,0.0014490641187876463,0.75,0.75,0.6936702728271484
940,14,174,0.0010046958923339844,0.0010046958923339844,0.0010046958923339844,0.00042815488995984197,1.0,1.0,2.346571207046509
941,20,4357,0.001003354787826538,0.001003354787826538,0.001003354787826538,0.0008739329059608281,1.0,1.0,1.1480913162231445
942,31,1252,0.001003265380859375,0.001003265380859375,0.001003265380859375,0.00044715835247188807,1.0,1.0,2.2436468601226807
943,31,1159,0.0010013580322265625,0.0010013580322265625,0.0010013580322265625,0.00026193252415396273,1.0,1.0,3.8229618072509766
944,30,3695,-0.0010008811950683594,0.0010008811950683594,0.0010008811950683594,0.0009934150148183107,0.0,1.0,1.0075156688690186
945,17,2244,-0.0010004043579101562,0.0010004043579101562,0.0010004043579101562,0.00016248047177214175,0.0,1.0,6.157074451446533
946,29,11182,-0.0010004043579101562,0.0010004043579101562,0.0010004043579101562,0.00028526660753414035,0.0,1.0,3.5069100856781006
947,17,4093,0.0010004043579101562,0.0010004043579101562,0.0010004043579101562,0.0003133440623059869,1.0,1.0,3.1926705837249756
948,21,9036,-0.0010004043579101562,0.0010004043579101562,0.0010004043579101562,0.00044984626583755016,0.0,1.0,2.2238805294036865
949,17,12117,-0.0009984970092773438,0.0009984970092773438,0.0009984970092773438,0.0003659562789835036,0.0,1.0,2.7284598350524902
950,25,5652,0.0009975433349609375,0.0009975433349609375,0.0009975433349609375,0.0004335223347879946,1.0,1.0,2.3010194301605225
951,22,12691,0.0009965896606445312,0.0009965896606445312,0.0009965896606445312,0.0002695155271794647,1.0,1.0,3.6977078914642334
952,26,1515,-0.0009965896606445312,0.0009965896606445312,0.0009965896606445312,0.00028315457166172564,0.0,1.0,3.5195958614349365
953,25,8371,-0.0009965896606445312,0.0009965896606445312,0.0009965896606445312,0.00027313572354614735,0.0,1.0,3.6486976146698
954,29,10844,0.0009961128234863281,0.0009961128234863281,0.0009961128234863281,0.00045991703518666327,1.0,1.0,2.165853261947632
955,22,12913,0.000995635986328125,0.000995635986328125,0.000995635986328125,0.00022853189148008823,1.0,1.0,4.356660842895508
956,31,2406,-0.000995635986328125,0.000995635986328125,0.000995635986328125,0.00044758120202459395,0.0,1.0,2.2244813442230225
957,26,3426,-0.000995635986328125,0.000995635986328125,0.000995635986328125,0.00018441211432218552,0.0,1.0,5.398972988128662
958,20,12953,0.0009946823120117188,0.0009946823120117188,0.0009946823120117188,0.0003998284519184381,1.0,1.0,2.4877727031707764
959,15,7732,0.0009937286376953125,0.0009937286376953125,0.0009937286376953125,0.00026808257098309696,1.0,1.0,3.706800699234009
960,29,2555,-0.0009927749633789062,0.0009927749633789062,0.0009927749633789062,0.0001747359347064048,0.0,1.0,5.681572914123535
961,29,6863,-0.0009927749633789062,0.0009927749633789062,0.0009927749633789062,9.831174975261092e-05,0.0,1.0,10.098233222961426
962,18,13697,-0.0009918212890625,0.0009918212890625,0.0009918212890625,0.0001323650503763929,0.0,1.0,7.493075370788574
963,24,10738,-0.0009918212890625,0.0009918212890625,0.0009918212890625,0.0003516252909321338,0.0,1.0,2.820676803588867
964,19,2418,0.0009908676147460938,0.0009908676147460938,0.0009908676147460938,0.00026451528538018465,1.0,1.0,3.7459747791290283
965,17,7259,-0.0009899139404296875,0.0009899139404296875,0.0009899139404296875,0.00031808146741241217,0.0,1.0,3.1121397018432617
966,31,3260,0.0009889602661132812,0.0009889602661132812,0.0009889602661132812,0.000555548642296344,1.0,1.0,1.7801506519317627
967,30,4677,-0.000988006591796875,0.000988006591796875,0.000988006591796875,0.0002053037314908579,0.0,1.0,4.812414169311523
968,20,4836,0.000988006591796875,0.000988006591796875,0.000988006591796875,0.0005857392679899931,1.0,1.0,1.6867685317993164
969,31,3430,-0.000988006591796875,0.000988006591796875,0.000988006591796875,0.0002107771288137883,0.0,1.0,4.6874470710754395
970,31,13452,-0.000988006591796875,0.000988006591796875,0.000988006591796875,0.0003761782718356699,0.0,1.0,2.626431941986084
971,31,5831,0.000988006591796875,0.000988006591796875,0.000988006591796875,0.00033632133272476494,1.0,1.0,2.9376864433288574
972,10,6230,0.0009870529174804688,0.0009870529174804688,0.0013360977172851562,0.0010009178658947349,0.75,0.75,0.9861477613449097
973,3,4345,-0.000986352562904358,0.000986352562904358,0.0009973496198654175,0.0017210558289662004,0.5,0.5,0.573108971118927
974,19,3264,-0.000986337661743164,0.000986337661743164,0.000986337661743164,0.0010627689771354198,0.0,1.0,0.9280828237533569
975,27,10102,0.0009860992431640625,0.0009860992431640625,0.0009860992431640625,0.00026065160636790097,1.0,1.0,3.783207893371582
976,21,9554,-0.0009846687316894531,0.0009846687316894531,0.0009846687316894531,0.0003946883953176439,0.0,1.0,2.494800329208374
977,29,13152,-0.00098419189453125,0.00098419189453125,0.00098419189453125,0.00028847032808698714,0.0,1.0,3.4117612838745117
978,18,5810,-0.000982522964477539,0.000982522964477539,0.000982522964477539,0.0005760202184319496,0.0,1.0,1.7057092189788818
979,21,2249,0.0009822845458984375,0.0009822845458984375,0.0009822845458984375,0.000670098583213985,1.0,1.0,1.4658806324005127
980,28,8714,-0.0009822845458984375,0.0009822845458984375,0.0009822845458984375,0.0001727282942738384,0.0,1.0,5.6868767738342285
981,22,6812,-0.0009822845458984375,0.0009822845458984375,0.0009822845458984375,0.00032284940243698657,0.0,1.0,3.0425472259521484
982,31,1332,0.0009822845458984375,0.0009822845458984375,0.0009822845458984375,0.0003545155341271311,1.0,1.0,2.770780086517334
983,18,2646,0.0009822845458984375,0.0009822845458984375,0.0009822845458984375,0.0001344511692877859,1.0,1.0,7.305883407592773
984,31,13062,0.0009822845458984375,0.0009822845458984375,0.0009822845458984375,0.0002806526026688516,1.0,1.0,3.5000016689300537
985,25,12076,-0.0009813308715820312,0.0009813308715820312,0.0009813308715820312,0.00030995882116258144,0.0,1.0,3.166003942489624
986,13,1814,-0.000980377197265625,0.000980377197265625,0.000980377197265625,0.00043526850640773773,0.0,1.0,2.252350330352783
987,29,11990,-0.0009794235229492188,0.0009794235229492188,0.0009794235229492188,7.768203067826107e-05,0.0,1.0,12.608109474182129
988,13,5017,-0.0009794235229492188,0.0009794235229492188,0.0009794235229492188,0.0006465848418883979,0.0,1.0,1.5147640705108643
989,9,4435,0.0009794235229492188,0.0009794235229492188,0.0012845993041992188,0.0017967935418710113,0.75,0.75,0.5450952053070068
990,15,256,0.0009784698486328125,0.0009784698486328125,0.0009784698486328125,0.0006931762327440083,1.0,1.0,1.4115744829177856
991,13,13321,-0.0009784698486328125,0.0009784698486328125,0.0009784698486328125,0.0005469369934871793,0.0,1.0,1.7889991998672485
992,21,8140,0.0009784698486328125,0.0009784698486328125,0.0009784698486328125,0.000581190746743232,1.0,1.0,1.6835606098175049
993,29,9302,-0.0009784698486328125,0.0009784698486328125,0.0009784698486328125,0.0004582521796692163,0.0,1.0,2.135221481323242
994,23,7833,0.0009779930114746094,0.0009779930114746094,0.0009779930114746094,0.0004298847634345293,1.0,1.0,2.2750120162963867
995,22,476,-0.0009770393371582031,0.0009770393371582031,0.0009770393371582031,0.000501397589687258,0.0,1.0,1.9486318826675415
996,31,740,0.0009765625,0.0009765625,0.0009765625,0.00023718706506770104,1.0,1.0,4.11726713180542
997,24,12261,0.0009765625,0.0009765625,0.0009765625,0.00048147616325877607,1.0,1.0,2.0282676219940186
998,20,4645,-0.0009765625,0.0009765625,0.0009765625,0.000343280378729105,0.0,1.0,2.8447954654693604
999,26,9463,0.0009746551513671875,0.0009746551513671875,0.0009746551513671875,0.00040590690332464874,1.0,1.0,2.401179075241089
1000,16,6364,0.0009746551513671875,0.0009746551513671875,0.0009746551513671875,0.00020877410133834928,1.0,1.0,4.6684675216674805
1001,22,10575,0.0009746551513671875,0.0009746551513671875,0.0009746551513671875,0.00015571489348076284,1.0,1.0,6.259228706359863
1002,26,13342,-0.0009737014770507812,0.0009737014770507812,0.0009737014770507812,0.00031640578527003527,0.0,1.0,3.0773820877075195
1003,26,5911,0.0009737014770507812,0.0009737014770507812,0.0009737014770507812,0.0005605747574009001,1.0,1.0,1.7369699478149414
1004,16,6363,0.000972747802734375,0.000972747802734375,0.000972747802734375,9.781556582311168e-05,1.0,1.0,9.944713592529297
1005,22,12411,-0.0009722709655761719,0.0009722709655761719,0.0009722709655761719,0.0005612669046968222,0.0,1.0,1.7322791814804077
1006,27,840,-0.0009722709655761719,0.0009722709655761719,0.0009722709655761719,0.0005041652475483716,0.0,1.0,1.9284768104553223
1007,16,8840,0.0009717941284179688,0.0009717941284179688,0.0009717941284179688,0.0006915940903127193,1.0,1.0,1.4051510095596313
1008,18,1702,-0.0009717941284179688,0.0009717941284179688,0.0009717941284179688,0.0004012635035905987,0.0,1.0,2.421835422515869
1009,17,10066,0.0009717941284179688,0.0009717941284179688,0.0009717941284179688,0.0004066400579176843,1.0,1.0,2.3898141384124756
1010,28,3382,-0.0009708404541015625,0.0009708404541015625,0.0009708404541015625,0.00019895941659342498,0.0,1.0,4.8795905113220215
1011,28,12167,-0.0009708404541015625,0.0009708404541015625,0.0009708404541015625,0.0006224184762686491,0.0,1.0,1.5597872734069824
1012,25,660,-0.0009708404541015625,0.0009708404541015625,0.0009708404541015625,0.00043370691128075123,0.0,1.0,2.238471269607544
1013,31,13245,0.0009698867797851562,0.0009698867797851562,0.0009698867797851562,0.0001548685977468267,1.0,1.0,6.262643337249756
1014,30,10840,0.0009694099426269531,0.0009694099426269531,0.0009694099426269531,0.0003843541198875755,1.0,1.0,2.522179126739502
1015,23,8597,-0.00096893310546875,0.00096893310546875,0.00096893310546875,0.00014874873158987612,0.0,1.0,6.513891696929932
1016,31,13597,-0.00096893310546875,0.00096893310546875,0.00096893310546875,0.00029131901101209223,0.0,1.0,3.3260209560394287
1017,21,1832,0.00096893310546875,0.00096893310546875,0.00096893310546875,0.00033616984728723764,1.0,1.0,2.882272481918335
1018,18,13301,0.0009679794311523438,0.0009679794311523438,0.0009679794311523438,0.00021670661226380616,1.0,1.0,4.466773986816406
1019,30,14296,-0.0009679794311523438,0.0009679794311523438,0.0009679794311523438,0.00018350983737036586,0.0,1.0,5.27480936050415
1020,20,12159,-0.0009679794311523438,0.0009679794311523438,0.0009679794311523438,0.00018137622100766748,0.0,1.0,5.336859703063965
1021,29,969,-0.0009679794311523438,0.0009679794311523438,0.0009679794311523438,0.00018441950669512153,0.0,1.0,5.248790740966797
1022,19,2811,-0.000967860221862793,0.000967860221862793,0.0010091066360473633,0.0008696360746398568,0.25,0.75,1.1129485368728638
1023,15,13598,-0.0009675025939941406,0.0009675025939941406,0.0009675025939941406,0.0009394048829562962,0.0,1.0,1.0299100875854492
1024,17,11456,0.0009670257568359375,0.0009670257568359375,0.0009670257568359375,0.00017026759451255202,1.0,1.0,5.679446697235107
1025,30,9249,0.0009670257568359375,0.0009670257568359375,0.0009670257568359375,0.00031495519215241075,1.0,1.0,3.070359706878662
1026,15,10816,0.0009660720825195312,0.0009660720825195312,0.0009660720825195312,0.00026356460875831544,1.0,1.0,3.6654090881347656
1027,15,683,0.0009655952453613281,0.0009655952453613281,0.0009655952453613281,0.0005537266260944307,1.0,1.0,1.7438122034072876
1028,30,10657,-0.000965118408203125,0.000965118408203125,0.000965118408203125,0.00033839180832728744,0.0,1.0,2.852073907852173
1029,30,8539,-0.0009632110595703125,0.0009632110595703125,0.0009632110595703125,0.0003293533227406442,0.0,1.0,2.9245524406433105
1030,18,2036,0.0009627342224121094,0.0009627342224121094,0.0009627342224121094,0.0006554280407726765,1.0,1.0,1.4688633680343628
1031,13,7283,-0.0009622573852539062,0.0009622573852539062,0.0009622573852539062,0.00029408291447907686,0.0,1.0,3.272061586380005
1032,18,11908,-0.0009622573852539062,0.0009622573852539062,0.0009622573852539062,0.00048536964459344745,0.0,1.0,1.9825248718261719
1033,29,3319,-0.0009613037109375,0.0009613037109375,0.0009613037109375,0.0002625636989250779,0.0,1.0,3.6612210273742676
1034,23,2359,0.0009613037109375,0.0009613037109375,0.0009613037109375,0.0003430153301451355,1.0,1.0,2.8025095462799072
1035,16,1139,0.0009598731994628906,0.0009598731994628906,0.0009598731994628906,0.0007053082226775587,1.0,1.0,1.3609272241592407
1036,16,6264,0.0009598731994628906,0.0009598731994628906,0.0009598731994628906,0.00047462977818213403,1.0,1.0,2.022361993789673
1037,24,2504,0.0009593963623046875,0.0009593963623046875,0.0009593963623046875,0.00041301475721411407,1.0,1.0,2.3229105472564697
1038,29,5684,-0.0009593963623046875,0.0009593963623046875,0.0009593963623046875,0.0003659177746158093,0.0,1.0,2.6218905448913574
1039,22,1132,0.0009593963623046875,0.0009593963623046875,0.0009593963623046875,0.0003904291952494532,1.0,1.0,2.4572863578796387
1040,26,3674,-0.0009593963623046875,0.0009593963623046875,0.0009593963623046875,9.504263289272785e-05,0.0,1.0,10.094379425048828
1041,30,9672,0.0009589195251464844,0.0009589195251464844,0.0009589195251464844,0.000374980503693223,1.0,1.0,2.5572516918182373
1042,8,9454,0.0009585916996002197,0.0009585916996002197,0.00103721022605896,0.0017382113728672266,0.5,0.5,0.5514816641807556
1043,14,12421,-0.0009584426879882812,0.0009584426879882812,0.0009584426879882812,0.00039051187923178077,0.0,1.0,2.4543240070343018
1044,19,2902,-0.0009584426879882812,0.0009584426879882812,0.0009584426879882812,0.0006005718023516238,0.0,1.0,1.5958836078643799
1045,31,12835,-0.0009584426879882812,0.0009584426879882812,0.0009584426879882812,0.00016774640243966132,0.0,1.0,5.7136406898498535
1046,14,4682,0.0009581446647644043,0.0009581446647644043,0.0009581446647644043,0.0009245779947377741,1.0,1.0,1.0363048315048218
1047,28,5216,-0.000957489013671875,0.000957489013671875,0.000957489013671875,0.0002424509439151734,0.0,1.0,3.949207305908203
1048,23,4617,-0.000957489013671875,0.000957489013671875,0.000957489013671875,0.00027815919020213187,0.0,1.0,3.4422340393066406
1049,31,14197,-0.000957489013671875,0.000957489013671875,0.000957489013671875,0.00018088665092363954,0.0,1.0,5.293309211730957
1050,22,7005,0.0009570121765136719,0.0009570121765136719,0.0009570121765136719,0.0006991887930780649,1.0,1.0,1.3687463998794556
1051,23,9907,0.0009570121765136719,0.0009570121765136719,0.0009570121765136719,0.0005687871598638594,1.0,1.0,1.6825488805770874
1052,18,6335,-0.0009565353393554688,0.0009565353393554688,0.0009565353393554688,0.00025744791491888463,0.0,1.0,3.715451955795288
1053,25,13973,-0.0009565353393554688,0.0009565353393554688,0.0009565353393554688,0.000446461170213297,0.0,1.0,2.1424827575683594
1054,12,1577,0.0009560585021972656,0.0009560585021972656,0.0009560585021972656,0.000513235165271908,1.0,1.0,1.8628078699111938
1055,25,11114,-0.0009555816650390625,0.0009555816650390625,0.0009555816650390625,0.00037710071774199605,0.0,1.0,2.534022331237793
1056,23,11168,-0.0009555816650390625,0.0009555816650390625,0.0009555816650390625,0.0006763400160707533,0.0,1.0,1.4128717184066772
1057,24,7661,-0.0009555816650390625,0.0009555816650390625,0.0009555816650390625,0.0003041069721803069,0.0,1.0,3.1422550678253174
1058,30,2507,0.0009551048278808594,0.0009551048278808594,0.0009551048278808594,0.00042311634751968086,1.0,1.0,2.257310152053833
1059,26,1751,-0.0009546279907226562,0.0009546279907226562,0.0009546279907226562,0.00037189264548942447,0.0,1.0,2.5669450759887695
1060,23,4343,0.0009541511535644531,0.0009541511535644531,0.0009541511535644531,0.00048116696416400373,1.0,1.0,1.9829938411712646
1061,20,10009,0.00095367431640625,0.00095367431640625,0.00095367431640625,0.0001883548975456506,1.0,1.0,5.063177585601807
1062,17,9407,-0.00095367431640625,0.00095367431640625,0.00095367431640625,0.0003933764819521457,0.0,1.0,2.4243297576904297
1063,22,6329,0.0009531974792480469,0.0009531974792480469,0.0009531974792480469,0.0005149106145836413,1.0,1.0,1.851190209388733
1064,4,2361,0.0009528696537017822,0.0009528696537017822,0.0009528696537017822,0.0015733259497210383,1.0,1.0,0.6056403517723083
1065,14,8658,0.0009527206420898438,0.0009527206420898438,0.0009527206420898438,0.00029274384723976254,1.0,1.0,3.2544515132904053
1066,27,13129,0.0009527206420898438,0.0009527206420898438,0.0009527206420898438,0.000279989093542099,1.0,1.0,3.4027061462402344
1067,21,3635,0.0009522438049316406,0.0009522438049316406,0.0009522438049316406,0.0005625730846077204,1.0,1.0,1.6926579475402832
1068,24,8380,-0.0009517669677734375,0.0009517669677734375,0.0009517669677734375,0.0002187804493587464,0.0,1.0,4.3503289222717285
1069,27,8178,-0.0009517669677734375,0.0009517669677734375,0.0009517669677734375,0.00024410337209701538,0.0,1.0,3.8990323543548584
1070,27,11445,0.0009517669677734375,0.0009517669677734375,0.0009517669677734375,0.00023267307551577687,1.0,1.0,4.090576171875
1071,31,5766,-0.0009517669677734375,0.0009517669677734375,0.0009517669677734375,0.00042046114685945213,0.0,1.0,2.2636263370513916
1072,15,2012,-0.0009512901306152344,0.0009512901306152344,0.0009512901306152344,0.0004936227342113853,0.0,1.0,1.9271602630615234
1073,24,1816,-0.0009508132934570312,0.0009508132934570312,0.0009508132934570312,0.0004967856220901012,0.0,1.0,1.9139307737350464
1074,22,2472,-0.0009508132934570312,0.0009508132934570312,0.0009508132934570312,0.00011952168279094622,0.0,1.0,7.955152988433838
1075,26,445,-0.000949859619140625,0.000949859619140625,0.000949859619140625,0.00018574873683974147,0.0,1.0,5.113679885864258
1076,23,2713,0.000949859619140625,0.000949859619140625,0.000949859619140625,0.0003932839899789542,1.0,1.0,2.4152002334594727
1077,27,7525,0.0009489059448242188,0.0009489059448242188,0.0009489059448242188,0.0004277003463357687,1.0,1.0,2.218623161315918
1078,19,10301,-0.0009489059448242188,0.0009489059448242188,0.0009489059448242188,0.00021045541507191956,0.0,1.0,4.508821487426758
1079,16,1662,-0.0009479522705078125,0.0009479522705078125,0.0009479522705078125,0.00024062093871179968,0.0,1.0,3.939608335494995
1080,31,3023,-0.0009479522705078125,0.0009479522705078125,0.0009479522705078125,0.00011919021198991686,0.0,1.0,7.953272819519043
1081,25,10056,-0.0009469985961914062,0.0009469985961914062,0.0009469985961914062,0.0006074201664887369,0.0,1.0,1.5590503215789795
1082,20,448,0.000946044921875,0.000946044921875,0.000946044921875,0.00021477795962709934,1.0,1.0,4.404757976531982
1083,15,8329,0.000946044921875,0.000946044921875,0.001079559326171875,0.0008306234958581626,0.75,0.75,1.1389576196670532
1084,23,8668,0.0009455680847167969,0.0009455680847167969,0.0009455680847167969,0.0004561363020911813,1.0,1.0,2.0729944705963135
1085,21,2704,0.0009450912475585938,0.0009450912475585938,0.0009450912475585938,0.0004414543800521642,1.0,1.0,2.1408581733703613
1086,23,7055,0.0009450912475585938,0.0009450912475585938,0.0009450912475585938,0.00022003852063789964,1.0,1.0,4.295117378234863
1087,29,7859,0.0009450912475585938,0.0009450912475585938,0.0009450912475585938,0.0004433785506989807,1.0,1.0,2.1315674781799316
1088,28,165,0.0009441375732421875,0.0009441375732421875,0.0009441375732421875,0.0003322566335555166,1.0,1.0,2.8415913581848145
1089,25,4109,-0.0009441375732421875,0.0009441375732421875,0.0009441375732421875,0.000544236449059099,0.0,1.0,1.734792947769165
1090,18,7014,-0.0009441375732421875,0.0009441375732421875,0.0009441375732421875,0.00010112545714946464,0.0,1.0,9.336299896240234
1091,24,4234,-0.0009441375732421875,0.0009441375732421875,0.0009441375732421875,0.000331346585880965,0.0,1.0,2.849395751953125
1092,17,4412,-0.0009431838989257812,0.0009431838989257812,0.0009431838989257812,0.0006043820176273584,0.0,1.0,1.5605757236480713
1093,28,2510,-0.0009431838989257812,0.0009431838989257812,0.0009431838989257812,0.00022703659487888217,0.0,1.0,4.154325485229492
1094,17,13404,-0.000942230224609375,0.000942230224609375,0.000942230224609375,0.000569540832657367,0.0,1.0,1.6543681621551514
1095,27,2621,0.0009417533874511719,0.0009417533874511719,0.0009417533874511719,0.0005850780289620161,1.0,1.0,1.609620213508606
1096,20,8427,-0.0009412765502929688,0.0009412765502929688,0.0009412765502929688,0.00026430891011841595,0.0,1.0,3.561274290084839
1097,4,7578,0.0009412765502929688,0.0009412765502929688,0.0009412765502929688,0.0004759312723763287,1.0,1.0,1.9777573347091675
1098,12,3327,0.000941157341003418,0.000941157341003418,0.0009566545486450195,0.0007368254591710865,0.75,0.75,1.2773138284683228
1099,10,2015,0.0009405612945556641,0.0009405612945556641,0.0009405612945556641,0.0004287242772988975,1.0,1.0,2.1938605308532715
1100,25,13462,-0.0009403228759765625,0.0009403228759765625,0.0009403228759765625,0.00029376265592873096,0.0,1.0,3.2009613513946533
1101,31,2816,-0.0009403228759765625,0.0009403228759765625,0.0009403228759765625,0.0003604586236178875,0.0,1.0,2.608684539794922
1102,30,8716,0.0009393692016601562,0.0009393692016601562,0.0009393692016601562,0.0004951204755343497,1.0,1.0,1.8972537517547607
1103,19,3931,0.0009393692016601562,0.0009393692016601562,0.0009393692016601562,0.00017598069098312408,1.0,1.0,5.3379106521606445
1104,23,7665,0.0009384751319885254,0.0009384751319885254,0.0009384751319885254,0.0005947905010543764,1.0,1.0,1.5778247117996216
1105,24,10938,-0.00093841552734375,0.00093841552734375,0.00093841552734375,0.00014979670231696218,0.0,1.0,6.264594078063965
1106,22,8042,0.00093841552734375,0.00093841552734375,0.00093841552734375,0.00019083020742982626,1.0,1.0,4.917541980743408
1107,31,8350,-0.0009379386901855469,0.0009379386901855469,0.0009379386901855469,0.00042912032222375274,0.0,1.0,2.1857242584228516
1108,15,7021,0.0009374618530273438,0.0009374618530273438,0.0009374618530273438,0.00019195879576727748,1.0,1.0,4.88366174697876
1109,24,2372,0.0009374618530273438,0.0009374618530273438,0.0009374618530273438,0.00011540247214725241,1.0,1.0,8.123412132263184
1110,16,6731,0.0009374618530273438,0.0009374618530273438,0.0009374618530273438,0.00023303047055378556,1.0,1.0,4.022915363311768
1111,14,2871,0.0009374618530273438,0.0009374618530273438,0.0009374618530273438,0.0006676394841633737,1.0,1.0,1.4041438102722168
1112,16,12043,-0.0009374320507049561,0.0009374320507049561,0.0009374320507049561,0.0014358611078932881,0.0,1.0,0.6528709530830383
1113,20,10890,0.0009365081787109375,0.0009365081787109375,0.0009365081787109375,0.00040328133036382496,1.0,1.0,2.32222056388855
1114,15,5480,-0.0009365081787109375,0.0009365081787109375,0.0009365081787109375,0.00019848343799822032,0.0,1.0,4.718318939208984
1115,17,7103,-0.0009355545043945312,0.0009355545043945312,0.0009355545043945312,0.0004815621068701148,0.0,1.0,1.9427493810653687
1116,27,11567,0.0009355545043945312,0.0009355545043945312,0.0009355545043945312,0.00019378840806894004,1.0,1.0,4.827711582183838
1117,28,14182,-0.0009355545043945312,0.0009355545043945312,0.0009355545043945312,4.7521316446363926e-05,0.0,1.0,19.687049865722656
1118,31,4668,0.0009355545043945312,0.0009355545043945312,0.0009355545043945312,0.00038516518543474376,1.0,1.0,2.428969621658325
1119,18,12254,-0.0009355545043945312,0.0009355545043945312,0.0009355545043945312,0.00012934510596096516,0.0,1.0,7.233010292053223
1120,23,5310,0.0009350776672363281,0.0009350776672363281,0.0009350776672363281,0.0005414357292465866,1.0,1.0,1.7270334959030151
1121,24,9587,-0.000934600830078125,0.000934600830078125,0.000934600830078125,0.000316079385811463,0.0,1.0,2.956854820251465
1122,18,14003,0.000934600830078125,0.000934600830078125,0.000934600830078125,0.0003101186885032803,1.0,1.0,3.0136876106262207
1123,27,7629,0.0009336471557617188,0.0009336471557617188,0.0009336471557617188,0.00020795130694750696,1.0,1.0,4.489739418029785
1124,28,10407,-0.0009336471557617188,0.0009336471557617188,0.0009336471557617188,0.00030171548132784665,0.0,1.0,3.0944621562957764
1125,29,10482,0.0009326934814453125,0.0009326934814453125,0.0009326934814453125,0.00015014843665994704,1.0,1.0,6.2118096351623535
1126,31,1042,0.0009326934814453125,0.0009326934814453125,0.0009326934814453125,0.0005467241280712187,1.0,1.0,1.7059673070907593
1127,31,1760,-0.0009326934814453125,0.0009326934814453125,0.0009326934814453125,0.0002445798018015921,0.0,1.0,3.81345272064209
1128,29,5947,-0.0009326934814453125,0.0009326934814453125,0.0009326934814453125,0.00044375687139108777,0.0,1.0,2.1018118858337402
1129,30,11928,0.0009326934814453125,0.0009326934814453125,0.0009326934814453125,0.0002646544890012592,1.0,1.0,3.524193048477173
1130,28,7973,-0.0009326934814453125,0.0009326934814453125,0.0009326934814453125,9.652390144765377e-05,0.0,1.0,9.662823677062988
1131,30,7826,-0.0009322166442871094,0.0009322166442871094,0.0009322166442871094,0.00043035417911596596,0.0,1.0,2.16616153717041
1132,22,13610,0.0009317398071289062,0.0009317398071289062,0.0009317398071289062,0.0003190507413819432,1.0,1.0,2.9203498363494873
1133,30,9250,0.0009317398071289062,0.0009317398071289062,0.0009317398071289062,0.00021413969807326794,1.0,1.0,4.351083755493164
1134,31,11750,0.0009317398071289062,0.0009317398071289062,0.0009317398071289062,0.00016987988783512264,1.0,1.0,5.484697341918945
1135,15,12921,-0.0009317398071289062,0.0009317398071289062,0.0009317398071289062,0.00016167240391951054,0.0,1.0,5.763134479522705
1136,14,6551,0.0009307861328125,0.0009307861328125,0.0009307861328125,0.0001940815127454698,1.0,1.0,4.795851707458496
1137,22,11293,0.0009307861328125,0.0009307861328125,0.0009307861328125,0.0001149484160123393,1.0,1.0,8.097424507141113
1138,13,7549,-0.0009305477142333984,0.0009305477142333984,0.0010263919830322266,0.0006682448438368738,0.25,0.75,1.39252507686615
1139,19,1040,0.0009303092956542969,0.0009303092956542969,0.0009303092956542969,0.0004395898140501231,1.0,1.0,2.116312265396118
1140,19,8345,-0.0009298324584960938,0.0009298324584960938,0.0009298324584960938,0.0003559786709956825,0.0,1.0,2.6120455265045166
1141,21,5862,0.0009298324584960938,0.0009298324584960938,0.0009298324584960938,0.00028362954617477953,1.0,1.0,3.278334379196167
1142,15,4929,-0.0009298324584960938,0.0009298324584960938,0.0009298324584960938,0.00019700935808941722,0.0,1.0,4.719737529754639
1143,16,8569,0.0009292364120483398,0.0009292364120483398,0.001021742820739746,0.001441886997781694,0.75,0.75,0.644458532333374
1144,31,47,0.0009288787841796875,0.0009288787841796875,0.0009288787841796875,0.0001271645160159096,1.0,1.0,7.304543972015381
1145,24,4777,-0.0009288787841796875,0.0009288787841796875,0.0009288787841796875,0.0006211605505086482,0.0,1.0,1.4953924417495728
1146,10,14295,-0.0009284019470214844,0.0009284019470214844,0.0009284019470214844,0.0004418248136062175,0.0,1.0,2.101289749145508
1147,29,10116,-0.0009274482727050781,0.0009274482727050781,0.0009274482727050781,0.00029518455266952515,0.0,1.0,3.1419267654418945
1148,30,5950,-0.000926971435546875,0.000926971435546875,0.000926971435546875,0.00015679751231800765,0.0,1.0,5.911901473999023
1149,29,4148,-0.000926971435546875,0.000926971435546875,0.000926971435546875,0.00015878032718319446,0.0,1.0,5.838074684143066
1150,17,5149,-0.000926971435546875,0.000926971435546875,0.000926971435546875,0.0008069549803622067,0.0,1.0,1.148727536201477
1151,24,4211,-0.0009260177612304688,0.0009260177612304688,0.0009260177612304688,0.00029885632102377713,0.0,1.0,3.098538398742676
1152,16,1999,-0.0009255409240722656,0.0009255409240722656,0.0009255409240722656,0.000446526100859046,0.0,1.0,2.072758913040161
1153,29,2070,0.0009250640869140625,0.0009250640869140625,0.0009250640869140625,0.00024087782367132604,1.0,1.0,3.8403871059417725
1154,17,14085,-0.0009250640869140625,0.0009250640869140625,0.0009250640869140625,0.00014817288320045918,0.0,1.0,6.24314022064209
1155,18,7994,0.0009248256683349609,0.0009248256683349609,0.0009248256683349609,0.0006039967993274331,1.0,1.0,1.5311764478683472
1156,16,9605,-0.0009245872497558594,0.0009245872497558594,0.0009245872497558594,0.00039817331708036363,0.0,1.0,2.3220722675323486
1157,15,1046,-0.0009241104125976562,0.0009241104125976562,0.0009241104125976562,0.00016158237121999264,0.0,1.0,5.7191290855407715
1158,23,8266,0.00092315673828125,0.00092315673828125,0.00092315673828125,0.0003963890776503831,1.0,1.0,2.328915596008301
1159,26,7351,0.00092315673828125,0.00092315673828125,0.00092315673828125,0.0006850595236755908,1.0,1.0,1.3475569486618042
1160,17,13532,0.00092315673828125,0.00092315673828125,0.00450897216796875,0.005886299069970846,0.25,0.75,0.15683144330978394
1161,24,970,0.0009222030639648438,0.0009222030639648438,0.0009222030639648438,0.000523645372595638,1.0,1.0,1.761121392250061
1162,21,13320,0.0009222030639648438,0.0009222030639648438,0.0009222030639648438,0.0003686306008603424,1.0,1.0,2.501699686050415
1163,16,11446,-0.0009222030639648438,0.0009222030639648438,0.0009222030639648438,0.00036451200139708817,0.0,1.0,2.529966354370117
1164,16,12329,0.0009222030639648438,0.0009222030639648438,0.0009222030639648438,0.0002769582497421652,1.0,1.0,3.3297548294067383
1165,22,8372,-0.0009217262268066406,0.0009217262268066406,0.0009217262268066406,0.0003102810587733984,0.0,1.0,2.9706170558929443
1166,21,3382,0.0009212493896484375,0.0009212493896484375,0.0009212493896484375,0.0002640903112478554,1.0,1.0,3.4883875846862793
1167,21,12164,-0.0009212493896484375,0.0009212493896484375,0.0009212493896484375,0.00024069652135949582,0.0,1.0,3.8274312019348145
1168,13,7395,-0.0009212493896484375,0.0009212493896484375,0.0009212493896484375,0.0006578873726539314,0.0,1.0,1.4003146886825562
1169,29,7997,0.0009212493896484375,0.0009212493896484375,0.0009212493896484375,0.000323794549331069,1.0,1.0,2.8451664447784424
1170,29,5060,-0.0009202957153320312,0.0009202957153320312,0.0009202957153320312,0.0002884498389903456,0.0,1.0,3.190487861633301
1171,25,13336,-0.0009202957153320312,0.0009202957153320312,0.0009202957153320312,0.00021759454102721065,0.0,1.0,4.229406356811523
1172,17,5238,-0.0009202957153320312,0.0009202957153320312,0.0009202957153320312,0.00037905285716988146,0.0,1.0,2.427882194519043
1173,30,9415,-0.0009202957153320312,0.0009202957153320312,0.0009202957153320312,0.0002583648019935936,0.0,1.0,3.5620012283325195
1174,25,7407,0.0009202957153320312,0.0009202957153320312,0.0009202957153320312,0.00028238262166269124,1.0,1.0,3.259037971496582
1175,29,4928,0.000919342041015625,0.000919342041015625,0.000919342041015625,0.0001863548968685791,1.0,1.0,4.933286190032959
1176,8,12312,0.0009191036224365234,0.0009191036224365234,0.001001596450805664,0.0009787060553207994,0.75,0.75,0.9391008019447327
1177,20,10352,0.0009186267852783203,0.0009186267852783203,0.0009186267852783203,0.0006401518476195633,1.0,1.0,1.4350138902664185
1178,18,8435,-0.0009183883666992188,0.0009183883666992188,0.0009183883666992188,0.000121872712043114,0.0,1.0,7.535635948181152
1179,24,6230,0.0009183883666992188,0.0009183883666992188,0.0009183883666992188,0.00017429816944058985,1.0,1.0,5.269064903259277
1180,16,3796,0.000918269157409668,0.000918269157409668,0.000918269157409668,0.0006935925921425223,1.0,1.0,1.3239315748214722
1181,29,5400,-0.0009174346923828125,0.0009174346923828125,0.0009174346923828125,0.0003017772687599063,0.0,1.0,3.0401053428649902
1182,16,9987,-0.0009169578552246094,0.0009169578552246094,0.0009169578552246094,0.0005202822503633797,0.0,1.0,1.7624238729476929
1183,29,5869,-0.0009164810180664062,0.0009164810180664062,0.0009164810180664062,0.00016474844596814364,0.0,1.0,5.562911510467529
1184,29,7789,-0.0009164810180664062,0.0009164810180664062,0.0009164810180664062,0.00020225766638759524,0.0,1.0,4.531254768371582
1185,31,12861,0.0009164810180664062,0.0009164810180664062,0.0009164810180664062,0.00018947903299704194,1.0,1.0,4.836846828460693
1186,28,10907,-0.00091552734375,0.00091552734375,0.00091552734375,0.00031760649289935827,0.0,1.0,2.8825838565826416
1187,31,8893,0.00091552734375,0.00091552734375,0.00091552734375,4.505543620325625e-05,1.0,1.0,20.320018768310547
1188,16,13124,-0.00091552734375,0.00091552734375,0.00091552734375,0.0003079644520767033,0.0,1.0,2.972834587097168
1189,30,10945,0.00091552734375,0.00091552734375,0.00091552734375,0.000185493947356008,1.0,1.0,4.9356184005737305
1190,29,10537,0.0009145736694335938,0.0009145736694335938,0.0009145736694335938,0.0001960467780008912,1.0,1.0,4.665078639984131
1191,24,1934,0.0009145736694335938,0.0009145736694335938,0.0009145736694335938,0.00025811122031882405,1.0,1.0,3.5433316230773926
1192,16,8700,-0.0009136199951171875,0.0009136199951171875,0.0009136199951171875,0.0001655442320043221,0.0,1.0,5.518887519836426
1193,24,2874,-0.0009136199951171875,0.0009136199951171875,0.0009136199951171875,0.000178201895323582,0.0,1.0,5.1268815994262695
1194,30,7675,0.0009136199951171875,0.0009136199951171875,0.0009136199951171875,0.00018422459834255278,1.0,1.0,4.959272384643555
1195,30,8730,0.0009136199951171875,0.0009136199951171875,0.0009136199951171875,0.00028085990925319493,1.0,1.0,3.2529385089874268
1196,24,5185,-0.0009136199951171875,0.0009136199951171875,0.0009136199951171875,0.0003139834152534604,0.0,1.0,2.90977144241333
1197,13,7554,0.0009136199951171875,0.0009136199951171875,0.0009136199951171875,0.0003100189787801355,1.0,1.0,2.9469809532165527
1198,29,9028,-0.0009136199951171875,0.0009136199951171875,0.0009136199951171875,0.00034616669290699065,0.0,1.0,2.6392486095428467
1199,21,993,0.0009136199951171875,0.0009136199951171875,0.0009136199951171875,0.00025489344261586666,1.0,1.0,3.5843212604522705
1200,26,9335,-0.0009126663208007812,0.0009126663208007812,0.0009126663208007812,0.00023914797930046916,0.0,1.0,3.8163247108459473
1201,31,3320,-0.0009121894836425781,0.0009121894836425781,0.0009121894836425781,0.0006898993160575628,0.0,1.0,1.322206735610962
1202,31,6831,-0.000911712646484375,0.000911712646484375,0.000911712646484375,0.00025768272462300956,0.0,1.0,3.538120985031128
1203,22,14117,0.000911712646484375,0.000911712646484375,0.000911712646484375,0.0007165909046307206,1.0,1.0,1.272291660308838
1204,23,12148,0.000911712646484375,0.000911712646484375,0.000911712646484375,0.0007276391261257231,1.0,1.0,1.2529736757278442
1205,18,6422,-0.0009105205535888672,0.0009105205535888672,0.0009105205535888672,0.0008097305544652045,0.0,1.0,1.1244734525680542
1206,8,3355,0.0009098052978515625,0.0009098052978515625,0.0009098052978515625,0.00024766905698925257,1.0,1.0,3.673471689224243
1207,28,4234,0.0009098052978515625,0.0009098052978515625,0.0009098052978515625,0.00021417580137494951,1.0,1.0,4.247936725616455
1208,31,11488,0.0009098052978515625,0.0009098052978515625,0.0009098052978515625,0.0005251170368865132,1.0,1.0,1.7325762510299683
1209,31,5287,-0.0009098052978515625,0.0009098052978515625,0.0009098052978515625,0.0002878833038266748,0.0,1.0,3.1603267192840576
1210,27,9054,-0.0009093284606933594,0.0009093284606933594,0.0009093284606933594,0.00040382082806900144,0.0,1.0,2.2518117427825928
1211,28,415,0.0009088516235351562,0.0009088516235351562,0.0009088516235351562,0.00036434229696169496,1.0,1.0,2.494499444961548
1212,28,3639,0.0009088516235351562,0.0009088516235351562,0.0009088516235351562,0.0004117079370189458,1.0,1.0,2.2075154781341553
1213,26,8554,0.0009088516235351562,0.0009088516235351562,0.0009088516235351562,0.00012273533502593637,1.0,1.0,7.404971122741699
1214,31,14215,-0.0009088516235351562,0.0009088516235351562,0.0009088516235351562,0.00019994209287688136,0.0,1.0,4.545574188232422
1215,8,8632,0.00090789794921875,0.00090789794921875,0.00090789794921875,0.0005608772626146674,1.0,1.0,1.6187105178833008
1216,30,5042,-0.00090789794921875,0.00090789794921875,0.00090789794921875,0.00024070407380349934,0.0,1.0,3.7718429565429688
1217,31,8245,-0.00090789794921875,0.00090789794921875,0.00090789794921875,0.0003115932922810316,0.0,1.0,2.9137275218963623
1218,17,5304,-0.00090789794921875,0.00090789794921875,0.00090789794921875,5.728400356019847e-05,0.0,1.0,15.849065780639648
1219,31,10951,-0.00090789794921875,0.00090789794921875,0.00090789794921875,0.00020364910596981645,0.0,1.0,4.45814847946167
1220,14,3001,-0.0009064674377441406,0.0009064674377441406,0.0010209083557128906,0.0008400342776440084,0.25,0.75,1.0790839195251465
1221,24,12538,-0.0009061098098754883,0.0009061098098754883,0.0009061098098754883,0.0005241735489107668,0.0,1.0,1.728644609451294
1222,24,7683,-0.0009059906005859375,0.0009059906005859375,0.0009059906005859375,0.0002451147011015564,0.0,1.0,3.696190357208252
1223,23,8210,-0.0009050369262695312,0.0009050369262695312,0.0009050369262695312,0.00021581504552159458,0.0,1.0,4.193576812744141
1224,17,8999,0.0009050369262695312,0.0009050369262695312,0.0009050369262695312,0.000327146437484771,1.0,1.0,2.766458034515381
1225,25,11297,0.0009045600891113281,0.0009045600891113281,0.0009045600891113281,0.00026286274078302085,1.0,1.0,3.441187858581543
1226,28,3340,0.0009045600891113281,0.0009045600891113281,0.0009045600891113281,0.000358100252924487,1.0,1.0,2.525996685028076
1227,29,10544,-0.000904083251953125,0.000904083251953125,0.000904083251953125,0.00021105310588609427,0.0,1.0,4.283676624298096
1228,16,10882,0.000904083251953125,0.000904083251953125,0.000904083251953125,0.00024584829225204885,1.0,1.0,3.677402973175049
1229,19,2292,-0.000904083251953125,0.000904083251953125,0.000904083251953125,0.0003476819838397205,0.0,1.0,2.6003167629241943
1230,30,1171,0.000904083251953125,0.000904083251953125,0.000904083251953125,0.00026077020447701216,1.0,1.0,3.466973066329956
1231,13,4642,0.0009036064147949219,0.0009036064147949219,0.0009036064147949219,0.00045256115845404565,1.0,1.0,1.9966503381729126
1232,25,240,0.0009031295776367188,0.0009031295776367188,0.0009031295776367188,0.00013899782788939774,1.0,1.0,6.4974365234375
1233,14,4276,-0.0009021759033203125,0.0009021759033203125,0.0009021759033203125,0.0002937131212092936,0.0,1.0,3.071622848510742
1234,26,8882,0.0009021759033203125,0.0009021759033203125,0.0009021759033203125,0.0004054585297126323,1.0,1.0,2.2250757217407227
1235,18,922,-0.000901341438293457,0.000901341438293457,0.0009392499923706055,0.0007314593531191349,0.25,0.75,1.2322509288787842
1236,29,992,-0.0009012222290039062,0.0009012222290039062,0.0009012222290039062,0.00018083385657519102,0.0,1.0,4.983703136444092
1237,30,4048,-0.0009012222290039062,0.0009012222290039062,0.0009012222290039062,0.0002751395804807544,0.0,1.0,3.2755091190338135
1238,16,6074,0.0009007453918457031,0.0009007453918457031,0.0009007453918457031,0.0004962156526744366,1.0,1.0,1.8152296543121338
1239,25,11554,0.0009002685546875,0.0009002685546875,0.0009002685546875,0.00023059206432662904,1.0,1.0,3.904160976409912
1240,21,3857,0.0009002685546875,0.0009002685546875,0.0009002685546875,0.00022832484683021903,1.0,1.0,3.9429285526275635
1241,27,8723,-0.0009002685546875,0.0009002685546875,0.0009002685546875,0.00022264568542595953,0.0,1.0,4.043503284454346
1242,17,6469,-0.0009002685546875,0.0009002685546875,0.0009002685546875,0.00033960447763092816,0.0,1.0,2.650932550430298
1243,30,8726,-0.0008997917175292969,0.0008997917175292969,0.0008997917175292969,0.0004053337324876338,0.0,1.0,2.219878673553467
1244,31,8082,-0.0008993148803710938,0.0008993148803710938,0.0008993148803710938,0.0004419403267093003,0.0,1.0,2.034923791885376
1245,16,2969,0.0008993148803710938,0.0008993148803710938,0.0008993148803710938,0.0003632422594819218,1.0,1.0,2.475799083709717
1246,25,9610,-0.0008993148803710938,0.0008993148803710938,0.0008993148803710938,0.00014135950186755508,0.0,1.0,6.361898899078369
1247,19,10637,0.000899195671081543,0.000899195671081543,0.000899195671081543,0.0007840471807867289,1.0,1.0,1.1468642950057983
1248,8,3912,-0.0008988380432128906,0.0008988380432128906,0.0013480186462402344,0.001468932954594493,0.5,0.5,0.6118986010551453
1249,20,6776,0.0008985996246337891,0.0008985996246337891,0.001008749008178711,0.0006745877326466143,0.75,0.75,1.3320722579956055
1250,25,11658,-0.0008983612060546875,0.0008983612060546875,0.0008983612060546875,0.00018457970872987062,0.0,1.0,4.867063522338867
1251,31,11041,-0.0008983612060546875,0.0008983612060546875,0.0008983612060546875,0.00042638095328584313,0.0,1.0,2.106945037841797
1252,20,13412,0.0008983612060546875,0.0008983612060546875,0.0008983612060546875,0.0003596502938307822,1.0,1.0,2.4978742599487305
1253,17,8936,0.0008983612060546875,0.0008983612060546875,0.0008983612060546875,0.0003769173927139491,1.0,1.0,2.3834431171417236
1254,25,3737,0.0008978843688964844,0.0008978843688964844,0.0008978843688964844,0.00038681429577991366,1.0,1.0,2.321228504180908
1255,28,8774,0.0008974075317382812,0.0008974075317382812,0.0008974075317382812,0.00024107219360303134,1.0,1.0,3.722567558288574
1256,20,5729,-0.0008974075317382812,0.0008974075317382812,0.0008974075317382812,6.26455876044929e-05,0.0,1.0,14.325151443481445
1257,16,789,0.0008969306945800781,0.0008969306945800781,0.0008969306945800781,0.0005971286445856094,1.0,1.0,1.502072811126709
1258,28,10427,-0.0008969306945800781,0.0008969306945800781,0.0008969306945800781,0.000511739170178771,0.0,1.0,1.7527107000350952
1259,24,2756,0.000896453857421875,0.000896453857421875,0.000896453857421875,0.00033610491664148867,1.0,1.0,2.667184591293335
1260,26,2135,0.000896453857421875,0.000896453857421875,0.000896453857421875,0.00032568222377449274,1.0,1.0,2.7525415420532227
1261,17,5071,-0.0008959770202636719,0.0008959770202636719,0.0008959770202636719,0.0003721881366800517,0.0,1.0,2.407322883605957
1262,13,12622,0.0008945465087890625,0.0008945465087890625,0.0008945465087890625,0.0004584744165185839,1.0,1.0,1.9511371850967407
1263,26,9583,0.0008945465087890625,0.0008945465087890625,0.0008945465087890625,0.0003659575304482132,1.0,1.0,2.444399833679199
1264,13,12855,-0.0008945465087890625,0.0008945465087890625,0.00128173828125,0.0012545555364340544,0.25,0.75,0.7130385637283325
1265,20,11057,0.000893712043762207,0.000893712043762207,0.000893712043762207,0.000594617857132107,1.0,1.0,1.503002405166626
1266,30,1604,0.0008932352066040039,0.0008932352066040039,0.0008932352066040039,0.00044952487223781645,1.0,1.0,1.9870651960372925
1267,29,2822,-0.00089263916015625,0.00089263916015625,0.00089263916015625,0.00025172665482386947,0.0,1.0,3.546065330505371
1268,21,1222,0.0008921623229980469,0.0008921623229980469,0.0008921623229980469,0.0004136537027079612,1.0,1.0,2.156785488128662
1269,16,11010,0.0008918792009353638,0.0008918792009353638,0.0008931607007980347,0.0010775974951684475,0.75,0.75,0.8276552557945251
1270,15,13963,-0.0008916854858398438,0.0008916854858398438,0.0008916854858398438,1.3041300007898826e-05,0.0,1.0,68.37397003173828
1271,31,4518,0.0008912086486816406,0.0008912086486816406,0.0008912086486816406,0.0004091059963684529,1.0,1.0,2.17842960357666
1272,22,11889,-0.0008912086486816406,0.0008912086486816406,0.0008912086486816406,0.0005306190578266978,0.0,1.0,1.6795639991760254
1273,22,6247,-0.0008907318115234375,0.0008907318115234375,0.0008907318115234375,0.00044699152931571007,0.0,1.0,1.9927263259887695
1274,20,3123,-0.0008907318115234375,0.0008907318115234375,0.0008907318115234375,0.00026949020684696734,0.0,1.0,3.3052473068237305
1275,29,2096,-0.0008900165557861328,0.0008900165557861328,0.0008900165557861328,0.0005352897569537163,0.0,1.0,1.6626818180084229
1276,21,3054,-0.0008897781372070312,0.0008897781372070312,0.0008897781372070312,0.00034609180875122547,0.0,1.0,2.5709309577941895
1277,18,272,-0.0008897781372070312,0.0008897781372070312,0.0008897781372070312,0.00020789881818927824,0.0,1.0,4.2798614501953125
1278,14,10026,-0.0008897781372070312,0.0008897781372070312,0.0008897781372070312,0.00021299842046573758,0.0,1.0,4.177392959594727
1279,31,8990,-0.0008893013000488281,0.0008893013000488281,0.0008893013000488281,0.0004371041723061353,0.0,1.0,2.034529447555542
1280,25,5311,-0.000888824462890625,0.000888824462890625,0.000888824462890625,0.0002700767945498228,0.0,1.0,3.291006326675415
1281,20,12370,0.000888824462890625,0.000888824462890625,0.000888824462890625,0.0002731973072513938,1.0,1.0,3.253415822982788
1282,26,11380,-0.000888824462890625,0.000888824462890625,0.000888824462890625,9.736823267303407e-05,0.0,1.0,9.128484725952148
1283,21,1443,-0.000888824462890625,0.000888824462890625,0.000888824462890625,0.00026709691155701876,0.0,1.0,3.3277227878570557
1284,25,7849,-0.0008873939514160156,0.0008873939514160156,0.0009779930114746094,0.0006356328958645463,0.25,0.75,1.3960793018341064
1285,12,9894,-0.0008869171142578125,0.0008869171142578125,0.0008869171142578125,0.0003575808077584952,0.0,1.0,2.4803264141082764
1286,17,179,-0.0008869171142578125,0.0008869171142578125,0.0008869171142578125,0.00016772742674220353,0.0,1.0,5.287847995758057
1287,16,723,-0.0008864402770996094,0.0008864402770996094,0.0008864402770996094,0.0003431356162764132,0.0,1.0,2.583352565765381
1288,29,14206,0.0008859634399414062,0.0008859634399414062,0.0008859634399414062,0.0004347112844698131,1.0,1.0,2.0380501747131348
1289,22,8699,0.0008859634399414062,0.0008859634399414062,0.0008859634399414062,0.00020117555686738342,1.0,1.0,4.403931617736816
1290,31,7195,0.000885009765625,0.000885009765625,0.000885009765625,0.00028129349811933935,1.0,1.0,3.146214723587036
1291,27,635,-0.000885009765625,0.000885009765625,0.000885009765625,0.00018789077876135707,0.0,1.0,4.710235118865967
1292,21,13890,-0.000885009765625,0.000885009765625,0.000885009765625,0.00020521511032711715,0.0,1.0,4.312595367431641
1293,30,8026,0.000885009765625,0.000885009765625,0.000885009765625,0.00025572700542397797,1.0,1.0,3.4607598781585693
1294,27,1958,-0.000885009765625,0.000885009765625,0.000885009765625,0.00011177128180861473,0.0,1.0,7.9180426597595215
1295,29,8558,-0.000885009765625,0.000885009765625,0.000885009765625,0.0003478389116935432,0.0,1.0,2.544309377670288
1296,29,10391,0.0008840560913085938,0.0008840560913085938,0.0008840560913085938,0.00023207621416077018,1.0,1.0,3.809335231781006
1297,20,11544,-0.0008840560913085938,0.0008840560913085938,0.0008840560913085938,0.00017614600074011832,0.0,1.0,5.018882751464844
1298,21,5622,-0.0008840560913085938,0.0008840560913085938,0.0008840560913085938,0.00035143253626301885,0.0,1.0,2.515578269958496
1299,30,11709,0.0008840560913085938,0.0008840560913085938,0.0008840560913085938,0.00023502025578636676,1.0,1.0,3.7616164684295654
1300,26,5437,-0.0008831024169921875,0.0008831024169921875,0.0008831024169921875,0.00021152659610379487,0.0,1.0,4.174900054931641
1301,26,11593,0.0008826255798339844,0.0008826255798339844,0.0008826255798339844,0.0003928244113922119,1.0,1.0,2.246870517730713
1302,14,1625,-0.0008821487426757812,0.0008821487426757812,0.0008821487426757812,0.0003397584368940443,0.0,1.0,2.5963997840881348
1303,24,2873,0.000881195068359375,0.000881195068359375,0.000881195068359375,0.0001881809876067564,1.0,1.0,4.682699680328369
1304,16,5808,-0.000881195068359375,0.000881195068359375,0.000881195068359375,0.00021783892589155585,0.0,1.0,4.045167922973633
1305,23,4124,-0.0008802413940429688,0.0008802413940429688,0.0008802413940429688,0.00038635346572846174,0.0,1.0,2.278331756591797
1306,29,9380,0.0008802413940429688,0.0008802413940429688,0.0008802413940429688,0.0002565561153460294,1.0,1.0,3.4309897422790527
1307,20,10804,-0.0008792877197265625,0.0008792877197265625,0.0008792877197265625,0.00029382455977611244,0.0,1.0,2.992560386657715
1308,27,6048,0.0008792877197265625,0.0008792877197265625,0.0008792877197265625,0.00014012199244461954,1.0,1.0,6.275158405303955
1309,22,10194,-0.0008790493011474609,0.0008790493011474609,0.0009329319000244141,0.0007361384923569858,0.25,0.75,1.1941357851028442
1310,28,10927,-0.0008783340454101562,0.0008783340454101562,0.0008783340454101562,0.00025467746309004724,0.0,1.0,3.4488093852996826
1311,12,5351,0.0008778572082519531,0.0008778572082519531,0.0012116432189941406,0.0016279286937788129,0.75,0.75,0.5392479300498962
1312,29,5951,-0.00087738037109375,0.00087738037109375,0.00087738037109375,0.00033178000012412667,0.0,1.0,2.6444642543792725
1313,22,12203,-0.00087738037109375,0.00087738037109375,0.00087738037109375,0.0002688211388885975,0.0,1.0,3.2638072967529297
1314,28,735,-0.0008764266967773438,0.0008764266967773438,0.0008764266967773438,0.0002312910946784541,0.0,1.0,3.7892799377441406
1315,30,13128,0.0008764266967773438,0.0008764266967773438,0.0008764266967773438,0.0004031358694192022,1.0,1.0,2.174023151397705
1316,19,9505,-0.0008764266967773438,0.0008764266967773438,0.0008764266967773438,8.227617217926309e-05,0.0,1.0,10.652254104614258
1317,29,4723,0.0008759498596191406,0.0008759498596191406,0.0008759498596191406,0.00023757547023706138,1.0,1.0,3.6870384216308594
1318,31,10088,-0.0008759498596191406,0.0008759498596191406,0.0008759498596191406,0.000470159255200997,0.0,1.0,1.8630918264389038
1319,17,8524,-0.0008759498596191406,0.0008759498596191406,0.0008759498596191406,0.0005750986165367067,0.0,1.0,1.5231298208236694
1320,27,5773,0.0008759498596191406,0.0008759498596191406,0.0008759498596191406,0.0004749975341837853,1.0,1.0,1.8441145420074463
1321,30,38,0.0008754730224609375,0.0008754730224609375,0.0008754730224609375,4.2004994611488655e-05,1.0,1.0,20.842117309570312
1322,28,3143,0.0008745193481445312,0.0008745193481445312,0.0008745193481445312,0.0001335246197413653,1.0,1.0,6.549499034881592
1323,31,7906,-0.0008736848831176758,0.0008736848831176758,0.0009993314743041992,0.0011122297728434205,0.5,0.5,0.7855255603790283
1324,17,10618,0.000873565673828125,0.000873565673828125,0.000873565673828125,0.0002897538070101291,1.0,1.0,3.014854907989502
1325,29,11608,0.000873565673828125,0.000873565673828125,0.000873565673828125,0.0003468334034550935,1.0,1.0,2.5186896324157715
1326,31,8936,0.000873565673828125,0.000873565673828125,0.000873565673828125,0.0002297860337421298,1.0,1.0,3.8016481399536133
1327,23,2132,-0.000873565673828125,0.000873565673828125,0.000873565673828125,0.00015818349493201822,0.0,1.0,5.522482872009277
1328,12,7877,-0.000873565673828125,0.000873565673828125,0.000873565673828125,0.00017149174527730793,0.0,1.0,5.0939226150512695
1329,24,9812,0.0008730888366699219,0.0008730888366699219,0.0008730888366699219,0.00028009587549604475,1.0,1.0,3.1171071529388428
1330,29,12268,-0.0008730888366699219,0.0008730888366699219,0.0008730888366699219,0.0004012745339423418,0.0,1.0,2.1757893562316895
1331,28,8517,0.0008726119995117188,0.0008726119995117188,0.0008726119995117188,0.00016388497897423804,1.0,1.0,5.3245391845703125
1332,17,10664,0.0008726119995117188,0.0008726119995117188,0.0008726119995117188,0.00031439881422556937,1.0,1.0,2.775493860244751
1333,14,1217,-0.0008726119995117188,0.0008726119995117188,0.0008726119995117188,0.0005198802100494504,0.0,1.0,1.678486704826355
1334,30,3020,-0.0008726119995117188,0.0008726119995117188,0.0008726119995117188,0.00013452893472276628,0.0,1.0,6.48642635345459
1335,11,10594,0.0008723735809326172,0.0008723735809326172,0.0008723735809326172,0.000456114299595356,1.0,1.0,1.9126205444335938
1336,23,7073,0.0008716583251953125,0.0008716583251953125,0.0008716583251953125,0.0001736525446176529,1.0,1.0,5.019554138183594
1337,14,5906,0.0008711814880371094,0.0008711814880371094,0.0008721351623535156,0.0006314669153653085,0.75,0.75,1.3796154260635376
1338,17,3110,-0.0008707046508789062,0.0008707046508789062,0.0008707046508789062,0.00026141636772081256,0.0,1.0,3.3307197093963623
1339,28,1642,0.0008707046508789062,0.0008707046508789062,0.0008707046508789062,0.0003148266696371138,1.0,1.0,2.7656636238098145
1340,29,3716,0.0008702278137207031,0.0008702278137207031,0.0008702278137207031,0.0003126899537164718,1.0,1.0,2.7830374240875244
1341,24,12608,0.0008702278137207031,0.0008702278137207031,0.0008702278137207031,0.00040600632200948894,1.0,1.0,2.1433849334716797
1342,30,4799,-0.0008697509765625,0.0008697509765625,0.0008697509765625,0.00026871287263929844,0.0,1.0,3.236729860305786
1343,28,9054,0.0008697509765625,0.0008697509765625,0.0008697509765625,4.84030824736692e-05,1.0,1.0,17.968917846679688
1344,21,6243,-0.0008697509765625,0.0008697509765625,0.0008697509765625,0.00019353715470060706,0.0,1.0,4.493974208831787
1345,16,12813,0.0008697509765625,0.0008697509765625,0.0008697509765625,0.00046146800741553307,1.0,1.0,1.884748101234436
1346,30,559,-0.0008687973022460938,0.0008687973022460938,0.0008687973022460938,0.00021253676095511764,0.0,1.0,4.0877509117126465
1347,20,7272,-0.0008687973022460938,0.0008687973022460938,0.0008687973022460938,0.00040569063276052475,0.0,1.0,2.141526699066162
1348,30,3979,0.0008687973022460938,0.0008687973022460938,0.0008687973022460938,0.0002000148524530232,1.0,1.0,4.343664169311523
1349,28,9040,-0.0008683204650878906,0.0008683204650878906,0.0011773109436035156,0.0010191199835389853,0.25,0.75,0.8520296812057495
1350,22,6493,-0.0008678436279296875,0.0008678436279296875,0.0008678436279296875,0.00028549766284413636,0.0,1.0,3.039757490158081
1351,23,5917,0.0008678436279296875,0.0008678436279296875,0.0008678436279296875,0.0006102353218011558,1.0,1.0,1.4221458435058594
1352,22,3913,-0.0008678436279296875,0.0008678436279296875,0.0008678436279296875,0.0002656423894222826,0.0,1.0,3.2669620513916016
1353,26,12463,-0.0008668899536132812,0.0008668899536132812,0.0008668899536132812,0.00022583160898648202,0.0,1.0,3.838656425476074
1354,17,4644,0.0008668899536132812,0.0008668899536132812,0.0008668899536132812,2.6065159545396455e-05,1.0,1.0,33.258567810058594
1355,28,13379,-0.0008668899536132812,0.0008668899536132812,0.0008668899536132812,0.00019156039343215525,0.0,1.0,4.525413513183594
1356,28,6048,0.0008668899536132812,0.0008668899536132812,0.0008668899536132812,0.00030378231895156205,1.0,1.0,2.8536550998687744
1357,10,11152,0.0008668899536132812,0.0008668899536132812,0.0030775070190429688,0.003529128385707736,0.5,0.5,0.24563854932785034
1358,29,13274,0.000865936279296875,0.000865936279296875,0.000865936279296875,0.00039345971890725195,1.0,1.0,2.2008256912231445
1359,21,13353,-0.000865936279296875,0.000865936279296875,0.000865936279296875,0.00018399737018626183,0.0,1.0,4.706242561340332
1360,29,13755,-0.000865936279296875,0.000865936279296875,0.000865936279296875,0.0003380799025762826,0.0,1.0,2.561336040496826
1361,31,11233,0.000865936279296875,0.000865936279296875,0.000865936279296875,5.244341809884645e-05,1.0,1.0,16.51181983947754
1362,26,9907,0.000865936279296875,0.000865936279296875,0.000865936279296875,0.0002491263148840517,1.0,1.0,3.4758925437927246
1363,16,7170,0.000865936279296875,0.000865936279296875,0.000865936279296875,0.0002027001028181985,1.0,1.0,4.272006988525391
1364,14,8419,-0.0008654594421386719,0.0008654594421386719,0.0008654594421386719,0.0007909340201877058,0.0,1.0,1.0942245721817017
1365,20,4576,0.0008649826049804688,0.0008649826049804688,0.0008649826049804688,0.0003351008635945618,1.0,1.0,2.5812604427337646
1366,30,11560,0.0008640289306640625,0.0008640289306640625,0.0008640289306640625,0.000124971367768012,1.0,1.0,6.913815021514893
1367,31,7396,0.0008635520935058594,0.0008635520935058594,0.0008635520935058594,0.0006080245948396623,1.0,1.0,1.4202585220336914
1368,30,1649,-0.0008635520935058594,0.0008635520935058594,0.0008635520935058594,0.00031770204077474773,0.0,1.0,2.7181193828582764
1369,30,5947,-0.0008630752563476562,0.0008630752563476562,0.0008630752563476562,0.0002609427901916206,0.0,1.0,3.3075268268585205
1370,29,12964,0.0008630752563476562,0.0008630752563476562,0.0008630752563476562,0.00023229556973092258,1.0,1.0,3.715418577194214
1371,20,11263,-0.0008630752563476562,0.0008630752563476562,0.0008630752563476562,0.0001491242874180898,0.0,1.0,5.787623882293701
1372,24,14143,0.0008630752563476562,0.0008630752563476562,0.0008630752563476562,4.5004941057413816e-05,1.0,1.0,19.177345275878906
1373,31,5104,0.0008630752563476562,0.0008630752563476562,0.0008630752563476562,0.00018277486378792673,1.0,1.0,4.722067356109619
1374,18,11450,0.0008630752563476562,0.0008630752563476562,0.0008630752563476562,0.00019380718003958464,1.0,1.0,4.453267574310303
1375,24,4413,0.0008625984191894531,0.0008625984191894531,0.0008625984191894531,0.00026888330467045307,1.0,1.0,3.2080771923065186
1376,27,5114,0.0008625984191894531,0.0008625984191894531,0.0008625984191894531,0.0006520794704556465,1.0,1.0,1.3228424787521362
1377,20,11763,0.00086212158203125,0.00086212158203125,0.00086212158203125,0.00047095678746700287,1.0,1.0,1.8305747509002686
1378,27,3657,-0.00086212158203125,0.00086212158203125,0.00086212158203125,0.0001360783353447914,0.0,1.0,6.335480213165283
1379,17,8148,-0.00086212158203125,0.00086212158203125,0.00086212158203125,3.4332275390625e-05,0.0,1.0,25.11111068725586
1380,31,12913,0.00086212158203125,0.00086212158203125,0.00086212158203125,0.00020590533677022904,1.0,1.0,4.186980247497559
1381,28,8102,0.00086212158203125,0.00086212158203125,0.00086212158203125,0.0002739287447184324,1.0,1.0,3.147247552871704
1382,16,226,-0.0008606910705566406,0.0008606910705566406,0.0008606910705566406,0.00046686691348440945,0.0,1.0,1.843546986579895
1383,17,13520,0.0008604526519775391,0.0008604526519775391,0.0008604526519775391,0.0005467650480568409,1.0,1.0,1.5737155675888062
1384,28,1579,-0.0008603334426879883,0.0008603334426879883,0.0008603334426879883,0.0009609927656129003,0.0,1.0,0.8952548503875732
1385,12,513,-0.0008602142333984375,0.0008602142333984375,0.0008602142333984375,0.0003141687484458089,0.0,1.0,2.7380642890930176
1386,28,9564,-0.0008602142333984375,0.0008602142333984375,0.0008602142333984375,0.0004287548363208771,0.0,1.0,2.00630784034729
1387,21,8616,0.0008602142333984375,0.0008602142333984375,0.0008602142333984375,0.00012988189700990915,1.0,1.0,6.623049736022949
1388,5,7012,-0.0008602142333984375,0.0008602142333984375,0.008855819702148438,0.010272921063005924,0.25,0.75,0.08373609185218811
1389,14,8147,-0.0008593201637268066,0.0008593201637268066,0.0008593201637268066,0.0004642522253561765,0.0,1.0,1.8509769439697266
1390,2,4380,-0.0008592605590820312,0.0008592605590820312,0.0008592605590820312,0.00019999666255898774,0.0,1.0,4.296374320983887
1391,17,4161,-0.0008592605590820312,0.0008592605590820312,0.0008592605590820312,0.0001462421496398747,0.0,1.0,5.875601291656494
1392,29,1703,-0.0008592605590820312,0.0008592605590820312,0.0008592605590820312,0.000805752060841769,0.0,1.0,1.0664081573486328
1393,25,10,0.0008590221405029297,0.0008590221405029297,0.0008590221405029297,0.0006456049159169197,1.0,1.0,1.3305693864822388
1394,24,8606,-0.0008587837219238281,0.0008587837219238281,0.0008587837219238281,0.00027188376407139003,0.0,1.0,3.1586430072784424
1395,21,11188,-0.0008587837219238281,0.0008587837219238281,0.0008587837219238281,0.00038496885099448264,0.0,1.0,2.230787515640259
1396,28,497,-0.000858306884765625,0.000858306884765625,0.000858306884765625,0.00025249147438444197,0.0,1.0,3.3993499279022217
1397,17,8977,-0.000858306884765625,0.000858306884765625,0.000858306884765625,0.0002550575300119817,0.0,1.0,3.365150213241577
1398,23,13675,-0.000858306884765625,0.000858306884765625,0.000858306884765625,0.0003212622832506895,0.0,1.0,2.6716701984405518
1399,31,5371,-0.0008578300476074219,0.0008578300476074219,0.0010991096496582031,0.0008330621058121324,0.25,0.75,1.0297311544418335
1400,10,6759,0.0008573532104492188,0.0008573532104492188,0.0008573532104492188,0.0003226338012609631,1.0,1.0,2.6573569774627686
1401,26,2269,0.0008573532104492188,0.0008573532104492188,0.0008573532104492188,0.0002159161667805165,1.0,1.0,3.970768928527832
1402,27,12638,-0.0008573532104492188,0.0008573532104492188,0.0008573532104492188,0.00023576209787279367,0.0,1.0,3.6365184783935547
1403,17,10747,-0.0008573532104492188,0.0008573532104492188,0.0010671615600585938,0.0008774690213613212,0.25,0.75,0.9770752191543579
1404,27,7017,-0.0008563995361328125,0.0008563995361328125,0.0008563995361328125,0.0001210077025461942,0.0,1.0,7.077231407165527
1405,16,1598,0.0008563995361328125,0.0008563995361328125,0.0008563995361328125,0.0005434939521364868,1.0,1.0,1.5757296085357666
1406,27,477,0.0008563995361328125,0.0008563995361328125,0.0008563995361328125,0.00011771602294174954,1.0,1.0,7.2751312255859375
1407,22,9222,0.0008563995361328125,0.0008563995361328125,0.0008563995361328125,0.0003036640409845859,1.0,1.0,2.820220470428467
1408,30,4593,-0.0008559226989746094,0.0008559226989746094,0.0008559226989746094,0.00041845632949844003,0.0,1.0,2.045428991317749
1409,18,7634,0.0008559226989746094,0.0008559226989746094,0.0008559226989746094,0.0004499673086684197,1.0,1.0,1.9021886587142944
1410,16,488,-0.0008554458618164062,0.0008554458618164062,0.0008554458618164062,0.00011403887037886307,0.0,1.0,7.5013532638549805
1411,21,11384,-0.0008554458618164062,0.0008554458618164062,0.0008554458618164062,0.0002845259732566774,0.0,1.0,3.0065650939941406
1412,28,7098,0.0008554458618164062,0.0008554458618164062,0.0008554458618164062,0.00011777395411627367,1.0,1.0,7.263455390930176
1413,19,5106,-0.0008554458618164062,0.0008554458618164062,0.0008554458618164062,0.00019926772802136838,0.0,1.0,4.292947292327881
1414,23,5002,-0.0008549690246582031,0.0008549690246582031,0.0008549690246582031,0.0004797889559995383,0.0,1.0,1.7819689512252808
1415,24,864,0.0008544921875,0.0008544921875,0.0008544921875,0.0002927640452980995,1.0,1.0,2.918705940246582
1416,25,4746,-0.0008544921875,0.0008544921875,0.0008544921875,0.00021878877305425704,0.0,1.0,3.905557632446289
1417,25,5197,0.0008544921875,0.0008544921875,0.0008544921875,0.0005038578528910875,1.0,1.0,1.6958993673324585
1418,26,431,0.0008540153503417969,0.0008540153503417969,0.0008540153503417969,0.00034253339981660247,1.0,1.0,2.493232250213623
1419,28,6624,-0.0008540153503417969,0.0008540153503417969,0.0008540153503417969,0.00025415868731215596,0.0,1.0,3.36016583442688
1420,26,6943,0.0008537769317626953,0.0008537769317626953,0.0008537769317626953,0.0005273566348478198,1.0,1.0,1.6189744472503662
1421,18,12943,0.0008535385131835938,0.0008535385131835938,0.0008535385131835938,0.00044593936763703823,1.0,1.0,1.9140236377716064
1422,17,7605,-0.0008535385131835938,0.0008535385131835938,0.0008535385131835938,0.0002332021394977346,0.0,1.0,3.6600801944732666
1423,28,11012,0.0008530616760253906,0.0008530616760253906,0.0008530616760253906,0.0005537414108403027,1.0,1.0,1.540541648864746
1424,21,8050,-0.0008530616760253906,0.0008530616760253906,0.0008530616760253906,0.0003762057749554515,0.0,1.0,2.2675399780273438
1425,0,10729,-0.0008525848388671875,0.0008525848388671875,0.0008525848388671875,0.00018323457334190607,0.0,1.0,4.6529693603515625
1426,20,2989,0.0008525848388671875,0.0008525848388671875,0.0008525848388671875,8.837839413899928e-05,1.0,1.0,9.64698314666748
1427,7,2165,-0.0008525848388671875,0.0008525848388671875,0.0008525848388671875,0.0003316209476906806,0.0,1.0,2.5709619522094727
1428,25,9225,-0.0008521080017089844,0.0008521080017089844,0.0008521080017089844,0.0005105915479362011,0.0,1.0,1.6688642501831055
1429,26,10761,0.000852048397064209,0.000852048397064209,0.0010152459144592285,0.0015939924633130431,0.5,0.5,0.5345372557640076
1430,20,12024,0.0008516311645507812,0.0008516311645507812,0.0014333724975585938,0.0018496509874239564,0.5,0.5,0.46042802929878235
1431,16,11293,-0.0008511543273925781,0.0008511543273925781,0.0008511543273925781,0.0005684513016603887,0.0,1.0,1.4973214864730835
1432,20,5486,-0.0008511543273925781,0.0008511543273925781,0.0008511543273925781,0.0005908693419769406,0.0,1.0,1.44051194190979
1433,23,9662,-0.000850677490234375,0.000850677490234375,0.000850677490234375,0.00018162926426157355,0.0,1.0,4.683592796325684
1434,6,10666,0.000850677490234375,0.000850677490234375,0.000850677490234375,0.00022195835481397808,1.0,1.0,3.832599639892578
1435,31,14121,0.0008502006530761719,0.0008502006530761719,0.0008502006530761719,0.0004859555629082024,1.0,1.0,1.7495440244674683
1436,26,13192,-0.0008497238159179688,0.0008497238159179688,0.0008497238159179688,0.0003423611051402986,0.0,1.0,2.481951951980591
1437,30,5799,-0.0008497238159179688,0.0008497238159179688,0.0008497238159179688,0.00023083449923433363,0.0,1.0,3.6810953617095947
1438,27,1721,-0.0008497238159179688,0.0008497238159179688,0.0008497238159179688,0.00032593205105513334,0.0,1.0,2.60705828666687
1439,30,1777,-0.0008494853973388672,0.0008494853973388672,0.0008494853973388672,0.000598000711761415,0.0,1.0,1.4205424785614014
1440,28,6,0.0008487701416015625,0.0008487701416015625,0.0008487701416015625,0.00013818737352266908,1.0,1.0,6.1421685218811035
1441,19,397,-0.0008487701416015625,0.0008487701416015625,0.0008487701416015625,0.00044385524233803153,0.0,1.0,1.9122679233551025
1442,19,635,0.0008487701416015625,0.0008487701416015625,0.0008487701416015625,0.00032308592926710844,1.0,1.0,2.627072334289551
1443,19,3905,-0.0008487701416015625,0.0008487701416015625,0.0008487701416015625,0.00024194775323849171,0.0,1.0,3.5080718994140625
1444,30,4075,0.0008487701416015625,0.0008487701416015625,0.0008487701416015625,0.0001346674544038251,1.0,1.0,6.302711486816406
1445,10,3204,0.0008482933044433594,0.0008482933044433594,0.0008625984191894531,0.0005222050240263343,0.75,0.75,1.6244449615478516
1446,28,808,-0.0008478164672851562,0.0008478164672851562,0.0008478164672851562,0.00027471614885143936,0.0,1.0,3.0861544609069824
1447,15,7201,0.00084686279296875,0.00084686279296875,0.00084686279296875,0.0001613260683370754,1.0,1.0,5.249385833740234
1448,26,9610,-0.00084686279296875,0.00084686279296875,0.00084686279296875,0.00017753717838786542,0.0,1.0,4.770059108734131
1449,26,4441,0.0008459091186523438,0.0008459091186523438,0.0008459091186523438,0.00018012835062108934,1.0,1.0,4.696146488189697
1450,23,2423,-0.0008459091186523438,0.0008459091186523438,0.0008459091186523438,0.0003419889835640788,0.0,1.0,2.4734981060028076
1451,16,13272,-0.0008459091186523438,0.0008459091186523438,0.0008459091186523438,0.00019619516388047487,0.0,1.0,4.311569690704346
1452,18,2120,0.0008459091186523438,0.0008459091186523438,0.0008459091186523438,0.00028705914155580103,1.0,1.0,2.9468111991882324
1453,17,232,0.0008459091186523438,0.0008459091186523438,0.0008459091186523438,0.00026175015955232084,1.0,1.0,3.2317426204681396
1454,21,6141,-0.0008454322814941406,0.0008454322814941406,0.0008454322814941406,0.00031029863748699427,0.0,1.0,2.724576234817505
1455,14,13470,0.0008444786071777344,0.0008444786071777344,0.0008444786071777344,0.0004056903417222202,1.0,1.0,2.0815842151641846
1456,28,10842,0.0008440017700195312,0.0008440017700195312,0.0008440017700195312,0.00034110492561012506,1.0,1.0,2.4743170738220215
1457,21,9830,0.0008440017700195312,0.0008440017700195312,0.0008440017700195312,0.0003062868781853467,1.0,1.0,2.7555923461914062
1458,20,2443,-0.000843048095703125,0.000843048095703125,0.000843048095703125,7.7005875937175e-05,0.0,1.0,10.947840690612793
1459,3,6390,-0.000843048095703125,0.000843048095703125,0.002040863037109375,0.0019174651242792606,0.25,0.75,0.43966802954673767
1460,21,11343,0.0008420944213867188,0.0008420944213867188,0.0008420944213867188,0.00027364137349650264,1.0,1.0,3.0773651599884033
1461,30,11237,-0.0008420944213867188,0.0008420944213867188,0.0008420944213867188,0.00038980323006398976,0.0,1.0,2.160306453704834
1462,27,5737,-0.0008420944213867188,0.0008420944213867188,0.0008420944213867188,0.0003891119849868119,0.0,1.0,2.1641440391540527
1463,20,597,-0.0008411407470703125,0.0008411407470703125,0.0008411407470703125,0.00023838806373532861,0.0,1.0,3.528451681137085
1464,31,2305,-0.0008406639099121094,0.0008406639099121094,0.0008406639099121094,0.000707499566487968,0.0,1.0,1.1882182359695435
1465,25,2351,-0.0008401870727539062,0.0008401870727539062,0.0008401870727539062,0.0003406460164114833,0.0,1.0,2.466452121734619
1466,28,2191,0.0008401870727539062,0.0008401870727539062,0.0008401870727539062,0.000403370417188853,1.0,1.0,2.0829169750213623
1467,29,13128,-0.0008401870727539062,0.0008401870727539062,0.0008401870727539062,0.0003650604921858758,0.0,1.0,2.3015010356903076
1468,28,11982,0.0008401870727539062,0.0008401870727539062,0.0008401870727539062,0.00013902399223297834,1.0,1.0,6.043467998504639
1469,29,12180,-0.0008397102355957031,0.0008397102355957031,0.0008397102355957031,0.0004487468395382166,0.0,1.0,1.8712337017059326
1470,20,6887,-0.0008397102355957031,0.0008397102355957031,0.0008397102355957031,0.00036950019421055913,0.0,1.0,2.272557020187378
1471,28,1851,0.0008394718170166016,0.0008394718170166016,0.0008394718170166016,0.0004095897311344743,1.0,1.0,2.0495431423187256
1472,17,11137,0.0008392333984375,0.0008392333984375,0.0008392333984375,0.00015813749632798135,1.0,1.0,5.306985378265381
1473,23,7621,-0.0008387565612792969,0.0008387565612792969,0.0008387565612792969,0.0002817986533045769,0.0,1.0,2.9764392375946045
1474,25,12014,-0.0008387565612792969,0.0008387565612792969,0.0008387565612792969,0.00028477798332460225,0.0,1.0,2.9452998638153076
1475,22,2591,0.0008385181427001953,0.0008385181427001953,0.0008385181427001953,0.0005980805726721883,1.0,1.0,1.4020153284072876
1476,17,3588,0.0008382797241210938,0.0008382797241210938,0.0008382797241210938,0.00019608388538472354,1.0,1.0,4.2751078605651855
1477,25,2639,0.0008378028869628906,0.0008378028869628906,0.0008378028869628906,0.0002110762579832226,1.0,1.0,3.9691953659057617
1478,26,9073,0.0008378028869628906,0.0008378028869628906,0.0008378028869628906,0.0004295884573366493,1.0,1.0,1.9502453804016113
1479,29,11558,-0.0008373260498046875,0.0008373260498046875,0.0008373260498046875,0.00016483951185364276,0.0,1.0,5.079644203186035
1480,30,13808,-0.0008373260498046875,0.0008373260498046875,0.0008373260498046875,0.0002732838620431721,0.0,1.0,3.0639424324035645
1481,13,3772,0.0008373260498046875,0.0008373260498046875,0.0008373260498046875,0.00040400237776339054,1.0,1.0,2.0725769996643066
1482,16,10195,0.0008373260498046875,0.0008373260498046875,0.0008373260498046875,0.0002133077650796622,1.0,1.0,3.92543625831604
1483,18,9012,0.0008373260498046875,0.0008373260498046875,0.0008373260498046875,0.00015622803766746074,1.0,1.0,5.359640121459961
1484,26,3944,-0.0008373260498046875,0.0008373260498046875,0.0008373260498046875,0.00012807671737391502,0.0,1.0,6.537691593170166
1485,25,5108,-0.0008368492126464844,0.0008368492126464844,0.0008368492126464844,0.0005911233020015061,0.0,1.0,1.4156931638717651
1486,31,9193,0.0008363723754882812,0.0008363723754882812,0.0008363723754882812,0.0002849731536116451,1.0,1.0,2.9349162578582764
1487,17,9635,0.0008363723754882812,0.0008363723754882812,0.0008363723754882812,0.00040838090353645384,1.0,1.0,2.048020362854004
1488,17,5579,0.0008358955383300781,0.0008358955383300781,0.0008358955383300781,0.0006008850177749991,1.0,1.0,1.3911073207855225
1489,28,6862,-0.0008356571197509766,0.0008356571197509766,0.0008356571197509766,0.0004408412496559322,0.0,1.0,1.8955965042114258
1490,25,2207,0.000835418701171875,0.000835418701171875,0.000835418701171875,0.00021624656801577657,1.0,1.0,3.863269090652466
1491,14,13476,0.000835418701171875,0.000835418701171875,0.000835418701171875,0.00040187613922171295,1.0,1.0,2.07879638671875
1492,31,4651,0.000835418701171875,0.000835418701171875,0.000835418701171875,0.0001893758017104119,1.0,1.0,4.411433219909668
1493,22,3009,-0.000835418701171875,0.000835418701171875,0.000835418701171875,0.0003262514073867351,0.0,1.0,2.560659408569336
1494,15,5760,0.000835418701171875,0.000835418701171875,0.001216888427734375,0.0009607055690139532,0.75,0.75,0.8695886731147766
1495,30,5098,-0.0008344650268554688,0.0008344650268554688,0.0008344650268554688,0.00011703025666065514,0.0,1.0,7.130335807800293
1496,18,8045,-0.0008344650268554688,0.0008344650268554688,0.0008344650268554688,0.00014797326002735645,0.0,1.0,5.639296054840088
1497,23,12512,0.0008344650268554688,0.0008344650268554688,0.0008344650268554688,0.0004790607199538499,1.0,1.0,1.7418773174285889
1498,28,3539,-0.0008339881896972656,0.0008339881896972656,0.0008339881896972656,0.0004236319218762219,0.0,1.0,1.9686622619628906
1499,28,7741,0.0008339881896972656,0.0008339881896972656,0.0008339881896972656,0.00030840528779663146,1.0,1.0,2.704195499420166
1500,19,10627,0.0008335113525390625,0.0008335113525390625,0.0008335113525390625,0.00016216951189562678,1.0,1.0,5.139753818511963
1501,23,4670,0.0008335113525390625,0.0008335113525390625,0.0008335113525390625,0.00011709629325196147,1.0,1.0,7.118170261383057
1502,28,6952,0.0008335113525390625,0.0008335113525390625,0.0008335113525390625,0.00010740591824287549,1.0,1.0,7.760385513305664
1503,16,1677,0.0008330345153808594,0.0008330345153808594,0.0008330345153808594,0.0002633224939927459,1.0,1.0,3.1635525226593018
1504,30,11659,-0.0008330345153808594,0.0008330345153808594,0.0008330345153808594,0.0004332398239057511,0.0,1.0,1.922802209854126
1505,22,5872,-0.0008325576782226562,0.0008325576782226562,0.0008325576782226562,0.0003966402437072247,0.0,1.0,2.099024772644043
1506,28,11889,0.0008325576782226562,0.0008325576782226562,0.0008325576782226562,0.0003900924348272383,1.0,1.0,2.1342573165893555
1507,18,10741,0.0008325576782226562,0.0008325576782226562,0.0008325576782226562,0.00034948097891174257,1.0,1.0,2.3822689056396484
1508,10,12642,-0.0008325576782226562,0.0008325576782226562,0.0012674331665039062,0.0013477287720888853,0.25,0.75,0.6177486777305603
1509,13,2324,-0.0008323192596435547,0.0008323192596435547,0.0008323192596435547,0.0007913748268038034,0.0,1.0,1.0517383813858032
1510,19,11025,0.0008320808410644531,0.0008320808410644531,0.0008320808410644531,0.000650314090307802,1.0,1.0,1.2795060873031616
1511,29,2715,-0.00083160400390625,0.00083160400390625,0.00083160400390625,8.292031998280436e-05,0.0,1.0,10.028953552246094
1512,30,14244,-0.00083160400390625,0.00083160400390625,0.00083160400390625,0.0001391188270645216,0.0,1.0,5.977652549743652
1513,29,6196,0.00083160400390625,0.00083160400390625,0.00083160400390625,0.00022074213484302163,1.0,1.0,3.7673096656799316
1514,30,1324,0.00083160400390625,0.00083160400390625,0.00083160400390625,0.000291368953185156,1.0,1.0,2.8541269302368164
1515,20,6638,0.0008311271667480469,0.0008311271667480469,0.0008311271667480469,0.000526055577211082,1.0,1.0,1.5799227952957153
1516,22,13914,0.0008306503295898438,0.0008306503295898438,0.0008306503295898438,0.0002628873917274177,1.0,1.0,3.159719228744507
1517,28,1839,0.0008306503295898438,0.0008306503295898438,0.0008306503295898438,0.00023460194643121213,1.0,1.0,3.540679693222046
1518,31,8154,0.0008306503295898438,0.0008306503295898438,0.0008306503295898438,0.000164880882948637,1.0,1.0,5.037881374359131
1519,15,4722,0.0008306503295898438,0.0008306503295898438,0.0008306503295898438,0.000138131421408616,1.0,1.0,6.0134782791137695
1520,15,6520,0.0008301734924316406,0.0008301734924316406,0.0008301734924316406,0.00039569870568811893,1.0,1.0,2.097993850708008
1521,30,8098,-0.0008296966552734375,0.0008296966552734375,0.0008296966552734375,0.00011833250027848408,0.0,1.0,7.011570453643799
1522,26,10440,-0.0008296966552734375,0.0008296966552734375,0.0008296966552734375,6.67572021484375e-05,0.0,1.0,12.428571701049805
1523,18,8726,0.0008292198181152344,0.0008292198181152344,0.0008292198181152344,0.00040628176066093147,1.0,1.0,2.04099702835083
1524,14,8124,-0.0008291006088256836,0.0008291006088256836,0.0008291006088256836,0.00047394607099704444,0.0,1.0,1.7493563890457153
1525,28,10965,0.0008287429809570312,0.0008287429809570312,0.0008287429809570312,0.00021248540724627674,1.0,1.0,3.9002346992492676
1526,18,7075,0.0008287429809570312,0.0008287429809570312,0.0008287429809570312,0.0002142925513908267,1.0,1.0,3.8673439025878906
1527,19,1035,0.0008287429809570312,0.0008287429809570312,0.0008287429809570312,0.00013614181079901755,1.0,1.0,6.087350845336914
1528,21,6128,0.0008287429809570312,0.0008287429809570312,0.0008287429809570312,0.00018293401808477938,1.0,1.0,4.530283451080322
1529,12,11278,0.000827789306640625,0.000827789306640625,0.000827789306640625,0.00023136382515076548,1.0,1.0,3.5778684616088867
1530,30,961,0.000827789306640625,0.000827789306640625,0.000827789306640625,0.00013924951781518757,1.0,1.0,5.944647789001465
1531,25,12633,-0.0008268356323242188,0.0008268356323242188,0.0008268356323242188,0.0004629428149200976,0.0,1.0,1.7860426902770996
1532,27,2604,0.0008268356323242188,0.0008268356323242188,0.0008268356323242188,0.00026869087014347315,1.0,1.0,3.077274799346924
1533,23,13348,-0.0008268356323242188,0.0008268356323242188,0.0008268356323242188,0.00022778846323490143,0.0,1.0,3.6298398971557617
1534,29,5003,0.0008249282836914062,0.0008249282836914062,0.0008249282836914062,0.00018131603428628296,1.0,1.0,4.549670696258545
1535,17,162,-0.0008249282836914062,0.0008249282836914062,0.0008249282836914062,0.00010760472650872543,0.0,1.0,7.666283130645752
1536,29,9571,0.0008249282836914062,0.0008249282836914062,0.0008249282836914062,0.00012205168604850769,1.0,1.0,6.758843898773193
1537,24,6244,-0.0008244514465332031,0.0008244514465332031,0.0008244514465332031,0.0006990717374719679,0.0,1.0,1.1793516874313354
1538,20,11743,0.000823974609375,0.000823974609375,0.000823974609375,0.00034501400659792125,1.0,1.0,2.388235330581665
1539,31,1739,0.000823974609375,0.000823974609375,0.000823974609375,0.00019067763059865683,1.0,1.0,4.321296691894531
1540,29,14059,0.0008234977722167969,0.0008234977722167969,0.0008234977722167969,0.0005495620425790548,1.0,1.0,1.4984618425369263
1541,26,7924,0.0008234977722167969,0.0008234977722167969,0.0008234977722167969,0.00044860492926090956,1.0,1.0,1.8356859683990479
1542,27,14183,-0.0008234977722167969,0.0008234977722167969,0.0008234977722167969,0.0004535247862804681,0.0,1.0,1.8157724142074585
1543,24,9871,-0.0008230209350585938,0.0008230209350585938,0.0008230209350585938,0.00016685485024936497,0.0,1.0,4.93255615234375
1544,17,9496,0.0008230209350585938,0.0008230209350585938,0.0008230209350585938,0.0002775093889795244,1.0,1.0,2.965740919113159
1545,21,1718,0.0008230209350585938,0.0008230209350585938,0.0008230209350585938,0.00012716095079667866,1.0,1.0,6.4722771644592285
1546,30,3952,0.0008230209350585938,0.0008230209350585938,0.0008230209350585938,0.00026091490872204304,1.0,1.0,3.154365301132202
1547,27,10109,0.0008220672607421875,0.0008220672607421875,0.0008220672607421875,0.00021308593568392098,1.0,1.0,3.8579142093658447
1548,23,2217,-0.0008220672607421875,0.0008220672607421875,0.0008220672607421875,0.00037346547469496727,0.0,1.0,2.2011866569519043
1549,16,13509,0.0008220672607421875,0.0008220672607421875,0.0008220672607421875,0.00014627013297285885,1.0,1.0,5.620199203491211
1550,31,12308,-0.0008220672607421875,0.0008220672607421875,0.0008220672607421875,0.000523505499586463,0.0,1.0,1.5703125
1551,23,4291,-0.0008220672607421875,0.0008220672607421875,0.0008220672607421875,9.377097012475133e-05,0.0,1.0,8.766756057739258
1552,22,2728,0.0008220672607421875,0.0008220672607421875,0.0008220672607421875,0.0006260201917029917,1.0,1.0,1.3131641149520874
1553,21,11352,-0.0008215904235839844,0.0008215904235839844,0.0008215904235839844,0.0003550778783392161,0.0,1.0,2.3138315677642822
1554,20,9064,0.0008211135864257812,0.0008211135864257812,0.0008211135864257812,0.00021316914353519678,1.0,1.0,3.8519344329833984
1555,19,7747,0.0008211135864257812,0.0008211135864257812,0.0008211135864257812,0.00031734720687381923,1.0,1.0,2.5874297618865967
1556,22,6229,-0.0008211135864257812,0.0008211135864257812,0.0008211135864257812,0.0003348402096889913,0.0,1.0,2.4522550106048584
1557,27,2992,0.0008211135864257812,0.0008211135864257812,0.0008211135864257812,0.00021344202104955912,1.0,1.0,3.8470098972320557
1558,16,9574,-0.000820159912109375,0.000820159912109375,0.000820159912109375,0.00025192892644554377,0.0,1.0,3.255521059036255
1559,20,10811,-0.000820159912109375,0.000820159912109375,0.000820159912109375,0.00022277636162471026,0.0,1.0,3.681539297103882
1560,27,2327,-0.000820159912109375,0.000820159912109375,0.000820159912109375,0.0003486328641884029,0.0,1.0,2.3525030612945557
1561,28,6940,0.000820159912109375,0.000820159912109375,0.000820159912109375,0.0001084005125449039,1.0,1.0,7.566015243530273
1562,21,4473,-0.0008200556039810181,0.0008200556039810181,0.0008259862661361694,0.000531044031959027,0.25,0.75,1.544232726097107
1563,14,2455,0.0008199214935302734,0.0008199214935302734,0.0008199214935302734,0.0004209823382552713,1.0,1.0,1.947638750076294
1564,23,13537,-0.0008196830749511719,0.0008196830749511719,0.0008196830749511719,0.0003368357429280877,0.0,1.0,2.4334800243377686
1565,24,8314,-0.0008192062377929688,0.0008192062377929688,0.0008192062377929688,6.305078568402678e-05,0.0,1.0,12.992799758911133
1566,26,8445,-0.0008192062377929688,0.0008192062377929688,0.0008192062377929688,0.00017768822726793587,0.0,1.0,4.610357284545898
1567,30,626,-0.0008192062377929688,0.0008192062377929688,0.0008192062377929688,0.00027873893850483,0.0,1.0,2.9389731884002686
1568,31,12942,0.0008192062377929688,0.0008192062377929688,0.0008192062377929688,0.000308382062939927,1.0,1.0,2.6564652919769287
1569,31,5881,0.0008192062377929688,0.0008192062377929688,0.0008192062377929688,6.926459900569171e-05,1.0,1.0,11.827199935913086
1570,18,6531,0.0008187294006347656,0.0008187294006347656,0.0008187294006347656,0.0003861930745188147,1.0,1.0,2.120000123977661
1571,30,8664,0.0008182525634765625,0.0008182525634765625,0.0008182525634765625,0.0002688955864869058,1.0,1.0,3.0430121421813965
1572,17,12554,0.0008177757263183594,0.0008177757263183594,0.0008177757263183594,0.00045013302587904036,1.0,1.0,1.8167423009872437
1573,13,2048,0.0008175373077392578,0.0008175373077392578,0.0008175373077392578,0.0006294660270214081,1.0,1.0,1.2987791299819946
1574,17,3884,-0.0008173584938049316,0.0008173584938049316,0.0008420348167419434,0.0007454838487319648,0.25,0.75,1.0964133739471436
1575,23,6958,-0.0008172988891601562,0.0008172988891601562,0.0008172988891601562,4.643718420993537e-05,0.0,1.0,17.600095748901367
1576,21,3123,0.0008172988891601562,0.0008172988891601562,0.0008172988891601562,5.504113869392313e-05,1.0,1.0,14.848873138427734
1577,15,8759,0.0008172988891601562,0.0008172988891601562,0.0008172988891601562,0.0002792084123939276,1.0,1.0,2.9272000789642334
1578,21,139,-0.0008172988891601562,0.0008172988891601562,0.0008172988891601562,0.00025676871882751584,0.0,1.0,3.183015823364258
1579,15,13821,0.0008172988891601562,0.0008172988891601562,0.0009279251098632812,0.0007232367061078548,0.75,0.75,1.1300572156906128
1580,31,9645,-0.0008168220520019531,0.0008168220520019531,0.0008168220520019531,0.0004998606746084988,0.0,1.0,1.6340994834899902
1581,28,3519,0.0008168220520019531,0.0008168220520019531,0.0008168220520019531,0.0003163220826536417,1.0,1.0,2.5822479724884033
1582,25,7804,-0.0008168220520019531,0.0008168220520019531,0.0008168220520019531,0.000346923538018018,0.0,1.0,2.3544728755950928
1583,26,7376,-0.00081634521484375,0.00081634521484375,0.00081634521484375,0.0002653203555382788,0.0,1.0,3.0768284797668457
1584,27,11440,-0.00081634521484375,0.00081634521484375,0.00081634521484375,7.28796876501292e-05,0.0,1.0,11.201272010803223
1585,29,8010,-0.0008161067962646484,0.0008161067962646484,0.0008161067962646484,0.000710920023266226,0.0,1.0,1.1479586362838745
1586,22,2425,-0.0008158683776855469,0.0008158683776855469,0.0008158683776855469,0.0003980019537266344,0.0,1.0,2.049910545349121
1587,20,6637,0.0008158683776855469,0.0008158683776855469,0.0008158683776855469,0.00025483767967671156,1.0,1.0,3.201521873474121
1588,20,3077,0.0008153915405273438,0.0008153915405273438,0.0008153915405273438,0.00037738881655968726,1.0,1.0,2.160614013671875
1589,27,3831,0.0008153915405273438,0.0008153915405273438,0.0008153915405273438,0.00024609046522527933,1.0,1.0,3.3133811950683594
1590,13,7273,-0.0008144378662109375,0.0008144378662109375,0.0008144378662109375,0.0002677566953934729,0.0,1.0,3.0417087078094482
1591,15,11402,-0.0008139610290527344,0.0008139610290527344,0.0008139610290527344,0.0007605289574712515,0.0,1.0,1.0702564716339111
1592,26,12780,0.0008134841918945312,0.0008134841918945312,0.0008134841918945312,0.00014274245768319815,1.0,1.0,5.698964595794678
1593,20,3292,0.0008134841918945312,0.0008134841918945312,0.0008134841918945312,0.00019201563554815948,1.0,1.0,4.236551761627197
1594,22,9697,0.0008134841918945312,0.0008134841918945312,0.0008134841918945312,0.0005966275348328054,1.0,1.0,1.3634707927703857
1595,31,6398,0.0008130073547363281,0.0008130073547363281,0.0008130073547363281,0.0003579173644538969,1.0,1.0,2.2714946269989014
1596,21,3509,0.000812530517578125,0.000812530517578125,0.000812530517578125,0.00018272758461534977,1.0,1.0,4.446676731109619
1597,29,12431,-0.000812530517578125,0.000812530517578125,0.000812530517578125,7.499543426092714e-05,0.0,1.0,10.834400177001953
1598,20,2388,0.000812530517578125,0.000812530517578125,0.000812530517578125,0.0003319115494377911,1.0,1.0,2.448033332824707
1599,26,31,-0.000812530517578125,0.000812530517578125,0.000812530517578125,0.00022377028653863817,0.0,1.0,3.631092071533203
1600,25,6717,0.000812530517578125,0.000812530517578125,0.000812530517578125,0.00020261034660506994,1.0,1.0,4.010311126708984
1601,15,11492,0.000812530517578125,0.000812530517578125,0.000812530517578125,0.00029989684117026627,1.0,1.0,2.709366798400879
1602,26,10873,-0.000812530517578125,0.000812530517578125,0.000812530517578125,0.00019000869360752404,0.0,1.0,4.276280879974365
1603,31,6017,0.000812530517578125,0.000812530517578125,0.000812530517578125,8.525656448910013e-05,1.0,1.0,9.530415534973145
1604,14,12198,-0.000812530517578125,0.000812530517578125,0.000812530517578125,0.00035501286038197577,0.0,1.0,2.2887353897094727
1605,21,6057,0.0008118152618408203,0.0008118152618408203,0.0008118152618408203,0.00044195339432917535,1.0,1.0,1.836879849433899
1606,25,9919,-0.0008118152618408203,0.0008118152618408203,0.0008118152618408203,0.000790259859059006,0.0,1.0,1.0272763967514038
1607,17,10671,-0.0008115768432617188,0.0008115768432617188,0.0008115768432617188,0.0001568062143633142,0.0,1.0,5.175667762756348
1608,27,1045,0.0008115768432617188,0.0008115768432617188,0.0008115768432617188,0.000354637362761423,1.0,1.0,2.2884695529937744
1609,23,11475,-0.0008106231689453125,0.0008106231689453125,0.0008106231689453125,0.00014924927381798625,0.0,1.0,5.431337356567383
1610,23,4900,0.0008106231689453125,0.0008106231689453125,0.0008106231689453125,0.00045889674220234156,1.0,1.0,1.76646089553833
1611,23,12216,0.0008101463317871094,0.0008101463317871094,0.0008101463317871094,0.0002378738863626495,1.0,1.0,3.405780792236328
1612,18,4204,0.0008096694946289062,0.0008096694946289062,0.0008096694946289062,0.0007569371955469251,1.0,1.0,1.0696653127670288
1613,18,12513,0.0008096694946289062,0.0008096694946289062,0.0008096694946289062,0.0003698719956446439,1.0,1.0,2.1890532970428467
1614,21,3071,-0.0008096694946289062,0.0008096694946289062,0.0008096694946289062,0.0004466953978408128,0.0,1.0,1.8125762939453125
1615,27,8883,0.0008096694946289062,0.0008096694946289062,0.0008096694946289062,0.0001470607821829617,1.0,1.0,5.505679130554199
1616,27,6918,-0.0008087158203125,0.0008087158203125,0.0008087158203125,0.00011561113205971196,0.0,1.0,6.995138168334961
1617,31,7487,-0.0008087158203125,0.0008087158203125,0.0008087158203125,0.00014727399684488773,0.0,1.0,5.491232872009277
1618,15,8860,0.0008087158203125,0.0008087158203125,0.0008087158203125,0.00018502265447750688,1.0,1.0,4.370901584625244
1619,18,3505,-0.0008087158203125,0.0008087158203125,0.0008087158203125,0.00013222754932940006,0.0,1.0,6.116091728210449
1620,24,9593,0.0008077621459960938,0.0008077621459960938,0.0008077621459960938,0.00044885854003950953,1.0,1.0,1.7995917797088623
1621,23,64,0.0008077621459960938,0.0008077621459960938,0.0008077621459960938,0.00021643785294145346,1.0,1.0,3.73207426071167
1622,27,1544,0.0008077621459960938,0.0008077621459960938,0.0008077621459960938,0.00012572234845720232,1.0,1.0,6.424968719482422
1623,22,7949,0.0008077621459960938,0.0008077621459960938,0.0008077621459960938,0.00025413406547158957,1.0,1.0,3.178488254547119
1624,26,1748,0.0008077621459960938,0.0008077621459960938,0.0008077621459960938,0.00018380695837549865,1.0,1.0,4.394622325897217
1625,27,9665,-0.0008072853088378906,0.0008072853088378906,0.0008072853088378906,0.000419372518081218,0.0,1.0,1.9249838590621948
1626,22,12748,-0.0008068084716796875,0.0008068084716796875,0.0008068084716796875,0.00016408742521889508,0.0,1.0,4.916942596435547
1627,20,12554,-0.0008068084716796875,0.0008068084716796875,0.0008068084716796875,0.0002832460741046816,0.0,1.0,2.8484365940093994
1628,29,3678,0.0008063316345214844,0.0008063316345214844,0.0008063316345214844,0.0007325254264287651,1.0,1.0,1.1007558107376099
1629,18,5421,0.0008058547973632812,0.0008058547973632812,0.0008058547973632812,0.0002366246480960399,1.0,1.0,3.4056248664855957
1630,22,5732,0.0008058547973632812,0.0008058547973632812,0.0008058547973632812,0.00025077644386328757,1.0,1.0,3.2134389877319336
1631,20,6410,0.0008058547973632812,0.0008058547973632812,0.0008058547973632812,0.00022447435185313225,1.0,1.0,3.589963912963867
1632,21,9244,0.000804901123046875,0.000804901123046875,0.000804901123046875,0.0001450839190511033,1.0,1.0,5.5478315353393555
1633,26,3663,0.000804901123046875,0.000804901123046875,0.000804901123046875,0.00017657145508565009,1.0,1.0,4.55850076675415
1634,4,1111,0.0008048713207244873,0.0008048713207244873,0.0008048713207244873,0.0005401836824603379,1.0,1.0,1.4899955987930298
1635,20,13951,0.0008044242858886719,0.0008044242858886719,0.0008044242858886719,0.0004299799620639533,1.0,1.0,1.870841383934021
1636,25,36,-0.0008039474487304688,0.0008039474487304688,0.0008039474487304688,0.0005581423174589872,0.0,1.0,1.4403986930847168
1637,22,6521,-0.0008025169372558594,0.0008025169372558594,0.0008025169372558594,0.0003932178078684956,0.0,1.0,2.0408966541290283
1638,30,936,0.0008025169372558594,0.0008025169372558594,0.0008025169372558594,0.00039484736043959856,1.0,1.0,2.0324738025665283
1639,27,5974,0.0008025169372558594,0.0008025169372558594,0.0008025169372558594,0.00030852321651764214,1.0,1.0,2.6011557579040527
1640,18,6375,0.0008020401000976562,0.0008020401000976562,0.0008020401000976562,0.00019654716015793383,1.0,1.0,4.0806498527526855
1641,22,10287,-0.0008020401000976562,0.0008020401000976562,0.0008020401000976562,5.370295912143774e-05,0.0,1.0,14.934746742248535
1642,29,498,0.0008020401000976562,0.0008020401000976562,0.0008020401000976562,0.00023317092563956976,1.0,1.0,3.439708948135376
1643,26,3189,-0.0008015632629394531,0.0008015632629394531,0.0008015632629394531,0.00025678600650280714,0.0,1.0,3.1215224266052246
1644,20,5925,-0.00080108642578125,0.00080108642578125,0.00080108642578125,0.00017108822066802531,0.0,1.0,4.682300090789795
1645,13,1896,0.00080108642578125,0.00080108642578125,0.00080108642578125,0.00046061581815592945,1.0,1.0,1.7391639947891235
1646,17,13707,0.0008003711700439453,0.0008003711700439453,0.0008003711700439453,0.0003786647866945714,1.0,1.0,2.1136667728424072
1647,19,1664,-0.0008001327514648438,0.0008001327514648438,0.0008001327514648438,0.0001767645007930696,0.0,1.0,4.526546478271484
1648,24,4072,0.0008001327514648438,0.0008001327514648438,0.0008001327514648438,8.24528542580083e-05,1.0,1.0,9.704124450683594
1649,20,4312,-0.0008001327514648438,0.0008001327514648438,0.0008001327514648438,0.000401381345000118,0.0,1.0,1.9934477806091309
1650,30,8952,-0.0008001327514648438,0.0008001327514648438,0.0008001327514648438,0.00021402075071819127,0.0,1.0,3.7385754585266113
1651,27,11966,-0.0008001327514648438,0.0008001327514648438,0.0008001327514648438,0.0005396305350586772,0.0,1.0,1.4827418327331543
1652,20,10266,0.000800013542175293,0.000800013542175293,0.0008155107498168945,0.0005232090479694307,0.75,0.75,1.529051423072815
1653,30,5959,-0.0007991790771484375,0.0007991790771484375,0.0007991790771484375,0.00031790987122803926,0.0,1.0,2.5138542652130127
1654,28,13013,0.0007991790771484375,0.0007991790771484375,0.0007991790771484375,0.00027249730192124844,1.0,1.0,2.9327962398529053
1655,18,2506,-0.0007991790771484375,0.0007991790771484375,0.0007991790771484375,0.00044814575812779367,0.0,1.0,1.7833017110824585
1656,30,11777,-0.0007991790771484375,0.0007991790771484375,0.0007991790771484375,8.514981891494244e-05,0.0,1.0,9.385563850402832
1657,22,2600,0.0007987022399902344,0.0007987022399902344,0.0007987022399902344,0.00024440637207590044,1.0,1.0,3.2679271697998047
1658,17,2591,0.0007982254028320312,0.0007982254028320312,0.0007982254028320312,0.00012999039608985186,1.0,1.0,6.14064884185791
1659,29,4188,0.0007982254028320312,0.0007982254028320312,0.0007982254028320312,0.00011139226262457669,1.0,1.0,7.165896415710449
1660,12,13973,0.0007982254028320312,0.0007982254028320312,0.0007982254028320312,0.00030048307962715626,1.0,1.0,2.6564736366271973
1661,31,13705,-0.0007982254028320312,0.0007982254028320312,0.0007982254028320312,0.00016996552585624158,0.0,1.0,4.6963958740234375
1662,20,8584,-0.0007977485656738281,0.0007977485656738281,0.0007977485656738281,0.0004544183029793203,0.0,1.0,1.755537986755371
1663,30,12619,0.000797271728515625,0.000797271728515625,0.000797271728515625,0.00015453055675607175,1.0,1.0,5.1593146324157715
1664,25,11175,0.000797271728515625,0.000797271728515625,0.000797271728515625,0.00012108284136047587,1.0,1.0,6.584514617919922
1665,23,3095,-0.000797271728515625,0.000797271728515625,0.000797271728515625,0.00032504487899132073,0.0,1.0,2.4528050422668457
1666,26,12431,0.0007963180541992188,0.0007963180541992188,0.0007963180541992188,0.00016600235539954156,1.0,1.0,4.797028541564941
1667,21,11564,0.0007963180541992188,0.0007963180541992188,0.0007963180541992188,0.0002283308276673779,1.0,1.0,3.487562656402588
1668,12,2747,-0.0007963180541992188,0.0007963180541992188,0.0007963180541992188,0.0003207225236110389,0.0,1.0,2.4828877449035645
1669,22,10576,0.0007963180541992188,0.0007963180541992188,0.0007963180541992188,0.00020108511671423912,1.0,1.0,3.960104465484619
1670,12,923,-0.0007961243391036987,0.0007961243391036987,0.000797465443611145,0.0007712962687946856,0.25,0.75,1.0321900844573975
1671,19,11646,-0.0007953643798828125,0.0007953643798828125,0.0007953643798828125,0.00041267109918408096,0.0,1.0,1.9273566007614136
1672,22,11634,0.0007953643798828125,0.0007953643798828125,0.0007953643798828125,0.00012010239879600704,1.0,1.0,6.622385501861572
1673,31,14004,0.0007953643798828125,0.0007953643798828125,0.0007953643798828125,0.0001501968945376575,1.0,1.0,5.295478343963623
1674,23,14183,0.0007953643798828125,0.0007953643798828125,0.0007953643798828125,0.00020884379046037793,1.0,1.0,3.808417558670044
1675,28,10366,-0.0007948875427246094,0.0007948875427246094,0.0007948875427246094,0.0004870230332016945,0.0,1.0,1.6321353912353516
1676,20,10952,-0.0007948875427246094,0.0007948875427246094,0.0007948875427246094,0.0002705928054638207,0.0,1.0,2.9375782012939453
1677,19,9711,-0.0007946491241455078,0.0007946491241455078,0.0007946491241455078,0.000504394294694066,0.0,1.0,1.575452208518982
1678,27,8744,-0.0007944107055664062,0.0007944107055664062,0.0007944107055664062,0.00040608501876704395,0.0,1.0,1.95626699924469
1679,30,9247,-0.0007939338684082031,0.0007939338684082031,0.0007939338684082031,0.00042646279325708747,0.0,1.0,1.861672043800354
1680,25,5941,-0.0007938146591186523,0.0007938146591186523,0.0007938146591186523,0.000506316137034446,0.0,1.0,1.567824125289917
1681,21,1412,-0.0007935762405395508,0.0007935762405395508,0.0008143186569213867,0.0005940136034041643,0.25,0.75,1.335956335067749
1682,29,12393,-0.00079345703125,0.00079345703125,0.00079345703125,0.00034611939918249846,0.0,1.0,2.2924373149871826
1683,28,10497,-0.00079345703125,0.00079345703125,0.00079345703125,0.00015306398563552648,0.0,1.0,5.183825969696045
1684,16,11035,-0.0007932186126708984,0.0007932186126708984,0.0008852481842041016,0.0007255751988850534,0.25,0.75,1.0932272672653198
1685,19,684,-0.0007929801940917969,0.0007929801940917969,0.0007929801940917969,0.00038344913627952337,0.0,1.0,2.068019151687622
1686,17,7176,-0.0007929801940917969,0.0007929801940917969,0.0007929801940917969,0.0006330563919618726,0.0,1.0,1.2526217699050903
1687,25,351,-0.0007929801940917969,0.0007929801940917969,0.0007929801940917969,0.0002657874138094485,0.0,1.0,2.9835128784179688
1688,17,4282,-0.0007925033569335938,0.0007925033569335938,0.0007925033569335938,0.00028195715276524425,0.0,1.0,2.810722589492798
1689,23,945,0.0007925033569335938,0.0007925033569335938,0.0007925033569335938,0.00031339051201939583,1.0,1.0,2.5288045406341553
1690,26,7092,-0.0007925033569335938,0.0007925033569335938,0.0007925033569335938,0.00019175020861439407,0.0,1.0,4.132998466491699
1691,16,4370,-0.0007925033569335938,0.0007925033569335938,0.0007925033569335938,0.0006002325098961592,0.0,1.0,1.3203272819519043
1692,21,464,-0.0007915496826171875,0.0007915496826171875,0.0007915496826171875,0.00032899968209676445,0.0,1.0,2.405928373336792
1693,30,14327,-0.0007905960083007812,0.0007905960083007812,0.0007905960083007812,0.00018811090558301657,0.0,1.0,4.202818393707275
1694,18,6581,-0.0007905960083007812,0.0007905960083007812,0.0007905960083007812,0.00012784572027157992,0.0,1.0,6.183984756469727
1695,22,11500,-0.0007905960083007812,0.0007905960083007812,0.0007905960083007812,0.00015853669901844114,0.0,1.0,4.986832618713379
1696,22,13079,-0.0007901191711425781,0.0007901191711425781,0.0007901191711425781,0.00038266085903160274,0.0,1.0,2.064802646636963
1697,26,6545,0.0007901191711425781,0.0007901191711425781,0.0007901191711425781,0.0003522464830894023,1.0,1.0,2.243086099624634
1698,13,8985,-0.0007901191711425781,0.0007901191711425781,0.0007901191711425781,0.0004521469818428159,0.0,1.0,1.7474830150604248
1699,20,8389,-0.0007898807525634766,0.0007898807525634766,0.0007898807525634766,0.0006970212562009692,0.0,1.0,1.133223295211792
1700,27,73,-0.0007898807525634766,0.0007898807525634766,0.0007898807525634766,0.00040750825428403914,0.0,1.0,1.9383183717727661
1701,24,2417,0.000789642333984375,0.000789642333984375,0.000789642333984375,0.00046409951755777,1.0,1.0,1.7014504671096802
1702,23,11744,0.000789642333984375,0.000789642333984375,0.000789642333984375,0.0002171866362914443,1.0,1.0,3.635777711868286
1703,19,12578,-0.000789642333984375,0.000789642333984375,0.000789642333984375,0.00014286028454080224,0.0,1.0,5.527374744415283
1704,29,7590,-0.0007891654968261719,0.0007891654968261719,0.0007891654968261719,0.00032318831654265523,0.0,1.0,2.4418132305145264
1705,30,3593,0.0007891654968261719,0.0007891654968261719,0.0007891654968261719,0.000291463773464784,1.0,1.0,2.7075936794281006
1706,24,5102,0.0007890462875366211,0.0007890462875366211,0.0008054971694946289,0.0006051829550415277,0.75,0.75,1.30381441116333
1707,21,12365,-0.0007889270782470703,0.0007889270782470703,0.0007889270782470703,0.0007082954398356378,0.0,1.0,1.113839030265808
1708,27,11072,0.0007886886596679688,0.0007886886596679688,0.0007886886596679688,0.00016554149624425918,1.0,1.0,4.764296054840088
1709,15,749,-0.0007884502410888672,0.0007884502410888672,0.0007884502410888672,0.0005428649601526558,0.0,1.0,1.4523874521255493
1710,17,4188,0.0007882118225097656,0.0007882118225097656,0.0007882118225097656,0.0005725150695070624,1.0,1.0,1.3767529726028442
1711,22,1309,0.0007877349853515625,0.0007877349853515625,0.0007877349853515625,0.00028369526262395084,1.0,1.0,2.7766942977905273
1712,16,7529,0.0007877349853515625,0.0007877349853515625,0.0007877349853515625,0.0004072490846738219,1.0,1.0,1.9342830181121826
1713,29,11192,-0.0007872581481933594,0.0007872581481933594,0.0007872581481933594,0.00029296704451553524,0.0,1.0,2.687190055847168
1714,21,7841,0.0007872581481933594,0.0007872581481933594,0.0007872581481933594,0.00037312775384634733,1.0,1.0,2.109889030456543
1715,11,13939,-0.0007872581481933594,0.0007872581481933594,0.0007872581481933594,0.0002547912881709635,0.0,1.0,3.089815855026245
1716,24,9405,0.0007867813110351562,0.0007867813110351562,0.0007867813110351562,0.00022625006386078894,1.0,1.0,3.477485418319702
1717,22,5721,0.0007867813110351562,0.0007867813110351562,0.0007867813110351562,0.00011949124018428847,1.0,1.0,6.5844268798828125
1718,17,5112,-0.0007867813110351562,0.0007867813110351562,0.0007867813110351562,0.00012329721357673407,0.0,1.0,6.381176948547363
1719,16,3562,0.0007867813110351562,0.0007867813110351562,0.0007867813110351562,0.00020950251200702041,1.0,1.0,3.755474328994751
1720,14,3896,-0.0007863044738769531,0.0007863044738769531,0.0007863044738769531,0.00034089921973645687,0.0,1.0,2.3065598011016846
1721,19,1481,-0.00078582763671875,0.00078582763671875,0.00078582763671875,0.0002967138134408742,0.0,1.0,2.6484363079071045
1722,22,8632,-0.00078582763671875,0.00078582763671875,0.00078582763671875,0.00039511360228061676,0.0,1.0,1.9888650178909302
1723,27,12584,-0.00078582763671875,0.00078582763671875,0.00078582763671875,0.0001472245785407722,0.0,1.0,5.337611675262451
1724,4,10848,-0.0007852166891098022,0.0007852166891098022,0.0008144229650497437,0.001387989497743547,0.5,0.5,0.5657223463058472
1725,25,11681,-0.0007848739624023438,0.0007848739624023438,0.0007848739624023438,0.00024378833768423647,0.0,1.0,3.219489336013794
1726,21,13671,-0.0007848739624023438,0.0007848739624023438,0.0007848739624023438,0.00025842111790552735,0.0,1.0,3.0371897220611572
1727,30,9138,-0.0007848739624023438,0.0007848739624023438,0.0007848739624023438,0.0005080596311017871,0.0,1.0,1.5448461771011353
1728,25,1016,0.0007848739624023438,0.0007848739624023438,0.0007848739624023438,0.00020520403631962836,1.0,1.0,3.8248465061187744
1729,18,1458,0.0007843971252441406,0.0007843971252441406,0.0007843971252441406,0.0009043964091688395,1.0,1.0,0.8673155903816223
1730,23,13083,-0.0007843971252441406,0.0007843971252441406,0.0007843971252441406,0.00036824026028625667,0.0,1.0,2.1301231384277344
1731,2,10698,-0.0007839202880859375,0.0007839202880859375,0.0007839202880859375,0.0002979434793815017,0.0,1.0,2.631103992462158
1732,31,13214,-0.0007839202880859375,0.0007839202880859375,0.0007839202880859375,0.0001341803144896403,0.0,1.0,5.842289924621582
1733,26,11352,-0.0007839202880859375,0.0007839202880859375,0.0007839202880859375,0.00011600380821619183,0.0,1.0,6.757711887359619
1734,15,13959,-0.0007839202880859375,0.0007839202880859375,0.0007839202880859375,0.00037006003549322486,0.0,1.0,2.1183598041534424
1735,16,10696,0.0007834434509277344,0.0007834434509277344,0.0007834434509277344,0.0002295776503160596,1.0,1.0,3.4125423431396484
1736,19,4321,-0.0007834434509277344,0.0007834434509277344,0.0007834434509277344,0.00041164582944475114,0.0,1.0,1.9031978845596313
1737,15,1850,0.0007832348346710205,0.0007832348346710205,0.0007832348346710205,0.0005447195726446807,1.0,1.0,1.4378679990768433
1738,24,9681,0.0007829666137695312,0.0007829666137695312,0.0007829666137695312,0.00015949757653288543,1.0,1.0,4.908956050872803
1739,16,8191,-0.0007829666137695312,0.0007829666137695312,0.0007829666137695312,0.0002809360157698393,0.0,1.0,2.7869925498962402
1740,29,2594,-0.0007824897766113281,0.0007824897766113281,0.0007824897766113281,0.00037794001400470734,0.0,1.0,2.0704073905944824
1741,29,3812,-0.0007824897766113281,0.0007824897766113281,0.0007824897766113281,0.0002627519716043025,0.0,1.0,2.9780547618865967
1742,26,7766,0.0007824897766113281,0.0007824897766113281,0.0007824897766113281,0.00022444548085331917,1.0,1.0,3.4863245487213135
1743,31,12063,-0.0007824897766113281,0.0007824897766113281,0.0007824897766113281,0.0002656094147823751,0.0,1.0,2.946016788482666
1744,22,13090,-0.000782012939453125,0.000782012939453125,0.000782012939453125,0.0002487317251507193,0.0,1.0,3.1440014839172363
1745,30,5442,-0.000782012939453125,0.000782012939453125,0.000782012939453125,0.00014862640819046646,0.0,1.0,5.261601448059082
1746,19,3076,-0.000782012939453125,0.000782012939453125,0.000782012939453125,0.00046842399751767516,0.0,1.0,1.6694552898406982
1747,30,1284,0.000782012939453125,0.000782012939453125,0.000782012939453125,0.00013090026914142072,1.0,1.0,5.974112510681152
1748,22,2757,0.000782012939453125,0.000782012939453125,0.000782012939453125,0.0003725047572515905,1.0,1.0,2.099336862564087
1749,23,5179,-0.0007815361022949219,0.0007815361022949219,0.0007815361022949219,0.0003563792270142585,0.0,1.0,2.1929900646209717
1750,20,3253,0.0007810592651367188,0.0007810592651367188,0.0007810592651367188,9.016636613523588e-05,1.0,1.0,8.662424087524414
1751,27,11478,0.0007810592651367188,0.0007810592651367188,0.0007810592651367188,0.00022304360754787922,1.0,1.0,3.5018231868743896
1752,26,3186,0.0007810592651367188,0.0007810592651367188,0.0007810592651367188,0.000231778176384978,1.0,1.0,3.369856834411621
1753,19,10660,-0.0007810592651367188,0.0007810592651367188,0.0009641647338867188,0.0007528562564402819,0.25,0.75,1.0374614000320435
1754,26,4827,-0.0007805824279785156,0.0007805824279785156,0.0007805824279785156,0.000743473821785301,0.0,1.0,1.049912452697754
1755,16,2026,-0.0007801055908203125,0.0007801055908203125,0.0007801055908203125,0.00037123786751180887,0.0,1.0,2.101363182067871
1756,16,14258,-0.0007801055908203125,0.0007801055908203125,0.0007801055908203125,0.00026388358674012125,0.0,1.0,2.9562489986419678
1757,4,2842,-0.0007795989513397217,0.0007795989513397217,0.0007942020893096924,0.0013210601173341274,0.25,0.75,0.5901313424110413
1758,16,13553,-0.0007791519165039062,0.0007791519165039062,0.0007791519165039062,0.0002297444734722376,0.0,1.0,3.3913848400115967
1759,31,13317,-0.0007791519165039062,0.0007791519165039062,0.0007791519165039062,0.0002108181215589866,0.0,1.0,3.6958489418029785
1760,21,9493,0.0007791519165039062,0.0007791519165039062,0.0007791519165039062,0.0001635961525607854,1.0,1.0,4.7626543045043945
1761,21,9875,0.0007791519165039062,0.0007791519165039062,0.0007791519165039062,0.0002774044987745583,1.0,1.0,2.8087213039398193
1762,14,9953,0.0007789134979248047,0.0007789134979248047,0.0007789134979248047,0.000447523983893916,1.0,1.0,1.7404955625534058
1763,23,14275,-0.0007786750793457031,0.0007786750793457031,0.0007786750793457031,0.00021032086806371808,0.0,1.0,3.702319622039795
1764,14,12978,-0.0007784366607666016,0.0007784366607666016,0.0007784366607666016,0.0009351705084554851,0.0,1.0,0.8324007987976074
1765,19,6627,0.0007781982421875,0.0007781982421875,0.0007781982421875,0.0002744064258877188,1.0,1.0,2.835932970046997
1766,29,11582,0.0007781982421875,0.0007781982421875,0.0007781982421875,0.00019497917674016207,1.0,1.0,3.9911863803863525
1767,25,13549,-0.0007781982421875,0.0007781982421875,0.0007781982421875,0.00016372118261642754,0.0,1.0,4.753191947937012
1768,27,3231,0.0007781982421875,0.0007781982421875,0.0007781982421875,0.0005734065198339522,1.0,1.0,1.3571492433547974
1769,25,8611,0.0007781982421875,0.0007781982421875,0.0007781982421875,0.00017142809520009905,1.0,1.0,4.539502143859863
1770,21,9031,-0.0007777214050292969,0.0007777214050292969,0.0007777214050292969,0.0003403652226552367,0.0,1.0,2.284961462020874
1771,19,11306,-0.0007772445678710938,0.0007772445678710938,0.0007772445678710938,0.0006667724810540676,0.0,1.0,1.1656818389892578
1772,21,7712,-0.0007772445678710938,0.0007772445678710938,0.0007772445678710938,0.00019393852562643588,0.0,1.0,4.00768518447876
1773,31,12226,0.0007772445678710938,0.0007772445678710938,0.0007772445678710938,0.0003210966242477298,1.0,1.0,2.4205939769744873
1774,23,4349,0.0007772445678710938,0.0007772445678710938,0.0007772445678710938,0.0003199161437805742,1.0,1.0,2.429525852203369
1775,22,2839,-0.0007772445678710938,0.0007772445678710938,0.0007772445678710938,0.00015176011947914958,0.0,1.0,5.1215338706970215
1776,15,4454,-0.0007767677307128906,0.0007767677307128906,0.0007767677307128906,0.00020693358965218067,0.0,1.0,3.7537055015563965
1777,25,6687,0.0007764101028442383,0.0007764101028442383,0.0007764101028442383,0.0006539126043207943,1.0,1.0,1.1873301267623901
1778,30,10570,-0.0007762908935546875,0.0007762908935546875,0.0007762908935546875,0.0002450701722409576,0.0,1.0,3.1676270961761475
1779,28,7393,-0.0007762908935546875,0.0007762908935546875,0.0007762908935546875,0.0006024912581779063,0.0,1.0,1.288468360900879
1780,0,8727,0.0007758140563964844,0.0007758140563964844,0.0009407997131347656,0.0006726769497618079,0.75,0.75,1.1533234119415283
1781,18,11041,-0.000775560736656189,0.000775560736656189,0.000775560736656189,0.0007021185010671616,0.0,1.0,1.1046009063720703
1782,29,2233,0.0007753372192382812,0.0007753372192382812,0.0007753372192382812,0.0004807530785910785,1.0,1.0,1.6127556562423706
1783,31,12477,-0.0007753372192382812,0.0007753372192382812,0.0007753372192382812,0.00016925772069953382,0.0,1.0,4.580808639526367
1784,16,2284,-0.0007748603820800781,0.0007748603820800781,0.0007748603820800781,0.0003763532149605453,0.0,1.0,2.0588648319244385
1785,19,7133,-0.000774383544921875,0.000774383544921875,0.000774383544921875,0.0002526066964492202,0.0,1.0,3.065570116043091
1786,24,10388,-0.000774383544921875,0.000774383544921875,0.000774383544921875,0.00015642584185115993,0.0,1.0,4.950483322143555
1787,20,12794,0.000774383544921875,0.000774383544921875,0.000774383544921875,0.00029018038185313344,1.0,1.0,2.668628215789795
1788,28,14127,0.000774383544921875,0.000774383544921875,0.000774383544921875,0.0001970578305190429,1.0,1.0,3.92972731590271
1789,31,4107,-0.000774383544921875,0.000774383544921875,0.000774383544921875,0.0001042257426888682,0.0,1.0,7.429868221282959
1790,19,13481,0.000774383544921875,0.000774383544921875,0.000774383544921875,0.00019475515000522137,1.0,1.0,3.9761903285980225
1791,18,11628,0.000774383544921875,0.000774383544921875,0.000774383544921875,0.00015767672448419034,1.0,1.0,4.911210060119629
1792,25,7765,0.0007739067077636719,0.0007739067077636719,0.0007739067077636719,0.00043144961819052696,1.0,1.0,1.7937359809875488
1793,19,3846,-0.0007739067077636719,0.0007739067077636719,0.0007739067077636719,0.0003783729043789208,0.0,1.0,2.0453543663024902
1794,20,14132,-0.0007739067077636719,0.0007739067077636719,0.0007739067077636719,0.00038553072954528034,0.0,1.0,2.0073800086975098
1795,17,14200,0.0007734298706054688,0.0007734298706054688,0.0007734298706054688,0.0001114901970140636,1.0,1.0,6.937200546264648
1796,26,1039,-0.0007734298706054688,0.0007734298706054688,0.0007734298706054688,0.00027631386183202267,0.0,1.0,2.7990989685058594
1797,17,9787,0.0007734298706054688,0.0007734298706054688,0.0007734298706054688,0.00023449337459169328,1.0,1.0,3.2983016967773438
1798,24,7871,-0.0007734298706054688,0.0007734298706054688,0.0007734298706054688,0.0002807416894938797,0.0,1.0,2.7549519538879395
1799,19,14180,0.0007734298706054688,0.0007734298706054688,0.0007734298706054688,0.00020934618078172207,1.0,1.0,3.6945018768310547
1800,26,9484,0.0007729530334472656,0.0007729530334472656,0.0007729530334472656,0.0003241296799387783,1.0,1.0,2.3847031593322754
1801,16,9919,0.0007724761962890625,0.0007724761962890625,0.0007724761962890625,0.00029579896363429725,1.0,1.0,2.611490488052368
1802,14,6719,-0.0007724761962890625,0.0007724761962890625,0.0007724761962890625,0.00045340770157054067,0.0,1.0,1.7037121057510376
1803,17,8406,-0.0007724761962890625,0.0007724761962890625,0.0007724761962890625,0.0002966340980492532,0.0,1.0,2.604138135910034
1804,24,7892,0.0007724761962890625,0.0007724761962890625,0.0007724761962890625,0.00019211271137464792,1.0,1.0,4.020953178405762
1805,31,566,0.0007719993591308594,0.0007719993591308594,0.0007719993591308594,0.0001822260528570041,1.0,1.0,4.23649263381958
1806,14,8138,-0.0007719993591308594,0.0007719993591308594,0.0007719993591308594,0.0006891135708428919,0.0,1.0,1.1202788352966309
1807,18,2705,0.0007719993591308594,0.0007719993591308594,0.0007719993591308594,0.00046796046080999076,1.0,1.0,1.6497106552124023
1808,16,2711,0.0007717609405517578,0.0007717609405517578,0.0007717609405517578,0.00044633657671511173,1.0,1.0,1.7291008234024048
1809,26,10723,-0.0007715225219726562,0.0007715225219726562,0.0007715225219726562,0.00034606028930284083,0.0,1.0,2.229445457458496
1810,20,12890,0.0007714033126831055,0.0007714033126831055,0.000821232795715332,0.0005583999445661902,0.75,0.75,1.381453037261963
1811,28,29,0.0007710456848144531,0.0007710456848144531,0.0007710456848144531,0.00017946505977306515,1.0,1.0,4.296355247497559
1812,28,10374,-0.0007710456848144531,0.0007710456848144531,0.0007710456848144531,0.0002298112667631358,0.0,1.0,3.355125665664673
1813,22,13182,0.00077056884765625,0.00077056884765625,0.00077056884765625,0.00015460116264875978,1.0,1.0,4.984237194061279
1814,29,3358,0.00077056884765625,0.00077056884765625,0.00077056884765625,0.00021199903858359903,1.0,1.0,3.634775161743164
1815,18,8649,-0.00077056884765625,0.00077056884765625,0.00077056884765625,0.0006679710932075977,0.0,1.0,1.153596043586731
1816,22,9141,-0.00077056884765625,0.00077056884765625,0.00077056884765625,0.0001860813790699467,0.0,1.0,4.141031265258789
1817,23,11682,0.00077056884765625,0.00077056884765625,0.00077056884765625,0.00016425362264271826,1.0,1.0,4.691335678100586
1818,28,5863,0.00077056884765625,0.00077056884765625,0.00077056884765625,0.00022902483760844916,1.0,1.0,3.3645646572113037
1819,19,12750,0.00077056884765625,0.00077056884765625,0.00077056884765625,0.00019419394084252417,1.0,1.0,3.9680376052856445
1820,18,2592,-0.00077056884765625,0.00077056884765625,0.00077056884765625,0.000319650222081691,0.0,1.0,2.4106626510620117
1821,16,946,0.0007700920104980469,0.0007700920104980469,0.0007700920104980469,0.0003371650236658752,1.0,1.0,2.2840211391448975
1822,21,13468,-0.0007700920104980469,0.0007700920104980469,0.0007700920104980469,0.00024387365556322038,0.0,1.0,3.157749891281128
1823,24,4319,0.0007697939872741699,0.0007697939872741699,0.0007697939872741699,0.0004293006786610931,1.0,1.0,1.7931348085403442
1824,21,5790,0.0007696151733398438,0.0007696151733398438,0.0007696151733398438,0.00016335136024281383,1.0,1.0,4.711409568786621
1825,31,10210,-0.0007696151733398438,0.0007696151733398438,0.0007696151733398438,0.00020880677038803697,0.0,1.0,3.685776948928833
1826,30,3426,-0.0007696151733398438,0.0007696151733398438,0.0007696151733398438,0.0002219153248006478,0.0,1.0,3.468057870864868
1827,31,6094,-0.0007696151733398438,0.0007696151733398438,0.0007696151733398438,0.00036418248782865703,0.0,1.0,2.1132678985595703
1828,19,9492,0.0007691383361816406,0.0007691383361816406,0.0007691383361816406,0.0004141173558309674,1.0,1.0,1.8572956323623657
1829,18,8214,-0.0007686614990234375,0.0007686614990234375,0.0007686614990234375,0.00013884397048968822,0.0,1.0,5.536153316497803
1830,23,10602,-0.0007686614990234375,0.0007686614990234375,0.0007686614990234375,0.00011521711712703109,0.0,1.0,6.671417713165283
1831,24,6375,-0.0007686614990234375,0.0007686614990234375,0.0007686614990234375,0.00018820998957380652,0.0,1.0,4.0840630531311035
1832,25,8998,-0.0007686614990234375,0.0007686614990234375,0.0007686614990234375,0.0002769861603155732,0.0,1.0,2.775089979171753
1833,10,4148,-0.0007681846618652344,0.0007681846618652344,0.0007681846618652344,0.00056742801098153,0.0,1.0,1.3538011312484741
1834,30,4301,-0.0007681846618652344,0.0007681846618652344,0.0007681846618652344,0.00021385017316788435,0.0,1.0,3.592162847518921
1835,27,7732,-0.0007677078247070312,0.0007677078247070312,0.0007677078247070312,0.00027348179719410837,0.0,1.0,2.8071625232696533
1836,19,2290,0.0007677078247070312,0.0007677078247070312,0.0007677078247070312,0.00022634651395492256,1.0,1.0,3.3917369842529297
1837,26,979,0.0007677078247070312,0.0007677078247070312,0.0007677078247070312,0.00022915784211363643,1.0,1.0,3.3501267433166504
1838,19,6030,0.0007677078247070312,0.0007677078247070312,0.0007677078247070312,0.0006247993442229927,1.0,1.0,1.2287269830703735
1839,29,4425,0.0007672309875488281,0.0007672309875488281,0.0007672309875488281,0.0002756576577667147,1.0,1.0,2.7832746505737305
1840,16,118,0.000766754150390625,0.000766754150390625,0.000766754150390625,0.0003720625536516309,1.0,1.0,2.0608205795288086
1841,28,9584,-0.000766754150390625,0.000766754150390625,0.000766754150390625,0.00024433425278402865,0.0,1.0,3.138136148452759
1842,31,10200,0.000766754150390625,0.000766754150390625,0.000766754150390625,7.212704076664522e-05,1.0,1.0,10.630605697631836
1843,22,30,0.000766754150390625,0.000766754150390625,0.000766754150390625,0.00026025352417491376,1.0,1.0,2.946181535720825
1844,15,12669,-0.000766754150390625,0.000766754150390625,0.000766754150390625,0.0007511225412599742,0.0,1.0,1.0208109617233276
1845,21,2729,0.0007658004760742188,0.0007658004760742188,0.0007658004760742188,0.0002703510981518775,1.0,1.0,2.8326146602630615
1846,31,1834,0.0007658004760742188,0.0007658004760742188,0.0007658004760742188,0.00014569384802598506,1.0,1.0,5.25623083114624
1847,21,10067,-0.0007658004760742188,0.0007658004760742188,0.0007658004760742188,0.00017508951714262366,0.0,1.0,4.373765468597412
1848,30,14271,0.0007648468017578125,0.0007648468017578125,0.0007648468017578125,0.00022911219275556505,1.0,1.0,3.3383069038391113
1849,31,1513,-0.0007648468017578125,0.0007648468017578125,0.0007648468017578125,0.00030044827144593,0.0,1.0,2.5456855297088623
1850,31,10180,-0.0007648468017578125,0.0007648468017578125,0.0007648468017578125,0.00037123786751180887,0.0,1.0,2.060260772705078
1851,22,2061,-0.0007648468017578125,0.0007648468017578125,0.0007648468017578125,0.00034616669290699065,0.0,1.0,2.209475517272949
1852,30,10685,-0.0007648468017578125,0.0007648468017578125,0.0007648468017578125,0.00030271612922661006,0.0,1.0,2.52661395072937
1853,31,12373,0.0007643699645996094,0.0007643699645996094,0.0007643699645996094,0.0002699668984860182,1.0,1.0,2.8313469886779785
1854,8,5710,0.0007638931274414062,0.0007638931274414062,0.0007638931274414062,0.000374531839042902,1.0,1.0,2.0395946502685547
1855,21,8818,-0.0007638931274414062,0.0007638931274414062,0.0007638931274414062,0.00020135630620643497,0.0,1.0,3.79373836517334
1856,14,12067,0.0007638931274414062,0.0007638931274414062,0.0007638931274414062,0.0004476411559153348,1.0,1.0,1.7064855098724365
1857,31,9658,0.0007634162902832031,0.0007634162902832031,0.0007634162902832031,0.0003695986233651638,1.0,1.0,2.06552791595459
1858,8,11939,-0.0007634162902832031,0.0007634162902832031,0.0007634162902832031,0.00038460484938696027,0.0,1.0,1.9849367141723633
1859,15,8235,0.0007631778717041016,0.0007631778717041016,0.0007631778717041016,0.0003864348982460797,1.0,1.0,1.9749196767807007
1860,21,4742,0.0007631778717041016,0.0007631778717041016,0.0007631778717041016,0.0004164185666013509,1.0,1.0,1.8327181339263916
1861,21,10983,0.000762939453125,0.000762939453125,0.000762939453125,0.00022133464517537504,1.0,1.0,3.446995258331299
1862,20,2806,0.0007624626159667969,0.0007624626159667969,0.0007624626159667969,0.00027085148030892015,1.0,1.0,2.8150579929351807
1863,20,4671,-0.0007624626159667969,0.0007624626159667969,0.0007624626159667969,0.0002279595792060718,0.0,1.0,3.3447272777557373
1864,22,9978,-0.0007624626159667969,0.0007624626159667969,0.0007624626159667969,0.0003575207374524325,0.0,1.0,2.132638931274414
1865,4,6827,-0.0007619857788085938,0.0007619857788085938,0.0008041858673095703,0.0013574775075539947,0.5,0.5,0.5613247752189636
1866,26,5335,-0.0007615089416503906,0.0007615089416503906,0.0007615089416503906,0.00027085482724942267,0.0,1.0,2.81150221824646
1867,14,6827,-0.0007615089416503906,0.0007615089416503906,0.0007615089416503906,0.0005082348361611366,0.0,1.0,1.4983407258987427
1868,17,852,-0.0007615089416503906,0.0007615089416503906,0.0007615089416503906,0.0002669244713615626,0.0,1.0,2.852900505065918
1869,15,5356,-0.0007615089416503906,0.0007615089416503906,0.0007615089416503906,0.0003489597875159234,0.0,1.0,2.182225465774536
1870,23,1925,-0.0007610321044921875,0.0007610321044921875,0.0007610321044921875,0.00019485785742290318,0.0,1.0,3.905575752258301
1871,22,1520,0.0007610321044921875,0.0007610321044921875,0.0007610321044921875,0.00020297810260672122,1.0,1.0,3.749330997467041
1872,31,12944,-0.0007610321044921875,0.0007610321044921875,0.0007610321044921875,9.584308281773701e-05,0.0,1.0,7.940396785736084
1873,23,5537,0.0007610321044921875,0.0007610321044921875,0.0007610321044921875,0.0003990463155787438,1.0,1.0,1.9071272611618042
1874,20,2800,0.0007605552673339844,0.0007605552673339844,0.0007605552673339844,0.00018607833771966398,1.0,1.0,4.08728551864624
1875,24,220,0.0007600784301757812,0.0007600784301757812,0.0007600784301757812,0.00012744672130793333,1.0,1.0,5.963891506195068
1876,30,85,-0.0007596015930175781,0.0007596015930175781,0.0007596015930175781,0.00029161974089220166,0.0,1.0,2.604767322540283
1877,30,11617,0.0007596015930175781,0.0007596015930175781,0.0007596015930175781,0.00021650874987244606,1.0,1.0,3.508410692214966
1878,7,5489,0.0007593631744384766,0.0007593631744384766,0.0007593631744384766,0.0005568757187575102,1.0,1.0,1.3636133670806885
1879,0,2605,-0.000759124755859375,0.000759124755859375,0.000759124755859375,0.00035009070415981114,0.0,1.0,2.168365955352783
1880,26,7088,-0.000759124755859375,0.000759124755859375,0.000759124755859375,0.00026225869078189135,0.0,1.0,2.894564628601074
1881,30,1891,-0.000759124755859375,0.000759124755859375,0.000759124755859375,0.00012608713586814702,0.0,1.0,6.020636081695557
1882,30,13708,-0.0007586479187011719,0.0007586479187011719,0.0007586479187011719,0.0002841193345375359,0.0,1.0,2.670173406600952
1883,24,2964,0.0007586479187011719,0.0007586479187011719,0.0007586479187011719,0.0004314074758440256,1.0,1.0,1.758541464805603
1884,31,7633,-0.0007581710815429688,0.0007581710815429688,0.0007581710815429688,0.00023733082343824208,0.0,1.0,3.1945748329162598
1885,25,2606,-0.0007572174072265625,0.0007572174072265625,0.0007572174072265625,0.0001928686979226768,0.0,1.0,3.926077365875244
1886,27,8592,-0.0007572174072265625,0.0007572174072265625,0.0007572174072265625,0.00020929620950482786,0.0,1.0,3.617922306060791
1887,26,8460,0.0007572174072265625,0.0007572174072265625,0.0007572174072265625,0.00014243948680814356,1.0,1.0,5.31606388092041
1888,15,3366,-0.0007572174072265625,0.0007572174072265625,0.0007572174072265625,0.00010223459685221314,0.0,1.0,7.406664848327637
1889,17,8750,-0.0007572174072265625,0.0007572174072265625,0.0007572174072265625,0.0002971365174744278,0.0,1.0,2.54838228225708
1890,24,11188,-0.0007567405700683594,0.0007567405700683594,0.0007567405700683594,0.0002461491385474801,0.0,1.0,3.074317455291748
1891,14,7317,-0.0007567405700683594,0.0007567405700683594,0.0007567405700683594,0.00031309397309087217,0.0,1.0,2.416975736618042
1892,19,6394,-0.0007562637329101562,0.0007562637329101562,0.0007562637329101562,0.0005146405310370028,0.0,1.0,1.4694989919662476
1893,28,9042,0.0007562637329101562,0.0007562637329101562,0.0007562637329101562,7.158912194427103e-05,1.0,1.0,10.563947677612305
1894,16,11006,-0.0007562637329101562,0.0007562637329101562,0.0007562637329101562,0.00017795419262256473,0.0,1.0,4.2497663497924805
1895,27,2170,0.0007562637329101562,0.0007562637329101562,0.0007562637329101562,9.970800601877272e-05,1.0,1.0,7.584784507751465
1896,22,9155,0.0007562637329101562,0.0007562637329101562,0.0007562637329101562,0.00028815961559303105,1.0,1.0,2.6244611740112305
1897,22,994,0.0007562637329101562,0.0007562637329101562,0.0007562637329101562,0.0009587282547727227,1.0,1.0,0.7888196706771851
1898,24,504,0.0007557868957519531,0.0007557868957519531,0.0007557868957519531,0.0002835553896147758,1.0,1.0,2.6653943061828613
1899,24,8805,0.0007557868957519531,0.0007557868957519531,0.0007557868957519531,0.0003785411245189607,1.0,1.0,1.9965780973434448
1900,25,4438,-0.00075531005859375,0.00075531005859375,0.00075531005859375,0.00030982529278844595,0.0,1.0,2.4378578662872314
1901,16,13567,-0.00075531005859375,0.00075531005859375,0.00075531005859375,0.000226693824515678,0.0,1.0,3.331851005554199
1902,18,1904,-0.00075531005859375,0.00075531005859375,0.00075531005859375,0.00028206841670908034,0.0,1.0,2.6777548789978027
1903,18,2218,0.00075531005859375,0.00075531005859375,0.00075531005859375,0.00014270741667132825,1.0,1.0,5.292717456817627
1904,25,4058,0.0007548332214355469,0.0007548332214355469,0.0007548332214355469,0.0002311057032784447,1.0,1.0,3.266181707382202
1905,25,2080,0.0007543563842773438,0.0007543563842773438,0.0007543563842773438,0.0003169916453771293,1.0,1.0,2.3797359466552734
1906,21,12043,0.0007543563842773438,0.0007543563842773438,0.0007543563842773438,0.0001536422350909561,1.0,1.0,4.909824371337891
1907,29,14262,-0.0007543563842773438,0.0007543563842773438,0.0007543563842773438,0.0003075433196499944,0.0,1.0,2.452846050262451
1908,30,1031,0.0007543563842773438,0.0007543563842773438,0.0007543563842773438,0.00017515184299554676,1.0,1.0,4.306870937347412
1909,21,9576,-0.0007543563842773438,0.0007543563842773438,0.0007543563842773438,0.000294095283607021,0.0,1.0,2.565006732940674
1910,8,10111,-0.0007541477680206299,0.0007541477680206299,0.0007664859294891357,0.0012229784624651074,0.25,0.75,0.6166484355926514
1911,15,3822,-0.0007538795471191406,0.0007538795471191406,0.0007538795471191406,0.00033166311914101243,0.0,1.0,2.2730278968811035
1912,15,14278,0.0007538795471191406,0.0007538795471191406,0.0007538795471191406,0.00046052373363636434,1.0,1.0,1.6370047330856323
1913,30,1700,-0.0007534027099609375,0.0007534027099609375,0.0007534027099609375,0.00018015106616076082,0.0,1.0,4.182060718536377
1914,22,11399,0.0007534027099609375,0.0007534027099609375,0.0007534027099609375,0.00014368552365340292,1.0,1.0,5.243414402008057
1915,14,7797,-0.0007531642913818359,0.0007531642913818359,0.0007531642913818359,0.0004132164176553488,0.0,1.0,1.8226872682571411
1916,28,2948,-0.0007529258728027344,0.0007529258728027344,0.0007529258728027344,0.0003313668421469629,0.0,1.0,2.2721822261810303
1917,29,2647,0.0007524490356445312,0.0007524490356445312,0.0007524490356445312,0.000231731086387299,1.0,1.0,3.2470784187316895
1918,28,1405,-0.0007524490356445312,0.0007524490356445312,0.0007524490356445312,0.0003851840738207102,0.0,1.0,1.9534790515899658
1919,21,3847,-0.0007519721984863281,0.0007519721984863281,0.0007519721984863281,0.0002047020388999954,0.0,1.0,3.6734964847564697
1920,20,5382,0.0007519721984863281,0.0007519721984863281,0.0007519721984863281,0.0002745402161963284,1.0,1.0,2.7390239238739014
1921,14,1938,-0.0007519721984863281,0.0007519721984863281,0.0007519721984863281,0.0005340480129234493,0.0,1.0,1.4080610275268555
1922,22,4209,-0.000751495361328125,0.000751495361328125,0.000751495361328125,0.0007260462152771652,0.0,1.0,1.035051703453064
1923,20,1313,0.000751495361328125,0.000751495361328125,0.000751495361328125,0.0003311873588245362,1.0,1.0,2.269094228744507
1924,18,8960,-0.0007513761520385742,0.0007513761520385742,0.0007706880569458008,0.00046748240129090846,0.25,0.75,1.6072821617126465
1925,13,13935,-0.0007510185241699219,0.0007510185241699219,0.0007510185241699219,0.00035535183269530535,0.0,1.0,2.113450527191162
1926,29,12259,-0.0007505416870117188,0.0007505416870117188,0.0007505416870117188,0.00026712927501648664,0.0,1.0,2.809657096862793
1927,27,11008,-0.0007505416870117188,0.0007505416870117188,0.0007505416870117188,0.0004475842579267919,0.0,1.0,1.6768723726272583
1928,24,5623,0.0007505416870117188,0.0007505416870117188,0.0007505416870117188,0.0001460430066799745,1.0,1.0,5.1391825675964355
1929,30,2963,-0.0007505416870117188,0.0007505416870117188,0.0007724761962890625,0.0007650305051356554,0.25,0.75,0.9810611009597778
1930,25,529,0.0007503032684326172,0.0007503032684326172,0.0007503032684326172,0.0005180047010071576,1.0,1.0,1.4484487771987915
1931,19,845,-0.0007500648498535156,0.0007500648498535156,0.0007500648498535156,0.0001941067021107301,0.0,1.0,3.8641881942749023
1932,29,45,-0.0007500648498535156,0.0007500648498535156,0.0007500648498535156,0.0004975353949703276,0.0,1.0,1.5075607299804688
1933,16,1172,-0.0007498264312744141,0.0007498264312744141,0.0007498264312744141,0.0005648732767440379,0.0,1.0,1.327424168586731
1934,30,13683,-0.0007495880126953125,0.0007495880126953125,0.0007495880126953125,0.0003566741943359375,0.0,1.0,2.1016042232513428
1935,19,1721,-0.0007495880126953125,0.0007495880126953125,0.0007495880126953125,0.00027339032385498285,0.0,1.0,2.741823434829712
1936,26,8115,0.0007495880126953125,0.0007495880126953125,0.0007495880126953125,0.00052408198826015,1.0,1.0,1.4302877187728882
1937,28,14079,-0.0007495880126953125,0.0007495880126953125,0.0007495880126953125,0.0005515849916264415,0.0,1.0,1.3589709997177124
1938,27,3977,-0.0007495880126953125,0.0007495880126953125,0.0007495880126953125,0.00013428872625809163,0.0,1.0,5.581912994384766
1939,17,9160,0.0007495880126953125,0.0007495880126953125,0.0007495880126953125,0.00012971373507753015,1.0,1.0,5.778786659240723
1940,26,11232,-0.0007495880126953125,0.0007495880126953125,0.0007495880126953125,0.00026835384778678417,0.0,1.0,2.7932820320129395
1941,26,7306,-0.0007492601871490479,0.0007492601871490479,0.0007518231868743896,0.00049138895701617,0.25,0.75,1.5247802734375
1942,31,11695,-0.0007491111755371094,0.0007491111755371094,0.0007491111755371094,0.00039890356129035354,0.0,1.0,1.8779255151748657
1943,19,7368,0.0007488727569580078,0.0007488727569580078,0.0007488727569580078,0.0005093895015306771,1.0,1.0,1.4701378345489502
1944,18,4479,-0.0007486343383789062,0.0007486343383789062,0.0007486343383789062,4.2510775529081e-05,0.0,1.0,17.61046028137207
1945,17,2614,-0.0007486343383789062,0.0007486343383789062,0.0007486343383789062,0.000277089566225186,0.0,1.0,2.701777458190918
1946,23,8284,-0.0007486343383789062,0.0007486343383789062,0.0007486343383789062,0.00022457157319877297,0.0,1.0,3.333611249923706
1947,18,6526,-0.0007486343383789062,0.0007486343383789062,0.0007486343383789062,0.00017306233348790556,0.0,1.0,4.325807571411133
1948,20,11285,-0.0007486343383789062,0.0007486343383789062,0.0007486343383789062,0.00013799966836813837,0.0,1.0,5.424899578094482
1949,28,5568,0.0007486343383789062,0.0007486343383789062,0.0007486343383789062,0.00012606910604517907,1.0,1.0,5.9382853507995605
1950,23,12445,-0.0007486343383789062,0.0007486343383789062,0.0007486343383789062,0.0002870337921194732,0.0,1.0,2.608175039291382
1951,28,7412,0.0007486343383789062,0.0007486343383789062,0.0007486343383789062,0.00021009209740441293,1.0,1.0,3.5633625984191895
1952,29,10692,-0.0007486343383789062,0.0007486343383789062,0.0008306503295898438,0.0008562630391679704,0.25,0.75,0.8743041753768921
1953,4,2027,-0.0007486343383789062,0.0007486343383789062,0.0012121200561523438,0.0009921013843268156,0.25,0.75,0.7545945644378662
1954,17,9250,0.0007481575012207031,0.0007481575012207031,0.0007481575012207031,0.0002698826720006764,1.0,1.0,2.77215838432312
1955,28,1132,0.0007476806640625,0.0007476806640625,0.0007476806640625,0.0005894956993870437,1.0,1.0,1.2683395147323608
1956,4,13921,-0.0007476806640625,0.0007476806640625,0.0007476806640625,0.00013661196862813085,0.0,1.0,5.473024368286133
1957,17,650,0.0007476806640625,0.0007476806640625,0.0007476806640625,0.0003078226582147181,1.0,1.0,2.4289331436157227
1958,27,2846,-0.0007472038269042969,0.0007472038269042969,0.0007472038269042969,0.0003049682127311826,0.0,1.0,2.450103998184204
1959,20,7,-0.0007467269897460938,0.0007467269897460938,0.0007467269897460938,0.00016040733316913247,0.0,1.0,4.6551923751831055
1960,30,13229,0.0007467269897460938,0.0007467269897460938,0.0007467269897460938,0.0002795599866658449,1.0,1.0,2.671079635620117
1961,26,8559,-0.0007467269897460938,0.0007467269897460938,0.0007467269897460938,0.0003351551422383636,0.0,1.0,2.228003978729248
1962,19,11586,0.0007467269897460938,0.0007467269897460938,0.0007467269897460938,0.00013295123062562197,1.0,1.0,5.61654806137085
1963,22,1550,0.0007467269897460938,0.0007467269897460938,0.0007467269897460938,0.00013404128549154848,1.0,1.0,5.570873260498047
1964,25,2,0.0007467269897460938,0.0007467269897460938,0.0007467269897460938,0.00014534384536091238,1.0,1.0,5.13765811920166
1965,23,4350,0.0007467269897460938,0.0007467269897460938,0.0007467269897460938,5.246942237135954e-05,1.0,1.0,14.231659889221191
1966,29,2813,-0.0007462501525878906,0.0007462501525878906,0.0007462501525878906,0.00020480419334489852,0.0,1.0,3.6437249183654785
1967,16,107,-0.0007457733154296875,0.0007457733154296875,0.0007457733154296875,0.0001224719890160486,0.0,1.0,6.0893378257751465
1968,19,7458,-0.0007457733154296875,0.0007457733154296875,0.0007457733154296875,0.0002612510579638183,0.0,1.0,2.8546230792999268
1969,26,9238,0.0007457733154296875,0.0007457733154296875,0.0007457733154296875,0.0003137631865683943,1.0,1.0,2.3768668174743652
1970,29,8099,-0.0007457733154296875,0.0007457733154296875,0.0007457733154296875,0.00016140496882144362,0.0,1.0,4.620510101318359
1971,17,1241,0.0007457733154296875,0.0007457733154296875,0.0007457733154296875,0.00040154557791538537,1.0,1.0,1.8572570085525513
1972,25,12210,-0.0007448196411132812,0.0007448196411132812,0.0007448196411132812,0.00014870899030938745,0.0,1.0,5.008571624755859
1973,22,6783,0.0007448196411132812,0.0007448196411132812,0.0007448196411132812,0.00023779022740200162,1.0,1.0,3.1322550773620605
1974,19,2260,-0.0007448196411132812,0.0007448196411132812,0.0007448196411132812,0.00017469428712502122,0.0,1.0,4.2635602951049805
1975,19,12247,-0.0007448196411132812,0.0007448196411132812,0.0007448196411132812,0.00033570826053619385,0.0,1.0,2.218651533126831
1976,24,4289,-0.0007443428039550781,0.0007443428039550781,0.0007443428039550781,0.00047813690616749227,0.0,1.0,1.556756615638733
1977,18,2945,-0.0007443428039550781,0.0007443428039550781,0.0007443428039550781,0.00022032302513252944,0.0,1.0,3.378415822982788
1978,29,11643,0.000743865966796875,0.000743865966796875,0.000743865966796875,0.00013373220281209797,1.0,1.0,5.562355041503906
1979,28,4638,0.000743865966796875,0.000743865966796875,0.000743865966796875,0.00024397665401920676,1.0,1.0,3.0489227771759033
1980,7,7198,-0.0007429122924804688,0.0007429122924804688,0.0007429122924804688,0.00032350089168176055,0.0,1.0,2.2964768409729004
1981,26,5864,0.0007429122924804688,0.0007429122924804688,0.0007429122924804688,0.0002605660993140191,1.0,1.0,2.851147174835205
1982,31,10662,-0.0007429122924804688,0.0007429122924804688,0.0007429122924804688,8.535784581908956e-05,0.0,1.0,8.703503608703613
1983,22,11805,0.0007429122924804688,0.0007429122924804688,0.0007429122924804688,0.00022168569557834417,1.0,1.0,3.3511962890625
1984,12,96,-0.0007426738739013672,0.0007426738739013672,0.0007426738739013672,0.0003626003162935376,0.0,1.0,2.0481886863708496
1985,30,5459,-0.0007424354553222656,0.0007424354553222656,0.0007424354553222656,0.0003319865500088781,0.0,1.0,2.236341953277588
1986,17,8034,-0.0007424354553222656,0.0007424354553222656,0.0007424354553222656,0.00032008063863031566,0.0,1.0,2.319526195526123
1987,27,7064,-0.0007421970367431641,0.0007421970367431641,0.0007421970367431641,0.00037900268216617405,0.0,1.0,1.958289623260498
1988,2,12761,0.0007419586181640625,0.0007419586181640625,0.0007419586181640625,0.0004537846543826163,1.0,1.0,1.6350456476211548
1989,31,11006,0.0007419586181640625,0.0007419586181640625,0.0007419586181640625,0.00025897129671648145,1.0,1.0,2.865022659301758
1990,18,3363,-0.0007419586181640625,0.0007419586181640625,0.0007419586181640625,0.00017039573867805302,0.0,1.0,4.354326248168945
1991,14,14318,-0.0007417201995849609,0.0007417201995849609,0.0007417201995849609,0.0003940939495805651,0.0,1.0,1.8820897340774536
1992,16,11581,-0.0007417201995849609,0.0007417201995849609,0.0007417201995849609,0.00035391878918744624,0.0,1.0,2.095735549926758
1993,20,3348,-0.0007416009902954102,0.0007416009902954102,0.0007416009902954102,0.0006064323824830353,0.0,1.0,1.2228914499282837
1994,21,11234,0.0007414817810058594,0.0007414817810058594,0.0007414817810058594,0.000328295020153746,1.0,1.0,2.2585837841033936
1995,30,1103,0.0007414817810058594,0.0007414817810058594,0.0007414817810058594,0.0002494232030585408,1.0,1.0,2.9727859497070312
1996,17,8758,0.0007414817810058594,0.0007414817810058594,0.0007414817810058594,0.0003904044278897345,1.0,1.0,1.8992657661437988
1997,25,3456,0.0007410049438476562,0.0007410049438476562,0.0007410049438476562,0.00018483330495655537,1.0,1.0,4.009044647216797
1998,30,5697,-0.0007410049438476562,0.0007410049438476562,0.0007410049438476562,9.403731382917613e-05,0.0,1.0,7.879903316497803
1999,14,9570,0.00074005126953125,0.00074005126953125,0.00074005126953125,0.0001832841953728348,1.0,1.0,4.037725448608398
2000,26,11407,-0.00074005126953125,0.00074005126953125,0.00074005126953125,0.0002834579208865762,0.0,1.0,2.610797643661499
2001,2,9968,0.0007376670837402344,0.0007376670837402344,0.0008397102355957031,0.0008025738643482327,0.75,0.75,0.9191267490386963
2002,11,469,0.0007370710372924805,0.0007370710372924805,0.0008715391159057617,0.0008559240377508104,0.75,0.75,0.8611407279968262
2003,12,3326,-0.0007238388061523438,0.0007238388061523438,0.0007238388061523438,0.0002805731783155352,0.0,1.0,2.579857349395752
2004,13,11485,0.0007236003875732422,0.0007236003875732422,0.0007236003875732422,0.0005780782084912062,1.0,1.0,1.2517343759536743
2005,8,2442,-0.0007212311029434204,0.0007212311029434204,0.0007362812757492065,0.0012663030065596104,0.5,0.5,0.569556474685669
2006,12,13868,-0.0007205009460449219,0.0007205009460449219,0.0007205009460449219,0.0002471557818353176,0.0,1.0,2.9151692390441895
2007,13,11841,-0.0007126182317733765,0.0007126182317733765,0.0007126182317733765,0.0006147004896774888,0.0,1.0,1.1592934131622314
2008,12,10813,0.0007086992263793945,0.0007086992263793945,0.0007513761520385742,0.0005753690493293107,0.75,0.75,1.2317298650741577
2009,12,3275,0.0007085800170898438,0.0007085800170898438,0.0007085800170898438,0.0002032445336226374,1.0,1.0,3.486342430114746
2010,13,4078,-0.0007066726684570312,0.0007066726684570312,0.0007066726684570312,0.00023602427972946316,0.0,1.0,2.994067668914795
2011,13,7084,0.0007052421569824219,0.0007052421569824219,0.0007052421569824219,0.0003037130809389055,1.0,1.0,2.3220670223236084
2012,13,11924,-0.0007047653198242188,0.0007047653198242188,0.0007047653198242188,7.607309089507908e-05,0.0,1.0,9.264318466186523
2013,2,11898,-0.0007040500640869141,0.0007040500640869141,0.0007040500640869141,0.00035637724795378745,0.0,1.0,1.9755752086639404
2014,11,4210,-0.0007038116455078125,0.0007038116455078125,0.0007038116455078125,0.00032100739190354943,0.0,1.0,2.192509174346924
2015,13,12230,0.0006990432739257812,0.0006990432739257812,0.0006990432739257812,0.000234011939028278,1.0,1.0,2.9872119426727295
2016,13,4288,-0.0006990432739257812,0.0006990432739257812,0.0006990432739257812,0.00022120928042568266,0.0,1.0,3.1600992679595947
2017,11,3677,-0.0006990432739257812,0.0006990432739257812,0.0006990432739257812,0.00018928693316411227,0.0,1.0,3.693035125732422
2018,13,4545,0.0006985366344451904,0.0006985366344451904,0.0009608566761016846,0.0009920120937749743,0.5,0.5,0.7041614055633545
2019,5,6152,0.0006937980651855469,0.0006937980651855469,0.0008664131164550781,0.0008500361582264304,0.75,0.75,0.8161982893943787
2020,2,5684,0.0006936192512512207,0.0006936192512512207,0.0007017254829406738,0.0012029417557641864,0.75,0.75,0.5766025185585022
2021,11,9513,-0.0006914138793945312,0.0006914138793945312,0.0006914138793945312,0.0003343400312587619,0.0,1.0,2.067996025085449
2022,13,6213,-0.0006898641586303711,0.0006898641586303711,0.0006898641586303711,0.0003808399778790772,0.0,1.0,1.8114279508590698
2023,13,13608,-0.0006895065307617188,0.0006895065307617188,0.0006895065307617188,0.00018026967882178724,0.0,1.0,3.8248612880706787
2024,11,7066,-0.0006889104843139648,0.0006889104843139648,0.0006889104843139648,0.0006925740162841976,0.0,1.0,0.9947102665901184
2025,13,11685,-0.0006880760192871094,0.0006880760192871094,0.0006880760192871094,0.00025288513279519975,0.0,1.0,2.7209033966064453
2026,12,6062,-0.0006875991821289062,0.0006875991821289062,0.0006875991821289062,0.000256726227235049,0.0,1.0,2.6783363819122314
2027,4,7053,-0.0006814002990722656,0.0006814002990722656,0.0006814002990722656,0.00016381767636630684,0.0,1.0,4.159503936767578
2028,1,198,0.00067901611328125,0.00067901611328125,0.0009183883666992188,0.0011179918656125665,0.75,0.75,0.6073533296585083
2029,11,7498,-0.00067138671875,0.00067138671875,0.00067138671875,0.00026202277513220906,0.0,1.0,2.562321901321411
2030,8,7903,0.00067138671875,0.00067138671875,0.00067138671875,0.00022354256361722946,1.0,1.0,3.0033955574035645
2031,13,13894,0.0006713271141052246,0.0006713271141052246,0.0006713271141052246,0.0005298707983456552,1.0,1.0,1.2669638395309448
2032,13,5427,-0.0006690025329589844,0.0006690025329589844,0.0006690025329589844,0.00021161847689654678,0.0,1.0,3.1613616943359375
2033,3,2145,0.00066375732421875,0.00066375732421875,0.00066375732421875,0.00010384107736172155,1.0,1.0,6.392049789428711
2034,11,2765,-0.0006628036499023438,0.0006628036499023438,0.0006628036499023438,0.0001428952964488417,0.0,1.0,4.6383867263793945
2035,13,13614,0.0006618499755859375,0.0006618499755859375,0.0006618499755859375,0.00031384723843075335,1.0,1.0,2.10882830619812
2036,13,10139,0.0006613731384277344,0.0006613731384277344,0.0006613731384277344,0.000208753946935758,1.0,1.0,3.1681947708129883
2037,13,10134,0.0006604194641113281,0.0006604194641113281,0.0006604194641113281,0.0004478907212615013,1.0,1.0,1.4745103120803833
2038,11,10096,0.0006595849990844727,0.0006595849990844727,0.0012553930282592773,0.0015170490369200706,0.5,0.5,0.43478158116340637
2039,11,8989,0.0006594657897949219,0.0006594657897949219,0.0006594657897949219,0.0003648284182418138,1.0,1.0,1.807605266571045
2040,13,4219,0.0006589889526367188,0.0006589889526367188,0.0006589889526367188,0.00025974103482440114,1.0,1.0,2.537099838256836
2041,11,11845,0.0006589889526367188,0.0006589889526367188,0.0006589889526367188,0.0004127339052502066,1.0,1.0,1.5966435670852661
2042,2,14246,0.0006573200225830078,0.0006573200225830078,0.0006573200225830078,0.0003064229676965624,1.0,1.0,2.145139455795288
2043,13,1378,0.0006570816040039062,0.0006570816040039062,0.0006570816040039062,0.00010541876690695062,1.0,1.0,6.233060836791992
2044,12,10373,-0.0006561279296875,0.0006561279296875,0.0006561279296875,0.0002376620686845854,0.0,1.0,2.7607600688934326
2045,3,727,-0.0006561279296875,0.0006561279296875,0.000972747802734375,0.0008156853727996349,0.25,0.75,0.8043885231018066
2046,12,13539,0.0006544589996337891,0.0006544589996337891,0.0007274150848388672,0.0007406422519125044,0.75,0.75,0.8836371302604675
2047,13,131,-0.0006532669067382812,0.0006532669067382812,0.0006532669067382812,0.00012438413978088647,0.0,1.0,5.252011299133301
2048,11,10520,-0.0006487369537353516,0.0006487369537353516,0.0006916522979736328,0.0009261140949092805,0.25,0.75,0.700493574142456
2049,13,7180,-0.0006480216979980469,0.0006480216979980469,0.0006480216979980469,0.00034349324414506555,0.0,1.0,1.8865631818771362
2050,11,2613,0.0006471872329711914,0.0006471872329711914,0.0006471872329711914,0.00045989174395799637,1.0,1.0,1.4072599411010742
2051,12,9150,-0.0006470680236816406,0.0006470680236816406,0.0006470680236816406,0.00023777445312589407,0.0,1.0,2.7213521003723145
2052,10,12385,0.0006461143493652344,0.0006461143493652344,0.0006461143493652344,0.0002938721445389092,1.0,1.0,2.1986238956451416
2053,12,179,-0.000644683837890625,0.000644683837890625,0.000644683837890625,4.046097456011921e-05,0.0,1.0,15.933472633361816
2054,12,3237,-0.0006437301635742188,0.0006437301635742188,0.0006437301635742188,0.00018838145479094237,0.0,1.0,3.417163133621216
2055,12,3218,-0.0006414651870727539,0.0006414651870727539,0.0006803274154663086,0.000521617301274091,0.25,0.75,1.229762077331543
2056,12,7206,0.0006403923034667969,0.0006403923034667969,0.0006403923034667969,0.0001956886553671211,1.0,1.0,3.27250599861145
2057,10,8892,0.0006389617919921875,0.0006389617919921875,0.0006389617919921875,0.00016966828843578696,1.0,1.0,3.765947103500366
2058,8,14238,0.0006368756294250488,0.0006368756294250488,0.0006368756294250488,0.0010422378545626998,1.0,1.0,0.6110655069351196
2059,10,2727,-0.0006363391876220703,0.0006363391876220703,0.0012390613555908203,0.001723694964312017,0.25,0.75,0.3691715896129608
2060,4,11701,-0.0006351470947265625,0.0006351470947265625,0.0006351470947265625,0.00023780744231771678,0.0,1.0,2.6708462238311768
2061,12,12701,0.0006303787231445312,0.0006303787231445312,0.0006303787231445312,0.0002623020554892719,1.0,1.0,2.403254985809326
2062,12,6262,0.0006282329559326172,0.0006282329559326172,0.0006282329559326172,0.0003715497150551528,1.0,1.0,1.6908448934555054
2063,3,749,0.0006265640258789062,0.0006265640258789062,0.0006265640258789062,0.00033784713014028966,1.0,1.0,1.8545784950256348
2064,12,2485,0.0006260871887207031,0.0006260871887207031,0.0006260871887207031,0.00035882589872926474,1.0,1.0,1.7448216676712036
2065,6,6574,0.00062541663646698,0.00062541663646698,0.0007116347551345825,0.0007647174061276019,0.5,0.5,0.8178402185440063
2066,12,8893,-0.0006251335144042969,0.0006251335144042969,0.0006251335144042969,0.00026283503393642604,0.0,1.0,2.378425359725952
2067,12,14039,-0.0006251335144042969,0.0006251335144042969,0.0006251335144042969,0.00033653320861048996,0.0,1.0,1.857568621635437
2068,0,11346,0.0006243735551834106,0.0006243735551834106,0.0006268173456192017,0.0010755079565569758,0.75,0.75,0.580538272857666
2069,10,9623,0.0006213188171386719,0.0006213188171386719,0.0006213188171386719,0.00023841237998567522,1.0,1.0,2.606067657470703
2070,2,5499,-0.0006208419799804688,0.0006208419799804688,0.0006208419799804688,0.0003161527565680444,0.0,1.0,1.9637404680252075
2071,3,3214,0.0006201267242431641,0.0006201267242431641,0.0006201267242431641,0.0004008362302556634,1.0,1.0,1.547082543373108
2072,1,12638,-0.0006198883056640625,0.0006198883056640625,0.0006198883056640625,0.0002720563788898289,0.0,1.0,2.278528928756714
2073,0,2762,0.0006167888641357422,0.0006167888641357422,0.0006167888641357422,0.00024580885656178,1.0,1.0,2.5092215538024902
2074,5,5270,0.0006155967712402344,0.0006155967712402344,0.0006155967712402344,0.0002590323274489492,1.0,1.0,2.3765249252319336
2075,9,11959,0.0006153583526611328,0.0006153583526611328,0.0006153583526611328,0.0003064704651478678,1.0,1.0,2.007887840270996
2076,11,9527,-0.0006103515625,0.0006103515625,0.0006103515625,0.00022965934476815164,0.0,1.0,2.6576387882232666
2077,0,8268,0.0006071329116821289,0.0006071329116821289,0.0006071329116821289,0.0005657079163938761,1.0,1.0,1.073226809501648
2078,0,6337,-0.00060272216796875,0.00060272216796875,0.00060272216796875,0.00031448702793568373,0.0,1.0,1.9165247678756714
2079,4,6798,-0.0006026029586791992,0.0006026029586791992,0.0006448030471801758,0.0008096981910057366,0.25,0.75,0.7442315816879272
2080,4,11986,-0.0006025135517120361,0.0006025135517120361,0.0006244480609893799,0.0010357191786170006,0.25,0.75,0.5817344784736633
2081,12,3941,0.0006017684936523438,0.0006017684936523438,0.0006017684936523438,0.00028195715276524425,1.0,1.0,2.1342551708221436
2082,12,3388,-0.0006012916564941406,0.0006012916564941406,0.0006012916564941406,0.00027006794698536396,0.0,1.0,2.2264459133148193
2083,10,13540,-0.000598907470703125,0.000598907470703125,0.000598907470703125,0.00024620318436063826,0.0,1.0,2.4325740337371826
2084,12,580,0.0005979537963867188,0.0005979537963867188,0.0005979537963867188,0.0002668158558662981,1.0,1.0,2.2410728931427
2085,12,3339,0.0005970001220703125,0.0005970001220703125,0.0005970001220703125,0.00016108911950141191,1.0,1.0,3.706023931503296
2086,7,222,0.0005938708782196045,0.0005938708782196045,0.0005938708782196045,0.0009874809766188264,1.0,1.0,0.601399838924408
2087,4,10275,-0.0005931854248046875,0.0005931854248046875,0.001026153564453125,0.0009728469303809106,0.25,0.75,0.6097418069839478
2088,10,1009,-0.000591278076171875,0.000591278076171875,0.000591278076171875,8.387998241232708e-05,0.0,1.0,7.04909610748291
2089,8,12139,0.0005893558263778687,0.0005893558263778687,0.0005893558263778687,0.0009550459799356759,1.0,1.0,0.6170967817306519
2090,7,5733,0.0005881786346435547,0.0005881786346435547,0.0005881786346435547,0.0007629225729033351,1.0,1.0,0.7709545493125916
2091,11,2824,-0.0005848407745361328,0.0005848407745361328,0.0005848407745361328,0.0002755189489107579,0.0,1.0,2.122688055038452
2092,12,5760,0.000583648681640625,0.000583648681640625,0.001850128173828125,0.0018988572992384434,0.75,0.75,0.30736836791038513
2093,1,11427,-0.0005830079317092896,0.0005830079317092896,0.0005836635828018188,0.0010024774819612503,0.25,0.75,0.581567108631134
2094,12,1369,-0.000579833984375,0.000579833984375,0.000579833984375,0.00039438324165530503,0.0,1.0,1.4702297449111938
2095,11,4052,-0.000579833984375,0.000579833984375,0.000579833984375,0.0003604308585636318,0.0,1.0,1.608724594116211
2096,9,7562,0.0005792081356048584,0.0005792081356048584,0.0006140768527984619,0.0010055684251710773,0.5,0.5,0.5760006904602051
2097,12,12812,-0.0005769729614257812,0.0005769729614257812,0.0005769729614257812,0.00034878021688200533,0.0,1.0,1.654259443283081
2098,2,138,0.0005764961242675781,0.0005764961242675781,0.0005764961242675781,0.0002598771243356168,1.0,1.0,2.218341112136841
2099,7,9247,0.0005750656127929688,0.0005750656127929688,0.0005750656127929688,0.0004715598770417273,1.0,1.0,1.219496488571167
2100,12,11804,0.0005745887756347656,0.0005745887756347656,0.0005745887756347656,0.00014325047959573567,1.0,1.0,4.011077404022217
2101,11,11927,0.0005736351013183594,0.0005736351013183594,0.0005736351013183594,0.0002564634778536856,1.0,1.0,2.236712694168091
2102,6,10980,0.0005731582641601562,0.0005731582641601562,0.0005731582641601562,0.00019654716015793383,1.0,1.0,2.9161360263824463
2103,12,9442,-0.0005723237991333008,0.0005723237991333008,0.0005723237991333008,0.0006073606782592833,0.0,1.0,0.9423128962516785
2104,9,5195,-0.0005703866481781006,0.0005703866481781006,0.0005703866481781006,0.0009483137400820851,0.0,1.0,0.6014746427536011
2105,11,7150,0.0005674362182617188,0.0005674362182617188,0.0005674362182617188,0.0002707444364205003,1.0,1.0,2.095837116241455
2106,3,11012,0.0005669593811035156,0.0005669593811035156,0.0005669593811035156,0.000351670227246359,1.0,1.0,1.6121904850006104
2107,9,6889,-0.0005649030208587646,0.0005649030208587646,0.0006968080997467041,0.0009640908101573586,0.5,0.5,0.5859437584877014
2108,4,2119,0.0005640983581542969,0.0005640983581542969,0.0005640983581542969,0.00021066651970613748,1.0,1.0,2.6776838302612305
2109,3,6399,-0.0005635470151901245,0.0005635470151901245,0.0005743652582168579,0.0009872912196442485,0.5,0.5,0.5708011984825134
2110,10,13152,-0.0005626678466796875,0.0005626678466796875,0.0005626678466796875,0.00019961658108513802,0.0,1.0,2.8187429904937744
2111,5,3155,-0.0005585253238677979,0.0005585253238677979,0.0005613267421722412,0.0008504416910000145,0.25,0.75,0.6567473411560059
2112,5,13418,0.0005574226379394531,0.0005574226379394531,0.0005574226379394531,0.00022434009588323534,1.0,1.0,2.4847214221954346
2113,3,5299,0.00055694580078125,0.00055694580078125,0.00055694580078125,0.00016425362264271826,1.0,1.0,3.3907673358917236
2114,11,3394,-0.000553131103515625,0.000553131103515625,0.000782012939453125,0.0006238983478397131,0.25,0.75,0.8865724802017212
2115,5,3741,-0.0005523264408111572,0.0005523264408111572,0.0005523264408111572,0.0006290759774856269,0.0,1.0,0.8779963850975037
2116,6,7790,0.0005499124526977539,0.0005499124526977539,0.0005499124526977539,0.0007002573693171144,1.0,1.0,0.7853004932403564
2117,4,3869,-0.0005488395690917969,0.0005488395690917969,0.0005488395690917969,0.0002626550558488816,0.0,1.0,2.089583158493042
2118,8,4143,-0.0005464553833007812,0.0005464553833007812,0.0005464553833007812,0.00014061118417885154,0.0,1.0,3.886286735534668
2119,6,12689,0.0005445480346679688,0.0005445480346679688,0.0022459030151367188,0.002455633133649826,0.75,0.75,0.22175464034080505
2120,0,13336,0.0005443096160888672,0.0005443096160888672,0.0005443096160888672,0.0003269360458943993,1.0,1.0,1.6648809909820557
2121,7,14192,0.0005439519882202148,0.0005439519882202148,0.0009361505508422852,0.001412867452017963,0.25,0.75,0.3849985897541046
2122,4,3655,-0.0005439072847366333,0.0005439072847366333,0.0005563646554946899,0.0009545902139507234,0.5,0.5,0.5697808861732483
2123,11,7504,-0.0005365610122680664,0.0005365610122680664,0.0005811452865600586,0.0006153667927719653,0.5,0.5,0.8719369173049927
2124,11,3653,0.0005363225936889648,0.0005363225936889648,0.0006064176559448242,0.0008256036671809852,0.75,0.75,0.6496126651763916
2125,5,9142,0.0005356371402740479,0.0005356371402740479,0.0005356371402740479,0.0008061730768531561,1.0,1.0,0.6644195318222046
2126,1,4798,-0.0005340576171875,0.0005340576171875,0.0005340576171875,0.0001237794349435717,0.0,1.0,4.314590930938721
2127,6,8149,-0.0005326271057128906,0.0005326271057128906,0.0005326271057128906,0.00012176725431345403,0.0,1.0,4.374140739440918
2128,6,5517,0.0005311965942382812,0.0005311965942382812,0.0005311965942382812,0.00019587505084928125,1.0,1.0,2.7119154930114746
2129,5,10795,0.0005307197570800781,0.0005307197570800781,0.0005307197570800781,0.0002502568531781435,1.0,1.0,2.1207001209259033
2130,10,7028,-0.0005304813385009766,0.0005304813385009766,0.0006840229034423828,0.0007460886263288558,0.25,0.75,0.7110165357589722
2131,8,4392,-0.0005279332399368286,0.0005279332399368286,0.0005859583616256714,0.0009816265664994717,0.75,0.75,0.537814736366272
2132,7,3720,0.0005255937576293945,0.0005255937576293945,0.000586390495300293,0.00041331996908411384,0.75,0.75,1.2716388702392578
2133,11,11553,0.0005249977111816406,0.0005249977111816406,0.0005249977111816406,0.00023727667576167732,1.0,1.0,2.212597131729126
2134,6,3888,-0.0005216598510742188,0.0005216598510742188,0.0006361007690429688,0.00045709064579568803,0.25,0.75,1.1412612199783325
2135,9,8877,0.0005199909210205078,0.0005199909210205078,0.0005199909210205078,0.0004243943840265274,1.0,1.0,1.2252540588378906
2136,8,3133,-0.000518798828125,0.000518798828125,0.000518798828125,0.00013259159459266812,0.0,1.0,3.9127581119537354
2137,7,4661,-0.0005173683166503906,0.0005173683166503906,0.0005173683166503906,0.0002232387341791764,0.0,1.0,2.317556142807007
2138,8,5144,0.0005133152008056641,0.0005133152008056641,0.0005133152008056641,0.000603200460318476,1.0,1.0,0.8509860634803772
2139,7,13458,-0.0005092620849609375,0.0005092620849609375,0.0005092620849609375,0.0001349912490695715,0.0,1.0,3.7725563049316406
2140,4,9185,0.0005068778991699219,0.0005068778991699219,0.0005068778991699219,0.00017923687119036913,1.0,1.0,2.8279778957366943
2141,4,332,0.0005060136318206787,0.0005060136318206787,0.0005060136318206787,0.0007482494111172855,1.0,1.0,0.6762633323669434
2142,11,1797,-0.0005006790161132812,0.0005006790161132812,0.0005006790161132812,0.0003361495619174093,0.0,1.0,1.4894530773162842
2143,8,11879,0.0005001723766326904,0.0005001723766326904,0.0005143582820892334,0.0008394330507144332,0.75,0.75,0.5958454608917236
2144,4,3517,0.0004999637603759766,0.0004999637603759766,0.0005815029144287109,0.00041023094672709703,0.75,0.75,1.2187373638153076
2145,4,2577,-0.0004992485046386719,0.0004992485046386719,0.0004992485046386719,5.3548195865005255e-05,0.0,1.0,9.323348999023438
2146,10,7206,-0.0004987716674804688,0.0004987716674804688,0.0004987716674804688,0.0002073205541819334,0.0,1.0,2.405799388885498
2147,0,10390,0.0004978179931640625,0.0004978179931640625,0.0004978179931640625,0.0002036044461419806,1.0,1.0,2.4450252056121826
2148,10,5449,-0.00049591064453125,0.00049591064453125,0.00049591064453125,0.00032682239543646574,0.0,1.0,1.5173704624176025
2149,11,12723,0.0004904270172119141,0.0004904270172119141,0.0004904270172119141,0.0004891904536634684,1.0,1.0,1.0025278329849243
2150,6,12543,0.000490143895149231,0.000490143895149231,0.0004959553480148315,0.00043656761408783495,0.75,0.75,1.122721552848816
2151,7,11354,0.0004885196685791016,0.0004885196685791016,0.0004885196685791016,0.0006616960745304823,1.0,1.0,0.7382840514183044
2152,9,815,0.00048735737800598145,0.00048735737800598145,0.0004911124706268311,0.0006122103077359498,0.75,0.75,0.7960620522499084
2153,11,7903,0.00048726797103881836,0.00048726797103881836,0.00048726797103881836,0.00030116166453808546,1.0,1.0,1.6179615259170532
2154,11,8492,0.0004863739013671875,0.0004863739013671875,0.0004863739013671875,0.00017145462334156036,1.0,1.0,2.836750030517578
2155,2,8645,-0.00048598647117614746,0.00048598647117614746,0.0005103647708892822,0.0008260883623734117,0.5,0.5,0.5882984399795532
2156,9,2365,0.0004856586456298828,0.0004856586456298828,0.0004856586456298828,0.00027594773564487696,1.0,1.0,1.7599660158157349
2157,5,6834,-0.000484466552734375,0.000484466552734375,0.001117706298828125,0.0011732596904039383,0.5,0.5,0.41292354464530945
2158,10,10415,-0.0004839897155761719,0.0004839897155761719,0.0004839897155761719,0.0001476463658036664,0.0,1.0,3.278033494949341
2159,11,9716,-0.00048351287841796875,0.00048351287841796875,0.00048351287841796875,0.00021356130309868604,0.0,1.0,2.264047145843506
2160,10,3769,-0.0004825592041015625,0.0004825592041015625,0.0004825592041015625,0.0001995117636397481,0.0,1.0,2.4187004566192627
2161,11,7948,-0.00048160552978515625,0.00048160552978515625,0.00048160552978515625,0.0001278528361581266,0.0,1.0,3.766874074935913
2162,6,12790,-0.0004811286926269531,0.0004811286926269531,0.0004811286926269531,0.00013316227705217898,0.0,1.0,3.613100528717041
2163,11,8208,-0.00048065185546875,0.00048065185546875,0.00077056884765625,0.0010003821225836873,0.25,0.75,0.4804682433605194
2164,10,12506,-0.00048029422760009766,0.00048029422760009766,0.00048029422760009766,0.0002847830473911017,0.0,1.0,1.6865267753601074
2165,1,88,0.00047969818115234375,0.00047969818115234375,0.00047969818115234375,0.00011499192623887211,1.0,1.0,4.171581268310547
2166,7,8766,0.0004786252975463867,0.0004786252975463867,0.00048673152923583984,0.0008118218393065035,0.75,0.75,0.5895693898200989
2167,10,6985,-0.0004782676696777344,0.0004782676696777344,0.0004782676696777344,0.00011977917893091217,0.0,1.0,3.9929115772247314
2168,10,6822,-0.00047647953033447266,0.00047647953033447266,0.0005239248275756836,0.0005544473533518612,0.25,0.75,0.859377384185791
2169,8,11354,0.00047647953033447266,0.00047647953033447266,0.0005186796188354492,0.0007627495215274394,0.5,0.5,0.6246867775917053
2170,11,3343,0.00047576427459716797,0.00047576427459716797,0.00047576427459716797,0.00046961300540715456,1.0,1.0,1.0130985975265503
2171,0,491,0.0004754066467285156,0.0004754066467285156,0.0007424354553222656,0.0006807756726630032,0.75,0.75,0.698330819606781
2172,5,8869,-0.00047385692596435547,0.00047385692596435547,0.00047385692596435547,0.0007483842200599611,0.0,1.0,0.6331733465194702
2173,10,9322,0.0004715919494628906,0.0004715919494628906,0.0005402565002441406,0.0003872278903145343,0.75,0.75,1.2178666591644287
2174,11,8612,-0.0004699230194091797,0.0004699230194091797,0.0004699230194091797,0.00017731852130964398,0.0,1.0,2.650163173675537
2175,11,6464,0.0004680156707763672,0.0004680156707763672,0.0006840229034423828,0.001063696458004415,0.25,0.75,0.4399898648262024
2176,11,2526,0.00046765804290771484,0.00046765804290771484,0.00046765804290771484,0.0002542341244406998,1.0,1.0,1.8394778966903687
2177,3,1072,-0.00046753883361816406,0.00046753883361816406,0.0005710124969482422,0.0004164360580034554,0.25,0.75,1.122714638710022
2178,11,12239,-0.00046694278717041016,0.00046694278717041016,0.0007041692733764648,0.0007154140039347112,0.5,0.5,0.6526889204978943
2179,11,3432,0.00046688318252563477,0.00046688318252563477,0.00046688318252563477,0.00028807646594941616,1.0,1.0,1.6206918954849243
2180,9,4402,-0.0004668235778808594,0.0004668235778808594,0.0004668235778808594,0.00029036562773399055,0.0,1.0,1.607709527015686
2181,8,7331,-0.00046634674072265625,0.00046634674072265625,0.0009241104125976562,0.0008241616887971759,0.25,0.75,0.5658437609672546
2182,4,419,-0.00046437978744506836,0.00046437978744506836,0.0004660487174987793,0.0007672450155951083,0.25,0.75,0.605256199836731
2183,10,7078,0.00046133995056152344,0.00046133995056152344,0.00046133995056152344,0.0001928903511725366,1.0,1.0,2.391721248626709
2184,11,2049,0.0004611015319824219,0.0004611015319824219,0.0004611015319824219,0.0002037400845438242,1.0,1.0,2.2631850242614746
2185,7,11484,-0.0004596710205078125,0.0004596710205078125,0.0004596710205078125,0.00016759724530857056,0.0,1.0,2.7427122592926025
2186,8,8277,0.0004589557647705078,0.0004589557647705078,0.0008080005645751953,0.0009097091970033944,0.75,0.75,0.5045081973075867
2187,6,12140,-0.0004584789276123047,0.0004584789276123047,0.0004584789276123047,0.0002283600770169869,0.0,1.0,2.007701873779297
2188,9,2142,-0.0004582405090332031,0.0004582405090332031,0.0004582405090332031,0.00029226773767732084,0.0,1.0,1.5678791999816895
2189,9,3459,-0.0004563331604003906,0.0004563331604003906,0.0004563331604003906,0.0002322245854884386,0.0,1.0,1.9650510549545288
2190,10,4263,-0.0004558563232421875,0.0004558563232421875,0.0004558563232421875,8.138144767144695e-05,0.0,1.0,5.601477146148682
2191,9,7202,-0.0004558563232421875,0.0004558563232421875,0.0004558563232421875,0.00017310699331574142,0.0,1.0,2.6333789825439453
2192,9,7463,0.0004553794860839844,0.0004553794860839844,0.0004553794860839844,0.00011437234934419394,1.0,1.0,3.9815523624420166
2193,7,3401,0.0004531741142272949,0.0004531741142272949,0.0004836916923522949,0.0007703098235651851,0.75,0.75,0.5883011221885681
2194,7,9629,0.00045299530029296875,0.00045299530029296875,0.00045299530029296875,0.0002189072110923007,1.0,1.0,2.0693485736846924
2195,4,10207,-0.0004528462886810303,0.0004528462886810303,0.0004890859127044678,0.0007384181371890008,0.25,0.75,0.6132653951644897
2196,11,14188,-0.0004527568817138672,0.0004527568817138672,0.0004928112030029297,0.0004317593411542475,0.25,0.75,1.0486325025558472
2197,7,12988,0.0004521012306213379,0.0004521012306213379,0.0004546046257019043,0.0006934141856618226,0.75,0.75,0.6519930362701416
2198,11,6404,-0.0004489421844482422,0.0004489421844482422,0.0004489421844482422,0.00024161237524822354,0.0,1.0,1.8581092357635498
2199,9,9571,-0.00044798851013183594,0.00044798851013183594,0.0009000301361083984,0.001011648098938167,0.25,0.75,0.4428303837776184
2200,9,5564,-0.0004475712776184082,0.0004475712776184082,0.0005671381950378418,0.0009145883377641439,0.75,0.75,0.48936909437179565
2201,10,1174,0.000446319580078125,0.000446319580078125,0.000446319580078125,0.00013716342800762504,1.0,1.0,3.2539255619049072
2202,8,14144,0.0004458427429199219,0.0004458427429199219,0.0004458427429199219,0.0001483592059230432,1.0,1.0,3.005157232284546
2203,9,2069,0.00044536590576171875,0.00044536590576171875,0.00044536590576171875,0.0007075454923324287,1.0,1.0,0.6294519901275635
2204,10,2188,-0.00044536590576171875,0.00044536590576171875,0.00044536590576171875,0.00010072444274555892,0.0,1.0,4.421627044677734
2205,10,853,0.00044536590576171875,0.00044536590576171875,0.0008306503295898438,0.0008115420932881534,0.75,0.75,0.5487896800041199
2206,4,9067,0.00044524669647216797,0.00044524669647216797,0.00044524669647216797,0.0004059097555000335,1.0,1.0,1.0969105958938599
2207,0,2612,-0.0004448890686035156,0.0004448890686035156,0.0006270408630371094,0.000682258338201791,0.25,0.75,0.6520829796791077
2208,6,11965,-0.0004432201385498047,0.0004432201385498047,0.0004432201385498047,0.0002765995741356164,0.0,1.0,1.6023890972137451
2209,11,1244,-0.00044161081314086914,0.00044161081314086914,0.00044161081314086914,0.000417499482864514,0.0,1.0,1.0577517747879028
2210,0,42,-0.00044155120849609375,0.00044155120849609375,0.00044155120849609375,0.00025781505974009633,0.0,1.0,1.7126665115356445
2211,4,4988,-0.00043964385986328125,0.00043964385986328125,0.00043964385986328125,0.00011486531002447009,0.0,1.0,3.8274729251861572
2212,11,10499,0.000438690185546875,0.000438690185546875,0.000438690185546875,6.167258106870577e-05,1.0,1.0,7.113212585449219
2213,2,4190,-0.00043773651123046875,0.00043773651123046875,0.00043773651123046875,0.00018351479957345873,0.0,1.0,2.3852927684783936
2214,10,6050,0.00043654441833496094,0.00043654441833496094,0.00043654441833496094,0.0003503337793517858,1.0,1.0,1.2460814714431763
2215,0,11979,-0.0004341602325439453,0.0004341602325439453,0.0004341602325439453,0.0005393698229454458,0.0,1.0,0.8049398064613342
2216,0,1698,0.0004330873489379883,0.0004330873489379883,0.0004330873489379883,0.00032631211797706783,1.0,1.0,1.3272180557250977
2217,6,5680,-0.0004316270351409912,0.0004316270351409912,0.0004372894763946533,0.0007156984647735953,0.25,0.75,0.6030850410461426
2218,9,10599,0.00043123960494995117,0.00043123960494995117,0.0004760622978210449,0.000714583438821137,0.75,0.75,0.6034839153289795
2219,5,1411,0.0004312098026275635,0.0004312098026275635,0.00043389201164245605,0.0007204366265796125,0.75,0.75,0.5985395312309265
2220,10,43,0.0004303455352783203,0.0004303455352783203,0.0004303455352783203,0.0004739643190987408,1.0,1.0,0.9079703092575073
2221,4,7502,-0.00042942166328430176,0.00042942166328430176,0.00042942166328430176,0.0007168528973124921,0.0,1.0,0.5990373492240906
2222,2,2214,-0.0004282444715499878,0.0004282444715499878,0.0004376918077468872,0.0007482825894840062,0.5,0.5,0.5723031163215637
2223,0,13463,-0.00042819976806640625,0.00042819976806640625,0.0007123947143554688,0.000655542011372745,0.25,0.75,0.6531995534896851
2224,5,11491,0.0004258155822753906,0.0004258155822753906,0.0005002021789550781,0.0004386515647638589,0.75,0.75,0.970737636089325
2225,9,7629,-0.0004241466522216797,0.0004241466522216797,0.0004241466522216797,0.00013578288780990988,0.0,1.0,3.1237120628356934
2226,11,11291,0.00042366981506347656,0.00042366981506347656,0.00042366981506347656,0.00022789262584410608,1.0,1.0,1.8590764999389648
2227,11,6158,-0.0004229545593261719,0.0004229545593261719,0.0004229545593261719,0.00012585881631821394,0.0,1.0,3.3605477809906006
2228,10,10671,-0.0004229545593261719,0.0004229545593261719,0.0004229545593261719,0.0001215579395648092,0.0,1.0,3.4794483184814453
2229,2,1601,0.00042176246643066406,0.00042176246643066406,0.00042176246643066406,0.0003218805359210819,1.0,1.0,1.310307502746582
2230,11,10555,0.0004210472106933594,0.0004210472106933594,0.0004210472106933594,0.0002263219066662714,1.0,1.0,1.8603909015655518
2231,5,12485,-0.00042057037353515625,0.00042057037353515625,0.00042057037353515625,0.00012606910604517907,0.0,1.0,3.3360304832458496
2232,4,5014,0.0004191398620605469,0.0004191398620605469,0.0004191398620605469,0.00017394755559507757,1.0,1.0,2.409575939178467
2233,7,8496,0.0004184246063232422,0.0004184246063232422,0.0004184246063232422,0.00019726468599401414,1.0,1.0,2.1211328506469727
2234,11,6729,-0.00041687488555908203,0.00041687488555908203,0.00041687488555908203,0.00031869890517555177,0.0,1.0,1.30805242061615
2235,2,13353,-0.00041675567626953125,0.00041675567626953125,0.00041675567626953125,0.00011145756434416398,0.0,1.0,3.7391421794891357
2236,10,1973,-0.0004155486822128296,0.0004155486822128296,0.00042225420475006104,0.00042516578105278313,0.25,0.75,0.9773803353309631
2237,1,2341,-0.00041484832763671875,0.00041484832763671875,0.00041484832763671875,0.00020538567332550883,0.0,1.0,2.019850254058838
2238,1,11930,0.0004124939441680908,0.0004124939441680908,0.0004124939441680908,0.00026577155222184956,1.0,1.0,1.5520620346069336
2239,6,6352,0.00041103363037109375,0.00041103363037109375,0.00041103363037109375,0.00019217187946196645,1.0,1.0,2.138885498046875
2240,10,2108,0.0004107952117919922,0.0004107952117919922,0.0004107952117919922,0.00017866239068098366,1.0,1.0,2.2992820739746094
2241,3,9762,-0.0004105567932128906,0.0004105567932128906,0.0004105567932128906,4.657163663068786e-05,0.0,1.0,8.815597534179688
2242,6,4125,0.0004086494445800781,0.0004086494445800781,0.0004086494445800781,0.00021117534197401255,1.0,1.0,1.9351191520690918
2243,7,10932,-0.00040850043296813965,0.00040850043296813965,0.00040850043296813965,0.0006935764686204493,0.0,1.0,0.5889768004417419
2244,5,8473,-0.0004075169563293457,0.0004075169563293457,0.000455319881439209,0.0007015650626271963,0.5,0.5,0.5808683633804321
2245,10,650,0.0004067420959472656,0.0004067420959472656,0.0004067420959472656,9.069813677342609e-05,1.0,1.0,4.484569549560547
2246,7,14299,-0.0004067420959472656,0.0004067420959472656,0.0004916191101074219,0.00036871415795758367,0.25,0.75,1.103136658668518
2247,9,4665,-0.0004050731658935547,0.0004050731658935547,0.0004050731658935547,0.0001998845109483227,0.0,1.0,2.026535987854004
2248,7,9046,0.0004050135612487793,0.0004050135612487793,0.00043517351150512695,0.00030147223151288927,0.75,0.75,1.3434523344039917
2249,8,1854,-0.0004031658172607422,0.0004031658172607422,0.0004031658172607422,0.00023120197874959558,0.0,1.0,1.7437818050384521
2250,10,1483,0.0004031658172607422,0.0004031658172607422,0.0004031658172607422,0.0002304849331267178,1.0,1.0,1.749206781387329
2251,9,12986,-0.0004017353057861328,0.0004017353057861328,0.0004017353057861328,0.0002122256119037047,0.0,1.0,1.8929634094238281
2252,0,309,-0.0004010200500488281,0.0004010200500488281,0.0004010200500488281,3.981233385275118e-05,0.0,1.0,10.072758674621582
2253,4,2104,0.0004010051488876343,0.0004010051488876343,0.0004010051488876343,0.0006411300855688751,1.0,1.0,0.6254661083221436
2254,0,5163,0.000400543212890625,0.000400543212890625,0.000400543212890625,0.0003507609653752297,1.0,1.0,1.1419264078140259
2255,3,5530,0.00040030479431152344,0.00040030479431152344,0.00040030479431152344,0.00023075802891980857,1.0,1.0,1.7347383499145508
2256,5,13861,0.00040030479431152344,0.00040030479431152344,0.0006501674652099609,0.0006577008171007037,0.75,0.75,0.6086426973342896
2257,7,11225,0.0003992617130279541,0.0003992617130279541,0.0004132688045501709,0.0002493720094207674,0.75,0.75,1.6010687351226807
2258,9,161,0.0003991127014160156,0.0003991127014160156,0.0003991127014160156,0.00033980561420321465,1.0,1.0,1.174532413482666
2259,3,6864,-0.0003962516784667969,0.0003962516784667969,0.0003962516784667969,8.197578426916152e-05,0.0,1.0,4.833765029907227
2260,7,9523,-0.0003962516784667969,0.0003962516784667969,0.0003962516784667969,0.0001450612035114318,0.0,1.0,2.7316172122955322
2261,9,4889,-0.0003955960273742676,0.0003955960273742676,0.0003955960273742676,0.0002996721013914794,0.0,1.0,1.3200962543487549
2262,2,7332,-0.0003952980041503906,0.0003952980041503906,0.0003952980041503906,0.00019624557171482593,0.0,1.0,2.0143027305603027
2263,5,12767,-0.00039499998092651367,0.00039499998092651367,0.00039499998092651367,0.0002822857641149312,0.0,1.0,1.3992911577224731
2264,10,10603,0.00039315223693847656,0.00039315223693847656,0.00039315223693847656,0.0002031912445090711,1.0,1.0,1.9348876476287842
2265,10,4084,0.0003930330276489258,0.0003930330276489258,0.0003930330276489258,0.0002564932801760733,1.0,1.0,1.5323326587677002
2266,3,11396,0.0003921985626220703,0.0003921985626220703,0.0003921985626220703,0.0002508919278625399,1.0,1.0,1.5632171630859375
2267,10,9338,0.0003914833068847656,0.0003914833068847656,0.0003914833068847656,0.00022279830591287464,1.0,1.0,1.7571197748184204
2268,5,6955,0.00039064884185791016,0.00039064884185791016,0.00039064884185791016,0.00025428287335671484,1.0,1.0,1.5362766981124878
2269,5,14182,0.0003902912139892578,0.0003902912139892578,0.0003902912139892578,0.0002145993639715016,1.0,1.0,1.8186969757080078
2270,10,7999,-0.00039017200469970703,0.00039017200469970703,0.00039017200469970703,0.00028013286646455526,0.0,1.0,1.392810583114624
2271,10,1156,-0.00038933753967285156,0.00038933753967285156,0.00038933753967285156,0.0002899533719755709,0.0,1.0,1.342759132385254
2272,5,14076,-0.0003887563943862915,0.0003887563943862915,0.0004198402166366577,0.0006882291636429727,0.5,0.5,0.5648647546768188
2273,10,1082,-0.00038826465606689453,0.00038826465606689453,0.00038826465606689453,0.00018263621313963085,0.0,1.0,2.1258909702301025
2274,4,11010,-0.0003879070281982422,0.0003879070281982422,0.0003879070281982422,0.00024804825079627335,0.0,1.0,1.563836932182312
2275,1,8823,0.00038743019104003906,0.00038743019104003906,0.00038743019104003906,0.0002535629610065371,1.0,1.0,1.5279446840286255
2276,3,6139,0.0003866255283355713,0.0003866255283355713,0.00042191147804260254,0.0006680929218418896,0.75,0.75,0.5787002444267273
2277,10,12035,-0.0003857612609863281,0.0003857612609863281,0.0008683204650878906,0.0008188663050532341,0.25,0.75,0.4710918664932251
2278,9,169,0.0003846883773803711,0.0003846883773803711,0.0008741617202758789,0.0012575588189065456,0.25,0.75,0.305900901556015
2279,0,8833,0.0003838837146759033,0.0003838837146759033,0.0003838837146759033,0.0006108789821155369,1.0,1.0,0.6284120678901672
2280,3,10591,0.0003833770751953125,0.0003833770751953125,0.0003833770751953125,0.00012350727047305554,1.0,1.0,3.1040849685668945
2281,5,7077,-0.0003833770751953125,0.0003833770751953125,0.0004477500915527344,0.0004457971081137657,0.25,0.75,0.8599810600280762
2282,9,14278,0.00038242340087890625,0.00038242340087890625,0.00038242340087890625,8.93455944606103e-05,1.0,1.0,4.280271530151367
2283,6,12809,-0.0003819465637207031,0.0003819465637207031,0.0003819465637207031,0.00011510952026583254,0.0,1.0,3.3181145191192627
2284,6,13439,-0.00038051605224609375,0.00038051605224609375,0.0004253387451171875,0.0003497749275993556,0.25,0.75,1.0878883600234985
2285,10,13538,0.00037932395935058594,0.00037932395935058594,0.00037932395935058594,0.00012172780407126993,1.0,1.0,3.1161653995513916
2286,10,12591,-0.00037920475006103516,0.00037920475006103516,0.0005489587783813477,0.0006703688995912671,0.25,0.75,0.5656657814979553
2287,2,5502,-0.0003788471221923828,0.0003788471221923828,0.0003788471221923828,0.0001250757195521146,0.0,1.0,3.028942108154297
2288,7,2623,-0.00037860870361328125,0.00037860870361328125,0.00037860870361328125,6.679125363007188e-05,0.0,1.0,5.668537139892578
2289,5,12553,0.00037789344787597656,0.00037789344787597656,0.00037789344787597656,0.00021121073223184794,1.0,1.0,1.7891772985458374
2290,9,5639,-0.0003777742385864258,0.0003777742385864258,0.0003777742385864258,0.0003114196297246963,0.0,1.0,1.213071346282959
2291,8,9963,-0.0003771781921386719,0.0003771781921386719,0.0003771781921386719,2.364554711675737e-05,0.0,1.0,15.951339721679688
2292,7,4026,0.0003771781921386719,0.0003771781921386719,0.0004591941833496094,0.0005126837641000748,0.75,0.75,0.735693633556366
2293,9,12650,-0.0003762245178222656,0.0003762245178222656,0.0003762245178222656,0.0001491357252234593,0.0,1.0,2.5226988792419434
2294,9,4090,-0.0003757476806640625,0.0003757476806640625,0.0003757476806640625,0.0001656156382523477,0.0,1.0,2.2687935829162598
2295,9,6282,0.00037479400634765625,0.00037479400634765625,0.00037479400634765625,0.00017710890097077936,1.0,1.0,2.116178274154663
2296,8,1342,-0.0003726780414581299,0.0003726780414581299,0.0003865659236907959,0.0006138539756648242,0.25,0.75,0.6071118712425232
2297,9,8332,-0.0003726184368133545,0.0003726184368133545,0.0003726184368133545,0.0002070435439236462,0.0,1.0,1.7997105121612549
2298,4,9546,0.0003710240125656128,0.0003710240125656128,0.000377461314201355,0.0006188085535541177,0.75,0.75,0.5995780229568481
2299,9,616,0.0003705620765686035,0.0003705620765686035,0.0003705620765686035,0.00028557004407048225,1.0,1.0,1.2976223230361938
2300,4,12384,-0.00037026405334472656,0.00037026405334472656,0.0004086494445800781,0.0005469861207529902,0.25,0.75,0.6769167184829712
2301,5,8965,-0.000370025634765625,0.000370025634765625,0.0003789663314819336,0.00040483646444045007,0.25,0.75,0.914012610912323
2302,3,3117,0.00036907196044921875,0.00036907196044921875,0.00036907196044921875,0.00012629255070351064,1.0,1.0,2.9223573207855225
2303,6,7569,-0.00036835670471191406,0.00036835670471191406,0.00036835670471191406,0.00016147874703165144,0.0,1.0,2.281146764755249
2304,5,11302,-0.00036787986755371094,0.00036787986755371094,0.00036787986755371094,0.00024723203387111425,0.0,1.0,1.4879943132400513
2305,2,8872,-0.00036597251892089844,0.00036597251892089844,0.00036597251892089844,0.0002496244851499796,0.0,1.0,1.4660922288894653
2306,2,12875,0.00036545097827911377,0.00036545097827911377,0.0003836601972579956,0.0006393999792635441,0.5,0.5,0.5715529918670654
2307,4,10072,-0.00036525726318359375,0.00036525726318359375,0.00036525726318359375,7.894787995610386e-05,0.0,1.0,4.626562118530273
2308,7,10827,-0.00036525726318359375,0.00036525726318359375,0.00036525726318359375,0.00013652206689585,0.0,1.0,2.6754448413848877
2309,5,13205,-0.00036334991455078125,0.00036334991455078125,0.00045752525329589844,0.0007260479032993317,0.5,0.5,0.5004489421844482
2310,7,8426,0.00036215782165527344,0.00036215782165527344,0.0004379749298095703,0.000619171594735235,0.5,0.5,0.584907054901123
2311,8,11948,-0.0003614574670791626,0.0003614574670791626,0.0003615468740463257,0.00045469708857126534,0.25,0.75,0.794941246509552
2312,0,9735,-0.0003612637519836426,0.0003612637519836426,0.0003612637519836426,0.0005317112081684172,0.0,1.0,0.6794360280036926
2313,9,8690,0.0003609657287597656,0.0003609657287597656,0.0004181861877441406,0.00033569708466529846,0.75,0.75,1.0752722024917603
2314,0,11154,-0.0003604292869567871,0.0003604292869567871,0.00039011240005493164,0.0002845867129508406,0.25,0.75,1.26650071144104
2315,3,5157,-0.00036022067070007324,0.00036022067070007324,0.00037422776222229004,0.0006204629899002612,0.5,0.5,0.5805675387382507
2316,3,11398,-0.0003597736358642578,0.0003597736358642578,0.0003597736358642578,0.00014160278078634292,0.0,1.0,2.540724277496338
2317,4,8232,0.0003590583801269531,0.0003590583801269531,0.0003590583801269531,6.0756989114452153e-05,1.0,1.0,5.909746170043945
2318,6,13713,0.0003590583801269531,0.0003590583801269531,0.0003590583801269531,7.902703509898856e-05,1.0,1.0,4.543488025665283
2319,7,14021,-0.00035881996154785156,0.00035881996154785156,0.00035881996154785156,0.00036687985993921757,0.0,1.0,0.9780312180519104
2320,1,286,-0.00035834312438964844,0.00035834312438964844,0.00035834312438964844,0.00017065492284018546,0.0,1.0,2.099811315536499
2321,7,1638,0.00035828351974487305,0.00035828351974487305,0.00035828351974487305,0.00043338272371329367,1.0,1.0,0.8267139196395874
2322,2,41,-0.00035819411277770996,0.00035819411277770996,0.00040474534034729004,0.0006745539722032845,0.75,0.75,0.5310088396072388
2323,7,6718,-0.0003581047058105469,0.0003581047058105469,0.0003581047058105469,5.660320312017575e-05,0.0,1.0,6.326580047607422
2324,0,11779,0.00035762786865234375,0.00035762786865234375,0.00035762786865234375,0.00020674506959039718,1.0,1.0,1.7298011779785156
2325,3,1074,-0.0003571510314941406,0.0003571510314941406,0.0003571510314941406,0.00013074993330519646,0.0,1.0,2.731558084487915
2326,0,10734,-0.0003566741943359375,0.0003566741943359375,0.000537872314453125,0.00046118805767036974,0.25,0.75,0.773381233215332
2327,3,7677,-0.0003565549850463867,0.0003565549850463867,0.0003565549850463867,0.00019874112331308424,0.0,1.0,1.7940675020217896
2328,4,8203,-0.00035631656646728516,0.00035631656646728516,0.00035631656646728516,0.00023542222334071994,0.0,1.0,1.5135213136672974
2329,6,8102,-0.00035572052001953125,0.00035572052001953125,0.00035572052001953125,0.00018702961097005755,0.0,1.0,1.9019476175308228
2330,2,10709,-0.00035572052001953125,0.00035572052001953125,0.00035572052001953125,0.00024756896891631186,0.0,1.0,1.4368542432785034
2331,9,4658,-0.0003552436828613281,0.0003552436828613281,0.0003552436828613281,0.00015487374912481755,0.0,1.0,2.2937631607055664
2332,8,3429,-0.0003552436828613281,0.0003552436828613281,0.0003552436828613281,0.00033044678275473416,0.0,1.0,1.075040578842163
2333,7,11029,-0.0003535747528076172,0.0003535747528076172,0.0003535747528076172,0.00021286106493789703,0.0,1.0,1.661058783531189
2334,9,3561,0.000353395938873291,0.000353395938873291,0.000353395938873291,0.0005492573836818337,1.0,1.0,0.6434068083763123
2335,9,392,-0.0003516674041748047,0.0003516674041748047,0.0003516674041748047,0.0002830865851137787,0.0,1.0,1.2422609329223633
2336,4,850,-0.00035062432289123535,0.00035062432289123535,0.0003921687602996826,0.000652901828289032,0.5,0.5,0.5370245575904846
2337,9,2050,0.00034880638122558594,0.00034880638122558594,0.00034880638122558594,0.0001174382705357857,1.0,1.0,2.970125436782837
2338,0,3805,0.00034880638122558594,0.00034880638122558594,0.00034880638122558594,0.0002006712747970596,1.0,1.0,1.738197922706604
2339,7,11957,0.00034868717193603516,0.00034868717193603516,0.00034868717193603516,0.0001618099631741643,1.0,1.0,2.1549177169799805
2340,5,7381,0.0003483295440673828,0.0003483295440673828,0.00040411949157714844,0.00026615490787662566,0.75,0.75,1.308747410774231
2341,3,6147,0.0003479570150375366,0.0003479570150375366,0.0003882795572280884,0.0006498652510344982,0.25,0.75,0.5354294776916504
2342,6,588,-0.00034780800342559814,0.00034780800342559814,0.00037126243114471436,0.0006187630933709443,0.5,0.5,0.5621020793914795
2343,9,1745,0.0003476142883300781,0.0003476142883300781,0.0003476142883300781,0.00013344881881494075,1.0,1.0,2.604851007461548
2344,6,4707,0.0003476142883300781,0.0003476142883300781,0.0003924369812011719,0.00041813889401964843,0.75,0.75,0.8313369154930115
2345,5,223,0.000347137451171875,0.000347137451171875,0.000347137451171875,0.00019681768026202917,1.0,1.0,1.7637513875961304
2346,4,5852,-0.00034627318382263184,0.00034627318382263184,0.00039061903953552246,0.0006255230982787907,0.25,0.75,0.5535737872123718
2347,5,4283,-0.0003445148468017578,0.0003445148468017578,0.0003445148468017578,9.499806037638336e-05,0.0,1.0,3.6265461444854736
2348,2,3328,0.00034371018409729004,0.00034371018409729004,0.00051841139793396,0.0008004010887816548,0.25,0.75,0.42942243814468384
2349,6,7934,-0.0003434419631958008,0.0003434419631958008,0.0003434419631958008,0.0001518621138529852,0.0,1.0,2.261538028717041
2350,5,12196,0.00034332275390625,0.00034332275390625,0.00034332275390625,8.410737063968554e-05,1.0,1.0,4.081957817077637
2351,8,11254,0.0003428459167480469,0.0003428459167480469,0.0003428459167480469,0.00017188573838211596,1.0,1.0,1.9946153163909912
2352,1,8061,-0.00034236907958984375,0.00034236907958984375,0.0005521774291992188,0.0006270646117627621,0.25,0.75,0.5459869503974915
2353,2,11244,-0.0003420710563659668,0.0003420710563659668,0.0003510713577270508,0.0005911061889491975,0.5,0.5,0.5786964297294617
2354,8,11590,0.0003418773412704468,0.0003418773412704468,0.00035609304904937744,0.0005957438261248171,0.5,0.5,0.5738663673400879
2355,8,14281,-0.0003412961959838867,0.0003412961959838867,0.0004309415817260742,0.0006631350261159241,0.25,0.75,0.514670729637146
2356,4,576,-0.00034046173095703125,0.00034046173095703125,0.00034046173095703125,0.0001403457426931709,0.0,1.0,2.4258785247802734
2357,3,12375,-0.00034046173095703125,0.00034046173095703125,0.00034046173095703125,0.00013291701907292008,0.0,1.0,2.5614607334136963
2358,1,3400,-0.000339508056640625,0.000339508056640625,0.00046443939208984375,0.00036160985473543406,0.25,0.75,0.9388794302940369
2359,9,2763,0.00033849477767944336,0.00033849477767944336,0.0003605484962463379,0.0003407369658816606,0.75,0.75,0.9934195876121521
2360,5,2988,0.0003380775451660156,0.0003380775451660156,0.0003380775451660156,0.0001360206661047414,1.0,1.0,2.4854865074157715
2361,9,6850,0.0003380775451660156,0.0003380775451660156,0.0003380775451660156,6.433414819184691e-05,1.0,1.0,5.2550249099731445
2362,9,11839,0.00033742189407348633,0.00033742189407348633,0.00033742189407348633,0.00018660510249901563,1.0,1.0,1.808213710784912
2363,0,1494,0.0003361701965332031,0.0003361701965332031,0.0003361701965332031,0.00019838889420498163,1.0,1.0,1.6945010423660278
2364,2,1603,0.0003358125686645508,0.0003358125686645508,0.0003358125686645508,0.0003908738726750016,1.0,1.0,0.8591328263282776
2365,4,10656,-0.000335693359375,0.000335693359375,0.00036215782165527344,0.00047671160427853465,0.25,0.75,0.704185426235199
2366,2,13831,0.0003352165222167969,0.0003352165222167969,0.0003352165222167969,8.2781734818127e-05,1.0,1.0,4.049401760101318
2367,7,4978,0.00033465027809143066,0.00033465027809143066,0.00033465027809143066,0.00021157381706871092,1.0,1.0,1.5817188024520874
2368,7,7466,0.00033386051654815674,0.00033386051654815674,0.0003411918878555298,0.0005781800718978047,0.75,0.75,0.5774334669113159
2369,9,13457,-0.0003333091735839844,0.0003333091735839844,0.0004734992980957031,0.0003586103848647326,0.25,0.75,0.9294465184211731
2370,8,13759,-0.00033314526081085205,0.00033314526081085205,0.00034205615520477295,0.0005873189656995237,0.75,0.75,0.5672305226325989
2371,9,5727,-0.0003325939178466797,0.0003325939178466797,0.0003325939178466797,0.00020962987036909908,0.0,1.0,1.5865769386291504
2372,8,10121,-0.0003324747085571289,0.0003324747085571289,0.0003324747085571289,0.0003986374940723181,0.0,1.0,0.8340277075767517
2373,7,4436,0.000331878662109375,0.000331878662109375,0.000331878662109375,4.830904072150588e-05,1.0,1.0,6.869907855987549
2374,7,3399,-0.0003314018249511719,0.0003314018249511719,0.0003314018249511719,0.00028047876548953354,0.0,1.0,1.1815576553344727
2375,2,9808,0.00033092498779296875,0.00033092498779296875,0.00033092498779296875,0.0003292718611191958,1.0,1.0,1.0050204992294312
2376,8,11790,-0.00033092498779296875,0.00033092498779296875,0.0005064010620117188,0.0003996646555606276,0.25,0.75,0.8280066251754761
2377,8,8304,0.00033020973205566406,0.00033020973205566406,0.00033020973205566406,0.00032992332126013935,1.0,1.0,1.0008680820465088
2378,9,9144,0.0003298521041870117,0.0003298521041870117,0.0003298521041870117,0.00023226873599924147,1.0,1.0,1.4201313257217407
2379,6,9652,-0.00032901763916015625,0.00032901763916015625,0.00032901763916015625,0.00010793385445140302,0.0,1.0,3.0483264923095703
2380,6,9453,0.00032889842987060547,0.00032889842987060547,0.00032889842987060547,0.0003576705348677933,1.0,1.0,0.9195569753646851
2381,6,13959,0.0003280043601989746,0.0003280043601989746,0.0003463625907897949,0.000456958485301584,0.75,0.75,0.7177990078926086
2382,7,8236,-0.00032782554626464844,0.00032782554626464844,0.00032782554626464844,0.00012127868103561923,0.0,1.0,2.7030763626098633
2383,6,9776,0.00032591819763183594,0.00032591819763183594,0.00032591819763183594,7.569667650386691e-05,1.0,1.0,4.305581569671631
2384,6,14223,-0.00032508373260498047,0.00032508373260498047,0.00046837329864501953,0.0007295116665773094,0.75,0.75,0.44561827182769775
2385,8,10077,-0.000324249267578125,0.000324249267578125,0.000324249267578125,0.00011786272807512432,0.0,1.0,2.751075506210327
2386,5,9724,0.0003241300582885742,0.0003241300582885742,0.0003241300582885742,0.00034879494342021644,1.0,1.0,0.9292854070663452
2387,5,3463,-0.0003228187561035156,0.0003228187561035156,0.0003228187561035156,7.273447408806533e-05,0.0,1.0,4.438318252563477
2388,4,1574,-0.000321805477142334,0.000321805477142334,0.000321805477142334,0.0001952249585883692,0.0,1.0,1.6483829021453857
2389,6,3025,-0.0003214329481124878,0.0003214329481124878,0.00032560527324676514,0.0005413329345174134,0.25,0.75,0.593780517578125
2390,8,8918,-0.00032138824462890625,0.00032138824462890625,0.0003223419189453125,0.00026372671709395945,0.25,0.75,1.2186411619186401
2391,6,5972,-0.0003211498260498047,0.0003211498260498047,0.0003211498260498047,0.00011617885320447385,0.0,1.0,2.7642710208892822
2392,6,12137,-0.0003203153610229492,0.0003203153610229492,0.00039517879486083984,0.00038173820939846337,0.25,0.75,0.8390969634056091
2393,8,11499,0.00031948089599609375,0.00031948089599609375,0.00031948089599609375,4.692426591645926e-05,1.0,1.0,6.808436870574951
2394,6,10831,0.00031757354736328125,0.00031757354736328125,0.00037789344787597656,0.00045096632675267756,0.75,0.75,0.7042067646980286
2395,5,1224,-0.00031751394271850586,0.00031751394271850586,0.0003426074981689453,0.0005702500930055976,0.5,0.5,0.5567976832389832
2396,0,8693,-0.00031685829162597656,0.00031685829162597656,0.00031685829162597656,0.00013024966756347567,0.0,1.0,2.43269944190979
2397,4,2388,-0.000316619873046875,0.000316619873046875,0.000652313232421875,0.0005815443000756204,0.25,0.75,0.5444467067718506
2398,7,10390,0.0003159046173095703,0.0003159046173095703,0.0003337860107421875,0.00038429858977906406,0.75,0.75,0.8220290541648865
2399,6,12929,-0.0003151893615722656,0.0003151893615722656,0.0003151893615722656,0.0001503550010966137,0.0,1.0,2.0963010787963867
2400,7,7382,0.0003151893615722656,0.0003151893615722656,0.0004553794860839844,0.00034910571412183344,0.75,0.75,0.9028478860855103
2401,1,7020,0.0003146827220916748,0.0003146827220916748,0.0003146827220916748,0.000415858841734007,1.0,1.0,0.756705641746521
2402,7,6516,-0.0003145933151245117,0.0003145933151245117,0.00033283233642578125,0.0004030876443721354,0.25,0.75,0.7804588675498962
2403,5,7072,-0.00031447410583496094,0.00031447410583496094,0.00034165382385253906,0.0005760976928286254,0.75,0.75,0.5458694100379944
2404,5,9588,0.00031398236751556396,0.00031398236751556396,0.00031398236751556396,0.0005060225375927985,1.0,1.0,0.6204908490180969
2405,8,8481,0.0003123283386230469,0.0003123283386230469,0.00035643577575683594,0.0003461389569565654,0.75,0.75,0.9023206830024719
2406,8,7468,-0.00031185150146484375,0.00031185150146484375,0.00031185150146484375,0.0001550080196466297,0.0,1.0,2.011841058731079
2407,0,2670,0.00031165778636932373,0.00031165778636932373,0.0003163367509841919,0.0005424789269454777,0.75,0.75,0.5745067000389099
2408,4,8583,0.000311434268951416,0.000311434268951416,0.000311434268951416,0.00043690521852113307,1.0,1.0,0.7128188610076904
2409,0,11579,0.0003103017807006836,0.0003103017807006836,0.000645756721496582,0.0008364123059436679,0.5,0.5,0.37099140882492065
2410,1,6226,0.00030994415283203125,0.00030994415283203125,0.00030994415283203125,0.000295881211059168,1.0,1.0,1.0475289821624756
2411,2,6626,-0.00030985474586486816,0.00030985474586486816,0.0003393590450286865,0.0005277738091535866,0.5,0.5,0.5870976448059082
2412,8,8337,0.00030925869941711426,0.00030925869941711426,0.0003153979778289795,0.0002985048049595207,0.75,0.75,1.036025881767273
2413,5,13839,-0.000308990478515625,0.000308990478515625,0.000308990478515625,9.015879913931713e-05,0.0,1.0,3.427180528640747
2414,8,3354,-0.00030875205993652344,0.00030875205993652344,0.00030875205993652344,0.00014822868979535997,0.0,1.0,2.082943916320801
2415,8,6444,0.00030863285064697266,0.00030863285064697266,0.00030863285064697266,0.00018214037118013948,1.0,1.0,1.6944780349731445
2416,4,3884,0.0003085136413574219,0.0003085136413574219,0.0003085136413574219,0.00011028347944375128,1.0,1.0,2.7974600791931152
2417,2,1810,-0.0003083944320678711,0.0003083944320678711,0.0003083944320678711,0.00014574899978470057,0.0,1.0,2.1159281730651855
2418,6,12257,0.0003076791763305664,0.0003076791763305664,0.0003076791763305664,0.00021828712488058954,1.0,1.0,1.4095158576965332
2419,4,9258,-0.00030732154846191406,0.00030732154846191406,0.00030732154846191406,7.720161374891177e-05,0.0,1.0,3.9807658195495605
2420,6,9840,-0.0003056824207305908,0.0003056824207305908,0.0003432929515838623,0.0004985256819054484,0.5,0.5,0.6131728887557983
2421,2,7821,-0.0003054887056350708,0.0003054887056350708,0.0003054887056350708,0.0005107990000396967,0.0,1.0,0.5980604887008667
2422,7,11252,0.00030541419982910156,0.00030541419982910156,0.00046753883361816406,0.00043221356463618577,0.75,0.75,0.7066279649734497
2423,7,8668,0.00030493736267089844,0.00030493736267089844,0.00030493736267089844,6.985419895499945e-05,1.0,1.0,4.365340709686279
2424,8,12482,-0.00030493736267089844,0.00030493736267089844,0.00030493736267089844,7.167284638853744e-05,0.0,1.0,4.254572868347168
2425,5,7602,-0.0003045797348022461,0.0003045797348022461,0.0003045797348022461,0.0002520550915505737,0.0,1.0,1.2083855867385864
2426,8,5474,-0.0003025531768798828,0.0003025531768798828,0.0003025531768798828,0.00011501441622385755,0.0,1.0,2.6305673122406006
2427,6,11223,0.00030234456062316895,0.00030234456062316895,0.00030234456062316895,0.0003648813581094146,1.0,1.0,0.8286105990409851
2428,2,12167,-0.0003018379211425781,0.0003018379211425781,0.00041961669921875,0.0004206333542242646,0.25,0.75,0.7175796031951904
2429,6,13894,0.00030177831649780273,0.00030177831649780273,0.00031429529190063477,0.00020142535504419357,0.75,0.75,1.4982141256332397
2430,4,6132,-0.00030171871185302734,0.00030171871185302734,0.00031876564025878906,0.0005221979808993638,0.25,0.75,0.5777860283851624
2431,2,13146,-0.000301361083984375,0.000301361083984375,0.000301361083984375,3.698486398207024e-05,0.0,1.0,8.14822769165039
2432,7,5717,0.000301361083984375,0.000301361083984375,0.00031507015228271484,0.0003213111776858568,0.75,0.75,0.9379103779792786
2433,5,1074,-0.00030040740966796875,0.00030040740966796875,0.00030040740966796875,7.796251156833023e-05,0.0,1.0,3.85322904586792
2434,5,13406,-0.0002999305725097656,0.0002999305725097656,0.0002999305725097656,0.00022246332082431763,0.0,1.0,1.3482248783111572
2435,5,12083,-0.00029981136322021484,0.00029981136322021484,0.00029981136322021484,0.0002893980126827955,0.0,1.0,1.0359828472137451
2436,5,217,-0.00029850006103515625,0.00029850006103515625,0.00029850006103515625,1.430511474609375e-05,0.0,1.0,20.86666488647461
2437,4,8207,-0.00029754638671875,0.00029754638671875,0.00029754638671875,0.00013384777412284166,0.0,1.0,2.2230207920074463
2438,6,11520,-0.0002962946891784668,0.0002962946891784668,0.00034242868423461914,0.0005151380901224911,0.5,0.5,0.5751752853393555
2439,6,3620,0.0002962350845336914,0.0002962350845336914,0.0002962350845336914,0.0002948310284409672,1.0,1.0,1.0047622919082642
2440,6,14187,0.00029613077640533447,0.00029613077640533447,0.00029613077640533447,0.000481003342429176,1.0,1.0,0.6156522035598755
2441,8,12210,-0.0002961158752441406,0.0002961158752441406,0.0002961158752441406,7.74930085754022e-05,0.0,1.0,3.821194648742676
2442,5,2845,0.00029540061950683594,0.00029540061950683594,0.00029540061950683594,0.00016406299255322665,1.0,1.0,1.8005317449569702
2443,4,8492,-0.0002942681312561035,0.0002942681312561035,0.0002942681312561035,0.0003329963656142354,0.0,1.0,0.8836977481842041
2444,1,8714,-0.00029397010803222656,0.00029397010803222656,0.00029397010803222656,0.0001574954658281058,0.0,1.0,1.8665306568145752
2445,5,458,0.000293731689453125,0.000293731689453125,0.000293731689453125,4.601416731020436e-05,1.0,1.0,6.383505344390869
2446,1,8979,0.000293731689453125,0.000293731689453125,0.000293731689453125,9.875019895844162e-05,1.0,1.0,2.974492073059082
2447,2,11154,-0.0002932548522949219,0.0002932548522949219,0.0002932548522949219,0.0001129641241277568,0.0,1.0,2.5959999561309814
2448,6,8603,0.0002919435501098633,0.0002919435501098633,0.0002919435501098633,0.00016201112885028124,1.0,1.0,1.8019969463348389
2449,4,379,0.00029087066650390625,0.00029087066650390625,0.00029087066650390625,0.00012940133456140757,1.0,1.0,2.2478182315826416
2450,2,14211,-0.0002906918525695801,0.0002906918525695801,0.0003902316093444824,0.00042535996180959046,0.5,0.5,0.6834020018577576
2451,2,10953,0.0002904534339904785,0.0002904534339904785,0.0002904534339904785,0.00026256145793013275,1.0,1.0,1.1062302589416504
2452,5,6332,0.00029015541076660156,0.00029015541076660156,0.00029015541076660156,0.00012487740605138242,1.0,1.0,2.3235220909118652
2453,4,11580,0.0002892017364501953,0.0002892017364501953,0.0002892017364501953,0.00010120496881427243,1.0,1.0,2.8575844764709473
2454,5,11561,-0.0002885758876800537,0.0002885758876800537,0.00033843517303466797,0.0005568113992922008,0.5,0.5,0.5182650685310364
2455,6,3820,-0.0002881288528442383,0.0002881288528442383,0.00032892823219299316,0.0005393010214902461,0.5,0.5,0.5342634916305542
2456,6,5111,0.00028793513774871826,0.00028793513774871826,0.0003074854612350464,0.0004952073795720935,0.75,0.75,0.5814435482025146
2457,5,9785,0.0002872943878173828,0.0002872943878173828,0.0002872943878173828,0.00014616342377848923,1.0,1.0,1.9655696153640747
2458,6,4659,-0.0002870410680770874,0.0002870410680770874,0.0003118664026260376,0.0005258393939584494,0.75,0.75,0.545872151851654
2459,5,851,-0.0002866983413696289,0.0002866983413696289,0.0002866983413696289,0.0004514292813837528,0.0,1.0,0.6350902915000916
2460,5,11260,-0.00028574466705322266,0.00028574466705322266,0.00030612945556640625,0.0005178501014597714,0.5,0.5,0.5517902970314026
2461,5,3761,0.00028443336486816406,0.00028443336486816406,0.00028443336486816406,0.00015540850290562958,1.0,1.0,1.8302303552627563
2462,1,13542,-0.000284343957901001,0.000284343957901001,0.0002944767475128174,0.0003563771606422961,0.25,0.75,0.7978736758232117
2463,0,11338,0.0002834796905517578,0.0002834796905517578,0.0002944469451904297,0.0004928226117044687,0.75,0.75,0.5752164721488953
2464,2,1499,0.0002828836441040039,0.0002828836441040039,0.0002828836441040039,0.0002097556134685874,1.0,1.0,1.3486344814300537
2465,0,12201,-0.00028252601623535156,0.00028252601623535156,0.00028252601623535156,0.0001657067477935925,0.0,1.0,1.704975962638855
2466,0,6029,-0.00028252601623535156,0.00028252601623535156,0.00028252601623535156,0.00023353766300715506,0.0,1.0,1.2097663879394531
2467,5,4176,0.00028228759765625,0.00028228759765625,0.00028228759765625,0.00010272050712956116,1.0,1.0,2.7481133937835693
2468,2,11905,0.00028228759765625,0.00028228759765625,0.00028228759765625,0.0001025565798045136,1.0,1.0,2.7525060176849365
2469,6,14206,-0.00028204917907714844,0.00028204917907714844,0.00033664703369140625,0.0003928774385713041,0.25,0.75,0.7179062962532043
2470,0,4502,0.0002810359001159668,0.0002810359001159668,0.0002810359001159668,0.00045012656482867897,1.0,1.0,0.6243486404418945
2471,3,5091,0.0002809762954711914,0.0002809762954711914,0.0002912282943725586,0.00045979334390722215,0.75,0.75,0.6110925674438477
2472,1,4634,0.0002808570861816406,0.0002808570861816406,0.0002808570861816406,4.705732862930745e-05,1.0,1.0,5.968402862548828
2473,2,4175,0.0002799034118652344,0.0002799034118652344,0.0002799034118652344,0.00011978676775470376,1.0,1.0,2.3366806507110596
2474,3,1349,-0.0002785027027130127,0.0002785027027130127,0.0002797544002532959,0.00043877813732251525,0.25,0.75,0.6347233057022095
2475,0,3239,-0.0002734959125518799,0.0002734959125518799,0.0003254115581512451,0.0005348913837224245,0.75,0.75,0.5113111138343811
2476,0,11921,-0.0002707242965698242,0.0002707242965698242,0.0002707242965698242,0.0002195679408032447,0.0,1.0,1.2329864501953125
2477,3,10654,-0.00026798248291015625,0.00026798248291015625,0.00026798248291015625,8.758500189287588e-05,0.0,1.0,3.0596845149993896
2478,3,6663,0.00026667118072509766,0.00026667118072509766,0.00031507015228271484,0.00027962899184785783,0.75,0.75,0.9536607265472412
2479,2,2975,0.00026595592498779297,0.00026595592498779297,0.00031054019927978516,0.00034479587338864803,0.75,0.75,0.7713431119918823
2480,0,10357,-0.00026535987854003906,0.00026535987854003906,0.00026535987854003906,0.00013929583656135947,0.0,1.0,1.905009388923645
2481,3,2866,-0.0002644062042236328,0.0002644062042236328,0.0002644062042236328,4.683393126470037e-05,0.0,1.0,5.645611763000488
2482,3,4209,-0.0002629905939102173,0.0002629905939102173,0.0002629905939102173,0.0003707698197104037,0.0,1.0,0.7093095779418945
2483,1,12434,0.00026166439056396484,0.00026166439056396484,0.00026166439056396484,0.00024262283113785088,1.0,1.0,1.0784821510314941
2484,1,2158,0.0002598762512207031,0.0002598762512207031,0.00029718875885009766,0.00047205720329657197,0.5,0.5,0.5505185723304749
2485,3,13603,-0.00025773048400878906,0.00025773048400878906,0.00025773048400878906,0.00010964014654746279,0.0,1.0,2.350694417953491
2486,1,12767,-0.0002567768096923828,0.0002567768096923828,0.0002567768096923828,0.00015840092964936048,0.0,1.0,1.6210561990737915
2487,0,11762,-0.00025641918182373047,0.00025641918182373047,0.00025641918182373047,0.0001939826033776626,0.0,1.0,1.3218668699264526
2488,3,12225,0.0002562999725341797,0.0002562999725341797,0.0002562999725341797,0.00011822364467661828,1.0,1.0,2.1679248809814453
2489,0,13744,-0.0002560615539550781,0.0002560615539550781,0.0002560615539550781,0.00011113170330645517,0.0,1.0,2.3041269779205322
2490,2,13093,0.000255584716796875,0.000255584716796875,0.000255584716796875,8.128360059345141e-05,1.0,1.0,3.144357681274414
2491,2,4453,0.0002550184726715088,0.0002550184726715088,0.0002550184726715088,0.0004254385712556541,1.0,1.0,0.5994248986244202
2492,2,2882,-0.00025451183319091797,0.00025451183319091797,0.00025451183319091797,0.00010045453382190317,0.0,1.0,2.533602237701416
2493,2,9652,-0.0002542734146118164,0.0002542734146118164,0.0002542734146118164,0.00011806865950347856,0.0,1.0,2.153606414794922
2494,3,13673,-0.00024771690368652344,0.00024771690368652344,0.00024771690368652344,6.699647201457992e-05,0.0,1.0,3.6974618434906006
2495,1,6476,0.0002472400665283203,0.0002472400665283203,0.0002492666244506836,0.0003583244397304952,0.75,0.75,0.6899893879890442
2496,3,12958,0.0002466440200805664,0.0002466440200805664,0.0002466440200805664,0.0001421868073521182,1.0,1.0,1.7346477508544922
2497,0,8509,-0.0002459287643432617,0.0002459287643432617,0.0002741813659667969,0.0002510859339963645,0.25,0.75,0.9794605374336243
2498,2,7575,-0.0002445429563522339,0.0002445429563522339,0.00024868547916412354,0.0004270457720849663,0.5,0.5,0.572638750076294
2499,3,5296,-0.00024431943893432617,0.00024431943893432617,0.00027114152908325195,0.0004199382965452969,0.5,0.5,0.5817984342575073
2500,0,5290,0.00024390220642089844,0.00024390220642089844,0.00024390220642089844,8.117548713926226e-05,1.0,1.0,3.004628896713257
2501,3,11453,0.00024199485778808594,0.00024199485778808594,0.00024199485778808594,0.0002484970318619162,1.0,1.0,0.9738339781761169
2502,0,9187,0.00024175643920898438,0.00024175643920898438,0.00024175643920898438,4.994513437850401e-05,1.0,1.0,4.840440273284912
2503,3,7797,0.000241011381149292,0.000241011381149292,0.000241011381149292,0.00019225022697355598,1.0,1.0,1.253633737564087
2504,2,8367,-0.00024056434631347656,0.00024056434631347656,0.00024056434631347656,2.030200994340703e-05,0.0,1.0,11.849286079406738
2505,0,3692,0.00024008750915527344,0.00024008750915527344,0.00024008750915527344,8.50118522066623e-05,1.0,1.0,2.824165105819702
2506,0,8001,-0.00023984909057617188,0.00023984909057617188,0.0005393028259277344,0.0005665794597007334,0.25,0.75,0.4233282506465912
2507,0,3892,0.0002384185791015625,0.0002384185791015625,0.0002384185791015625,0.0001557484793011099,1.0,1.0,1.5307923555374146
2508,0,1664,0.00023655593395233154,0.00023655593395233154,0.00023709237575531006,0.0003877476556226611,0.75,0.75,0.6100770235061646
2509,0,12221,-0.0002357959747314453,0.0002357959747314453,0.0002357959747314453,7.836213626433164e-05,0.0,1.0,3.0090548992156982
2510,2,2074,-0.00023567676544189453,0.00023567676544189453,0.0002759695053100586,0.00035393337020650506,0.25,0.75,0.6658788919448853
2511,3,5058,-0.00023376941680908203,0.00023376941680908203,0.0002995729446411133,0.0004220257105771452,0.5,0.5,0.5539222359657288
2512,0,2234,0.0002334117889404297,0.0002334117889404297,0.0002334117889404297,0.00010637503874022514,1.0,1.0,2.194234609603882
2513,2,10405,0.00023293495178222656,0.00023293495178222656,0.0003459453582763672,0.0002761133073363453,0.75,0.75,0.8436208963394165
2514,3,5205,-0.00023165345191955566,0.00023165345191955566,0.00023165345191955566,0.0002630563103593886,0.0,1.0,0.8806230425834656
2515,0,7346,-0.00023108720779418945,0.00023108720779418945,0.0002452731132507324,0.00017503280832897872,0.25,0.75,1.3202508687973022
2516,3,2565,0.00023087859153747559,0.00023087859153747559,0.0002662837505340576,0.0004359217418823391,0.5,0.5,0.529633104801178
2517,3,3920,0.00023043155670166016,0.00023043155670166016,0.00023043155670166016,0.00014135442324914038,1.0,1.0,1.6301686763763428
2518,1,8171,0.0002300739288330078,0.0002300739288330078,0.0002300739288330078,9.333440539194271e-05,1.0,1.0,2.4650495052337646
2519,3,10109,0.0002288818359375,0.0002288818359375,0.000331878662109375,0.0003472134121693671,0.75,0.75,0.6591964364051819
2520,3,6682,-0.00022852420806884766,0.00022852420806884766,0.00022852420806884766,0.00011844935215776786,0.0,1.0,1.9292988777160645
2521,3,11569,-0.00022643804550170898,0.00022643804550170898,0.00022655725479125977,0.00013959019270259887,0.25,0.75,1.6221630573272705
2522,3,10951,-0.00022399425506591797,0.00022399425506591797,0.0002503395080566406,0.00040425354382023215,0.5,0.5,0.5540934801101685
2523,3,1342,-0.00022280216217041016,0.00022280216217041016,0.00022280216217041016,0.00027849507750943303,0.0,1.0,0.8000218868255615
2524,1,3739,0.00022155046463012695,0.00022155046463012695,0.00022155046463012695,0.0001003990473691374,1.0,1.0,2.2066988945007324
2525,2,9546,-0.00022077560424804688,0.00022077560424804688,0.00022077560424804688,0.00016359372239094228,0.0,1.0,1.3495359420776367
2526,3,5387,-0.0002200603485107422,0.0002200603485107422,0.00024962425231933594,0.0004043027583975345,0.5,0.5,0.5442959070205688
2527,2,8252,-0.00021946430206298828,0.00021946430206298828,0.00021946430206298828,6.243141979211941e-05,0.0,1.0,3.5152862071990967
2528,2,9667,-0.0002180337905883789,0.0002180337905883789,0.0002180337905883789,0.00016518239863216877,0.0,1.0,1.3199577331542969
2529,2,13951,-0.0002178102731704712,0.0002178102731704712,0.0002178102731704712,0.00019365879416000098,0.0,1.0,1.124711513519287
2530,1,5760,-0.00021731853485107422,0.00021731853485107422,0.00021731853485107422,0.00011036198702640831,0.0,1.0,1.969143033027649
2531,1,3049,0.00021576881408691406,0.00021576881408691406,0.00021576881408691406,9.728500299388543e-05,1.0,1.0,2.2179040908813477
2532,3,10866,-0.00021350383758544922,0.00021350383758544922,0.00021350383758544922,0.00011622526653809473,0.0,1.0,1.8369829654693604
2533,1,5561,0.00021123886108398438,0.00021123886108398438,0.00021123886108398438,5.432805482996628e-05,1.0,1.0,3.888209581375122
2534,3,1414,-0.00021030008792877197,0.00021030008792877197,0.00023601949214935303,0.00039396245847456157,0.75,0.75,0.5338074564933777
2535,1,3500,0.0002071857452392578,0.0002071857452392578,0.0002543926239013672,0.00019495745073072612,0.75,0.75,1.06272292137146
2536,1,6805,0.00020590424537658691,0.00020590424537658691,0.00022771954536437988,0.00037503408384509385,0.75,0.75,0.5490280985832214
2537,1,7843,-0.00020194053649902344,0.00020194053649902344,0.00020194053649902344,0.00014858911163173616,0.0,1.0,1.359053373336792
2538,1,12825,0.00020176172256469727,0.00020176172256469727,0.00022262334823608398,0.0002511494094505906,0.5,0.5,0.8033533692359924
2539,1,11022,-0.0002015829086303711,0.0002015829086303711,0.0002256631851196289,0.0003770301991607994,0.75,0.75,0.5346598625183105
2540,1,6746,-0.00019976496696472168,0.00019976496696472168,0.0004744231700897217,0.0006446572951972485,0.25,0.75,0.30987778306007385
2541,1,11000,-0.0001971721649169922,0.0001971721649169922,0.0001971721649169922,0.00010649467003531754,0.0,1.0,1.8514745235443115
2542,1,13868,-0.0001952648162841797,0.0001952648162841797,0.0001952648162841797,0.00010580923844827339,0.0,1.0,1.8454420566558838
2543,1,5083,0.00019443035125732422,0.00019443035125732422,0.00019443035125732422,0.00011698282469296828,1.0,1.0,1.6620419025421143
2544,1,2081,0.00019425153732299805,0.00019425153732299805,0.0001958012580871582,0.00017688806110527366,0.75,0.75,1.0981608629226685
2545,1,799,0.00019171833992004395,0.00019171833992004395,0.00021544098854064941,0.000266184622887522,0.75,0.75,0.7202457189559937
2546,1,6288,-0.00019156932830810547,0.00019156932830810547,0.00019156932830810547,0.00013283932639751583,0.0,1.0,1.4421130418777466
2547,1,5894,0.00019121170043945312,0.00019121170043945312,0.00019121170043945312,1.8461667423252948e-05,1.0,1.0,10.357227325439453
2548,1,9715,-0.00018918514251708984,0.00018918514251708984,0.00018918514251708984,0.00012051221710862592,0.0,1.0,1.569841980934143
2549,1,8776,-0.00018912553787231445,0.00018912553787231445,0.00018912553787231445,8.444619743386284e-05,0.0,1.0,2.239598035812378
2550,1,7711,0.0001863241195678711,0.0001863241195678711,0.0001863241195678711,0.00010440631012897938,1.0,1.0,1.7846059799194336
2551,1,3935,0.00018571317195892334,0.00018571317195892334,0.00018997490406036377,0.00031572944135405123,0.75,0.75,0.5882035493850708
2552,1,3973,-0.00018358230590820312,0.00018358230590820312,0.00018358230590820312,0.00017189631762448698,0.0,1.0,1.067982792854309
2553,1,7050,-0.00018310546875,0.00018310546875,0.00018310546875,8.248869562521577e-05,0.0,1.0,2.219764471054077
2554,1,9514,0.000182420015335083,0.000182420015335083,0.00019237399101257324,0.0003092265105806291,0.5,0.5,0.589923620223999
2555,1,7650,-0.00018155574798583984,0.00018155574798583984,0.00018155574798583984,4.500415161601268e-05,0.0,1.0,4.034200191497803
