rank,layer,neuron,direction,mean_g,abs_mean_g,mean_abs_g,std_g,positive_fraction,sign_consistency
1,31,4302,supports_refusal,0.27002930641174316,0.27002930641174316,0.27002930641174316,0.07480832189321518,1.0,1.0
2,27,8140,supports_refusal,0.21185791492462158,0.21185791492462158,0.21185791492462158,0.08469352126121521,1.0,1.0
3,31,2398,supports_refusal,0.19031982123851776,0.19031982123851776,0.19206787645816803,0.06375526636838913,0.9700000286102295,0.9700000286102295
4,31,1209,supports_refusal,0.1676062047481537,0.1676062047481537,0.1688195765018463,0.04257155582308769,0.9800000190734863,0.9800000190734863
5,30,14130,supports_refusal,0.1596246361732483,0.1596246361732483,0.1599237024784088,0.06825613975524902,0.9800000190734863,0.9800000190734863
6,31,2743,supports_refusal,0.15762962400913239,0.15762962400913239,0.15785378217697144,0.06661723554134369,0.9700000286102295,0.9700000286102295
7,13,4208,suppresses_refusal,-0.15723632276058197,0.15723632276058197,0.17839843034744263,0.16292600333690643,0.17000000178813934,0.8299999833106995
8,29,4655,supports_refusal,0.1560644507408142,0.1560644507408142,0.15842285752296448,0.10480918735265732,0.9700000286102295,0.9700000286102295
9,26,2407,supports_refusal,0.15492676198482513,0.15492676198482513,0.15492676198482513,0.06351879239082336,1.0,1.0
10,30,13607,supports_refusal,0.1500244140625,0.1500244140625,0.1500244140625,0.049484800547361374,1.0,1.0
11,29,4145,suppresses_refusal,-0.14157958328723907,0.14157958328723907,0.14157958328723907,0.01988324522972107,0.0,1.0
12,29,11082,suppresses_refusal,-0.13781249523162842,0.13781249523162842,0.13781249523162842,0.022124487906694412,0.0,1.0
13,26,8200,suppresses_refusal,-0.11508545279502869,0.11508545279502869,0.11508545279502869,0.040501050651073456,0.0,1.0
14,9,4255,suppresses_refusal,-0.11394470185041428,0.11394470185041428,0.11611999571323395,0.07649575173854828,0.03999999910593033,0.9599999785423279
15,29,6857,supports_refusal,0.10916504263877869,0.10916504263877869,0.10948669165372849,0.04408580809831619,0.9800000190734863,0.9800000190734863
16,30,10879,suppresses_refusal,-0.10029540956020355,0.10029540956020355,0.10029540956020355,0.040006618946790695,0.0,1.0
17,30,12387,suppresses_refusal,-0.0967196673154831,0.0967196673154831,0.09689667075872421,0.047980133444070816,0.009999999776482582,0.9900000095367432
18,29,12010,suppresses_refusal,-0.09402526915073395,0.09402526915073395,0.11316467076539993,0.11144354194402695,0.1599999964237213,0.8400000333786011
19,31,9936,supports_refusal,0.09118758887052536,0.09118758887052536,0.09768905490636826,0.08714176714420319,0.8899999856948853,0.8899999856948853
20,30,7545,supports_refusal,0.08913452178239822,0.08913452178239822,0.08913452178239822,0.04725850746035576,1.0,1.0
21,31,7936,supports_refusal,0.08794853091239929,0.08794853091239929,0.08888541907072067,0.07624365389347076,0.9300000071525574,0.9300000071525574
22,12,13860,suppresses_refusal,-0.08529968559741974,0.08529968559741974,0.0961444079875946,0.07913856208324432,0.10999999940395355,0.8899999856948853
23,30,1171,suppresses_refusal,-0.08418457210063934,0.08418457210063934,0.08418457210063934,0.03624650835990906,0.0,1.0
24,31,5593,suppresses_refusal,-0.08246337622404099,0.08246337622404099,0.08259399235248566,0.04942796006798744,0.019999999552965164,0.9800000190734863
25,29,12561,supports_refusal,0.07956390082836151,0.07956390082836151,0.0820864886045456,0.05743473395705223,0.9200000166893005,0.9200000166893005
26,31,6432,suppresses_refusal,-0.07830505073070526,0.07830505073070526,0.07830505073070526,0.03252212330698967,0.0,1.0
27,7,6673,suppresses_refusal,-0.07791686803102493,0.07791686803102493,0.09042541682720184,0.08102723211050034,0.15000000596046448,0.8500000238418579
28,30,10840,supports_refusal,0.07790588587522507,0.07790588587522507,0.07813049107789993,0.029833000153303146,0.9900000095367432,0.9900000095367432
29,31,5230,supports_refusal,0.07755997031927109,0.07755997031927109,0.07870010286569595,0.03667214885354042,0.9800000190734863,0.9800000190734863
30,26,1089,suppresses_refusal,-0.07651001214981079,0.07651001214981079,0.07651001214981079,0.024907052516937256,0.0,1.0
31,30,6989,supports_refusal,0.07607708126306534,0.07607708126306534,0.07639789581298828,0.08850127458572388,0.8999999761581421,0.8999999761581421
32,31,12606,supports_refusal,0.07600829750299454,0.07600829750299454,0.07600829750299454,0.04174048453569412,1.0,1.0
33,27,11991,supports_refusal,0.07484497129917145,0.07484497129917145,0.07512573152780533,0.04000241681933403,0.9900000095367432,0.9900000095367432
34,31,7450,supports_refusal,0.07481689751148224,0.07481689751148224,0.07481689751148224,0.044218599796295166,1.0,1.0
35,31,7861,supports_refusal,0.07443252205848694,0.07443252205848694,0.07544051855802536,0.024883951991796494,0.9700000286102295,0.9700000286102295
36,30,2226,suppresses_refusal,-0.07409851253032684,0.07409851253032684,0.07621658593416214,0.04395393282175064,0.05000000074505806,0.949999988079071
37,28,8945,suppresses_refusal,-0.07114483416080475,0.07114483416080475,0.07152073085308075,0.05993322655558586,0.05999999865889549,0.9399999976158142
38,31,2305,supports_refusal,0.07096420228481293,0.07096420228481293,0.07151779532432556,0.033411599695682526,0.9700000286102295,0.9700000286102295
39,29,5198,suppresses_refusal,-0.07066860795021057,0.07066860795021057,0.07126414030790329,0.05328723415732384,0.03999999910593033,0.9599999785423279
40,29,14120,suppresses_refusal,-0.07065124809741974,0.07065124809741974,0.07065124809741974,0.03330007568001747,0.0,1.0
41,18,2106,suppresses_refusal,-0.07020080834627151,0.07020080834627151,0.0715777575969696,0.050164468586444855,0.03999999910593033,0.9599999785423279
42,14,3917,supports_refusal,0.07006515562534332,0.07006515562534332,0.07067214697599411,0.04848873242735863,0.9700000286102295,0.9700000286102295
43,22,7981,supports_refusal,0.06981445103883743,0.06981445103883743,0.06981445103883743,0.03355887904763222,1.0,1.0
44,16,1241,supports_refusal,0.06958191096782684,0.06958191096782684,0.08379943668842316,0.08246321976184845,0.8100000023841858,0.8100000023841858
45,31,11817,suppresses_refusal,-0.0686589777469635,0.0686589777469635,0.06902870535850525,0.03248641639947891,0.019999999552965164,0.9800000190734863
46,31,12525,supports_refusal,0.06767578423023224,0.06767578423023224,0.0692126452922821,0.04077703878283501,0.9300000071525574,0.9300000071525574
47,13,13879,supports_refusal,0.06748168915510178,0.06748168915510178,0.06748168915510178,0.05400531366467476,1.0,1.0
48,4,5270,suppresses_refusal,-0.06716461479663849,0.06716461479663849,0.06716461479663849,0.050088632851839066,0.0,1.0
49,26,9401,suppresses_refusal,-0.06603378057479858,0.06603378057479858,0.07145370543003082,0.05617246404290199,0.12999999523162842,0.8700000047683716
50,26,10406,supports_refusal,0.06531164050102234,0.06531164050102234,0.06540105491876602,0.03697147220373154,0.9800000190734863,0.9800000190734863
51,27,3135,supports_refusal,0.06446144729852676,0.06446144729852676,0.0645127072930336,0.033343490213155746,0.9800000190734863,0.9800000190734863
52,23,12220,supports_refusal,0.06437927484512329,0.06437927484512329,0.06461852788925171,0.030800385400652885,0.9900000095367432,0.9900000095367432
53,31,287,suppresses_refusal,-0.0636526495218277,0.0636526495218277,0.06373077630996704,0.026097605004906654,0.009999999776482582,0.9900000095367432
54,30,11050,supports_refusal,0.06324142217636108,0.06324142217636108,0.06695724278688431,0.035975124686956406,0.9200000166893005,0.9200000166893005
55,31,10014,supports_refusal,0.06224151700735092,0.06224151700735092,0.06606780737638474,0.047584518790245056,0.9100000262260437,0.9100000262260437
56,31,10176,supports_refusal,0.060576170682907104,0.060576170682907104,0.060576170682907104,0.022532006725668907,1.0,1.0
57,31,11512,supports_refusal,0.06029054522514343,0.06029054522514343,0.060397014021873474,0.05719945207238197,0.9700000286102295,0.9700000286102295
58,29,12657,suppresses_refusal,-0.05990905687212944,0.05990905687212944,0.05990905687212944,0.030029477551579475,0.0,1.0
59,30,5831,suppresses_refusal,-0.05978973209857941,0.05978973209857941,0.05978973209857941,0.019693691283464432,0.0,1.0
60,18,12866,supports_refusal,0.05922073498368263,0.05922073498368263,0.059255219995975494,0.02875824086368084,0.9900000095367432,0.9900000095367432
61,31,10620,supports_refusal,0.058958739042282104,0.058958739042282104,0.06058654934167862,0.034564051777124405,0.949999988079071,0.949999988079071
62,31,3730,supports_refusal,0.05885681137442589,0.05885681137442589,0.05885681137442589,0.032658714801073074,1.0,1.0
63,31,12950,suppresses_refusal,-0.058276060968637466,0.058276060968637466,0.05885772779583931,0.028678685426712036,0.029999999329447746,0.9700000286102295
64,31,29,supports_refusal,0.05811689421534538,0.05811689421534538,0.05812333896756172,0.027017343789339066,0.9900000095367432,0.9900000095367432
65,30,4893,supports_refusal,0.05786316096782684,0.05786316096782684,0.05786316096782684,0.018981946632266045,1.0,1.0
66,31,5178,supports_refusal,0.05778869614005089,0.05778869614005089,0.05778869614005089,0.025989266112446785,1.0,1.0
67,30,10238,suppresses_refusal,-0.056977540254592896,0.056977540254592896,0.056977540254592896,0.020894067361950874,0.0,1.0
68,23,6046,supports_refusal,0.05685098469257355,0.05685098469257355,0.05907388776540756,0.0467638336122036,0.9300000071525574,0.9300000071525574
69,31,3982,suppresses_refusal,-0.05682052671909332,0.05682052671909332,0.05683853104710579,0.016843579709529877,0.009999999776482582,0.9900000095367432
70,30,12395,suppresses_refusal,-0.05649413913488388,0.05649413913488388,0.05649413913488388,0.024053731933236122,0.0,1.0
71,0,7182,supports_refusal,0.05647384747862816,0.05647384747862816,0.057238005101680756,0.04641658067703247,0.9800000190734863,0.9800000190734863
72,6,5866,suppresses_refusal,-0.05557830631732941,0.05557830631732941,0.09856414794921875,0.12759503722190857,0.30000001192092896,0.699999988079071
73,28,1016,supports_refusal,0.055518798530101776,0.055518798530101776,0.055518798530101776,0.017073318362236023,1.0,1.0
74,3,2145,supports_refusal,0.05538848787546158,0.05538848787546158,0.05751129239797592,0.0400468185544014,0.949999988079071,0.949999988079071
75,10,6759,supports_refusal,0.05496459826827049,0.05496459826827049,0.05496459826827049,0.03528435528278351,1.0,1.0
76,27,11770,suppresses_refusal,-0.05425872653722763,0.05425872653722763,0.05425872653722763,0.014340170659124851,0.0,1.0
77,30,9138,suppresses_refusal,-0.05385192856192589,0.05385192856192589,0.06389465183019638,0.057235490530729294,0.18000000715255737,0.8199999928474426
78,30,10322,supports_refusal,0.05343788117170334,0.05343788117170334,0.053669050335884094,0.02251984365284443,0.9800000190734863,0.9800000190734863
79,31,1834,supports_refusal,0.0533931739628315,0.0533931739628315,0.05349037051200867,0.03255121782422066,0.9800000190734863,0.9800000190734863
80,30,7080,suppresses_refusal,-0.052921753376722336,0.052921753376722336,0.05402893200516701,0.03779115527868271,0.05999999865889549,0.9399999976158142
81,30,5442,suppresses_refusal,-0.05228027328848839,0.05228027328848839,0.05228027328848839,0.019480817019939423,0.0,1.0
82,31,5335,suppresses_refusal,-0.05196838453412056,0.05196838453412056,0.05680236965417862,0.03433700278401375,0.029999999329447746,0.9700000286102295
83,31,5099,supports_refusal,0.051295164972543716,0.051295164972543716,0.05275024473667145,0.03354591876268387,0.9399999976158142,0.9399999976158142
84,3,6390,suppresses_refusal,-0.05127563327550888,0.05127563327550888,0.07870116829872131,0.10138005763292313,0.25,0.75
85,5,14319,supports_refusal,0.05087524279952049,0.05087524279952049,0.05110229551792145,0.03194792568683624,0.9900000095367432,0.9900000095367432
86,12,2413,supports_refusal,0.05044006183743477,0.05044006183743477,0.05044006183743477,0.03315148130059242,1.0,1.0
87,29,3852,supports_refusal,0.050236817449331284,0.050236817449331284,0.050236817449331284,0.025747468695044518,1.0,1.0
88,26,14,supports_refusal,0.049973756074905396,0.049973756074905396,0.052232515066862106,0.044860634952783585,0.8899999856948853,0.8899999856948853
89,2,6658,suppresses_refusal,-0.04872264340519905,0.04872264340519905,0.048792921006679535,0.0415516197681427,0.019999999552965164,0.9800000190734863
90,10,11570,suppresses_refusal,-0.0486837774515152,0.0486837774515152,0.07075164467096329,0.07630548626184464,0.1899999976158142,0.8100000023841858
91,30,11268,supports_refusal,0.04857177659869194,0.04857177659869194,0.04857177659869194,0.011567906476557255,1.0,1.0
92,30,3587,suppresses_refusal,-0.04852401837706566,0.04852401837706566,0.04852401837706566,0.022719400003552437,0.0,1.0
93,10,4789,supports_refusal,0.04826553165912628,0.04826553165912628,0.06019088625907898,0.06761679798364639,0.8600000143051147,0.8600000143051147
94,31,12529,supports_refusal,0.047860413789749146,0.047860413789749146,0.051495667546987534,0.04018928483128548,0.9200000166893005,0.9200000166893005
95,31,5082,suppresses_refusal,-0.04783783107995987,0.04783783107995987,0.047988586127758026,0.012882172130048275,0.009999999776482582,0.9900000095367432
96,31,12358,supports_refusal,0.04745117202401161,0.04745117202401161,0.04745117202401161,0.018024243414402008,1.0,1.0
97,31,8711,supports_refusal,0.047291260212659836,0.047291260212659836,0.04737915098667145,0.019942348822951317,0.9900000095367432,0.9900000095367432
98,29,636,suppresses_refusal,-0.04679565504193306,0.04679565504193306,0.04679565504193306,0.024969249963760376,0.0,1.0
99,30,11272,supports_refusal,0.04671936109662056,0.04671936109662056,0.04727111756801605,0.02839748002588749,0.9900000095367432,0.9900000095367432
100,31,11695,suppresses_refusal,-0.04654865339398384,0.04654865339398384,0.04654865339398384,0.020367998629808426,0.0,1.0
101,31,10459,supports_refusal,0.04633346572518349,0.04633346572518349,0.04672897234559059,0.022504523396492004,0.9800000190734863,0.9800000190734863
102,2,4380,supports_refusal,0.04631591960787773,0.04631591960787773,0.04631591960787773,0.029145173728466034,1.0,1.0
103,14,7642,supports_refusal,0.04614105075597763,0.04614105075597763,0.04650970548391342,0.026778308674693108,0.9800000190734863,0.9800000190734863
104,31,14201,supports_refusal,0.045837175101041794,0.045837175101041794,0.04628196731209755,0.01656193658709526,0.9700000286102295,0.9700000286102295
105,31,7517,suppresses_refusal,-0.0458345040678978,0.0458345040678978,0.04595474153757095,0.03105948679149151,0.029999999329447746,0.9700000286102295
106,23,1751,suppresses_refusal,-0.04567791521549225,0.04567791521549225,0.04582226276397705,0.026786798611283302,0.019999999552965164,0.9800000190734863
107,30,3382,supports_refusal,0.04534057527780533,0.04534057527780533,0.09494995325803757,0.11448831111192703,0.6299999952316284,0.6299999952316284
108,31,13414,supports_refusal,0.04523620754480362,0.04523620754480362,0.0459442138671875,0.02485024183988571,0.9599999785423279,0.9599999785423279
109,5,4354,suppresses_refusal,-0.04482978954911232,0.04482978954911232,0.046339187771081924,0.04224288836121559,0.03999999910593033,0.9599999785423279
110,31,8154,suppresses_refusal,-0.0448027029633522,0.0448027029633522,0.046861421316862106,0.02959347702562809,0.07999999821186066,0.9200000166893005
111,31,3712,supports_refusal,0.04461776837706566,0.04461776837706566,0.04616805911064148,0.029799696058034897,0.949999988079071,0.949999988079071
112,1,2121,supports_refusal,0.04446312040090561,0.04446312040090561,0.04485771059989929,0.03314891457557678,0.9700000286102295,0.9700000286102295
113,31,7281,supports_refusal,0.044259797781705856,0.044259797781705856,0.053050994873046875,0.04302193596959114,0.8700000047683716,0.8700000047683716
114,19,3992,supports_refusal,0.043846894055604935,0.043846894055604935,0.0440797433257103,0.02368108183145523,0.9800000190734863,0.9800000190734863
115,31,13076,supports_refusal,0.043732911348342896,0.043732911348342896,0.043763428926467896,0.019954103976488113,0.9900000095367432,0.9900000095367432
116,31,5355,suppresses_refusal,-0.04367683455348015,0.04367683455348015,0.043693315237760544,0.029647542163729668,0.009999999776482582,0.9900000095367432
117,29,8656,supports_refusal,0.04273803532123566,0.04273803532123566,0.04273803532123566,0.019112015143036842,1.0,1.0
118,31,2012,supports_refusal,0.04253295809030533,0.04253295809030533,0.04253295809030533,0.02108416147530079,1.0,1.0
119,31,1050,supports_refusal,0.04251270368695259,0.04251270368695259,0.042627450078725815,0.022830022498965263,0.9700000286102295,0.9700000286102295
120,31,1335,supports_refusal,0.04159457981586456,0.04159457981586456,0.041635703295469284,0.024794649332761765,0.9800000190734863,0.9800000190734863
121,31,1386,suppresses_refusal,-0.04146633297204971,0.04146633297204971,0.06063510850071907,0.06609616428613663,0.30000001192092896,0.699999988079071
122,31,3387,supports_refusal,0.04091094806790352,0.04091094806790352,0.04091094806790352,0.01952042616903782,1.0,1.0
123,30,9872,supports_refusal,0.04082687199115753,0.04082687199115753,0.04088577255606651,0.012027427554130554,0.9900000095367432,0.9900000095367432
124,31,10644,supports_refusal,0.04070549085736275,0.04070549085736275,0.040714796632528305,0.014932755380868912,0.9900000095367432,0.9900000095367432
125,4,14288,suppresses_refusal,-0.04058120772242546,0.04058120772242546,0.04123062267899513,0.03327268362045288,0.019999999552965164,0.9800000190734863
126,11,11321,suppresses_refusal,-0.040348511189222336,0.040348511189222336,0.08221741020679474,0.09159225970506668,0.3199999928474426,0.6800000071525574
127,21,10970,supports_refusal,0.039917487651109695,0.039917487651109695,0.03994762524962425,0.021806534379720688,0.9800000190734863,0.9800000190734863
128,31,8664,supports_refusal,0.03983026370406151,0.03983026370406151,0.04903966933488846,0.04858049750328064,0.8100000023841858,0.8100000023841858
129,30,10445,suppresses_refusal,-0.03967704623937607,0.03967704623937607,0.03978462144732475,0.021425703540444374,0.019999999552965164,0.9800000190734863
130,26,592,supports_refusal,0.039146117866039276,0.039146117866039276,0.039146117866039276,0.012934916652739048,1.0,1.0
131,29,3746,supports_refusal,0.038998108357191086,0.038998108357191086,0.040173035115003586,0.024921834468841553,0.949999988079071,0.949999988079071
132,28,9949,suppresses_refusal,-0.038651734590530396,0.038651734590530396,0.038651734590530396,0.01502387784421444,0.0,1.0
133,30,7594,suppresses_refusal,-0.038419343531131744,0.038419343531131744,0.038755036890506744,0.03206827491521835,0.07999999821186066,0.9200000166893005
134,31,4493,suppresses_refusal,-0.03827819973230362,0.03827819973230362,0.03836609050631523,0.012985780835151672,0.009999999776482582,0.9900000095367432
135,28,2761,supports_refusal,0.03823036327958107,0.03823036327958107,0.03844200074672699,0.01943395286798477,0.9700000286102295,0.9700000286102295
136,31,12968,supports_refusal,0.03807426616549492,0.03807426616549492,0.04151909053325653,0.03378588333725929,0.8799999952316284,0.8799999952316284
137,31,3685,suppresses_refusal,-0.03772018477320671,0.03772018477320671,0.03772018477320671,0.015437237918376923,0.0,1.0
138,31,8118,suppresses_refusal,-0.03762161359190941,0.03762161359190941,0.042104948312044144,0.027113573625683784,0.10000000149011612,0.8999999761581421
139,31,2518,supports_refusal,0.03749832138419151,0.03749832138419151,0.03749832138419151,0.025712599977850914,1.0,1.0
140,28,3697,suppresses_refusal,-0.03748617321252823,0.03748617321252823,0.0377306193113327,0.03102702461183071,0.03999999910593033,0.9599999785423279
141,31,455,suppresses_refusal,-0.03723955154418945,0.03723955154418945,0.03928785398602486,0.03115619532763958,0.07999999821186066,0.9200000166893005
142,11,1411,supports_refusal,0.0372273251414299,0.0372273251414299,0.037462614476680756,0.02248106710612774,0.9800000190734863,0.9800000190734863
143,29,4048,supports_refusal,0.03712097182869911,0.03712097182869911,0.038193970918655396,0.01957489177584648,0.9700000286102295,0.9700000286102295
144,30,12016,supports_refusal,0.03712070360779762,0.03712070360779762,0.03739597275853157,0.018218224868178368,0.9700000286102295,0.9700000286102295
145,28,11954,supports_refusal,0.03708126023411751,0.03708126023411751,0.03758106380701065,0.019971013069152832,0.9700000286102295,0.9700000286102295
146,31,566,supports_refusal,0.037051085382699966,0.037051085382699966,0.03743133693933487,0.0213641244918108,0.9700000286102295,0.9700000286102295
147,29,7086,suppresses_refusal,-0.036988355219364166,0.036988355219364166,0.037305623292922974,0.02990044467151165,0.03999999910593033,0.9599999785423279
148,31,11256,suppresses_refusal,-0.03660400211811066,0.03660400211811066,0.03660400211811066,0.010471598245203495,0.0,1.0
149,30,1562,suppresses_refusal,-0.03653114289045334,0.03653114289045334,0.04149467498064041,0.03401944041252136,0.12999999523162842,0.8700000047683716
150,29,12858,suppresses_refusal,-0.036387939006090164,0.036387939006090164,0.036387939006090164,0.006927704904228449,0.0,1.0
151,30,11920,suppresses_refusal,-0.036288756877183914,0.036288756877183914,0.036682434380054474,0.027470940724015236,0.029999999329447746,0.9700000286102295
152,30,3843,suppresses_refusal,-0.036190491169691086,0.036190491169691086,0.03627777099609375,0.012399813160300255,0.009999999776482582,0.9900000095367432
153,31,11202,suppresses_refusal,-0.036154020577669144,0.036154020577669144,0.03618606552481651,0.02599647268652916,0.009999999776482582,0.9900000095367432
154,24,5141,suppresses_refusal,-0.03605835139751434,0.03605835139751434,0.03605835139751434,0.0242142416536808,0.0,1.0
155,24,5326,suppresses_refusal,-0.036017533391714096,0.036017533391714096,0.05825996398925781,0.05894596502184868,0.23999999463558197,0.7599999904632568
156,31,6650,suppresses_refusal,-0.03600524738430977,0.03600524738430977,0.03600524738430977,0.009497093968093395,0.0,1.0
157,30,10321,suppresses_refusal,-0.03585601970553398,0.03585601970553398,0.036300353705883026,0.025509685277938843,0.019999999552965164,0.9800000190734863
158,2,4786,supports_refusal,0.03562988340854645,0.03562988340854645,0.07867431640625,0.13737419247627258,0.6000000238418579,0.6000000238418579
159,12,5760,suppresses_refusal,-0.03481609374284744,0.03481609374284744,0.035007819533348083,0.03654957935214043,0.029999999329447746,0.9700000286102295
160,10,1084,supports_refusal,0.034733887761831284,0.034733887761831284,0.03715271130204201,0.036981839686632156,0.9399999976158142,0.9399999976158142
161,5,7462,suppresses_refusal,-0.03435669094324112,0.03435669094324112,0.03435669094324112,0.022202268242836,0.0,1.0
162,31,996,supports_refusal,0.03435211256146431,0.03435211256146431,0.034489136189222336,0.01645786501467228,0.9700000286102295,0.9700000286102295
163,30,7422,suppresses_refusal,-0.03411773592233658,0.03411773592233658,0.034176941961050034,0.012414058670401573,0.009999999776482582,0.9900000095367432
164,31,181,suppresses_refusal,-0.0341157540678978,0.0341157540678978,0.0341157540678978,0.014098571613430977,0.0,1.0
165,31,714,suppresses_refusal,-0.03409118577837944,0.03409118577837944,0.04129882901906967,0.03504613786935806,0.1599999964237213,0.8400000333786011
166,31,9854,suppresses_refusal,-0.03405151516199112,0.03405151516199112,0.03643554821610451,0.0202851053327322,0.07000000029802322,0.9300000071525574
167,30,5024,suppresses_refusal,-0.033992309123277664,0.033992309123277664,0.033992309123277664,0.015199950896203518,0.0,1.0
168,28,781,supports_refusal,0.033921968191862106,0.033921968191862106,0.035465240478515625,0.016525279730558395,0.949999988079071,0.949999988079071
169,31,9387,suppresses_refusal,-0.03390136733651161,0.03390136733651161,0.03390136733651161,0.025802958756685257,0.0,1.0
170,12,1481,suppresses_refusal,-0.033714067190885544,0.033714067190885544,0.034866560250520706,0.03635936230421066,0.07999999821186066,0.9200000166893005
171,31,1351,supports_refusal,0.03352417051792145,0.03352417051792145,0.03352417051792145,0.011242968961596489,1.0,1.0
172,31,8345,suppresses_refusal,-0.033491820096969604,0.033491820096969604,0.03358703479170799,0.016152970492839813,0.019999999552965164,0.9800000190734863
173,27,11734,suppresses_refusal,-0.03343234956264496,0.03343234956264496,0.033442724496126175,0.021014587953686714,0.009999999776482582,0.9900000095367432
174,31,1940,suppresses_refusal,-0.03341888263821602,0.03341888263821602,0.033565979450941086,0.02244817465543747,0.019999999552965164,0.9800000190734863
175,28,11478,suppresses_refusal,-0.03326599299907684,0.03326599299907684,0.03326599299907684,0.009937075898051262,0.0,1.0
176,22,12614,supports_refusal,0.03321594372391701,0.03321594372391701,0.03321594372391701,0.01899089105427265,1.0,1.0
177,31,3022,suppresses_refusal,-0.03301544114947319,0.03301544114947319,0.03301544114947319,0.01440419815480709,0.0,1.0
178,31,5369,suppresses_refusal,-0.03300170972943306,0.03300170972943306,0.03300170972943306,0.007945762015879154,0.0,1.0
179,29,1878,supports_refusal,0.0329500287771225,0.0329500287771225,0.03544901683926582,0.03155899792909622,0.8999999761581421,0.8999999761581421
180,31,260,suppresses_refusal,-0.03266341984272003,0.03266341984272003,0.03280441462993622,0.018803494051098824,0.019999999552965164,0.9800000190734863
181,29,9228,suppresses_refusal,-0.03262191638350487,0.03262191638350487,0.03387954831123352,0.020244574174284935,0.05000000074505806,0.949999988079071
182,15,3816,supports_refusal,0.03250204026699066,0.03250204026699066,0.033356569707393646,0.0353614017367363,0.8899999856948853,0.8899999856948853
183,30,4350,supports_refusal,0.03236137330532074,0.03236137330532074,0.03426811099052429,0.022871091961860657,0.9300000071525574,0.9300000071525574
184,31,5542,supports_refusal,0.03233642503619194,0.03233642503619194,0.03249755874276161,0.01737869903445244,0.9800000190734863,0.9800000190734863
185,31,8990,suppresses_refusal,-0.03198368102312088,0.03198368102312088,0.03207668289542198,0.011777902953326702,0.029999999329447746,0.9700000286102295
186,31,11808,supports_refusal,0.03192382678389549,0.03192382678389549,0.03192382678389549,0.01788478158414364,1.0,1.0
187,27,13174,supports_refusal,0.03192077577114105,0.03192077577114105,0.03192077577114105,0.009987804107367992,1.0,1.0
188,29,2914,supports_refusal,0.03191955387592316,0.03191955387592316,0.03191955387592316,0.020625319331884384,1.0,1.0
189,29,7375,suppresses_refusal,-0.031883545219898224,0.031883545219898224,0.031883545219898224,0.01352365780621767,0.0,1.0
190,31,13115,supports_refusal,0.03164062649011612,0.03164062649011612,0.03254180774092674,0.021157504990696907,0.9399999976158142,0.9399999976158142
191,31,1186,supports_refusal,0.03139755129814148,0.03139755129814148,0.04360946640372276,0.0457366406917572,0.7599999904632568,0.7599999904632568
192,25,3592,suppresses_refusal,-0.031330566853284836,0.031330566853284836,0.031330566853284836,0.011422330513596535,0.0,1.0
193,29,11498,suppresses_refusal,-0.03126830980181694,0.03126830980181694,0.03126830980181694,0.009037773124873638,0.0,1.0
194,24,5160,suppresses_refusal,-0.0312652587890625,0.0312652587890625,0.03136901929974556,0.013609746471047401,0.009999999776482582,0.9900000095367432
195,24,2598,supports_refusal,0.031197434291243553,0.031197434291243553,0.031820107251405716,0.024804014712572098,0.8999999761581421,0.8999999761581421
196,28,6063,suppresses_refusal,-0.031000060960650444,0.031000060960650444,0.031000060960650444,0.012164579704403877,0.0,1.0
197,31,2750,suppresses_refusal,-0.03098388761281967,0.03098388761281967,0.03098388761281967,0.008016690611839294,0.0,1.0
198,31,11301,supports_refusal,0.030867386609315872,0.030867386609315872,0.030867386609315872,0.022160837426781654,1.0,1.0
199,30,2196,suppresses_refusal,-0.030599823221564293,0.030599823221564293,0.031432341784238815,0.019680378958582878,0.05000000074505806,0.949999988079071
200,31,515,supports_refusal,0.03052612394094467,0.03052612394094467,0.030699463561177254,0.018958313390612602,0.9800000190734863,0.9800000190734863
201,19,4481,suppresses_refusal,-0.03051144629716873,0.03051144629716873,0.03051144629716873,0.029512839391827583,0.0,1.0
202,31,10463,supports_refusal,0.030431518331170082,0.030431518331170082,0.030431518331170082,0.011800803244113922,1.0,1.0
203,31,2477,supports_refusal,0.030425261706113815,0.030425261706113815,0.030425261706113815,0.013846121728420258,1.0,1.0
204,2,11075,suppresses_refusal,-0.030379829928278923,0.030379829928278923,0.034874457865953445,0.036668259650468826,0.09000000357627869,0.9099999666213989
205,29,10308,supports_refusal,0.030344324186444283,0.030344324186444283,0.030690088868141174,0.01765328273177147,0.9599999785423279,0.9599999785423279
206,31,7193,supports_refusal,0.030270995572209358,0.030270995572209358,0.030756836757063866,0.010840331204235554,0.9800000190734863,0.9800000190734863
207,27,1871,suppresses_refusal,-0.030138978734612465,0.030138978734612465,0.03215840458869934,0.02951953001320362,0.09000000357627869,0.9099999666213989
208,27,12956,supports_refusal,0.02993972785770893,0.02993972785770893,0.0300791934132576,0.017465826123952866,0.9700000286102295,0.9700000286102295
209,31,8359,suppresses_refusal,-0.029899902641773224,0.029899902641773224,0.03258667141199112,0.022442728281021118,0.03999999910593033,0.9599999785423279
210,31,4661,supports_refusal,0.029894866049289703,0.029894866049289703,0.03304306045174599,0.02759389393031597,0.8700000047683716,0.8700000047683716
211,31,5617,supports_refusal,0.02985992468893528,0.02985992468893528,0.03213043138384819,0.02363075688481331,0.9200000166893005,0.9200000166893005
212,23,4424,suppresses_refusal,-0.029859619215130806,0.029859619215130806,0.029859619215130806,0.016460206359624863,0.0,1.0
213,30,4560,supports_refusal,0.029805907979607582,0.029805907979607582,0.029805907979607582,0.012681419029831886,1.0,1.0
214,31,1686,supports_refusal,0.02979396842420101,0.02979396842420101,0.02979396842420101,0.025749025866389275,1.0,1.0
215,27,13732,supports_refusal,0.029777221381664276,0.029777221381664276,0.029777221381664276,0.007557185832411051,1.0,1.0
216,29,911,supports_refusal,0.029572753235697746,0.029572753235697746,0.029572753235697746,0.01302617322653532,1.0,1.0
217,29,9562,supports_refusal,0.029551848769187927,0.029551848769187927,0.029551848769187927,0.011815784499049187,1.0,1.0
218,28,12067,suppresses_refusal,-0.029524536803364754,0.029524536803364754,0.029524536803364754,0.007999373599886894,0.0,1.0
219,31,12913,supports_refusal,0.029479674994945526,0.029479674994945526,0.029479674994945526,0.020500022917985916,1.0,1.0
220,5,13861,supports_refusal,0.02944149076938629,0.02944149076938629,0.031225470826029778,0.033103104680776596,0.9200000166893005,0.9200000166893005
221,30,6083,suppresses_refusal,-0.029245758429169655,0.029245758429169655,0.03408340364694595,0.027982797473669052,0.1599999964237213,0.8400000333786011
222,30,12394,suppresses_refusal,-0.029240256175398827,0.029240256175398827,0.029240256175398827,0.013809005729854107,0.0,1.0
223,27,3387,suppresses_refusal,-0.029239235445857048,0.029239235445857048,0.029239235445857048,0.01379722822457552,0.0,1.0
224,30,7428,supports_refusal,0.029159851372241974,0.029159851372241974,0.029248351231217384,0.016535960137844086,0.9800000190734863,0.9800000190734863
225,29,6909,suppresses_refusal,-0.02910003624856472,0.02910003624856472,0.02959442138671875,0.01900744065642357,0.029999999329447746,0.9700000286102295
226,5,7012,suppresses_refusal,-0.028813781216740608,0.028813781216740608,0.07937896996736526,0.09986770153045654,0.33000001311302185,0.6699999570846558
227,27,6070,suppresses_refusal,-0.028725938871502876,0.028725938871502876,0.02908501587808132,0.025087647140026093,0.05999999865889549,0.9399999976158142
228,31,5975,supports_refusal,0.0286976620554924,0.0286976620554924,0.030012665316462517,0.020398225635290146,0.9399999976158142,0.9399999976158142
229,17,8517,supports_refusal,0.02863629162311554,0.02863629162311554,0.03015475533902645,0.029002530500292778,0.8999999761581421,0.8999999761581421
230,11,11405,supports_refusal,0.028565559536218643,0.028565559536218643,0.028565559536218643,0.02725411020219326,1.0,1.0
231,31,12373,suppresses_refusal,-0.02855377271771431,0.02855377271771431,0.028622131794691086,0.008467906154692173,0.009999999776482582,0.9900000095367432
232,28,5878,suppresses_refusal,-0.028485946357250214,0.028485946357250214,0.028485946357250214,0.022060157731175423,0.0,1.0
233,15,10655,supports_refusal,0.02841644361615181,0.02841644361615181,0.029217224568128586,0.018922101706266403,0.9900000095367432,0.9900000095367432
234,31,10210,suppresses_refusal,-0.028323668986558914,0.028323668986558914,0.029730530455708504,0.015298694372177124,0.03999999910593033,0.9599999785423279
235,9,11959,supports_refusal,0.028280945494771004,0.028280945494771004,0.02894744835793972,0.023784959688782692,0.9399999976158142,0.9399999976158142
236,30,4323,suppresses_refusal,-0.028219299390912056,0.028219299390912056,0.02848510816693306,0.013948867097496986,0.019999999552965164,0.9800000190734863
237,5,11886,supports_refusal,0.028011932969093323,0.028011932969093323,0.028011932969093323,0.019960453733801842,1.0,1.0
238,31,11638,suppresses_refusal,-0.027763213962316513,0.027763213962316513,0.028479766100645065,0.015567797236144543,0.03999999910593033,0.9599999785423279
239,31,4179,supports_refusal,0.027753295376896858,0.027753295376896858,0.033168334513902664,0.027612267062067986,0.8500000238418579,0.8500000238418579
240,24,6776,supports_refusal,0.027684707194566727,0.027684707194566727,0.029399948194622993,0.026198802515864372,0.8799999952316284,0.8799999952316284
241,31,10712,supports_refusal,0.02765045128762722,0.02765045128762722,0.02765045128762722,0.014198895543813705,1.0,1.0
242,30,11663,suppresses_refusal,-0.027545662596821785,0.027545662596821785,0.027844734489917755,0.007827555760741234,0.009999999776482582,0.9900000095367432
243,30,11441,supports_refusal,0.027498474344611168,0.027498474344611168,0.027498474344611168,0.0083079868927598,1.0,1.0
244,31,10100,supports_refusal,0.027441712096333504,0.027441712096333504,0.029376525431871414,0.025424478575587273,0.8799999952316284,0.8799999952316284
245,12,846,supports_refusal,0.027440261095762253,0.027440261095762253,0.02844551019370556,0.023169582709670067,0.9399999976158142,0.9399999976158142
246,30,13393,supports_refusal,0.027415428310632706,0.027415428310632706,0.028367577120661736,0.0221455916762352,0.9399999976158142,0.9399999976158142
247,31,7851,supports_refusal,0.027294617146253586,0.027294617146253586,0.02947998046875,0.018958991393446922,0.9700000286102295,0.9700000286102295
248,18,5964,supports_refusal,0.02727760374546051,0.02727760374546051,0.02739860489964485,0.015942592173814774,0.9800000190734863,0.9800000190734863
249,29,13745,suppresses_refusal,-0.02689269930124283,0.02689269930124283,0.02689269930124283,0.011677868664264679,0.0,1.0
250,15,7566,suppresses_refusal,-0.02688741125166416,0.02688741125166416,0.027401480823755264,0.02161705680191517,0.05999999865889549,0.9399999976158142
251,14,1469,suppresses_refusal,-0.026877902448177338,0.026877902448177338,0.02742004580795765,0.046679962426424026,0.05000000074505806,0.949999988079071
252,18,7417,supports_refusal,0.02684936486184597,0.02684936486184597,0.06266174465417862,0.07622995227575302,0.6600000262260437,0.6600000262260437
253,30,1274,supports_refusal,0.026844177395105362,0.026844177395105362,0.027322081848978996,0.01628596894443035,0.9800000190734863,0.9800000190734863
254,28,8131,suppresses_refusal,-0.02681579627096653,0.02681579627096653,0.028864746913313866,0.02026292122900486,0.09000000357627869,0.9099999666213989
255,26,6595,supports_refusal,0.026731472462415695,0.026731472462415695,0.026740817353129387,0.01225441787391901,0.9800000190734863,0.9800000190734863
256,31,855,suppresses_refusal,-0.026610108092427254,0.026610108092427254,0.027513427659869194,0.015574079006910324,0.05000000074505806,0.949999988079071
257,31,7115,supports_refusal,0.02660514786839485,0.02660514786839485,0.02759193442761898,0.018984608352184296,0.9300000071525574,0.9300000071525574
258,30,11022,suppresses_refusal,-0.026562176644802094,0.026562176644802094,0.026907367631793022,0.01378969568759203,0.029999999329447746,0.9700000286102295
259,31,3474,supports_refusal,0.026273345574736595,0.026273345574736595,0.03049362264573574,0.029419267550110817,0.8299999833106995,0.8299999833106995
260,29,7733,supports_refusal,0.026238078251481056,0.026238078251481056,0.03255246952176094,0.032518837600946426,0.7599999904632568,0.7599999904632568
261,30,1457,supports_refusal,0.026231689378619194,0.026231689378619194,0.026517333462834358,0.01541311014443636,0.9800000190734863,0.9800000190734863
262,30,13846,suppresses_refusal,-0.026208113878965378,0.026208113878965378,0.026208113878965378,0.011598118580877781,0.0,1.0
263,31,1549,supports_refusal,0.026076793670654297,0.026076793670654297,0.029084300622344017,0.02603478543460369,0.8700000047683716,0.8700000047683716
264,30,10985,suppresses_refusal,-0.025814056396484375,0.025814056396484375,0.02648971602320671,0.012877720408141613,0.029999999329447746,0.9700000286102295
265,31,8384,supports_refusal,0.02552032470703125,0.02552032470703125,0.02552032470703125,0.007945963181555271,1.0,1.0
266,9,2606,suppresses_refusal,-0.0254267118871212,0.0254267118871212,0.02556465193629265,0.019171738997101784,0.009999999776482582,0.9900000095367432
267,4,2793,supports_refusal,0.025169430300593376,0.025169430300593376,0.03235956281423569,0.03119754046201706,0.8399999737739563,0.8399999737739563
268,31,8937,suppresses_refusal,-0.02511642500758171,0.02511642500758171,0.04073226824402809,0.045590415596961975,0.27000001072883606,0.7300000190734863
269,8,8632,supports_refusal,0.025110015645623207,0.025110015645623207,0.0275685116648674,0.030945830047130585,0.8999999761581421,0.8999999761581421
270,31,2188,supports_refusal,0.02509048394858837,0.02509048394858837,0.027134858071804047,0.02402842789888382,0.8299999833106995,0.8299999833106995
271,13,11412,suppresses_refusal,-0.025069676339626312,0.025069676339626312,0.025244999676942825,0.024063225835561752,0.029999999329447746,0.9700000286102295
272,11,2210,supports_refusal,0.02506415545940399,0.02506415545940399,0.025296242907643318,0.030228490009903908,0.9700000286102295,0.9700000286102295
273,31,12119,supports_refusal,0.02501409500837326,0.02501409500837326,0.049070797860622406,0.05726885423064232,0.6499999761581421,0.6499999761581421
274,29,12988,supports_refusal,0.02498535066843033,0.02498535066843033,0.02669433504343033,0.02399088814854622,0.9300000071525574,0.9300000071525574
275,31,4786,supports_refusal,0.024939879775047302,0.024939879775047302,0.025122376158833504,0.014326264150440693,0.9800000190734863,0.9800000190734863
276,25,8701,supports_refusal,0.024900054559111595,0.024900054559111595,0.02582290582358837,0.017510807141661644,0.9900000095367432,0.9900000095367432
277,25,902,suppresses_refusal,-0.024898376315832138,0.024898376315832138,0.025545349344611168,0.01361341867595911,0.029999999329447746,0.9700000286102295
278,17,12927,supports_refusal,0.024860724806785583,0.024860724806785583,0.030121956020593643,0.029309824109077454,0.7900000214576721,0.7900000214576721
279,30,3000,suppresses_refusal,-0.024699553847312927,0.024699553847312927,0.024699553847312927,0.005190244875848293,0.0,1.0
280,30,2792,suppresses_refusal,-0.02465469390153885,0.02465469390153885,0.024769440293312073,0.013057718053460121,0.009999999776482582,0.9900000095367432
281,30,11430,suppresses_refusal,-0.024518508464097977,0.024518508464097977,0.027150344103574753,0.025797966867685318,0.10999999940395355,0.8899999856948853
282,28,6249,suppresses_refusal,-0.024503936991095543,0.024503936991095543,0.024602508172392845,0.008801073767244816,0.019999999552965164,0.9800000190734863
283,5,12,supports_refusal,0.0244362261146307,0.0244362261146307,0.026285819709300995,0.027672166004776955,0.8899999856948853,0.8899999856948853
284,31,2100,suppresses_refusal,-0.02443407103419304,0.02443407103419304,0.02627733163535595,0.016196077689528465,0.019999999552965164,0.9800000190734863
285,31,8984,supports_refusal,0.024413757026195526,0.024413757026195526,0.024413757026195526,0.00988407339900732,1.0,1.0
286,30,7675,suppresses_refusal,-0.02433759719133377,0.02433759719133377,0.024641742929816246,0.014381867833435535,0.029999999329447746,0.9700000286102295
287,15,13528,supports_refusal,0.024311218410730362,0.024311218410730362,0.024416809901595116,0.015130765736103058,0.9800000190734863,0.9800000190734863
288,30,13984,suppresses_refusal,-0.024280814453959465,0.024280814453959465,0.024280814453959465,0.015674730762839317,0.0,1.0
289,31,12514,supports_refusal,0.024266280233860016,0.024266280233860016,0.024266280233860016,0.014009609818458557,1.0,1.0
290,31,416,supports_refusal,0.024265555664896965,0.024265555664896965,0.03225330263376236,0.03525896742939949,0.7599999904632568,0.7599999904632568
291,31,486,suppresses_refusal,-0.02423320710659027,0.02423320710659027,0.026348456740379333,0.01960332691669464,0.11999999731779099,0.8799999952316284
292,31,2549,suppresses_refusal,-0.024215087294578552,0.024215087294578552,0.047584839165210724,0.053454332053661346,0.3100000023841858,0.6899999976158142
293,29,6400,suppresses_refusal,-0.024124909192323685,0.024124909192323685,0.024519195780158043,0.01805092580616474,0.05000000074505806,0.949999988079071
294,31,1159,supports_refusal,0.024121703580021858,0.024121703580021858,0.02502136304974556,0.011905205436050892,0.9700000286102295,0.9700000286102295
295,19,12164,suppresses_refusal,-0.02397865243256092,0.02397865243256092,0.0260370634496212,0.020317379385232925,0.12999999523162842,0.8700000047683716
296,24,10586,supports_refusal,0.023905791342258453,0.023905791342258453,0.023919371888041496,0.009825418703258038,0.9900000095367432,0.9900000095367432
297,22,10995,supports_refusal,0.023833923041820526,0.023833923041820526,0.02385040372610092,0.012354925274848938,0.9900000095367432,0.9900000095367432
298,16,1592,supports_refusal,0.02366539090871811,0.02366539090871811,0.02366539090871811,0.015428317710757256,1.0,1.0
299,30,619,supports_refusal,0.02353012003004551,0.02353012003004551,0.02353012003004551,0.011389368213713169,1.0,1.0
300,31,10716,supports_refusal,0.02349243126809597,0.02349243126809597,0.026608886197209358,0.02422575280070305,0.8399999737739563,0.8399999737739563
301,28,3797,suppresses_refusal,-0.023405447602272034,0.023405447602272034,0.023431025445461273,0.019139660522341728,0.029999999329447746,0.9700000286102295
302,10,11908,supports_refusal,0.023398322984576225,0.023398322984576225,0.023461952805519104,0.025992311537265778,0.9700000286102295,0.9700000286102295
303,26,10461,supports_refusal,0.023383254185318947,0.023383254185318947,0.02374931424856186,0.016326624900102615,0.949999988079071,0.949999988079071
304,8,13676,suppresses_refusal,-0.02324616350233555,0.02324616350233555,0.02469252608716488,0.07273375242948532,0.28999999165534973,0.7100000381469727
305,31,4921,supports_refusal,0.023159179836511612,0.023159179836511612,0.023159179836511612,0.007733664009720087,1.0,1.0
306,31,12156,suppresses_refusal,-0.02312019281089306,0.02312019281089306,0.02312019281089306,0.011342169716954231,0.0,1.0
307,12,13868,supports_refusal,0.023059004917740822,0.023059004917740822,0.02466331422328949,0.01678287237882614,0.9200000166893005,0.9200000166893005
308,31,12933,suppresses_refusal,-0.023032912984490395,0.023032912984490395,0.023055648431181908,0.010786410421133041,0.009999999776482582,0.9900000095367432
309,16,9901,suppresses_refusal,-0.022877197712659836,0.022877197712659836,0.022877197712659836,0.008176417089998722,0.0,1.0
310,28,2136,supports_refusal,0.022787170484662056,0.022787170484662056,0.022787170484662056,0.009722624905407429,1.0,1.0
311,30,992,supports_refusal,0.022775936871767044,0.022775936871767044,0.025528011843562126,0.01986004412174225,0.8799999952316284,0.8799999952316284
312,30,5905,suppresses_refusal,-0.02276916429400444,0.02276916429400444,0.027720337733626366,0.025255626067519188,0.05000000074505806,0.949999988079071
313,31,5681,supports_refusal,0.02276298590004444,0.02276298590004444,0.022839583456516266,0.017557503655552864,0.9800000190734863,0.9800000190734863
314,2,7890,suppresses_refusal,-0.02263381890952587,0.02263381890952587,0.022892914712429047,0.015698276460170746,0.029999999329447746,0.9700000286102295
315,31,14107,suppresses_refusal,-0.02247665449976921,0.02247665449976921,0.02786148153245449,0.023706743493676186,0.1899999976158142,0.8100000023841858
316,31,13812,suppresses_refusal,-0.022447509691119194,0.022447509691119194,0.022447509691119194,0.006500976625829935,0.0,1.0
317,16,13461,supports_refusal,0.02233940176665783,0.02233940176665783,0.02377830445766449,0.02323390543460846,0.8999999761581421,0.8999999761581421
318,31,14276,supports_refusal,0.022305011749267578,0.022305011749267578,0.030521832406520844,0.03156682476401329,0.7599999904632568,0.7599999904632568
319,28,7491,suppresses_refusal,-0.022278442978858948,0.022278442978858948,0.02246948331594467,0.011880951002240181,0.029999999329447746,0.9700000286102295
320,2,3373,supports_refusal,0.022265968844294548,0.022265968844294548,0.03456241637468338,0.03840776905417442,0.8100000023841858,0.8100000023841858
321,31,13803,supports_refusal,0.02225746214389801,0.02225746214389801,0.02225746214389801,0.017133714631199837,1.0,1.0
322,21,8329,suppresses_refusal,-0.022230224683880806,0.022230224683880806,0.02226928621530533,0.011835727840662003,0.009999999776482582,0.9900000095367432
323,31,12145,suppresses_refusal,-0.022159194573760033,0.022159194573760033,0.02371421828866005,0.014893082901835442,0.05999999865889549,0.9399999976158142
324,31,997,supports_refusal,0.022126464173197746,0.022126464173197746,0.024834290146827698,0.02298067882657051,0.8600000143051147,0.8600000143051147
325,1,3682,supports_refusal,0.02203388139605522,0.02203388139605522,0.02317218855023384,0.027005933225154877,0.9100000262260437,0.9100000262260437
326,5,6739,supports_refusal,0.022023430094122887,0.022023430094122887,0.022775763645768166,0.0153259402140975,0.9800000190734863,0.9800000190734863
327,29,13302,supports_refusal,0.02201780304312706,0.02201780304312706,0.022560101002454758,0.022936468943953514,0.9300000071525574,0.9300000071525574
328,31,7592,suppresses_refusal,-0.021912232041358948,0.021912232041358948,0.021940307691693306,0.011249721050262451,0.009999999776482582,0.9900000095367432
329,30,1832,suppresses_refusal,-0.021882934495806694,0.021882934495806694,0.021882934495806694,0.005529781337827444,0.0,1.0
330,31,9050,suppresses_refusal,-0.02183883637189865,0.02183883637189865,0.022710571065545082,0.01818574033677578,0.11999999731779099,0.8799999952316284
331,15,3580,supports_refusal,0.0218029972165823,0.0218029972165823,0.022378254681825638,0.018416877835989,0.9300000071525574,0.9300000071525574
332,5,9654,supports_refusal,0.021770477294921875,0.021770477294921875,0.021832428872585297,0.01298685371875763,0.9800000190734863,0.9800000190734863
333,31,1519,suppresses_refusal,-0.021770095452666283,0.021770095452666283,0.03538398817181587,0.04017022252082825,0.27000001072883606,0.7300000190734863
334,30,13087,supports_refusal,0.021743135526776314,0.021743135526776314,0.022602509707212448,0.011230219155550003,0.949999988079071,0.949999988079071
335,29,6859,supports_refusal,0.021703490987420082,0.021703490987420082,0.022272339090704918,0.009671960026025772,0.9900000095367432,0.9900000095367432
336,22,4433,supports_refusal,0.021671084687113762,0.021671084687113762,0.023608647286891937,0.020919932052493095,0.8799999952316284,0.8799999952316284
337,31,1418,suppresses_refusal,-0.02165115438401699,0.02165115438401699,0.021962128579616547,0.007067918311804533,0.019999999552965164,0.9800000190734863
338,29,7777,supports_refusal,0.02164800651371479,0.02164800651371479,0.02167566306889057,0.013329965062439442,0.9800000190734863,0.9800000190734863
339,30,13790,suppresses_refusal,-0.021607112139463425,0.021607112139463425,0.021615467965602875,0.009630152024328709,0.009999999776482582,0.9900000095367432
340,31,12776,suppresses_refusal,-0.02148742601275444,0.02148742601275444,0.021741943433880806,0.006977536249905825,0.029999999329447746,0.9700000286102295
341,31,2945,supports_refusal,0.02137027680873871,0.02137027680873871,0.024504661560058594,0.02358505129814148,0.8199999928474426,0.8199999928474426
342,16,429,suppresses_refusal,-0.02125893533229828,0.02125893533229828,0.02147624082863331,0.016896739602088928,0.05000000074505806,0.949999988079071
343,22,3629,suppresses_refusal,-0.021239470690488815,0.021239470690488815,0.023013152182102203,0.015116477385163307,0.05000000074505806,0.949999988079071
344,29,10899,supports_refusal,0.0211944580078125,0.0211944580078125,0.0211944580078125,0.006997783202677965,1.0,1.0
345,6,13783,supports_refusal,0.02119329385459423,0.02119329385459423,0.02137262374162674,0.022992398589849472,0.9800000190734863,0.9800000190734863
346,28,11293,supports_refusal,0.021189576014876366,0.021189576014876366,0.021301422268152237,0.013815395534038544,0.9800000190734863,0.9800000190734863
347,27,11143,suppresses_refusal,-0.02117391675710678,0.02117391675710678,0.02117391675710678,0.013291290029883385,0.0,1.0
348,24,5504,suppresses_refusal,-0.0210969727486372,0.0210969727486372,0.021182842552661896,0.011683630757033825,0.029999999329447746,0.9700000286102295
349,27,38,supports_refusal,0.021059265360236168,0.021059265360236168,0.021059265360236168,0.005207236390560865,1.0,1.0
350,31,11348,suppresses_refusal,-0.02105911262333393,0.02105911262333393,0.02105911262333393,0.005037851165980101,0.0,1.0
351,31,12917,supports_refusal,0.02102050743997097,0.02102050743997097,0.02102050743997097,0.009588516317307949,1.0,1.0
352,31,3175,supports_refusal,0.0209808349609375,0.0209808349609375,0.03559204190969467,0.04141613468527794,0.6700000166893005,0.6700000166893005
353,30,9247,supports_refusal,0.020939864218235016,0.020939864218235016,0.05030586197972298,0.060009557753801346,0.6000000238418579,0.6000000238418579
354,9,12312,supports_refusal,0.0208809282630682,0.0208809282630682,0.029977722093462944,0.05662691220641136,0.5899999737739563,0.5899999737739563
355,31,2344,supports_refusal,0.02079422026872635,0.02079422026872635,0.02245590277016163,0.018738945946097374,0.9300000071525574,0.9300000071525574
356,30,559,supports_refusal,0.020763015374541283,0.020763015374541283,0.02344612032175064,0.017935391515493393,0.8799999952316284,0.8799999952316284
357,16,8434,supports_refusal,0.020740967243909836,0.020740967243909836,0.0210459902882576,0.01829138770699501,0.9599999785423279,0.9599999785423279
358,31,5371,suppresses_refusal,-0.02071640081703663,0.02071640081703663,0.021077269688248634,0.014687910676002502,0.07999999821186066,0.9200000166893005
359,30,14058,suppresses_refusal,-0.020685425028204918,0.020685425028204918,0.020685425028204918,0.007737082429230213,0.0,1.0
360,16,13195,supports_refusal,0.020594215020537376,0.020594215020537376,0.020653724670410156,0.01431989949196577,0.9900000095367432,0.9900000095367432
361,31,9519,supports_refusal,0.02058185636997223,0.02058185636997223,0.02180454321205616,0.01626080833375454,0.9599999785423279,0.9599999785423279
362,29,1295,supports_refusal,0.020570144057273865,0.020570144057273865,0.020587310194969177,0.012582855299115181,0.9900000095367432,0.9900000095367432
363,31,10233,supports_refusal,0.020469054579734802,0.020469054579734802,0.024007568135857582,0.021869158372282982,0.8100000023841858,0.8100000023841858
364,31,507,suppresses_refusal,-0.02044876106083393,0.02044876106083393,0.02044876106083393,0.009956510737538338,0.0,1.0
365,30,8614,suppresses_refusal,-0.020443879067897797,0.020443879067897797,0.021018218249082565,0.013557002879679203,0.05999999865889549,0.9399999976158142
366,31,2657,supports_refusal,0.02037956193089485,0.02037956193089485,0.033520735800266266,0.038514383137226105,0.7099999785423279,0.7099999785423279
367,31,11691,supports_refusal,0.020360106602311134,0.020360106602311134,0.020360106602311134,0.006801031995564699,1.0,1.0
368,28,10843,suppresses_refusal,-0.02035827562212944,0.02035827562212944,0.02035827562212944,0.007121216971427202,0.0,1.0
369,0,11587,supports_refusal,0.020350761711597443,0.020350761711597443,0.021698875352740288,0.018728312104940414,0.9399999976158142,0.9399999976158142
370,7,10827,supports_refusal,0.02027111127972603,0.02027111127972603,0.023386573418974876,0.03191413730382919,0.8799999952316284,0.8799999952316284
371,28,6,suppresses_refusal,-0.020206909626722336,0.020206909626722336,0.020206909626722336,0.007476865313947201,0.0,1.0
372,31,5919,supports_refusal,0.020128708332777023,0.020128708332777023,0.03307441622018814,0.03665003553032875,0.7099999785423279,0.7099999785423279
373,31,5535,suppresses_refusal,-0.020115889608860016,0.020115889608860016,0.020194320008158684,0.016807911917567253,0.029999999329447746,0.9700000286102295
374,20,2238,supports_refusal,0.020115815103054047,0.020115815103054047,0.020115815103054047,0.01208129245787859,1.0,1.0
375,9,7715,supports_refusal,0.02008022367954254,0.02008022367954254,0.02009616792201996,0.01450867298990488,0.9800000190734863,0.9800000190734863
376,24,7245,suppresses_refusal,-0.020069582387804985,0.020069582387804985,0.020069582387804985,0.013363982550799847,0.0,1.0
377,10,3609,suppresses_refusal,-0.0200667567551136,0.0200667567551136,0.020077133551239967,0.011486218310892582,0.009999999776482582,0.9900000095367432
378,24,12975,supports_refusal,0.020060043781995773,0.020060043781995773,0.02028053253889084,0.011690255254507065,0.9599999785423279,0.9599999785423279
379,30,1795,supports_refusal,0.019994201138615608,0.019994201138615608,0.026639098301529884,0.02711263857781887,0.800000011920929,0.800000011920929
380,28,1447,supports_refusal,0.019899139180779457,0.019899139180779457,0.02696578949689865,0.02734617330133915,0.75,0.75
381,0,3837,supports_refusal,0.019887618720531464,0.019887618720531464,0.028051529079675674,0.03900491073727608,0.9200000166893005,0.9200000166893005
382,24,5026,suppresses_refusal,-0.019852586090564728,0.019852586090564728,0.020547805353999138,0.013669285923242569,0.07000000029802322,0.9300000071525574
383,31,4046,suppresses_refusal,-0.01975250244140625,0.01975250244140625,0.023401489481329918,0.02089240401983261,0.18000000715255737,0.8199999928474426
384,30,9883,suppresses_refusal,-0.0197090245783329,0.0197090245783329,0.02057267166674137,0.012001748196780682,0.05000000074505806,0.949999988079071
385,14,14167,suppresses_refusal,-0.019705506041646004,0.019705506041646004,0.020162047818303108,0.013680990785360336,0.009999999776482582,0.9900000095367432
386,31,2538,supports_refusal,0.019678039476275444,0.019678039476275444,0.019678039476275444,0.009878476150333881,1.0,1.0
387,26,11941,suppresses_refusal,-0.01965099386870861,0.01965099386870861,0.019710274413228035,0.011126670055091381,0.019999999552965164,0.9800000190734863
388,4,3960,suppresses_refusal,-0.019638748839497566,0.019638748839497566,0.02070365846157074,0.019947877153754234,0.07999999821186066,0.9200000166893005
389,18,8177,suppresses_refusal,-0.019626855850219727,0.019626855850219727,0.02048012800514698,0.0205694530159235,0.05999999865889549,0.9399999976158142
390,18,9602,suppresses_refusal,-0.01959899812936783,0.01959899812936783,0.019611816853284836,0.0070651802234351635,0.009999999776482582,0.9900000095367432
391,30,2927,supports_refusal,0.01959175057709217,0.01959175057709217,0.020024871453642845,0.011116841807961464,0.9599999785423279,0.9599999785423279
392,20,8083,suppresses_refusal,-0.019580230116844177,0.019580230116844177,0.019603118300437927,0.008452839218080044,0.009999999776482582,0.9900000095367432
393,29,10662,suppresses_refusal,-0.019426804035902023,0.019426804035902023,0.021760176867246628,0.035374294966459274,0.1899999976158142,0.8100000023841858
394,31,9678,suppresses_refusal,-0.019420165568590164,0.019420165568590164,0.019499512389302254,0.013785009272396564,0.019999999552965164,0.9800000190734863
395,31,3358,suppresses_refusal,-0.019408226013183594,0.019408226013183594,0.01951778493821621,0.012703797779977322,0.029999999329447746,0.9700000286102295
396,3,2136,suppresses_refusal,-0.019355468451976776,0.019355468451976776,0.019493408501148224,0.012904422357678413,0.009999999776482582,0.9900000095367432
397,31,5287,suppresses_refusal,-0.019345702603459358,0.019345702603459358,0.019345702603459358,0.00824469793587923,0.0,1.0
398,31,4160,supports_refusal,0.019343795254826546,0.019343795254826546,0.01939384452998638,0.01001950353384018,0.9900000095367432,0.9900000095367432
399,13,13189,suppresses_refusal,-0.019331665709614754,0.019331665709614754,0.019360046833753586,0.013371826149523258,0.009999999776482582,0.9900000095367432
400,30,2512,supports_refusal,0.01932578720152378,0.01932578720152378,0.01944335736334324,0.012902503833174706,0.9599999785423279,0.9599999785423279
401,12,2404,suppresses_refusal,-0.01931861788034439,0.01931861788034439,0.01944023184478283,0.0130264637991786,0.029999999329447746,0.9700000286102295
402,31,14211,suppresses_refusal,-0.019312476739287376,0.019312476739287376,0.019589118659496307,0.015952160581946373,0.029999999329447746,0.9700000286102295
403,31,13293,supports_refusal,0.01929580606520176,0.01929580606520176,0.019329071044921875,0.011848969385027885,0.9800000190734863,0.9800000190734863
404,31,2474,supports_refusal,0.019254837185144424,0.019254837185144424,0.019863663241267204,0.013407072052359581,0.9599999785423279,0.9599999785423279
405,27,8839,suppresses_refusal,-0.019220465794205666,0.019220465794205666,0.019846152514219284,0.0138495909050107,0.10000000149011612,0.8999999761581421
406,31,1919,supports_refusal,0.019211426377296448,0.019211426377296448,0.024473877623677254,0.0280421394854784,0.7599999904632568,0.7599999904632568
407,0,7279,supports_refusal,0.019190356135368347,0.019190356135368347,0.019304974004626274,0.015037428587675095,0.9800000190734863,0.9800000190734863
408,10,8322,supports_refusal,0.019176596775650978,0.019176596775650978,0.02057666704058647,0.02085241861641407,0.8700000047683716,0.8700000047683716
409,2,9353,suppresses_refusal,-0.019114075228571892,0.019114075228571892,0.019765013828873634,0.0185024905949831,0.07999999821186066,0.9200000166893005
410,30,635,supports_refusal,0.019081421196460724,0.019081421196460724,0.019081421196460724,0.00326683116145432,1.0,1.0
411,28,2430,suppresses_refusal,-0.01907150261104107,0.01907150261104107,0.01907150261104107,0.006710666697472334,0.0,1.0
412,31,9187,suppresses_refusal,-0.019047699868679047,0.019047699868679047,0.019705506041646004,0.013725463300943375,0.07999999821186066,0.9200000166893005
413,29,7349,suppresses_refusal,-0.019013194367289543,0.019013194367289543,0.01968545839190483,0.013086546212434769,0.07000000029802322,0.9300000071525574
414,29,13822,suppresses_refusal,-0.01899810880422592,0.01899810880422592,0.019373474642634392,0.012462540529668331,0.07000000029802322,0.9300000071525574
415,20,2417,suppresses_refusal,-0.01898040808737278,0.01898040808737278,0.020145263522863388,0.017362376675009727,0.11999999731779099,0.8799999952316284
416,22,703,suppresses_refusal,-0.018929747864603996,0.018929747864603996,0.018982544541358948,0.015445192344486713,0.019999999552965164,0.9800000190734863
417,29,13217,suppresses_refusal,-0.01892959512770176,0.01892959512770176,0.018961334601044655,0.007852981798350811,0.019999999552965164,0.9800000190734863
418,30,3744,supports_refusal,0.018923450261354446,0.018923450261354446,0.018923450261354446,0.012820616364479065,1.0,1.0
419,31,12226,supports_refusal,0.018911361694335938,0.018911361694335938,0.02809043973684311,0.03565961495041847,0.6800000071525574,0.6800000071525574
420,30,13827,supports_refusal,0.018899841234087944,0.018899841234087944,0.019082946702837944,0.00984803494066,0.9900000095367432,0.9900000095367432
421,24,9978,suppresses_refusal,-0.018870964646339417,0.018870964646339417,0.019157372415065765,0.016112636774778366,0.07999999821186066,0.9200000166893005
422,22,1070,suppresses_refusal,-0.018798217177391052,0.018798217177391052,0.018798217177391052,0.006307300645858049,0.0,1.0
423,31,12850,suppresses_refusal,-0.018792418763041496,0.018792418763041496,0.018792418763041496,0.005115201696753502,0.0,1.0
424,1,10289,supports_refusal,0.018773308023810387,0.018773308023810387,0.019450874999165535,0.021104563027620316,0.949999988079071,0.949999988079071
425,29,9595,suppresses_refusal,-0.0187710952013731,0.0187710952013731,0.01998874731361866,0.014879703521728516,0.09000000357627869,0.9099999666213989
426,28,447,supports_refusal,0.018697356805205345,0.018697356805205345,0.01913406327366829,0.014147207140922546,0.9399999976158142,0.9399999976158142
427,19,13845,supports_refusal,0.018695641309022903,0.018695641309022903,0.020292624831199646,0.015586609952151775,0.9100000262260437,0.9100000262260437
428,29,90,supports_refusal,0.01865478605031967,0.01865478605031967,0.01865478605031967,0.01272975280880928,1.0,1.0
429,30,6894,suppresses_refusal,-0.01863861083984375,0.01863861083984375,0.019285889342427254,0.014675775542855263,0.07000000029802322,0.9300000071525574
430,15,5862,supports_refusal,0.018613586202263832,0.018613586202263832,0.018793029710650444,0.010690027847886086,0.9800000190734863,0.9800000190734863
431,30,9049,suppresses_refusal,-0.018611755222082138,0.018611755222082138,0.018611755222082138,0.007263748440891504,0.0,1.0
432,31,10036,supports_refusal,0.018580473959445953,0.018580473959445953,0.018632659688591957,0.009576072916388512,0.9800000190734863,0.9800000190734863
433,3,8902,supports_refusal,0.01857677474617958,0.01857677474617958,0.020452385768294334,0.024437302723526955,0.8600000143051147,0.8600000143051147
434,31,6614,suppresses_refusal,-0.01855209283530712,0.01855209283530712,0.01932479813694954,0.01757976971566677,0.07999999821186066,0.9200000166893005
435,28,11921,supports_refusal,0.01851654052734375,0.01851654052734375,0.01944824308156967,0.01265876553952694,0.9200000166893005,0.9200000166893005
436,3,13620,suppresses_refusal,-0.01849471963942051,0.01849471963942051,0.01849471963942051,0.010350419208407402,0.0,1.0
437,30,3436,supports_refusal,0.01848510652780533,0.01848510652780533,0.01848510652780533,0.005632564425468445,1.0,1.0
438,31,12862,suppresses_refusal,-0.018476638942956924,0.018476638942956924,0.018529433757066727,0.011134995147585869,0.029999999329447746,0.9700000286102295
439,31,879,supports_refusal,0.018463706597685814,0.018463706597685814,0.018491173163056374,0.005257154814898968,0.9900000095367432,0.9900000095367432
440,28,6170,suppresses_refusal,-0.01844533532857895,0.01844533532857895,0.018926290795207024,0.015768880024552345,0.03999999910593033,0.9599999785423279
441,31,4352,suppresses_refusal,-0.01844223029911518,0.01844223029911518,0.018454132601618767,0.009044458158314228,0.009999999776482582,0.9900000095367432
442,6,10840,supports_refusal,0.018434448167681694,0.018434448167681694,0.01847930997610092,0.01202587503939867,0.9900000095367432,0.9900000095367432
443,4,3869,supports_refusal,0.01838119514286518,0.01838119514286518,0.018400879576802254,0.011975734494626522,0.9900000095367432,0.9900000095367432
444,30,14059,supports_refusal,0.018379822373390198,0.018379822373390198,0.018379822373390198,0.006594452075660229,1.0,1.0
445,12,4065,supports_refusal,0.018363533541560173,0.018363533541560173,0.020525168627500534,0.0239096749573946,0.8199999928474426,0.8199999928474426
446,12,6268,suppresses_refusal,-0.01830436661839485,0.01830436661839485,0.019397277384996414,0.02076062001287937,0.1599999964237213,0.8400000333786011
447,28,6033,supports_refusal,0.018301410600543022,0.018301410600543022,0.020926380529999733,0.015013467520475388,0.8600000143051147,0.8600000143051147
448,29,11008,suppresses_refusal,-0.018300170078873634,0.018300170078873634,0.018300170078873634,0.008714991621673107,0.0,1.0
449,4,7334,supports_refusal,0.018283376470208168,0.018283376470208168,0.021116800606250763,0.02119922824203968,0.8700000047683716,0.8700000047683716
450,1,2278,suppresses_refusal,-0.01826988160610199,0.01826988160610199,0.018689803779125214,0.01606694422662258,0.019999999552965164,0.9800000190734863
451,31,2564,supports_refusal,0.018226318061351776,0.018226318061351776,0.018226318061351776,0.008980534970760345,1.0,1.0
452,31,5041,suppresses_refusal,-0.018206939101219177,0.018206939101219177,0.02061660774052143,0.015067318454384804,0.05999999865889549,0.9399999976158142
453,31,14027,suppresses_refusal,-0.01819503866136074,0.01819503866136074,0.022265776991844177,0.017392709851264954,0.10000000149011612,0.8999999761581421
454,29,12574,suppresses_refusal,-0.01818084716796875,0.01818084716796875,0.018224792554974556,0.008244001306593418,0.009999999776482582,0.9900000095367432
455,31,12446,suppresses_refusal,-0.018156128004193306,0.018156128004193306,0.03600890934467316,0.03900524228811264,0.27000001072883606,0.7300000190734863
456,26,9709,supports_refusal,0.018114395439624786,0.018114395439624786,0.01815345697104931,0.011582544073462486,0.9900000095367432,0.9900000095367432
457,31,12841,suppresses_refusal,-0.01806488074362278,0.01806488074362278,0.021639099344611168,0.020048610866069794,0.23000000417232513,0.7699999809265137
458,1,11930,suppresses_refusal,-0.018061447888612747,0.018061447888612747,0.01811424270272255,0.01637858711183071,0.009999999776482582,0.9900000095367432
459,30,6816,suppresses_refusal,-0.018037108704447746,0.018037108704447746,0.018037108704447746,0.003716860432177782,0.0,1.0
460,31,6657,supports_refusal,0.017982348799705505,0.017982348799705505,0.018353328108787537,0.016540896147489548,0.9399999976158142,0.9399999976158142
461,30,10431,suppresses_refusal,-0.01794172264635563,0.01794172264635563,0.024820270016789436,0.021516932174563408,0.1899999976158142,0.8100000023841858
462,31,9276,supports_refusal,0.01793014444410801,0.01793014444410801,0.01828891783952713,0.011915420182049274,0.9300000071525574,0.9300000071525574
463,31,102,supports_refusal,0.01792701706290245,0.01792701706290245,0.03563880920410156,0.04118940234184265,0.7300000190734863,0.7300000190734863
464,26,2537,supports_refusal,0.0179123692214489,0.0179123692214489,0.0179123692214489,0.01049020141363144,1.0,1.0
465,7,3606,suppresses_refusal,-0.01788024976849556,0.01788024976849556,0.01788024976849556,0.013202055357396603,0.0,1.0
466,12,3327,supports_refusal,0.017863446846604347,0.017863446846604347,0.02046113647520542,0.02103579230606556,0.8100000023841858,0.8100000023841858
467,26,6653,suppresses_refusal,-0.01784561201930046,0.01784561201930046,0.01793357916176319,0.012621825560927391,0.019999999552965164,0.9800000190734863
468,31,5206,suppresses_refusal,-0.017796726897358894,0.017796726897358894,0.017799891531467438,0.008667461574077606,0.009999999776482582,0.9900000095367432
469,31,8777,suppresses_refusal,-0.01771453768014908,0.01771453768014908,0.017854919657111168,0.006496623158454895,0.019999999552965164,0.9800000190734863
470,28,12739,supports_refusal,0.017688598483800888,0.017688598483800888,0.017688598483800888,0.008243074640631676,1.0,1.0
471,30,7146,suppresses_refusal,-0.017575453966856003,0.017575453966856003,0.020715942606329918,0.01819119043648243,0.10000000149011612,0.8999999761581421
472,17,14096,supports_refusal,0.01753128133714199,0.01753128133714199,0.02242736890912056,0.022833725437521935,0.8100000023841858,0.8100000023841858
473,27,1690,supports_refusal,0.017528075724840164,0.017528075724840164,0.017528075724840164,0.007791853975504637,1.0,1.0
474,8,9090,supports_refusal,0.01752442866563797,0.01752442866563797,0.018154768273234367,0.022647423669695854,0.9300000071525574,0.9300000071525574
475,3,10378,supports_refusal,0.01751631684601307,0.01751631684601307,0.017943143844604492,0.015319770202040672,0.949999988079071,0.949999988079071
476,31,4358,suppresses_refusal,-0.017440184950828552,0.017440184950828552,0.017440184950828552,0.006585921626538038,0.0,1.0
477,31,13989,supports_refusal,0.017398223280906677,0.017398223280906677,0.018649138510227203,0.0127879548817873,0.9100000262260437,0.9100000262260437
478,26,5916,suppresses_refusal,-0.017388686537742615,0.017388686537742615,0.017726974561810493,0.011156569235026836,0.05000000074505806,0.949999988079071
479,31,9825,suppresses_refusal,-0.017383117228746414,0.017383117228746414,0.017719421535730362,0.01075134426355362,0.03999999910593033,0.9599999785423279
480,4,1804,supports_refusal,0.017376994714140892,0.017376994714140892,0.018948649987578392,0.020674340426921844,0.9300000071525574,0.9300000071525574
481,28,545,suppresses_refusal,-0.017351042479276657,0.017351042479276657,0.017702840268611908,0.018727881833910942,0.07999999821186066,0.9200000166893005
482,31,10949,suppresses_refusal,-0.01729736290872097,0.01729736290872097,0.017337646335363388,0.007277315482497215,0.009999999776482582,0.9900000095367432
483,29,10586,supports_refusal,0.01721694879233837,0.01721694879233837,0.01728012040257454,0.010247909463942051,0.9900000095367432,0.9900000095367432
484,31,3548,suppresses_refusal,-0.017164001241326332,0.017164001241326332,0.030685730278491974,0.034959033131599426,0.3100000023841858,0.6899999976158142
485,22,2002,supports_refusal,0.01716049201786518,0.01716049201786518,0.017211150377988815,0.01240131352096796,0.9900000095367432,0.9900000095367432
486,29,4946,suppresses_refusal,-0.01711578294634819,0.01711578294634819,0.019186783581972122,0.015930989757180214,0.09000000357627869,0.9099999666213989
487,30,2250,supports_refusal,0.017067203298211098,0.017067203298211098,0.017097530886530876,0.007356429006904364,0.9800000190734863,0.9800000190734863
488,31,2528,suppresses_refusal,-0.017031440511345863,0.017031440511345863,0.017031440511345863,0.006175764836370945,0.0,1.0
489,25,3897,suppresses_refusal,-0.017030425369739532,0.017030425369739532,0.018123412504792213,0.016369445249438286,0.07000000029802322,0.9300000071525574
490,2,6180,suppresses_refusal,-0.01701641082763672,0.01701641082763672,0.01701641082763672,0.029115524142980576,0.0,1.0
491,31,7096,supports_refusal,0.016999511048197746,0.016999511048197746,0.016999511048197746,0.0036470075137913227,1.0,1.0
492,31,2036,suppresses_refusal,-0.016949616372585297,0.016949616372585297,0.017096709460020065,0.009877650067210197,0.029999999329447746,0.9700000286102295
493,31,9903,suppresses_refusal,-0.016840821132063866,0.016840821132063866,0.016840821132063866,0.009043222293257713,0.0,1.0
494,29,8858,supports_refusal,0.016827620565891266,0.016827620565891266,0.01686500571668148,0.007079187780618668,0.9900000095367432,0.9900000095367432
495,10,4148,supports_refusal,0.016804808750748634,0.016804808750748634,0.016804808750748634,0.00901569053530693,1.0,1.0
496,28,6945,supports_refusal,0.016775712370872498,0.016775712370872498,0.01684025675058365,0.012379171326756477,0.9700000286102295,0.9700000286102295
497,14,957,suppresses_refusal,-0.01676895096898079,0.01676895096898079,0.01706577278673649,0.01859111711382866,0.07000000029802322,0.9300000071525574
498,30,9333,suppresses_refusal,-0.01672973670065403,0.01672973670065403,0.016782226040959358,0.007429872639477253,0.009999999776482582,0.9900000095367432
499,1,3404,suppresses_refusal,-0.016715163365006447,0.016715163365006447,0.029177170246839523,0.03857477754354477,0.17000000178813934,0.8299999833106995
500,28,5336,supports_refusal,0.016690444201231003,0.016690444201231003,0.01675926148891449,0.008866793476045132,0.9800000190734863,0.9800000190734863
501,10,12642,suppresses_refusal,-0.0166532713919878,0.0166532713919878,0.025164546445012093,0.036426153033971786,0.28999999165534973,0.7100000381469727
502,31,12794,suppresses_refusal,-0.01664070039987564,0.01664070039987564,0.02355598472058773,0.02286938577890396,0.1899999976158142,0.8100000023841858
503,31,2756,suppresses_refusal,-0.016640473157167435,0.016640473157167435,0.019129790365695953,0.018109800294041634,0.11999999731779099,0.8799999952316284
504,31,12591,supports_refusal,0.016615143045783043,0.016615143045783043,0.026372680440545082,0.028943151235580444,0.7200000286102295,0.7200000286102295
505,31,11990,suppresses_refusal,-0.016574706882238388,0.016574706882238388,0.01691345125436783,0.006773536093533039,0.019999999552965164,0.9800000190734863
506,19,4712,supports_refusal,0.016571732237935066,0.016571732237935066,0.017032546922564507,0.013079360127449036,0.9800000190734863,0.9800000190734863
507,19,7854,supports_refusal,0.01654823310673237,0.01654823310673237,0.018431777134537697,0.014048973098397255,0.8999999761581421,0.8999999761581421
508,31,11350,supports_refusal,0.0164836123585701,0.0164836123585701,0.01752563565969467,0.012734344229102135,0.949999988079071,0.949999988079071
509,31,11314,supports_refusal,0.01647636480629444,0.01647636480629444,0.016887588426470757,0.01559408474713564,0.9399999976158142,0.9399999976158142
510,30,10064,suppresses_refusal,-0.016460876911878586,0.016460876911878586,0.016460876911878586,0.004296840168535709,0.0,1.0
511,12,9000,suppresses_refusal,-0.01643425039947033,0.01643425039947033,0.016483383253216743,0.015286066569387913,0.009999999776482582,0.9900000095367432
512,12,9114,supports_refusal,0.01643272489309311,0.01643272489309311,0.01989540085196495,0.024452265352010727,0.800000011920929,0.800000011920929
513,12,14045,suppresses_refusal,-0.016396846622228622,0.016396846622228622,0.01659734733402729,0.01678301766514778,0.05000000074505806,0.949999988079071
514,25,4805,supports_refusal,0.016378020867705345,0.016378020867705345,0.01647079549729824,0.008981257677078247,0.9900000095367432,0.9900000095367432
515,4,1619,supports_refusal,0.016352301463484764,0.016352301463484764,0.01879096031188965,0.02284051850438118,0.8899999856948853,0.8899999856948853
516,27,2012,suppresses_refusal,-0.016342200338840485,0.016342200338840485,0.023284034803509712,0.02475394681096077,0.30000001192092896,0.699999988079071
517,31,8549,suppresses_refusal,-0.016335753723978996,0.016335753723978996,0.016642913222312927,0.008364182896912098,0.05000000074505806,0.949999988079071
518,31,11299,suppresses_refusal,-0.016263579949736595,0.016263579949736595,0.016691742464900017,0.005922958720475435,0.029999999329447746,0.9700000286102295
519,30,2653,suppresses_refusal,-0.016221847385168076,0.016221847385168076,0.02706092782318592,0.02979111298918724,0.23000000417232513,0.7699999809265137
520,31,10492,suppresses_refusal,-0.01616104133427143,0.01616104133427143,0.020345306023955345,0.017189744859933853,0.18000000715255737,0.8199999928474426
521,30,2614,supports_refusal,0.01611320488154888,0.01611320488154888,0.017642898485064507,0.014398379251360893,0.8899999856948853,0.8899999856948853
522,19,8935,suppresses_refusal,-0.01607566885650158,0.01607566885650158,0.018140792846679688,0.03131464496254921,0.27000001072883606,0.7300000190734863
523,1,6318,supports_refusal,0.01606534980237484,0.01606534980237484,0.016548747196793556,0.023510171100497246,0.9599999785423279,0.9599999785423279
524,17,7878,supports_refusal,0.016040807589888573,0.016040807589888573,0.01840202882885933,0.01720483787357807,0.8899999856948853,0.8899999856948853
525,31,6734,supports_refusal,0.016037140041589737,0.016037140041589737,0.016037140041589737,0.006810358725488186,1.0,1.0
526,31,10956,suppresses_refusal,-0.016010742634534836,0.016010742634534836,0.025791320949792862,0.02891554869711399,0.25,0.75
527,30,3483,suppresses_refusal,-0.01600906439125538,0.01600906439125538,0.01600906439125538,0.00559684494510293,0.0,1.0
528,27,10231,supports_refusal,0.015987319871783257,0.015987319871783257,0.016046982258558273,0.008530747145414352,0.9700000286102295,0.9700000286102295
529,31,847,supports_refusal,0.01598350517451763,0.01598350517451763,0.01609809882938862,0.012796093709766865,0.949999988079071,0.949999988079071
530,31,2115,supports_refusal,0.015968017280101776,0.015968017280101776,0.017113037407398224,0.011514577083289623,0.9200000166893005,0.9200000166893005
531,0,8001,supports_refusal,0.015938948839902878,0.015938948839902878,0.016429558396339417,0.013009198941290379,0.9399999976158142,0.9399999976158142
532,2,10698,supports_refusal,0.015930842608213425,0.015930842608213425,0.016222018748521805,0.013967057690024376,0.949999988079071,0.949999988079071
533,31,9360,suppresses_refusal,-0.015903472900390625,0.015903472900390625,0.016034698113799095,0.005801060702651739,0.009999999776482582,0.9900000095367432
534,31,12719,suppresses_refusal,-0.01585846021771431,0.01585846021771431,0.01585846021771431,0.004131769761443138,0.0,1.0
535,1,12834,suppresses_refusal,-0.015834741294384003,0.015834741294384003,0.015922632068395615,0.012604310177266598,0.019999999552965164,0.9800000190734863
536,16,5666,supports_refusal,0.015806350857019424,0.015806350857019424,0.01708141341805458,0.02036663144826889,0.8700000047683716,0.8700000047683716
537,5,1615,suppresses_refusal,-0.015745067968964577,0.015745067968964577,0.016420306637883186,0.014947096817195415,0.07000000029802322,0.9300000071525574
538,31,14071,suppresses_refusal,-0.015742797404527664,0.015742797404527664,0.016369018703699112,0.006489930208772421,0.029999999329447746,0.9700000286102295
539,29,2233,supports_refusal,0.01570800691843033,0.01570800691843033,0.01570800691843033,0.006539208814501762,1.0,1.0
540,27,9615,suppresses_refusal,-0.015682602301239967,0.015682602301239967,0.015696488320827484,0.006725653074681759,0.009999999776482582,0.9900000095367432
541,30,10768,suppresses_refusal,-0.015676993876695633,0.015676993876695633,0.016590384766459465,0.013486528769135475,0.05999999865889549,0.9399999976158142
542,31,7104,supports_refusal,0.01567085273563862,0.01567085273563862,0.030907820910215378,0.03370243310928345,0.6899999976158142,0.6899999976158142
543,17,2591,suppresses_refusal,-0.015646591782569885,0.015646591782569885,0.015774764120578766,0.01245693489909172,0.009999999776482582,0.9900000095367432
544,8,11791,supports_refusal,0.015623626299202442,0.015623626299202442,0.01714065484702587,0.01602560468018055,0.9200000166893005,0.9200000166893005
545,30,5051,supports_refusal,0.015619277954101562,0.015619277954101562,0.015619277954101562,0.007874712347984314,1.0,1.0
546,28,11454,supports_refusal,0.015609131194651127,0.015609131194651127,0.015609131194651127,0.00776732387021184,1.0,1.0
547,25,12954,suppresses_refusal,-0.015595168806612492,0.015595168806612492,0.015693893656134605,0.006480484269559383,0.019999999552965164,0.9800000190734863
548,19,11877,supports_refusal,0.015467911027371883,0.015467911027371883,0.015597610734403133,0.010245401412248611,0.9599999785423279,0.9599999785423279
549,17,12441,supports_refusal,0.01541748084127903,0.01541748084127903,0.01541748084127903,0.006904824636876583,1.0,1.0
550,31,10165,supports_refusal,0.015408020466566086,0.015408020466566086,0.01603607088327408,0.010690421797335148,0.9300000071525574,0.9300000071525574
551,28,12702,suppresses_refusal,-0.015395202673971653,0.015395202673971653,0.015395202673971653,0.0047829244285821915,0.0,1.0
552,10,5153,suppresses_refusal,-0.015391302295029163,0.015391302295029163,0.01638447679579258,0.026750219985842705,0.15000000596046448,0.8500000238418579
553,23,11088,suppresses_refusal,-0.015383605845272541,0.015383605845272541,0.015438538044691086,0.010652177035808563,0.009999999776482582,0.9900000095367432
554,13,7787,supports_refusal,0.015351715497672558,0.015351715497672558,0.016836853697896004,0.01851465553045273,0.8999999761581421,0.8999999761581421
555,16,6310,supports_refusal,0.015345802530646324,0.015345802530646324,0.01535236369818449,0.011408721096813679,0.9900000095367432,0.9900000095367432
556,30,2420,suppresses_refusal,-0.015322265215218067,0.015322265215218067,0.015322265215218067,0.004231256898492575,0.0,1.0
557,29,770,suppresses_refusal,-0.015276488848030567,0.015276488848030567,0.015276488848030567,0.006867398042231798,0.0,1.0
558,3,7213,supports_refusal,0.015263901092112064,0.015263901092112064,0.023317642509937286,0.027912292629480362,0.7799999713897705,0.7799999713897705
559,30,13513,supports_refusal,0.015263199806213379,0.015263199806213379,0.015465464442968369,0.02089947834610939,0.8899999856948853,0.8899999856948853
560,11,4846,supports_refusal,0.015238184481859207,0.015238184481859207,0.017663130536675453,0.02910483255982399,0.7599999904632568,0.7599999904632568
561,24,10872,suppresses_refusal,-0.015234890393912792,0.015234890393912792,0.015264797024428844,0.008027227595448494,0.019999999552965164,0.9800000190734863
562,30,8026,suppresses_refusal,-0.015226135030388832,0.015226135030388832,0.015569153241813183,0.009616073220968246,0.03999999910593033,0.9599999785423279
563,12,858,suppresses_refusal,-0.015215682797133923,0.015215682797133923,0.01542991679161787,0.015786467120051384,0.05000000074505806,0.949999988079071
564,10,1918,suppresses_refusal,-0.015209360048174858,0.015209360048174858,0.020072774961590767,0.025528183206915855,0.3100000023841858,0.6899999976158142
565,27,1931,suppresses_refusal,-0.015191134996712208,0.015191134996712208,0.01590154692530632,0.010341066867113113,0.10000000149011612,0.8999999761581421
566,31,9114,suppresses_refusal,-0.015140915289521217,0.015140915289521217,0.016335373744368553,0.014065532013773918,0.10999999940395355,0.8899999856948853
567,30,11307,suppresses_refusal,-0.01510337833315134,0.01510337833315134,0.015117263421416283,0.007548576686531305,0.009999999776482582,0.9900000095367432
568,29,13736,suppresses_refusal,-0.015074167400598526,0.015074167400598526,0.015375833958387375,0.010994590818881989,0.07000000029802322,0.9300000071525574
569,1,7172,suppresses_refusal,-0.015068626031279564,0.015068626031279564,0.015117225237190723,0.009830893948674202,0.019999999552965164,0.9800000190734863
570,12,6150,supports_refusal,0.015064659528434277,0.015064659528434277,0.015069541521370411,0.013755579479038715,0.9900000095367432,0.9900000095367432
571,31,11928,supports_refusal,0.015063362196087837,0.015063362196087837,0.015300636179745197,0.007674267049878836,0.9700000286102295,0.9700000286102295
572,15,13591,suppresses_refusal,-0.015024032443761826,0.015024032443761826,0.015024032443761826,0.007269125431776047,0.0,1.0
573,9,10216,supports_refusal,0.015007929876446724,0.015007929876446724,0.02309364825487137,0.027226818725466728,0.8100000023841858,0.8100000023841858
574,30,11725,suppresses_refusal,-0.015007400885224342,0.015007400885224342,0.015007400885224342,0.00593013409525156,0.0,1.0
575,30,7966,supports_refusal,0.015001621097326279,0.015001621097326279,0.01648172363638878,0.01685541868209839,0.8500000238418579,0.8500000238418579
576,31,2339,supports_refusal,0.014980163425207138,0.014980163425207138,0.014980163425207138,0.007428801618516445,1.0,1.0
577,25,8728,suppresses_refusal,-0.014959555119276047,0.014959555119276047,0.015236825682222843,0.012178577482700348,0.05999999865889549,0.9399999976158142
578,31,12035,supports_refusal,0.014952678233385086,0.014952678233385086,0.017153797671198845,0.015719430521130562,0.8700000047683716,0.8700000047683716
579,31,11680,suppresses_refusal,-0.014920692890882492,0.014920692890882492,0.014920692890882492,0.006336783524602652,0.0,1.0
580,31,9692,suppresses_refusal,-0.014897918328642845,0.014897918328642845,0.017211761325597763,0.013311173766851425,0.12999999523162842,0.8700000047683716
581,27,3755,suppresses_refusal,-0.014886779710650444,0.014886779710650444,0.014886779710650444,0.007271875161677599,0.0,1.0
582,31,11861,suppresses_refusal,-0.014864807017147541,0.014864807017147541,0.014864807017147541,0.005460734944790602,0.0,1.0
583,1,4544,suppresses_refusal,-0.014859847724437714,0.014859847724437714,0.014911575242877007,0.013471603393554688,0.019999999552965164,0.9800000190734863
584,31,3499,supports_refusal,0.014839649200439453,0.014839649200439453,0.02676588110625744,0.06307639181613922,0.949999988079071,0.949999988079071
585,31,13336,supports_refusal,0.014836540445685387,0.014836540445685387,0.01703662797808647,0.016104910522699356,0.8399999737739563,0.8399999737739563
586,3,1990,supports_refusal,0.014797668904066086,0.014797668904066086,0.016400299966335297,0.017829926684498787,0.8700000047683716,0.8700000047683716
587,26,13873,supports_refusal,0.01479415874928236,0.01479415874928236,0.01479415874928236,0.006450302433222532,1.0,1.0
588,12,1559,supports_refusal,0.014793090522289276,0.014793090522289276,0.015006103552877903,0.008915466256439686,0.9700000286102295,0.9700000286102295
589,4,9349,supports_refusal,0.014773254282772541,0.014773254282772541,0.014773254282772541,0.01079372875392437,1.0,1.0
590,21,10983,suppresses_refusal,-0.014761962927877903,0.014761962927877903,0.014761962927877903,0.004584435373544693,0.0,1.0
591,30,1978,suppresses_refusal,-0.01474151574075222,0.01474151574075222,0.01474151574075222,0.0027455759700387716,0.0,1.0
592,18,6786,supports_refusal,0.014695052988827229,0.014695052988827229,0.014752883464097977,0.008588697761297226,0.9800000190734863,0.9800000190734863
593,28,5817,suppresses_refusal,-0.01467132568359375,0.01467132568359375,0.01467132568359375,0.007557194214314222,0.0,1.0
594,30,10126,supports_refusal,0.014668731950223446,0.014668731950223446,0.014668731950223446,0.006095805671066046,1.0,1.0
595,16,12129,supports_refusal,0.014660644344985485,0.014660644344985485,0.014847107231616974,0.009529395028948784,0.9700000286102295,0.9700000286102295
596,19,11792,suppresses_refusal,-0.01466014888137579,0.01466014888137579,0.015393790788948536,0.012572390027344227,0.05000000074505806,0.949999988079071
597,31,10505,suppresses_refusal,-0.014619293622672558,0.014619293622672558,0.014619293622672558,0.007537977769970894,0.0,1.0
598,31,5362,suppresses_refusal,-0.014612874947488308,0.014612874947488308,0.014682607725262642,0.007374363020062447,0.019999999552965164,0.9800000190734863
599,31,13063,suppresses_refusal,-0.014599456451833248,0.014599456451833248,0.014599456451833248,0.006759881041944027,0.0,1.0
600,27,3653,supports_refusal,0.014534883201122284,0.014534883201122284,0.021481141448020935,0.02400892786681652,0.7099999785423279,0.7099999785423279
601,17,13532,supports_refusal,0.014515609480440617,0.014515609480440617,0.016056977212429047,0.01494328211992979,0.8100000023841858,0.8100000023841858
602,30,7388,suppresses_refusal,-0.014513435773551464,0.014513435773551464,0.014747237786650658,0.013262483291327953,0.05000000074505806,0.949999988079071
603,9,6060,supports_refusal,0.01450344081968069,0.01450344081968069,0.016219979152083397,0.0323914997279644,0.800000011920929,0.800000011920929
604,14,1423,suppresses_refusal,-0.014490634202957153,0.014490634202957153,0.01527275238186121,0.024623893201351166,0.18000000715255737,0.8199999928474426
605,30,5526,suppresses_refusal,-0.014482669532299042,0.014482669532299042,0.01572515442967415,0.012871145270764828,0.10999999940395355,0.8899999856948853
606,29,13328,suppresses_refusal,-0.014467277564108372,0.014467277564108372,0.02370326966047287,0.031683534383773804,0.4300000071525574,0.5699999928474426
607,26,3009,supports_refusal,0.014442777261137962,0.014442777261137962,0.014852380380034447,0.017521504312753677,0.8700000047683716,0.8700000047683716
608,29,7328,supports_refusal,0.014442062005400658,0.014442062005400658,0.01509300246834755,0.012416037730872631,0.8999999761581421,0.8999999761581421
609,4,10993,suppresses_refusal,-0.01443275436758995,0.01443275436758995,0.01480506919324398,0.009858016856014729,0.019999999552965164,0.9800000190734863
610,3,6301,supports_refusal,0.014427108690142632,0.014427108690142632,0.014579086564481258,0.013215932995080948,0.9900000095367432,0.9900000095367432
611,13,13824,supports_refusal,0.014402084052562714,0.014402084052562714,0.015279769897460938,0.012862428091466427,0.9200000166893005,0.9200000166893005
612,12,613,suppresses_refusal,-0.014393873512744904,0.014393873512744904,0.01507039088755846,0.016439588740468025,0.14000000059604645,0.8600000143051147
613,31,13592,suppresses_refusal,-0.01430726982653141,0.01430726982653141,0.01430726982653141,0.004587555304169655,0.0,1.0
614,29,5272,suppresses_refusal,-0.014305953867733479,0.014305953867733479,0.014312973245978355,0.014946919865906239,0.009999999776482582,0.9900000095367432
615,31,6424,suppresses_refusal,-0.014304199256002903,0.014304199256002903,0.018787231296300888,0.016874942928552628,0.20000000298023224,0.800000011920929
616,31,12174,supports_refusal,0.014263763092458248,0.014263763092458248,0.01429672259837389,0.00874094944447279,0.9900000095367432,0.9900000095367432
617,31,1136,supports_refusal,0.014243774116039276,0.014243774116039276,0.014533081091940403,0.006254109088331461,0.9700000286102295,0.9700000286102295
618,12,8655,suppresses_refusal,-0.014243049547076225,0.014243049547076225,0.014307213015854359,0.009211611934006214,0.019999999552965164,0.9800000190734863
619,6,4595,supports_refusal,0.014236641116440296,0.014236641116440296,0.014738044701516628,0.014538961462676525,0.9599999785423279,0.9599999785423279
620,30,5222,suppresses_refusal,-0.01422119140625,0.01422119140625,0.014250488020479679,0.006113911978900433,0.009999999776482582,0.9900000095367432
621,24,4421,suppresses_refusal,-0.014187641441822052,0.014187641441822052,0.014187641441822052,0.005356893874704838,0.0,1.0
622,10,6230,supports_refusal,0.014179344289004803,0.014179344289004803,0.014838065952062607,0.019758345559239388,0.9300000071525574,0.9300000071525574
623,31,4790,supports_refusal,0.014166087843477726,0.014166087843477726,0.019633464515209198,0.022473253309726715,0.7599999904632568,0.7599999904632568
624,20,9082,supports_refusal,0.014152240939438343,0.014152240939438343,0.014152240939438343,0.009286231361329556,1.0,1.0
625,31,12839,suppresses_refusal,-0.014151611365377903,0.014151611365377903,0.01760253868997097,0.016965024173259735,0.1599999964237213,0.8400000333786011
626,29,2135,suppresses_refusal,-0.014120063744485378,0.014120063744485378,0.014441872015595436,0.010363984853029251,0.05999999865889549,0.9399999976158142
627,31,7309,supports_refusal,0.01410068478435278,0.01410068478435278,0.01641414687037468,0.014887516386806965,0.8500000238418579,0.8500000238418579
628,31,786,supports_refusal,0.014087829738855362,0.014087829738855362,0.04320526123046875,0.05244145542383194,0.6000000238418579,0.6000000238418579
629,31,10180,suppresses_refusal,-0.01408103946596384,0.01408103946596384,0.014222640544176102,0.008332359604537487,0.009999999776482582,0.9900000095367432
630,6,12481,supports_refusal,0.014061279594898224,0.014061279594898224,0.015060119330883026,0.012226763181388378,0.9399999976158142,0.9399999976158142
631,4,5852,supports_refusal,0.014023344963788986,0.014023344963788986,0.01568005606532097,0.11043792963027954,0.5299999713897705,0.5299999713897705
632,31,9628,supports_refusal,0.014016418717801571,0.014016418717801571,0.014453429728746414,0.008955237455666065,0.9800000190734863,0.9800000190734863
633,31,1712,suppresses_refusal,-0.014013748615980148,0.014013748615980148,0.01869300752878189,0.018650434911251068,0.1899999976158142,0.8100000023841858
634,15,5080,supports_refusal,0.013967246748507023,0.013967246748507023,0.014019432477653027,0.01498432457447052,0.9599999785423279,0.9599999785423279
635,22,1573,suppresses_refusal,-0.01393562275916338,0.01393562275916338,0.01393562275916338,0.009859397076070309,0.0,1.0
636,28,1692,suppresses_refusal,-0.013887329027056694,0.013887329027056694,0.014061889611184597,0.005157459527254105,0.019999999552965164,0.9800000190734863
637,4,11701,suppresses_refusal,-0.01385902427136898,0.01385902427136898,0.01385902427136898,0.009390127845108509,0.0,1.0
638,19,3405,supports_refusal,0.013841858133673668,0.013841858133673668,0.013860778883099556,0.00783767830580473,0.9800000190734863,0.9800000190734863
639,29,1967,suppresses_refusal,-0.013803711161017418,0.013803711161017418,0.0159912109375,0.014216437004506588,0.12999999523162842,0.8700000047683716
640,30,4920,suppresses_refusal,-0.013731002807617188,0.013731002807617188,0.013970431871712208,0.012334205210208893,0.05999999865889549,0.9399999976158142
641,31,7687,supports_refusal,0.013730163685977459,0.013730163685977459,0.013730163685977459,0.00534721789881587,1.0,1.0
642,31,3735,supports_refusal,0.013721466064453125,0.013721466064453125,0.013721466064453125,0.009761887602508068,1.0,1.0
643,31,11488,supports_refusal,0.013694076798856258,0.013694076798856258,0.018171004951000214,0.018250618129968643,0.800000011920929,0.800000011920929
644,29,4103,suppresses_refusal,-0.013684540055692196,0.013684540055692196,0.013684540055692196,0.004554208368062973,0.0,1.0
645,28,9928,suppresses_refusal,-0.013664226979017258,0.013664226979017258,0.022085895761847496,0.02779618836939335,0.30000001192092896,0.699999988079071
646,30,5087,suppresses_refusal,-0.013651866465806961,0.013651866465806961,0.013652820140123367,0.007414339110255241,0.009999999776482582,0.9900000095367432
647,15,8213,supports_refusal,0.013646107167005539,0.013646107167005539,0.014310283586382866,0.011666016653180122,0.8600000143051147,0.8600000143051147
648,0,1006,supports_refusal,0.013629909604787827,0.013629909604787827,0.01413924340158701,0.11173726618289948,0.25,0.75
649,31,2800,supports_refusal,0.013615112751722336,0.013615112751722336,0.017130738124251366,0.016610363498330116,0.8199999928474426,0.8199999928474426
650,3,1072,supports_refusal,0.013576087541878223,0.013576087541878223,0.013846321031451225,0.011008881963789463,0.9599999785423279,0.9599999785423279
651,21,763,supports_refusal,0.013560027815401554,0.013560027815401554,0.013560027815401554,0.005278775468468666,1.0,1.0
652,24,6799,suppresses_refusal,-0.013553676195442677,0.013553676195442677,0.013560313731431961,0.008472786284983158,0.009999999776482582,0.9900000095367432
653,28,1622,suppresses_refusal,-0.01355056744068861,0.01355056744068861,0.013763580471277237,0.0069424971006810665,0.029999999329447746,0.9700000286102295
654,30,6954,supports_refusal,0.013503112830221653,0.013503112830221653,0.013503112830221653,0.008548984304070473,1.0,1.0
655,15,9635,supports_refusal,0.013500099070370197,0.013500099070370197,0.014413566328585148,0.009519179351627827,0.9399999976158142,0.9399999976158142
656,29,4960,suppresses_refusal,-0.013491516001522541,0.013491516001522541,0.013491516001522541,0.006426534149795771,0.0,1.0
657,30,2683,supports_refusal,0.013473434373736382,0.013473434373736382,0.013473434373736382,0.006896679289638996,1.0,1.0
658,30,3460,suppresses_refusal,-0.013468017801642418,0.013468017801642418,0.013468017801642418,0.003157016122713685,0.0,1.0
659,29,9923,suppresses_refusal,-0.013450928032398224,0.013450928032398224,0.013450928032398224,0.004826207645237446,0.0,1.0
660,28,7734,suppresses_refusal,-0.013437652960419655,0.013437652960419655,0.013437652960419655,0.006806476507335901,0.0,1.0
661,26,2622,suppresses_refusal,-0.013434295542538166,0.013434295542538166,0.013434295542538166,0.006371208466589451,0.0,1.0
662,5,5815,suppresses_refusal,-0.013433895073831081,0.013433895073831081,0.013500766828656197,0.010306882672011852,0.029999999329447746,0.9700000286102295
663,13,4011,suppresses_refusal,-0.013431434519588947,0.013431434519588947,0.01396381389349699,0.009155279025435448,0.05000000074505806,0.949999988079071
664,29,3490,supports_refusal,0.013428039848804474,0.013428039848804474,0.022556457668542862,0.027640018612146378,0.6899999976158142,0.6899999976158142
665,28,9265,supports_refusal,0.013416443020105362,0.013416443020105362,0.013416443020105362,0.004497799556702375,1.0,1.0
666,26,11948,suppresses_refusal,-0.013403840363025665,0.013403840363025665,0.014173178933560848,0.011154867708683014,0.15000000596046448,0.8500000238418579
667,29,2380,suppresses_refusal,-0.013402405194938183,0.013402405194938183,0.013402405194938183,0.0034804947208613157,0.0,1.0
668,14,3444,suppresses_refusal,-0.013399925082921982,0.013399925082921982,0.01408740971237421,0.01212634239345789,0.029999999329447746,0.9700000286102295
669,30,6961,suppresses_refusal,-0.01337585411965847,0.01337585411965847,0.01337585411965847,0.0035641747526824474,0.0,1.0
670,30,5089,supports_refusal,0.013362579047679901,0.013362579047679901,0.01346664410084486,0.005492710042744875,0.9800000190734863,0.9800000190734863
671,11,789,supports_refusal,0.013343334197998047,0.013343334197998047,0.014651546254754066,0.020983466878533363,0.8399999737739563,0.8399999737739563
672,31,13292,supports_refusal,0.01334244292229414,0.01334244292229414,0.019811712205410004,0.020507987588644028,0.7699999809265137,0.7699999809265137
673,20,14335,supports_refusal,0.013334007002413273,0.013334007002413273,0.013334007002413273,0.007591994479298592,1.0,1.0
674,9,12694,supports_refusal,0.013316230848431587,0.013316230848431587,0.01333057414740324,0.016637541353702545,0.9800000190734863,0.9800000190734863
675,30,3397,supports_refusal,0.013307438232004642,0.013307438232004642,0.014831333421170712,0.013570643030107021,0.8600000143051147,0.8600000143051147
676,30,5549,suppresses_refusal,-0.013298340141773224,0.013298340141773224,0.013298340141773224,0.004495704546570778,0.0,1.0
677,29,9117,suppresses_refusal,-0.013271675445139408,0.013271675445139408,0.013765830546617508,0.010288138873875141,0.05999999865889549,0.9399999976158142
678,26,6077,suppresses_refusal,-0.013231635093688965,0.013231635093688965,0.013514532707631588,0.006659091915935278,0.03999999910593033,0.9599999785423279
679,18,7999,suppresses_refusal,-0.013230591081082821,0.013230591081082821,0.013230591081082821,0.0059500159695744514,0.0,1.0
680,13,13125,supports_refusal,0.013228378258645535,0.013228378258645535,0.01330772414803505,0.006801782641559839,0.9900000095367432,0.9900000095367432
681,18,8146,supports_refusal,0.013221092522144318,0.013221092522144318,0.013427086174488068,0.010704515501856804,0.9300000071525574,0.9300000071525574
682,31,4788,supports_refusal,0.013183975592255592,0.013183975592255592,0.028105849400162697,0.03194089233875275,0.6000000238418579,0.6000000238418579
683,31,12270,suppresses_refusal,-0.013137207366526127,0.013137207366526127,0.013137207366526127,0.008315098471939564,0.0,1.0
684,28,7668,supports_refusal,0.01312157604843378,0.01312157604843378,0.013914193958044052,0.015700804069638252,0.9100000262260437,0.9100000262260437
685,24,1619,suppresses_refusal,-0.01310882531106472,0.01310882531106472,0.01340484619140625,0.006820282433182001,0.019999999552965164,0.9800000190734863
686,31,311,supports_refusal,0.013092594221234322,0.013092594221234322,0.014553737826645374,0.013568008318543434,0.8399999737739563,0.8399999737739563
687,25,10647,suppresses_refusal,-0.013077697716653347,0.013077697716653347,0.013077697716653347,0.004516575485467911,0.0,1.0
688,7,9048,supports_refusal,0.013061151839792728,0.013061151839792728,0.013067025691270828,0.01136289443820715,0.9900000095367432,0.9900000095367432
689,2,12277,supports_refusal,0.013052139431238174,0.013052139431238174,0.014530791901051998,0.01614922098815441,0.8999999761581421,0.8999999761581421
690,30,10963,supports_refusal,0.013034362345933914,0.013034362345933914,0.013193512335419655,0.008463685400784016,0.9700000286102295,0.9700000286102295
691,0,12037,suppresses_refusal,-0.013017425313591957,0.013017425313591957,0.013134308159351349,0.008848612196743488,0.019999999552965164,0.9800000190734863
692,31,13544,supports_refusal,0.012972135096788406,0.012972135096788406,0.013420438393950462,0.011054432950913906,0.9700000286102295,0.9700000286102295
693,18,690,supports_refusal,0.01293724775314331,0.01293724775314331,0.013098594732582569,0.012292715720832348,0.9399999976158142,0.9399999976158142
694,31,12004,supports_refusal,0.012929696589708328,0.012929696589708328,0.014406595379114151,0.01528833992779255,0.949999988079071,0.949999988079071
695,28,5934,suppresses_refusal,-0.012915687635540962,0.012915687635540962,0.013002891093492508,0.005872709210962057,0.019999999552965164,0.9800000190734863
696,4,2995,supports_refusal,0.012906369753181934,0.012906369753181934,0.014306878671050072,0.013234476558864117,0.8899999856948853,0.8899999856948853
697,30,8735,suppresses_refusal,-0.012886200100183487,0.012886200100183487,0.01322891190648079,0.004769610241055489,0.029999999329447746,0.9700000286102295
698,1,4408,supports_refusal,0.012874908745288849,0.012874908745288849,0.012920074164867401,0.012510567903518677,0.9900000095367432,0.9900000095367432
699,11,8989,supports_refusal,0.012872543185949326,0.012872543185949326,0.012900924310088158,0.008880929090082645,0.9900000095367432,0.9900000095367432
700,8,7034,suppresses_refusal,-0.012830734252929688,0.012830734252929688,0.013960800133645535,0.013038159348070621,0.07999999821186066,0.9200000166893005
701,31,11999,supports_refusal,0.012817688286304474,0.012817688286304474,0.023602599278092384,0.028660206124186516,0.6000000238418579,0.6000000238418579
702,25,1685,supports_refusal,0.012815704569220543,0.012815704569220543,0.014690399169921875,0.013295729644596577,0.9100000262260437,0.9100000262260437
703,12,4085,suppresses_refusal,-0.012807751074433327,0.012807751074433327,0.025904597714543343,0.05871199071407318,0.5899999737739563,0.5899999737739563
704,31,10715,suppresses_refusal,-0.012807159684598446,0.012807159684598446,0.012807159684598446,0.005793024320155382,0.0,1.0
705,31,14108,suppresses_refusal,-0.012776642106473446,0.012776642106473446,0.012806854210793972,0.0053435382433235645,0.009999999776482582,0.9900000095367432
706,31,2111,suppresses_refusal,-0.012776393443346024,0.012776393443346024,0.015385456383228302,0.014295992441475391,0.2199999988079071,0.7799999713897705
707,17,5722,supports_refusal,0.01273722667247057,0.01273722667247057,0.016356954351067543,0.015662772580981255,0.7799999713897705,0.7799999713897705
708,18,6898,supports_refusal,0.012715930119156837,0.012715930119156837,0.01843595691025257,0.020246874541044235,0.7699999809265137,0.7699999809265137
709,31,12326,supports_refusal,0.012677498161792755,0.012677498161792755,0.012973365373909473,0.008268635720014572,0.9700000286102295,0.9700000286102295
710,29,6313,suppresses_refusal,-0.012651977129280567,0.012651977129280567,0.012651977129280567,0.005585057195276022,0.0,1.0
711,12,5800,suppresses_refusal,-0.012640457600355148,0.012640457600355148,0.013361282646656036,0.010865604504942894,0.07999999821186066,0.9200000166893005
712,22,1848,supports_refusal,0.012633971869945526,0.012633971869945526,0.012633971869945526,0.005097700748592615,1.0,1.0
713,22,2901,suppresses_refusal,-0.01263194065541029,0.01263194065541029,0.012786759994924068,0.0062265037558972836,0.029999999329447746,0.9700000286102295
714,8,11354,suppresses_refusal,-0.012608986347913742,0.012608986347913742,0.01275478396564722,0.011789959855377674,0.029999999329447746,0.9700000286102295
715,31,6351,suppresses_refusal,-0.01260379794985056,0.01260379794985056,0.012667045928537846,0.009992491453886032,0.05000000074505806,0.949999988079071
716,23,3321,suppresses_refusal,-0.01256372407078743,0.01256372407078743,0.013026447035372257,0.007708244491368532,0.05000000074505806,0.949999988079071
717,2,4256,supports_refusal,0.012545919045805931,0.012545919045805931,0.013452520594000816,0.01655864529311657,0.9100000262260437,0.9100000262260437
718,11,9089,supports_refusal,0.012543696910142899,0.012543696910142899,0.01286298781633377,0.014735999517142773,0.9200000166893005,0.9200000166893005
719,31,11541,supports_refusal,0.012536105699837208,0.012536105699837208,0.01376199722290039,0.013794501312077045,0.8999999761581421,0.8999999761581421
720,16,6521,suppresses_refusal,-0.012514190748333931,0.012514190748333931,0.018548430874943733,0.019066842272877693,0.30000001192092896,0.699999988079071
721,23,13108,suppresses_refusal,-0.012503414414823055,0.012503414414823055,0.013803081586956978,0.013374525122344494,0.12999999523162842,0.8700000047683716
722,22,11889,suppresses_refusal,-0.012461395002901554,0.012461395002901554,0.012461395002901554,0.00903842318803072,0.0,1.0
723,23,1780,suppresses_refusal,-0.012457599863409996,0.012457599863409996,0.012757091782987118,0.006759623531252146,0.03999999910593033,0.9599999785423279
724,31,11084,supports_refusal,0.012451705522835255,0.012451705522835255,0.014021988026797771,0.013287821784615517,0.8199999928474426,0.8199999928474426
725,31,3484,suppresses_refusal,-0.012445526197552681,0.012445526197552681,0.012445526197552681,0.006222762633115053,0.0,1.0
726,11,5200,suppresses_refusal,-0.01238918025046587,0.01238918025046587,0.013229486532509327,0.013599584810435772,0.05999999865889549,0.9399999976158142
727,29,6216,supports_refusal,0.012367401272058487,0.012367401272058487,0.012629394419491291,0.008927712216973305,0.9599999785423279,0.9599999785423279
728,17,10466,suppresses_refusal,-0.012366247363388538,0.012366247363388538,0.012580480426549911,0.010539128445088863,0.019999999552965164,0.9800000190734863
729,12,3044,suppresses_refusal,-0.012364120222628117,0.012364120222628117,0.012390060350298882,0.00686854450032115,0.009999999776482582,0.9900000095367432
730,31,13833,supports_refusal,0.012353973463177681,0.012353973463177681,0.026664886623620987,0.032518982887268066,0.6499999761581421,0.6499999761581421
731,29,7514,suppresses_refusal,-0.012322005815804005,0.012322005815804005,0.012332839891314507,0.0062811183743178844,0.009999999776482582,0.9900000095367432
732,30,2341,suppresses_refusal,-0.012293243780732155,0.012293243780732155,0.012293243780732155,0.0048435647040605545,0.0,1.0
733,30,9305,supports_refusal,0.012293091043829918,0.012293091043829918,0.012293091043829918,0.0034158683847635984,1.0,1.0
734,16,13109,supports_refusal,0.012287902645766735,0.012287902645766735,0.013257446698844433,0.011729191057384014,0.9100000262260437,0.9100000262260437
735,31,5540,supports_refusal,0.01228260062634945,0.01228260062634945,0.012516212649643421,0.010873815976083279,0.9300000071525574,0.9300000071525574
736,31,9647,supports_refusal,0.01227569580078125,0.01227569580078125,0.012372741475701332,0.008229604922235012,0.9700000286102295,0.9700000286102295
737,27,13407,suppresses_refusal,-0.012275214307010174,0.012275214307010174,0.01230928860604763,0.006498947273939848,0.019999999552965164,0.9800000190734863
738,29,10297,suppresses_refusal,-0.012260742485523224,0.012260742485523224,0.012260742485523224,0.0048951320350170135,0.0,1.0
739,22,1418,supports_refusal,0.012199669145047665,0.012199669145047665,0.012644767761230469,0.008453218266367912,0.9300000071525574,0.9300000071525574
740,15,9511,supports_refusal,0.012188090942800045,0.012188090942800045,0.012929973192512989,0.021904822438955307,0.9399999976158142,0.9399999976158142
741,21,1412,suppresses_refusal,-0.012185955420136452,0.012185955420136452,0.012740764766931534,0.007715363055467606,0.029999999329447746,0.9700000286102295
742,28,10706,suppresses_refusal,-0.01215408369898796,0.01215408369898796,0.01215408369898796,0.0038543136324733496,0.0,1.0
743,22,2940,suppresses_refusal,-0.012153320014476776,0.012153320014476776,0.01324462890625,0.010400021448731422,0.05999999865889549,0.9399999976158142
744,13,8818,supports_refusal,0.01214599609375,0.01214599609375,0.012171936221420765,0.006640829145908356,0.9800000190734863,0.9800000190734863
745,2,1983,supports_refusal,0.012134131975471973,0.012134131975471973,0.013158530928194523,0.011266696266829967,0.8799999952316284,0.8799999952316284
746,31,1174,supports_refusal,0.012127685360610485,0.012127685360610485,0.012127685360610485,0.003991246689110994,1.0,1.0
747,11,12227,suppresses_refusal,-0.012124882079660892,0.012124882079660892,0.015127887949347496,0.018926193937659264,0.2199999988079071,0.7799999713897705
748,30,5194,suppresses_refusal,-0.012107543647289276,0.012107543647289276,0.012107543647289276,0.0029302521143108606,0.0,1.0
749,31,10143,supports_refusal,0.012085876427590847,0.012085876427590847,0.012085876427590847,0.006535010412335396,1.0,1.0
750,5,13308,supports_refusal,0.012085266411304474,0.012085266411304474,0.01820724457502365,0.0254307109862566,0.7300000190734863,0.7300000190734863
751,31,4436,supports_refusal,0.012077941559255123,0.012077941559255123,0.013688202016055584,0.011939974501729012,0.8500000238418579,0.8500000238418579
752,23,13147,suppresses_refusal,-0.012075862847268581,0.012075862847268581,0.01243780180811882,0.00788094662129879,0.05999999865889549,0.9399999976158142
753,0,2251,suppresses_refusal,-0.012059859931468964,0.012059859931468964,0.013075637631118298,0.021234693005681038,0.11999999731779099,0.8799999952316284
754,30,14201,suppresses_refusal,-0.012038001790642738,0.012038001790642738,0.01237079594284296,0.006019370164722204,0.03999999910593033,0.9599999785423279
755,29,11000,supports_refusal,0.01202472671866417,0.01202472671866417,0.0120627973228693,0.0048259044997394085,0.9800000190734863,0.9800000190734863
756,31,9672,suppresses_refusal,-0.012022171169519424,0.012022171169519424,0.012022171169519424,0.005556345917284489,0.0,1.0
757,31,13402,supports_refusal,0.012021026574075222,0.012021026574075222,0.01504520419985056,0.01898871548473835,0.75,0.75
758,12,2963,suppresses_refusal,-0.012010288424789906,0.012010288424789906,0.012373523786664009,0.014726437628269196,0.12999999523162842,0.8700000047683716
759,2,12805,supports_refusal,0.012007856741547585,0.012007856741547585,0.012255124747753143,0.009889069944620132,0.949999988079071,0.949999988079071
760,31,11075,suppresses_refusal,-0.011988678015768528,0.011988678015768528,0.011988678015768528,0.006516819354146719,0.0,1.0
761,30,13767,supports_refusal,0.011974792927503586,0.011974792927503586,0.012185058556497097,0.011509894393384457,0.9399999976158142,0.9399999976158142
762,12,7367,suppresses_refusal,-0.01195480301976204,0.01195480301976204,0.012007598765194416,0.008768786676228046,0.019999999552965164,0.9800000190734863
763,29,12590,supports_refusal,0.011953124776482582,0.011953124776482582,0.011953124776482582,0.004243975505232811,1.0,1.0
764,30,2549,supports_refusal,0.011928100138902664,0.011928100138902664,0.011928100138902664,0.006141241639852524,1.0,1.0
765,3,482,supports_refusal,0.011910419911146164,0.011910419911146164,0.013970318250358105,0.013998059555888176,0.8500000238418579,0.8500000238418579
766,20,1223,supports_refusal,0.011902255937457085,0.011902255937457085,0.012195625342428684,0.01010392140597105,0.9100000262260437,0.9100000262260437
767,3,8878,supports_refusal,0.011899489909410477,0.011899489909410477,0.012307815253734589,0.014721764251589775,0.9599999785423279,0.9599999785423279
768,24,2597,suppresses_refusal,-0.011891326867043972,0.011891326867043972,0.011891326867043972,0.0038404250517487526,0.0,1.0
769,31,3540,supports_refusal,0.011890411376953125,0.011890411376953125,0.012092895805835724,0.007912196218967438,0.949999988079071,0.949999988079071
770,5,1771,suppresses_refusal,-0.011861863546073437,0.011861863546073437,0.012243712320923805,0.08905590325593948,0.5099999904632568,0.5099999904632568
771,31,7365,supports_refusal,0.01185813918709755,0.01185813918709755,0.011914444155991077,0.004062559921294451,0.9800000190734863,0.9800000190734863
772,15,6658,suppresses_refusal,-0.011857910081744194,0.011857910081744194,0.014799804426729679,0.014115964993834496,0.1899999976158142,0.8100000023841858
773,30,2049,suppresses_refusal,-0.011848811991512775,0.011848811991512775,0.0120329475030303,0.007134392857551575,0.05999999865889549,0.9399999976158142
774,30,2306,supports_refusal,0.011847534216940403,0.011847534216940403,0.011847534216940403,0.002493402222171426,1.0,1.0
775,30,2513,supports_refusal,0.011844635009765625,0.011844635009765625,0.012364502064883709,0.010552712716162205,0.9100000262260437,0.9100000262260437
776,5,5402,suppresses_refusal,-0.011838989332318306,0.011838989332318306,0.021239470690488815,0.02652004361152649,0.27000001072883606,0.7300000190734863
777,27,2354,supports_refusal,0.011837921105325222,0.011837921105325222,0.012210235930979252,0.007658890448510647,0.9399999976158142,0.9399999976158142
778,31,5692,supports_refusal,0.011835289187729359,0.011835289187729359,0.01184841152280569,0.006700361147522926,0.9900000095367432,0.9900000095367432
779,27,7180,suppresses_refusal,-0.011804427951574326,0.011804427951574326,0.012026443146169186,0.007547862362116575,0.03999999910593033,0.9599999785423279
780,29,108,supports_refusal,0.011800747364759445,0.011800747364759445,0.014905910938978195,0.014055872336030006,0.8799999952316284,0.8799999952316284
781,28,10254,suppresses_refusal,-0.01179908774793148,0.01179908774793148,0.024241410195827484,0.03007487952709198,0.38999998569488525,0.6100000143051147
782,29,8335,suppresses_refusal,-0.011768064461648464,0.011768064461648464,0.0117716696113348,0.004365773405879736,0.009999999776482582,0.9900000095367432
783,31,12985,suppresses_refusal,-0.011758651584386826,0.011758651584386826,0.01270774845033884,0.008023664355278015,0.11999999731779099,0.8799999952316284
784,29,1928,supports_refusal,0.01175842247903347,0.01175842247903347,0.011974487453699112,0.007341642398387194,0.9900000095367432,0.9900000095367432
785,31,11586,supports_refusal,0.011751708574593067,0.011751708574593067,0.012030563317239285,0.014400230720639229,0.8999999761581421,0.8999999761581421
786,1,12697,supports_refusal,0.011741237714886665,0.011741237714886665,0.01856885850429535,0.024105923250317574,0.7099999785423279,0.7099999785423279
787,8,3210,supports_refusal,0.011731338687241077,0.011731338687241077,0.011827316135168076,0.007704013492912054,0.9800000190734863,0.9800000190734863
788,11,12239,supports_refusal,0.011716041713953018,0.011716041713953018,0.01233593001961708,0.012514881789684296,0.9700000286102295,0.9700000286102295
789,28,13395,supports_refusal,0.011694107204675674,0.011694107204675674,0.011880569159984589,0.007929283194243908,0.949999988079071,0.949999988079071
790,23,10303,supports_refusal,0.011686692014336586,0.011686692014336586,0.011979231610894203,0.011584671214222908,0.9200000166893005,0.9200000166893005
791,13,11841,supports_refusal,0.011640328913927078,0.011640328913927078,0.012329798191785812,0.012083545327186584,0.8799999952316284,0.8799999952316284
792,1,9914,supports_refusal,0.011619520373642445,0.011619520373642445,0.012601042166352272,0.010553622618317604,0.9200000166893005,0.9200000166893005
793,30,13476,suppresses_refusal,-0.011609954759478569,0.011609954759478569,0.011609954759478569,0.004936638753861189,0.0,1.0
794,11,8556,supports_refusal,0.011606681160628796,0.011606681160628796,0.016657665371894836,0.056001611053943634,0.3499999940395355,0.6499999761581421
795,15,256,supports_refusal,0.011603240855038166,0.011603240855038166,0.011686248704791069,0.006343725137412548,0.9900000095367432,0.9900000095367432
796,27,2170,supports_refusal,0.01160235796123743,0.01160235796123743,0.012233308516442776,0.008683226071298122,0.9200000166893005,0.9200000166893005
797,29,4854,supports_refusal,0.011570548638701439,0.011570548638701439,0.01164730079472065,0.008027165196835995,0.9700000286102295,0.9700000286102295
798,12,911,suppresses_refusal,-0.011562252417206764,0.011562252417206764,0.011779575608670712,0.014148017391562462,0.07000000029802322,0.9300000071525574
799,31,13214,suppresses_refusal,-0.011553039774298668,0.011553039774298668,0.012163391336798668,0.005509523209184408,0.029999999329447746,0.9700000286102295
800,29,1521,supports_refusal,0.011530451476573944,0.011530451476573944,0.011600499041378498,0.008165476843714714,0.9700000286102295,0.9700000286102295
801,28,3340,supports_refusal,0.011504135094583035,0.011504135094583035,0.012220382690429688,0.012185273692011833,0.8999999761581421,0.8999999761581421
802,14,1325,suppresses_refusal,-0.011499137617647648,0.011499137617647648,0.012243003584444523,0.00925318244844675,0.07000000029802322,0.9300000071525574
803,27,8191,suppresses_refusal,-0.011496429331600666,0.011496429331600666,0.011724090203642845,0.006733632646501064,0.05000000074505806,0.949999988079071
804,30,13848,suppresses_refusal,-0.011495513841509819,0.011495513841509819,0.01390228234231472,0.012075018137693405,0.18000000715255737,0.8199999928474426
805,26,6479,suppresses_refusal,-0.011489353142678738,0.011489353142678738,0.014686374925076962,0.014161127619445324,0.07999999821186066,0.9200000166893005
806,31,2268,supports_refusal,0.011462573893368244,0.011462573893368244,0.018011951819062233,0.020621422678232193,0.6700000166893005,0.6700000166893005
807,15,2599,supports_refusal,0.011446952819824219,0.011446952819824219,0.013607902452349663,0.010700218379497528,0.9100000262260437,0.9100000262260437
808,31,850,supports_refusal,0.011444930918514729,0.011444930918514729,0.0125218965113163,0.012234535068273544,0.8100000023841858,0.8100000023841858
809,24,10375,supports_refusal,0.011439705267548561,0.011439705267548561,0.011814765632152557,0.006821904331445694,0.949999988079071,0.949999988079071
810,30,840,suppresses_refusal,-0.011431579478085041,0.011431579478085041,0.011431579478085041,0.003785356180742383,0.0,1.0
811,25,12470,supports_refusal,0.011403713375329971,0.011403713375329971,0.011512699536979198,0.014187954366207123,0.9200000166893005,0.9200000166893005
812,12,9441,suppresses_refusal,-0.011403198353946209,0.011403198353946209,0.011428985744714737,0.008437943644821644,0.009999999776482582,0.9900000095367432
813,27,2298,suppresses_refusal,-0.011395110748708248,0.011395110748708248,0.011395110748708248,0.003795855212956667,0.0,1.0
814,31,4015,suppresses_refusal,-0.011392326094210148,0.011392326094210148,0.02251254953444004,0.023679597303271294,0.23999999463558197,0.7599999904632568
815,29,10092,supports_refusal,0.01138633769005537,0.01138633769005537,0.011398468166589737,0.0038752101827412844,0.9800000190734863,0.9800000190734863
816,21,9625,suppresses_refusal,-0.011385726742446423,0.011385726742446423,0.015005569905042648,0.018668456003069878,0.27000001072883606,0.7300000190734863
817,22,6459,suppresses_refusal,-0.011384543962776661,0.011384543962776661,0.011384543962776661,0.006619617342948914,0.0,1.0
818,31,3759,suppresses_refusal,-0.011383133009076118,0.011383133009076118,0.020373154431581497,0.02334921807050705,0.25,0.75
819,31,12889,suppresses_refusal,-0.011382141150534153,0.011382141150534153,0.011382141150534153,0.006810286547988653,0.0,1.0
820,31,11395,suppresses_refusal,-0.011374588124454021,0.011374588124454021,0.011444244533777237,0.0059958817437291145,0.03999999910593033,0.9599999785423279
821,17,11724,supports_refusal,0.011371821165084839,0.011371821165084839,0.014349440112709999,0.017887398600578308,0.7699999809265137,0.7699999809265137
822,0,3662,suppresses_refusal,-0.0113650131970644,0.0113650131970644,0.011371956206858158,0.013710838742554188,0.009999999776482582,0.9900000095367432
823,12,12926,supports_refusal,0.011358719319105148,0.011358719319105148,0.011538734659552574,0.011813943274319172,0.8899999856948853,0.8899999856948853
824,30,9932,suppresses_refusal,-0.011353912763297558,0.011353912763297558,0.011353912763297558,0.003759918035939336,0.0,1.0
825,31,1313,suppresses_refusal,-0.011345472186803818,0.011345472186803818,0.011347475461661816,0.008442302234470844,0.009999999776482582,0.9900000095367432
826,30,599,suppresses_refusal,-0.011339950375258923,0.011339950375258923,0.011339950375258923,0.0037172874435782433,0.0,1.0
827,6,8398,supports_refusal,0.011331252753734589,0.011331252753734589,0.011435013264417648,0.010567931458353996,0.9800000190734863,0.9800000190734863
828,30,2319,suppresses_refusal,-0.011304931715130806,0.011304931715130806,0.011453552171587944,0.0057120490819215775,0.029999999329447746,0.9700000286102295
829,31,14073,suppresses_refusal,-0.011294250376522541,0.011294250376522541,0.016360169276595116,0.01641036942601204,0.27000001072883606,0.7300000190734863
830,30,2730,supports_refusal,0.011290817521512508,0.011290817521512508,0.012689284980297089,0.008434527553617954,0.8799999952316284,0.8799999952316284
831,30,4861,suppresses_refusal,-0.011276855133473873,0.011276855133473873,0.011276855133473873,0.0034213715698570013,0.0,1.0
832,31,10697,suppresses_refusal,-0.01127449981868267,0.01127449981868267,0.013050565496087074,0.013516475446522236,0.2199999988079071,0.7799999713897705
833,31,13038,suppresses_refusal,-0.011259002611041069,0.011259002611041069,0.011841888539493084,0.006936125922948122,0.09000000357627869,0.9099999666213989
834,31,7506,supports_refusal,0.011241703294217587,0.011241703294217587,0.013584080152213573,0.017472973093390465,0.6499999761581421,0.6499999761581421
835,15,8390,suppresses_refusal,-0.011240300722420216,0.011240300722420216,0.011240300722420216,0.006753202993422747,0.0,1.0
836,17,12117,suppresses_refusal,-0.011228141374886036,0.011228141374886036,0.012498664669692516,0.01095509622246027,0.14000000059604645,0.8600000143051147
837,29,9768,suppresses_refusal,-0.011221942491829395,0.011221942491829395,0.011222782544791698,0.006294689141213894,0.009999999776482582,0.9900000095367432
838,27,609,supports_refusal,0.011205787770450115,0.011205787770450115,0.011479606851935387,0.008107814937829971,0.9100000262260437,0.9100000262260437
839,12,9450,suppresses_refusal,-0.011174779385328293,0.011174779385328293,0.011811546981334686,0.013127001002430916,0.11999999731779099,0.8799999952316284
840,31,8018,suppresses_refusal,-0.011173372156918049,0.011173372156918049,0.011243714950978756,0.007296021096408367,0.019999999552965164,0.9800000190734863
841,6,5667,supports_refusal,0.011173248291015625,0.011173248291015625,0.01175613421946764,0.007498515769839287,0.9599999785423279,0.9599999785423279
842,20,1455,supports_refusal,0.011164856143295765,0.011164856143295765,0.01122283935546875,0.005643399432301521,0.9900000095367432,0.9900000095367432
843,6,895,supports_refusal,0.011160488240420818,0.011160488240420818,0.01200036983937025,0.014753051102161407,0.9100000262260437,0.9100000262260437
844,3,12007,supports_refusal,0.011144867166876793,0.011144867166876793,0.012063064612448215,0.010013658553361893,0.9599999785423279,0.9599999785423279
845,30,6610,suppresses_refusal,-0.01114250160753727,0.01114250160753727,0.011159438639879227,0.004515385255217552,0.009999999776482582,0.9900000095367432
846,4,11445,suppresses_refusal,-0.011139869689941406,0.011139869689941406,0.011265601962804794,0.009084616787731647,0.009999999776482582,0.9900000095367432
847,25,11584,supports_refusal,0.011132735759019852,0.011132735759019852,0.01201225258409977,0.011370259337127209,0.8399999737739563,0.8399999737739563
848,28,3424,suppresses_refusal,-0.011122512631118298,0.011122512631118298,0.01117378193885088,0.006903701927512884,0.029999999329447746,0.9700000286102295
849,29,2309,supports_refusal,0.011110428720712662,0.011110428720712662,0.012313660234212875,0.011354819871485233,0.8700000047683716,0.8700000047683716
850,16,12849,supports_refusal,0.011110114865005016,0.011110114865005016,0.01117984764277935,0.009066550061106682,0.9599999785423279,0.9599999785423279
851,16,5033,supports_refusal,0.01109805703163147,0.01109805703163147,0.012587219476699829,0.012190929614007473,0.8700000047683716,0.8700000047683716
852,31,5506,suppresses_refusal,-0.01109237689524889,0.01109237689524889,0.01109237689524889,0.0051984465681016445,0.0,1.0
853,31,5933,supports_refusal,0.01108596846461296,0.01108596846461296,0.01476242020726204,0.01531307864934206,0.699999988079071,0.699999988079071
854,31,2675,supports_refusal,0.011067962273955345,0.011067962273955345,0.011067962273955345,0.005092879291623831,1.0,1.0
855,22,6274,suppresses_refusal,-0.011047095991671085,0.011047095991671085,0.017339516431093216,0.019156014546751976,0.17000000178813934,0.8299999833106995
856,14,6293,supports_refusal,0.011044234968721867,0.011044234968721867,0.011127853766083717,0.007451000157743692,0.9900000095367432,0.9900000095367432
857,5,13208,suppresses_refusal,-0.011024313047528267,0.011024313047528267,0.011073694564402103,0.009164049290120602,0.029999999329447746,0.9700000286102295
858,29,13979,suppresses_refusal,-0.011020469479262829,0.011020469479262829,0.011054497212171555,0.007626890204846859,0.019999999552965164,0.9800000190734863
859,28,1478,supports_refusal,0.01101698912680149,0.01101698912680149,0.011304235085844994,0.0106941107660532,0.9300000071525574,0.9300000071525574
860,31,5883,suppresses_refusal,-0.011010894551873207,0.011010894551873207,0.012842560186982155,0.011699200607836246,0.11999999731779099,0.8799999952316284
861,31,10075,suppresses_refusal,-0.01094665564596653,0.01094665564596653,0.011051025241613388,0.007945849560201168,0.009999999776482582,0.9900000095367432
862,31,3616,supports_refusal,0.010934200137853622,0.010934200137853622,0.011927127838134766,0.012053837068378925,0.8500000238418579,0.8500000238418579
863,31,13102,suppresses_refusal,-0.010928306728601456,0.010928306728601456,0.014466209337115288,0.014104858040809631,0.20999999344348907,0.7900000214576721
864,6,7457,suppresses_refusal,-0.010928086936473846,0.010928086936473846,0.011041917838156223,0.02652031183242798,0.019999999552965164,0.9800000190734863
865,30,4011,suppresses_refusal,-0.010912924073636532,0.010912924073636532,0.010944299399852753,0.0067230272106826305,0.019999999552965164,0.9800000190734863
866,27,11989,suppresses_refusal,-0.010874824598431587,0.010874824598431587,0.01128055527806282,0.007619932759553194,0.05999999865889549,0.9399999976158142
867,23,13591,suppresses_refusal,-0.010874557308852673,0.010874557308852673,0.011947249993681908,0.010015680454671383,0.14000000059604645,0.8600000143051147
868,30,7435,suppresses_refusal,-0.01087144110351801,0.01087144110351801,0.010916430503129959,0.010873036459088326,0.07000000029802322,0.9300000071525574
869,14,14264,supports_refusal,0.010870666243135929,0.010870666243135929,0.011957702226936817,0.009199263527989388,0.8899999856948853,0.8899999856948853
870,21,6538,supports_refusal,0.010863828472793102,0.010863828472793102,0.011281004175543785,0.007976489141583443,0.9700000286102295,0.9700000286102295
871,31,4229,supports_refusal,0.01086349505931139,0.01086349505931139,0.01086349505931139,0.003469014074653387,1.0,1.0
872,28,547,supports_refusal,0.010842017829418182,0.010842017829418182,0.01084262877702713,0.0075308228842914104,0.9900000095367432,0.9900000095367432
873,30,13939,supports_refusal,0.010837860405445099,0.010837860405445099,0.012166595086455345,0.01261537428945303,0.8399999737739563,0.8399999737739563
874,29,6070,supports_refusal,0.010837860405445099,0.010837860405445099,0.010837860405445099,0.0029961243271827698,1.0,1.0
875,30,11369,suppresses_refusal,-0.01083702128380537,0.01083702128380537,0.013172264210879803,0.012000049464404583,0.18000000715255737,0.8199999928474426
876,30,8321,supports_refusal,0.01083383522927761,0.01083383522927761,0.011183223687112331,0.009020510129630566,0.9200000166893005,0.9200000166893005
877,30,6659,supports_refusal,0.010830688290297985,0.010830688290297985,0.01198425330221653,0.007605364546179771,0.9300000071525574,0.9300000071525574
878,31,531,suppresses_refusal,-0.010820426978170872,0.010820426978170872,0.010869559831917286,0.007110949605703354,0.009999999776482582,0.9900000095367432
879,12,11802,suppresses_refusal,-0.010797887109220028,0.010797887109220028,0.011971134692430496,0.012926801107823849,0.12999999523162842,0.8700000047683716
880,29,7097,suppresses_refusal,-0.010797806084156036,0.010797806084156036,0.010797806084156036,0.005069033708423376,0.0,1.0
881,18,12834,suppresses_refusal,-0.0107963178306818,0.0107963178306818,0.0107963178306818,0.007753761950880289,0.0,1.0
882,16,6924,supports_refusal,0.010792331770062447,0.010792331770062447,0.011052646674215794,0.00966948363929987,0.9599999785423279,0.9599999785423279
883,5,4138,suppresses_refusal,-0.010791587643325329,0.010791587643325329,0.011095771566033363,0.010410775430500507,0.07000000029802322,0.9300000071525574
884,20,14322,suppresses_refusal,-0.010789108462631702,0.010789108462631702,0.010789108462631702,0.0062288581393659115,0.0,1.0
885,12,6078,suppresses_refusal,-0.010784873738884926,0.010784873738884926,0.010805473662912846,0.007009344175457954,0.009999999776482582,0.9900000095367432
886,11,8208,suppresses_refusal,-0.010766992345452309,0.010766992345452309,0.013089762069284916,0.017051221802830696,0.1899999976158142,0.8100000023841858
887,30,10070,suppresses_refusal,-0.0107643511146307,0.0107643511146307,0.015159339644014835,0.014377886429429054,0.25,0.75
888,28,5484,suppresses_refusal,-0.010727844201028347,0.010727844201028347,0.010741882026195526,0.00554248970001936,0.009999999776482582,0.9900000095367432
889,0,5290,suppresses_refusal,-0.010716705583035946,0.010716705583035946,0.010716705583035946,0.006275299936532974,0.0,1.0
890,30,8027,suppresses_refusal,-0.010709953494369984,0.010709953494369984,0.010718727484345436,0.004144248086959124,0.009999999776482582,0.9900000095367432
891,21,12001,supports_refusal,0.01070327777415514,0.01070327777415514,0.010874786414206028,0.007668399717658758,0.9599999785423279,0.9599999785423279
892,23,9634,suppresses_refusal,-0.010690994560718536,0.010690994560718536,0.010690994560718536,0.006340151187032461,0.0,1.0
893,13,9215,suppresses_refusal,-0.010687694884836674,0.010687694884836674,0.015186824835836887,0.019351569935679436,0.2800000011920929,0.7200000286102295
894,27,627,supports_refusal,0.010663452558219433,0.010663452558219433,0.010667114518582821,0.0033928498160094023,0.9900000095367432,0.9900000095367432
895,14,13482,supports_refusal,0.010655594058334827,0.010655594058334827,0.010913162492215633,0.006434003356844187,0.9900000095367432,0.9900000095367432
896,30,4826,supports_refusal,0.010654373094439507,0.010654373094439507,0.010659713298082352,0.006309072952717543,0.9900000095367432,0.9900000095367432
897,4,323,suppresses_refusal,-0.010650863870978355,0.010650863870978355,0.01370593998581171,0.016175895929336548,0.12999999523162842,0.8700000047683716
898,31,9119,suppresses_refusal,-0.010649280622601509,0.010649280622601509,0.013154850341379642,0.012087195180356503,0.1599999964237213,0.8400000333786011
899,20,1474,suppresses_refusal,-0.010646786540746689,0.010646786540746689,0.011159482412040234,0.012828798964619637,0.15000000596046448,0.8500000238418579
900,31,13304,supports_refusal,0.010632362216711044,0.010632362216711044,0.010632362216711044,0.0069923000410199165,1.0,1.0
901,27,10202,suppresses_refusal,-0.010617127642035484,0.010617127642035484,0.010644135065376759,0.008724583312869072,0.009999999776482582,0.9900000095367432
902,30,6462,suppresses_refusal,-0.010613517835736275,0.010613517835736275,0.010613517835736275,0.005104950629174709,0.0,1.0
903,29,153,supports_refusal,0.010608978569507599,0.010608978569507599,0.010608978569507599,0.004621699918061495,1.0,1.0
904,31,8350,suppresses_refusal,-0.010608520358800888,0.010608520358800888,0.012177123688161373,0.00885925441980362,0.11999999731779099,0.8799999952316284
905,31,10897,supports_refusal,0.010606613010168076,0.010606613010168076,0.010606613010168076,0.004818812012672424,1.0,1.0
906,29,7523,supports_refusal,0.010597649030387402,0.010597649030387402,0.010597649030387402,0.004115576855838299,1.0,1.0
907,26,13860,suppresses_refusal,-0.010577697306871414,0.010577697306871414,0.010632324032485485,0.004918758757412434,0.009999999776482582,0.9900000095367432
908,12,11210,supports_refusal,0.010577087290585041,0.010577087290585041,0.010577087290585041,0.006235259585082531,1.0,1.0
909,26,14176,suppresses_refusal,-0.010567626915872097,0.010567626915872097,0.010776977986097336,0.00939163751900196,0.05999999865889549,0.9399999976158142
910,28,9387,supports_refusal,0.010565643198788166,0.010565643198788166,0.010565643198788166,0.004455226939171553,1.0,1.0
911,28,13243,suppresses_refusal,-0.01055191084742546,0.01055191084742546,0.01055191084742546,0.003476242534816265,0.0,1.0
912,17,2169,suppresses_refusal,-0.010550040751695633,0.010550040751695633,0.011019859462976456,0.009772910736501217,0.10000000149011612,0.8999999761581421
913,31,4097,supports_refusal,0.010542278178036213,0.010542278178036213,0.011034412309527397,0.007818277925252914,0.9300000071525574,0.9300000071525574
914,17,303,suppresses_refusal,-0.010539093054831028,0.010539093054831028,0.01096214260905981,0.008384485729038715,0.05000000074505806,0.949999988079071
915,31,4983,supports_refusal,0.010518494062125683,0.010518494062125683,0.01275482214987278,0.012938262894749641,0.7799999713897705,0.7799999713897705
916,31,5068,suppresses_refusal,-0.01051178015768528,0.01051178015768528,0.01051178015768528,0.002101668156683445,0.0,1.0
917,30,155,suppresses_refusal,-0.01050692517310381,0.01050692517310381,0.011145582422614098,0.009501573629677296,0.10999999940395355,0.8899999856948853
918,15,642,suppresses_refusal,-0.010483436286449432,0.010483436286449432,0.010701026767492294,0.00937733706086874,0.07000000029802322,0.9300000071525574
919,17,9401,supports_refusal,0.010458412580192089,0.010458412580192089,0.010458412580192089,0.005505484528839588,1.0,1.0
920,7,13397,suppresses_refusal,-0.010457596741616726,0.010457596741616726,0.011186766438186169,0.008579838089644909,0.07000000029802322,0.9300000071525574
921,12,923,supports_refusal,0.01045429240912199,0.01045429240912199,0.011586952023208141,0.01118320319801569,0.9200000166893005,0.9200000166893005
922,31,6364,suppresses_refusal,-0.010436096228659153,0.010436096228659153,0.010473937727510929,0.004724228288978338,0.009999999776482582,0.9900000095367432
923,21,450,supports_refusal,0.010428314097225666,0.010428314097225666,0.010493393056094646,0.007581848651170731,0.9300000071525574,0.9300000071525574
924,31,9312,suppresses_refusal,-0.010426941327750683,0.010426941327750683,0.010426941327750683,0.003095433581620455,0.0,1.0
925,31,9995,supports_refusal,0.010422362945973873,0.010422362945973873,0.010422362945973873,0.004077916499227285,1.0,1.0
926,0,11666,suppresses_refusal,-0.010398655198514462,0.010398655198514462,0.010814571753144264,0.008433138951659203,0.09000000357627869,0.9099999666213989
927,30,760,supports_refusal,0.010389022529125214,0.010389022529125214,0.010389022529125214,0.004320320673286915,1.0,1.0
928,30,7048,suppresses_refusal,-0.010382461361587048,0.010382461361587048,0.01040367130190134,0.005670014303177595,0.009999999776482582,0.9900000095367432
929,23,6019,supports_refusal,0.01036117598414421,0.01036117598414421,0.01088790874928236,0.007180594373494387,0.949999988079071,0.949999988079071
930,31,12423,supports_refusal,0.010331421159207821,0.010331421159207821,0.011748962104320526,0.010241789743304253,0.8500000238418579,0.8500000238418579
931,19,9566,supports_refusal,0.0103302001953125,0.0103302001953125,0.010440673679113388,0.003816563868895173,0.9900000095367432,0.9900000095367432
932,2,692,suppresses_refusal,-0.010313577950000763,0.010313577950000763,0.010915079154074192,0.010486911982297897,0.05000000074505806,0.949999988079071
933,31,1793,supports_refusal,0.01030860934406519,0.01030860934406519,0.01980384811758995,0.022623978555202484,0.7099999785423279,0.7099999785423279
934,31,5556,suppresses_refusal,-0.010293884202837944,0.010293884202837944,0.010293884202837944,0.005124128423631191,0.0,1.0
935,29,13865,supports_refusal,0.010290222242474556,0.010290222242474556,0.010370178148150444,0.004804662894457579,0.9900000095367432,0.9900000095367432
936,30,4077,suppresses_refusal,-0.010284652933478355,0.010284652933478355,0.0106145478785038,0.007155757863074541,0.07999999821186066,0.9200000166893005
937,31,7124,supports_refusal,0.010269775055348873,0.010269775055348873,0.010269775055348873,0.004600385203957558,1.0,1.0
938,19,7423,suppresses_refusal,-0.010249709710478783,0.010249709710478783,0.010459670796990395,0.006049593910574913,0.019999999552965164,0.9800000190734863
939,29,9790,suppresses_refusal,-0.010236358270049095,0.010236358270049095,0.011538391001522541,0.009603992104530334,0.10999999940395355,0.8899999856948853
940,28,6665,suppresses_refusal,-0.010232009924948215,0.010232009924948215,0.011940231546759605,0.01062525063753128,0.1599999964237213,0.8400000333786011
941,30,936,supports_refusal,0.010227508842945099,0.010227508842945099,0.042833101004362106,0.051172323524951935,0.6299999952316284,0.6299999952316284
942,13,12409,supports_refusal,0.010214691050350666,0.010214691050350666,0.011191253550350666,0.007996905595064163,0.9700000286102295,0.9700000286102295
943,19,629,supports_refusal,0.010213241912424564,0.010213241912424564,0.010213241912424564,0.006168297491967678,1.0,1.0
944,19,10070,suppresses_refusal,-0.010204925201833248,0.010204925201833248,0.010204925201833248,0.003896683221682906,0.0,1.0
945,30,422,supports_refusal,0.010198860429227352,0.010198860429227352,0.018370170146226883,0.0198457483202219,0.6700000166893005,0.6700000166893005
946,28,9384,supports_refusal,0.010196380317211151,0.010196380317211151,0.011172866448760033,0.008743686601519585,0.9100000262260437,0.9100000262260437
947,16,2644,suppresses_refusal,-0.010192299261689186,0.010192299261689186,0.010349235497415066,0.006818619091063738,0.07000000029802322,0.9300000071525574
948,30,11158,suppresses_refusal,-0.010180511511862278,0.010180511511862278,0.010182952508330345,0.004819829948246479,0.009999999776482582,0.9900000095367432
949,28,6199,suppresses_refusal,-0.010171470232307911,0.010171470232307911,0.010470466688275337,0.006973563227802515,0.05999999865889549,0.9399999976158142
950,28,936,suppresses_refusal,-0.010145263746380806,0.010145263746380806,0.010145263746380806,0.0038204463198781013,0.0,1.0
951,8,10306,suppresses_refusal,-0.010140943340957165,0.010140943340957165,0.01294735912233591,0.01588410511612892,0.20999999344348907,0.7900000214576721
952,16,6950,supports_refusal,0.01014076266437769,0.01014076266437769,0.010958786122500896,0.008650995790958405,0.9100000262260437,0.9100000262260437
953,19,10739,suppresses_refusal,-0.010134811513125896,0.010134811513125896,0.010134811513125896,0.004180367104709148,0.0,1.0
954,11,9948,suppresses_refusal,-0.010126476176083088,0.010126476176083088,0.010548992082476616,0.009407807141542435,0.07000000029802322,0.9300000071525574
955,16,2610,suppresses_refusal,-0.010111198760569096,0.010111198760569096,0.010290336795151234,0.009956334717571735,0.03999999910593033,0.9599999785423279
956,7,14179,supports_refusal,0.010097772814333439,0.010097772814333439,0.010101277381181717,0.010985322296619415,0.9800000190734863,0.9800000190734863
957,18,2546,supports_refusal,0.01009428035467863,0.01009428035467863,0.010211009532213211,0.010285486467182636,0.9800000190734863,0.9800000190734863
958,6,8455,suppresses_refusal,-0.010092544369399548,0.010092544369399548,0.010208511725068092,0.0076351528987288475,0.009999999776482582,0.9900000095367432
959,30,7194,suppresses_refusal,-0.010080251842737198,0.010080251842737198,0.011373376473784447,0.00958562083542347,0.15000000596046448,0.8500000238418579
960,30,6327,suppresses_refusal,-0.010074005462229252,0.010074005462229252,0.01008682232350111,0.003834466217085719,0.019999999552965164,0.9800000190734863
961,30,6735,suppresses_refusal,-0.010058593936264515,0.010058593936264515,0.010058593936264515,0.0036194517742842436,0.0,1.0
962,31,8214,suppresses_refusal,-0.010055694729089737,0.010055694729089737,0.010394440032541752,0.00909827183932066,0.09000000357627869,0.9099999666213989
963,25,1642,suppresses_refusal,-0.010041732341051102,0.010041732341051102,0.010041732341051102,0.005908164661377668,0.0,1.0
964,26,5269,supports_refusal,0.010028877295553684,0.010028877295553684,0.010028877295553684,0.0034033257979899645,1.0,1.0
965,29,8502,suppresses_refusal,-0.010001945309340954,0.010001945309340954,0.010001945309340954,0.0032646209001541138,0.0,1.0
966,20,10783,suppresses_refusal,-0.010000820271670818,0.010000820271670818,0.010024547576904297,0.011283496394753456,0.029999999329447746,0.9700000286102295
967,25,744,suppresses_refusal,-0.009975528344511986,0.009975528344511986,0.010084972716867924,0.009224156849086285,0.05000000074505806,0.949999988079071
968,5,11491,supports_refusal,0.009969905950129032,0.009969905950129032,0.013228343799710274,0.06983065605163574,0.5799999833106995,0.5799999833106995
969,28,8276,supports_refusal,0.009966430254280567,0.009966430254280567,0.009966430254280567,0.00497490493580699,1.0,1.0
970,31,12252,suppresses_refusal,-0.009954986162483692,0.009954986162483692,0.028241120278835297,0.03353274613618851,0.4399999976158142,0.5600000023841858
971,29,578,suppresses_refusal,-0.009953766129910946,0.009953766129910946,0.010101471096277237,0.004770983476191759,0.029999999329447746,0.9700000286102295
972,0,9832,supports_refusal,0.00995367020368576,0.00995367020368576,0.010085200890898705,0.007883241400122643,0.9599999785423279,0.9599999785423279
973,6,10653,suppresses_refusal,-0.009932956658303738,0.009932956658303738,0.009982318617403507,0.007418411318212748,0.03999999910593033,0.9599999785423279
974,30,8771,suppresses_refusal,-0.009930572472512722,0.009930572472512722,0.013180389069020748,0.01255631260573864,0.20000000298023224,0.800000011920929
975,26,1029,suppresses_refusal,-0.00992929469794035,0.00992929469794035,0.010608234442770481,0.007628829684108496,0.029999999329447746,0.9700000286102295
976,12,106,suppresses_refusal,-0.009909258224070072,0.009909258224070072,0.010870962403714657,0.010609451681375504,0.12999999523162842,0.8700000047683716
977,31,2420,suppresses_refusal,-0.009906768798828125,0.009906768798828125,0.00997970625758171,0.004472166299819946,0.009999999776482582,0.9900000095367432
978,28,9158,suppresses_refusal,-0.009887943044304848,0.009887943044304848,0.009990635327994823,0.006233955267816782,0.019999999552965164,0.9800000190734863
979,29,11929,suppresses_refusal,-0.009884719736874104,0.009884719736874104,0.010103531181812286,0.0055494424887001514,0.03999999910593033,0.9599999785423279
980,18,9102,supports_refusal,0.00988038070499897,0.00988038070499897,0.012332448735833168,0.012234318070113659,0.7699999809265137,0.7699999809265137
981,26,8029,supports_refusal,0.00987009983509779,0.00987009983509779,0.010387525893747807,0.007087002508342266,0.9599999785423279,0.9599999785423279
982,24,3352,suppresses_refusal,-0.009853553958237171,0.009853553958237171,0.00996242556720972,0.004775829613208771,0.019999999552965164,0.9800000190734863
983,31,1000,supports_refusal,0.009844798594713211,0.009844798594713211,0.009882068261504173,0.0053456067107617855,0.9800000190734863,0.9800000190734863
984,3,2951,supports_refusal,0.00984160415828228,0.00984160415828228,0.010275335051119328,0.011660772375762463,0.9399999976158142,0.9399999976158142
985,30,9637,suppresses_refusal,-0.009840469807386398,0.009840469807386398,0.009914321824908257,0.00407413812354207,0.019999999552965164,0.9800000190734863
986,30,50,suppresses_refusal,-0.009814147837460041,0.009814147837460041,0.009814147837460041,0.0023291774559766054,0.0,1.0
987,31,10783,supports_refusal,0.009801292791962624,0.009801292791962624,0.00984676368534565,0.0035896925255656242,0.9900000095367432,0.9900000095367432
988,29,1710,supports_refusal,0.00979740172624588,0.00979740172624588,0.010540352202951908,0.007568264380097389,0.9200000166893005,0.9200000166893005
989,13,1119,suppresses_refusal,-0.009786223992705345,0.009786223992705345,0.009958649054169655,0.006892165634781122,0.029999999329447746,0.9700000286102295
990,11,5846,supports_refusal,0.009783992543816566,0.009783992543816566,0.013789959251880646,0.01690637320280075,0.6899999976158142,0.6899999976158142
991,31,7122,supports_refusal,0.009783281944692135,0.009783281944692135,0.00989189650863409,0.007797579746693373,0.9300000071525574,0.9300000071525574
992,30,11574,suppresses_refusal,-0.009779786691069603,0.009779786691069603,0.010315370745956898,0.007924733683466911,0.05999999865889549,0.9399999976158142
993,30,7674,supports_refusal,0.009779052808880806,0.009779052808880806,0.009779052808880806,0.0035791252739727497,1.0,1.0
994,31,454,supports_refusal,0.009778308682143688,0.009778308682143688,0.013276043348014355,0.014949154108762741,0.7699999809265137,0.7699999809265137
995,17,9050,supports_refusal,0.00976553000509739,0.00976553000509739,0.00976553000509739,0.007563541643321514,1.0,1.0
996,11,2227,suppresses_refusal,-0.009763378649950027,0.009763378649950027,0.010435252450406551,0.014761915430426598,0.1599999964237213,0.8400000333786011
997,28,6293,suppresses_refusal,-0.00975925475358963,0.00975925475358963,0.00996402744203806,0.008448919281363487,0.03999999910593033,0.9599999785423279
998,27,8896,suppresses_refusal,-0.00974462553858757,0.00974462553858757,0.010559826157987118,0.008285160176455975,0.05999999865889549,0.9399999976158142
999,13,12356,supports_refusal,0.009741616435348988,0.009741616435348988,0.009835333563387394,0.007448327727615833,0.9300000071525574,0.9300000071525574
1000,13,11464,suppresses_refusal,-0.009739875793457031,0.009739875793457031,0.009831428527832031,0.009723590686917305,0.009999999776482582,0.9900000095367432
1001,13,11924,suppresses_refusal,-0.00973358191549778,0.00973358191549778,0.010223694145679474,0.008638624101877213,0.10000000149011612,0.8999999761581421
1002,3,4283,supports_refusal,0.009732198901474476,0.009732198901474476,0.009832220152020454,0.009192162193357944,0.9800000190734863,0.9800000190734863
1003,27,6816,supports_refusal,0.009727592580020428,0.009727592580020428,0.00975879654288292,0.0065859900787472725,0.9700000286102295,0.9700000286102295
1004,17,10586,suppresses_refusal,-0.009722976945340633,0.009722976945340633,0.009722976945340633,0.005160488188266754,0.0,1.0
1005,29,1516,suppresses_refusal,-0.00971912406384945,0.00971912406384945,0.00972545612603426,0.005045539699494839,0.009999999776482582,0.9900000095367432
1006,27,3365,supports_refusal,0.009716033935546875,0.009716033935546875,0.009716033935546875,0.004478444345295429,1.0,1.0
1007,28,13560,supports_refusal,0.009712066501379013,0.009712066501379013,0.009712066501379013,0.0037475391291081905,1.0,1.0
1008,14,13315,supports_refusal,0.00970041286200285,0.00970041286200285,0.009828472509980202,0.007282933220267296,0.9599999785423279,0.9599999785423279
1009,19,2534,supports_refusal,0.009699859656393528,0.009699859656393528,0.010099334642291069,0.004953866824507713,0.949999988079071,0.949999988079071
1010,20,3479,suppresses_refusal,-0.009698753245174885,0.009698753245174885,0.009730033576488495,0.00945903267711401,0.009999999776482582,0.9900000095367432
1011,15,8697,suppresses_refusal,-0.009694337844848633,0.009694337844848633,0.01064740214496851,0.010175930336117744,0.14000000059604645,0.8600000143051147
1012,14,3766,supports_refusal,0.009687347337603569,0.009687347337603569,0.009687347337603569,0.007250805385410786,1.0,1.0
1013,30,2059,suppresses_refusal,-0.00968322716653347,0.00968322716653347,0.00968322716653347,0.002743302844464779,0.0,1.0
1014,27,7680,supports_refusal,0.009680919349193573,0.009680919349193573,0.010050906799733639,0.006449836306273937,0.9200000166893005,0.9200000166893005
1015,31,437,supports_refusal,0.00967891700565815,0.00967891700565815,0.009977912530303001,0.007210328709334135,0.9200000166893005,0.9200000166893005
1016,30,1674,suppresses_refusal,-0.009677734225988388,0.009677734225988388,0.013999328948557377,0.013976717367768288,0.2199999988079071,0.7799999713897705
1017,17,5391,supports_refusal,0.009665412828326225,0.009665412828326225,0.009798240847885609,0.007885546423494816,0.9800000190734863,0.9800000190734863
1018,23,10213,supports_refusal,0.009657173417508602,0.009657173417508602,0.010847206227481365,0.014194236136972904,0.8899999856948853,0.8899999856948853
1019,6,10442,supports_refusal,0.00963310245424509,0.00963310245424509,0.00963310245424509,0.005852752365171909,1.0,1.0
1020,8,7891,suppresses_refusal,-0.009615641087293625,0.009615641087293625,0.011052694171667099,0.011079629883170128,0.10000000149011612,0.8999999761581421
1021,0,8509,suppresses_refusal,-0.00961460079997778,0.00961460079997778,0.01190792117267847,0.018680159002542496,0.10999999940395355,0.8899999856948853
1022,5,1606,supports_refusal,0.009609994478523731,0.009609994478523731,0.009899301454424858,0.009076257236301899,0.9700000286102295,0.9700000286102295
1023,30,3807,suppresses_refusal,-0.009609517641365528,0.009609517641365528,0.009708719328045845,0.004855918698012829,0.019999999552965164,0.9800000190734863
1024,14,12647,supports_refusal,0.009607523679733276,0.009607523679733276,0.009615915827453136,0.0075211371295154095,0.9900000095367432,0.9900000095367432
1025,5,11509,suppresses_refusal,-0.009601421654224396,0.009601421654224396,0.009713458828628063,0.009262807667255402,0.07000000029802322,0.9300000071525574
1026,27,4706,supports_refusal,0.009600382298231125,0.009600382298231125,0.010542001575231552,0.008997815661132336,0.8999999761581421,0.8999999761581421
1027,13,7290,supports_refusal,0.009581851772964,0.009581851772964,0.009798526763916016,0.010028324089944363,0.9800000190734863,0.9800000190734863
1028,12,6790,supports_refusal,0.009580593556165695,0.009580593556165695,0.009774532169103622,0.008324078284204006,0.9399999976158142,0.9399999976158142
1029,29,449,supports_refusal,0.009575825184583664,0.009575825184583664,0.011609974317252636,0.011614722199738026,0.8500000238418579,0.8500000238418579
1030,10,5297,supports_refusal,0.009572087787091732,0.009572087787091732,0.01069196593016386,0.011813053861260414,0.8100000023841858,0.8100000023841858
1031,18,8429,supports_refusal,0.009571662172675133,0.009571662172675133,0.009614892303943634,0.00895405188202858,0.9700000286102295,0.9700000286102295
1032,18,4570,suppresses_refusal,-0.009565374813973904,0.009565374813973904,0.009935076348483562,0.009259804151952267,0.10000000149011612,0.8999999761581421
1033,7,6976,suppresses_refusal,-0.0095575712621212,0.0095575712621212,0.010119705460965633,0.008421828038990498,0.07000000029802322,0.9300000071525574
1034,29,2928,supports_refusal,0.009556541219353676,0.009556541219353676,0.009556541219353676,0.00396002596244216,1.0,1.0
1035,31,11194,suppresses_refusal,-0.00955482479184866,0.00955482479184866,0.00955482479184866,0.0053330701775848866,0.0,1.0
1036,14,7805,supports_refusal,0.009553623385727406,0.009553623385727406,0.009971065446734428,0.01596386358141899,0.800000011920929,0.800000011920929
1037,15,10238,supports_refusal,0.009552611969411373,0.009552611969411373,0.009735412895679474,0.006824826821684837,0.9700000286102295,0.9700000286102295
1038,31,3794,supports_refusal,0.009543762542307377,0.009543762542307377,0.009574280120432377,0.005354276392608881,0.9900000095367432,0.9900000095367432
1039,11,41,supports_refusal,0.009540939703583717,0.009540939703583717,0.00955406203866005,0.006183365825563669,0.9800000190734863,0.9800000190734863
1040,28,10999,supports_refusal,0.009526367299258709,0.009526367299258709,0.009526367299258709,0.003473779885098338,1.0,1.0
1041,28,7087,supports_refusal,0.009522552601993084,0.009522552601993084,0.009522552601993084,0.0031046706717461348,1.0,1.0
1042,14,5637,supports_refusal,0.009521102532744408,0.009521102532744408,0.00963920634239912,0.007461125496774912,0.9599999785423279,0.9599999785423279
1043,26,7919,suppresses_refusal,-0.009516372345387936,0.009516372345387936,0.0100499726831913,0.008903801441192627,0.05999999865889549,0.9399999976158142
1044,27,6188,supports_refusal,0.009508742950856686,0.009508742950856686,0.009508742950856686,0.00445055216550827,1.0,1.0
1045,18,1463,suppresses_refusal,-0.009491214528679848,0.009491214528679848,0.011507969349622726,0.013812859542667866,0.2800000011920929,0.7200000286102295
1046,28,12928,supports_refusal,0.009477538987994194,0.009477538987994194,0.011045532301068306,0.007667153142392635,0.8999999761581421,0.8999999761581421
1047,30,11618,supports_refusal,0.009464263916015625,0.009464263916015625,0.009470062330365181,0.004715822171419859,0.9900000095367432,0.9900000095367432
1048,30,1456,supports_refusal,0.009460754692554474,0.009460754692554474,0.009460754692554474,0.004165958147495985,1.0,1.0
1049,1,31,supports_refusal,0.009458636865019798,0.009458636865019798,0.010402240790426731,0.008378632366657257,0.9200000166893005,0.9200000166893005
1050,7,14181,suppresses_refusal,-0.0094576645642519,0.0094576645642519,0.009842567145824432,0.007685087621212006,0.09000000357627869,0.9099999666213989
1051,29,9831,suppresses_refusal,-0.009450645186007023,0.009450645186007023,0.009450645186007023,0.003933395259082317,0.0,1.0
1052,30,8634,suppresses_refusal,-0.009439468383789062,0.009439468383789062,0.009439468383789062,0.004355562850832939,0.0,1.0
1053,27,11972,suppresses_refusal,-0.009438400156795979,0.009438400156795979,0.009438400156795979,0.0051775136962533,0.0,1.0
1054,16,11588,suppresses_refusal,-0.009434113278985023,0.009434113278985023,0.009618745185434818,0.008407499641180038,0.029999999329447746,0.9700000286102295
1055,15,11808,supports_refusal,0.009425530210137367,0.009425530210137367,0.009466119110584259,0.009062271565198898,0.9900000095367432,0.9900000095367432
1056,24,1676,suppresses_refusal,-0.009421901777386665,0.009421901777386665,0.009589062072336674,0.00708957202732563,0.05000000074505806,0.949999988079071
1057,31,6696,supports_refusal,0.009421119466423988,0.009421119466423988,0.009455451741814613,0.004318011458963156,0.9800000190734863,0.9800000190734863
1058,30,1464,suppresses_refusal,-0.009411620907485485,0.009411620907485485,0.014352112077176571,0.014104986563324928,0.23000000417232513,0.7699999809265137
1059,31,11489,supports_refusal,0.009402570314705372,0.009402570314705372,0.009572477079927921,0.009271495044231415,0.9200000166893005,0.9200000166893005
1060,31,9145,suppresses_refusal,-0.009398536756634712,0.009398536756634712,0.009614448994398117,0.00945805013179779,0.09000000357627869,0.9099999666213989
1061,13,1325,supports_refusal,0.00937966350466013,0.00937966350466013,0.010965127497911453,0.013524925336241722,0.8700000047683716,0.8700000047683716
1062,4,7728,suppresses_refusal,-0.009368401020765305,0.009368401020765305,0.010318947024643421,0.009721733629703522,0.10999999940395355,0.8899999856948853
1063,31,8666,supports_refusal,0.009361500851809978,0.009361500851809978,0.009383831173181534,0.020921040326356888,0.8799999952316284,0.8799999952316284
1064,9,8308,suppresses_refusal,-0.009355141781270504,0.009355141781270504,0.011049287393689156,0.02201509103178978,0.3100000023841858,0.6899999976158142
1065,29,9301,suppresses_refusal,-0.009352288208901882,0.009352288208901882,0.009385552257299423,0.006346536800265312,0.009999999776482582,0.9900000095367432
1066,30,459,supports_refusal,0.009334869682788849,0.009334869682788849,0.009334869682788849,0.0055075231939554214,1.0,1.0
1067,3,11398,suppresses_refusal,-0.009329147636890411,0.009329147636890411,0.02183845452964306,0.02809642255306244,0.36000001430511475,0.6399999856948853
1068,0,2378,suppresses_refusal,-0.009316558949649334,0.009316558949649334,0.00949905440211296,0.005825462285429239,0.029999999329447746,0.9700000286102295
1069,31,4726,suppresses_refusal,-0.009315108880400658,0.009315108880400658,0.00941139180213213,0.005178853869438171,0.029999999329447746,0.9700000286102295
1070,31,13648,suppresses_refusal,-0.009312591515481472,0.009312591515481472,0.045359037816524506,0.054560355842113495,0.4000000059604645,0.6000000238418579
1071,2,8173,supports_refusal,0.009312372654676437,0.009312372654676437,0.009933363646268845,0.0652456283569336,0.6100000143051147,0.6100000143051147
1072,13,6700,supports_refusal,0.009302577935159206,0.009302577935159206,0.009306583553552628,0.008317796513438225,0.9800000190734863,0.9800000190734863
1073,26,12054,suppresses_refusal,-0.009298858232796192,0.009298858232796192,0.009298858232796192,0.0025101734790951014,0.0,1.0
1074,31,953,suppresses_refusal,-0.009298553690314293,0.009298553690314293,0.010141143575310707,0.008254822343587875,0.11999999731779099,0.8799999952316284
1075,24,14081,supports_refusal,0.00929054245352745,0.00929054245352745,0.00947212241590023,0.0053006322123110294,0.9700000286102295,0.9700000286102295
1076,19,6374,suppresses_refusal,-0.009287109598517418,0.009287109598517418,0.01049598678946495,0.014482407830655575,0.25,0.75
1077,28,7284,suppresses_refusal,-0.009283294901251793,0.009283294901251793,0.009283294901251793,0.0026754126884043217,0.0,1.0
1078,22,7980,supports_refusal,0.009283171035349369,0.009283171035349369,0.011969786137342453,0.012223558500409126,0.7699999809265137,0.7699999809265137
1079,28,11929,supports_refusal,0.009281491860747337,0.009281491860747337,0.009866896085441113,0.008639923296868801,0.8799999952316284,0.8799999952316284
1080,0,12719,suppresses_refusal,-0.009280414320528507,0.009280414320528507,0.009987887926399708,0.01193138025701046,0.09000000357627869,0.9099999666213989
1081,21,12554,supports_refusal,0.009278030134737492,0.009278030134737492,0.009857483208179474,0.008315038867294788,0.9200000166893005,0.9200000166893005
1082,31,8193,suppresses_refusal,-0.009277877397835255,0.009277877397835255,0.013684616424143314,0.014089735224843025,0.15000000596046448,0.8500000238418579
1083,31,5437,suppresses_refusal,-0.009277557954192162,0.009277557954192162,0.010600533336400986,0.008013001643121243,0.11999999731779099,0.8799999952316284
1084,13,7977,suppresses_refusal,-0.009269208647310734,0.009269208647310734,0.0094436164945364,0.0088493088260293,0.07999999821186066,0.9200000166893005
1085,14,8660,suppresses_refusal,-0.009266509674489498,0.009266509674489498,0.009266509674489498,0.0035585409495979548,0.0,1.0
1086,29,10833,suppresses_refusal,-0.00926567055284977,0.00926567055284977,0.009871750138700008,0.006829916965216398,0.07999999821186066,0.9200000166893005
1087,11,9363,suppresses_refusal,-0.009249954484403133,0.009249954484403133,0.00984663050621748,0.010605096817016602,0.09000000357627869,0.9099999666213989
1088,5,309,suppresses_refusal,-0.0092094037681818,0.0092094037681818,0.009209727868437767,0.006927772890776396,0.009999999776482582,0.9900000095367432
1089,31,2930,suppresses_refusal,-0.009205550886690617,0.009205550886690617,0.009273147210478783,0.003505320055410266,0.019999999552965164,0.9800000190734863
1090,31,3191,supports_refusal,0.009196166880428791,0.009196166880428791,0.009423217736184597,0.0031710141338407993,0.9900000095367432,0.9900000095367432
1091,25,10085,suppresses_refusal,-0.009193725883960724,0.009193725883960724,0.014385376125574112,0.01861129142343998,0.30000001192092896,0.699999988079071
1092,31,12941,supports_refusal,0.009184684604406357,0.009184684604406357,0.010359573177993298,0.0077314190566539764,0.8299999833106995,0.8299999833106995
1093,31,13001,suppresses_refusal,-0.009173888713121414,0.009173888713121414,0.009187621995806694,0.0030376433860510588,0.009999999776482582,0.9900000095367432
1094,31,13750,suppresses_refusal,-0.009172363206744194,0.009172363206744194,0.009238281287252903,0.0031228007283061743,0.019999999552965164,0.9800000190734863
1095,14,5332,supports_refusal,0.009165802039206028,0.009165802039206028,0.010334624908864498,0.010749423876404762,0.8600000143051147,0.8600000143051147
1096,30,1228,supports_refusal,0.009165458381175995,0.009165458381175995,0.00943912472575903,0.004796898923814297,0.9599999785423279,0.9599999785423279
1097,15,5760,supports_refusal,0.0091580580919981,0.0091580580919981,0.0091580580919981,0.005909752566367388,1.0,1.0
1098,13,594,supports_refusal,0.009148750454187393,0.009148750454187393,0.00971065554767847,0.0087286913767457,0.9100000262260437,0.9100000262260437
1099,26,8456,supports_refusal,0.009148750454187393,0.009148750454187393,0.009229774586856365,0.006644532550126314,0.9599999785423279,0.9599999785423279
1100,27,11990,supports_refusal,0.009141998365521431,0.009141998365521431,0.009958114475011826,0.007752283476293087,0.9200000166893005,0.9200000166893005
1101,7,468,supports_refusal,0.009122619405388832,0.009122619405388832,0.00968502089381218,0.010650918819010258,0.8799999952316284,0.8799999952316284
1102,31,6159,supports_refusal,0.009121093899011612,0.009121093899011612,0.009133300743997097,0.003665195545181632,0.9900000095367432,0.9900000095367432
1103,3,7354,supports_refusal,0.009105497971177101,0.009105497971177101,0.00998920202255249,0.06322495639324188,0.4699999988079071,0.5299999713897705
1104,13,1995,suppresses_refusal,-0.009101600386202335,0.009101600386202335,0.009119377471506596,0.008204840123653412,0.019999999552965164,0.9800000190734863
1105,30,8716,supports_refusal,0.009087944403290749,0.009087944403290749,0.01651744917035103,0.018130680546164513,0.699999988079071,0.699999988079071
1106,28,12087,suppresses_refusal,-0.009081878699362278,0.009081878699362278,0.009113921783864498,0.0045046620070934296,0.009999999776482582,0.9900000095367432
1107,31,8959,supports_refusal,0.009081401862204075,0.009081401862204075,0.009312267415225506,0.005636213812977076,0.9599999785423279,0.9599999785423279
1108,26,3370,suppresses_refusal,-0.009067840874195099,0.009067840874195099,0.009067840874195099,0.003351883264258504,0.0,1.0
1109,29,2205,supports_refusal,0.009064788930118084,0.009064788930118084,0.009126434102654457,0.002809399738907814,0.9900000095367432,0.9900000095367432
1110,31,9804,suppresses_refusal,-0.009063873440027237,0.009063873440027237,0.009063873440027237,0.0044946386478841305,0.0,1.0
1111,31,8595,suppresses_refusal,-0.00906089786440134,0.00906089786440134,0.00906089786440134,0.005551345180720091,0.0,1.0
1112,22,13332,supports_refusal,0.009060821495950222,0.009060821495950222,0.009220123291015625,0.0034595169126987457,0.9700000286102295,0.9700000286102295
1113,25,9876,suppresses_refusal,-0.009050712920725346,0.009050712920725346,0.009279671125113964,0.0062479740008711815,0.07000000029802322,0.9300000071525574
1114,30,3261,supports_refusal,0.009045896120369434,0.009045896120369434,0.009072370827198029,0.005025888327509165,0.9800000190734863,0.9800000190734863
1115,31,8884,supports_refusal,0.009044494479894638,0.009044494479894638,0.009294738993048668,0.0038090525195002556,0.9800000190734863,0.9800000190734863
1116,27,7128,suppresses_refusal,-0.009036502800881863,0.009036502800881863,0.009067783132195473,0.004285458475351334,0.009999999776482582,0.9900000095367432
1117,3,5299,supports_refusal,0.009012642316520214,0.009012642316520214,0.009133797138929367,0.00642835209146142,0.9800000190734863,0.9800000190734863
1118,1,13087,suppresses_refusal,-0.009011535905301571,0.009011535905301571,0.009011535905301571,0.0057543059810996056,0.0,1.0
1119,31,9734,supports_refusal,0.008999786339700222,0.008999786339700222,0.010699310339987278,0.007881703786551952,0.8799999952316284,0.8799999952316284
1120,16,11277,suppresses_refusal,-0.00899972952902317,0.00899972952902317,0.010386714711785316,0.009464854374527931,0.14000000059604645,0.8600000143051147
1121,29,5866,suppresses_refusal,-0.00899909995496273,0.00899909995496273,0.009223098866641521,0.005377437919378281,0.019999999552965164,0.9800000190734863
1122,31,4032,suppresses_refusal,-0.008988571353256702,0.008988571353256702,0.008988571353256702,0.002769082086160779,0.0,1.0
1123,1,5021,suppresses_refusal,-0.00898495689034462,0.00898495689034462,0.009178209118545055,0.009964825585484505,0.03999999910593033,0.9599999785423279
1124,31,2127,supports_refusal,0.008984732441604137,0.008984732441604137,0.009970802813768387,0.007214458659291267,0.9200000166893005,0.9200000166893005
1125,4,9488,suppresses_refusal,-0.008979005739092827,0.008979005739092827,0.01016612071543932,0.013132150284945965,0.15000000596046448,0.8500000238418579
1126,15,12217,suppresses_refusal,-0.008966097608208656,0.008966097608208656,0.009716515429317951,0.019369114190340042,0.3400000035762787,0.6599999666213989
1127,7,11192,suppresses_refusal,-0.008952484466135502,0.008952484466135502,0.009141998365521431,0.009032963775098324,0.019999999552965164,0.9800000190734863
1128,30,10174,supports_refusal,0.008949889801442623,0.008949889801442623,0.009433440864086151,0.010173127055168152,0.8500000238418579,0.8500000238418579
1129,16,8352,suppresses_refusal,-0.008942156098783016,0.008942156098783016,0.009578256867825985,0.011068356223404408,0.10999999940395355,0.8899999856948853
1130,9,6010,supports_refusal,0.008940944448113441,0.008940944448113441,0.008940944448113441,0.007224580738693476,1.0,1.0
1131,28,12167,suppresses_refusal,-0.008938674814999104,0.008938674814999104,0.011176986619830132,0.010095998644828796,0.1899999976158142,0.8100000023841858
1132,6,7242,suppresses_refusal,-0.008938598446547985,0.008938598446547985,0.009157867170870304,0.006331820040941238,0.05000000074505806,0.949999988079071
1133,26,3768,supports_refusal,0.00893398281186819,0.00893398281186819,0.009789848700165749,0.006470965687185526,0.9300000071525574,0.9300000071525574
1134,12,8250,suppresses_refusal,-0.008927077986299992,0.008927077986299992,0.009029464796185493,0.00813320092856884,0.029999999329447746,0.9700000286102295
1135,21,7323,suppresses_refusal,-0.008927039802074432,0.008927039802074432,0.008959198370575905,0.007563263643532991,0.029999999329447746,0.9700000286102295
1136,14,12039,supports_refusal,0.008922138251364231,0.008922138251364231,0.009273510426282883,0.009968490339815617,0.9399999976158142,0.9399999976158142
1137,28,12949,suppresses_refusal,-0.008914384990930557,0.008914384990930557,0.008978776633739471,0.004364497493952513,0.019999999552965164,0.9800000190734863
1138,31,5874,suppresses_refusal,-0.008913802914321423,0.008913802914321423,0.008913802914321423,0.005426930729299784,0.0,1.0
1139,31,4110,suppresses_refusal,-0.008910102769732475,0.008910102769732475,0.008910102769732475,0.0026167037431150675,0.0,1.0
1140,31,11244,suppresses_refusal,-0.00890785176306963,0.00890785176306963,0.017758559435606003,0.023396961390972137,0.3199999928474426,0.6800000071525574
1141,31,11222,suppresses_refusal,-0.008902282454073429,0.008902282454073429,0.009775085374712944,0.005463770590722561,0.029999999329447746,0.9700000286102295
1142,31,609,supports_refusal,0.008901652880012989,0.008901652880012989,0.012488155625760555,0.013984414748847485,0.7400000095367432,0.7400000095367432
1143,5,447,suppresses_refusal,-0.008895492181181908,0.008895492181181908,0.009612045250833035,0.008635316975414753,0.07000000029802322,0.9300000071525574
1144,21,12113,supports_refusal,0.00888120662420988,0.00888120662420988,0.008914776146411896,0.007038646377623081,0.9800000190734863,0.9800000190734863
1145,13,10238,supports_refusal,0.008874587714672089,0.008874587714672089,0.01207450870424509,0.0124807795509696,0.7900000214576721,0.7900000214576721
1146,25,6452,suppresses_refusal,-0.008872699923813343,0.008872699923813343,0.009190578013658524,0.007454525213688612,0.05999999865889549,0.9399999976158142
1147,9,2374,suppresses_refusal,-0.008872127160429955,0.008872127160429955,0.015425033867359161,0.02554202638566494,0.3100000023841858,0.6899999976158142
1148,0,12222,suppresses_refusal,-0.008870039135217667,0.008870039135217667,0.035967301577329636,0.04982110857963562,0.41999998688697815,0.5800000429153442
1149,30,6424,supports_refusal,0.00886970479041338,0.00886970479041338,0.00889305118471384,0.003853525035083294,0.9900000095367432,0.9900000095367432
1150,10,12569,suppresses_refusal,-0.00886376854032278,0.00886376854032278,0.009307618252933025,0.008983620442450047,0.10000000149011612,0.8999999761581421
1151,20,10491,suppresses_refusal,-0.008856849744915962,0.008856849744915962,0.008890037424862385,0.005847149528563023,0.029999999329447746,0.9700000286102295
1152,28,3790,supports_refusal,0.008853606879711151,0.008853606879711151,0.008853606879711151,0.00371647160500288,1.0,1.0
1153,15,1235,suppresses_refusal,-0.008852967992424965,0.008852967992424965,0.008852967992424965,0.006410334259271622,0.0,1.0
1154,18,290,supports_refusal,0.008838748559355736,0.008838748559355736,0.009486980736255646,0.009417541325092316,0.8999999761581421,0.8999999761581421
1155,28,4166,supports_refusal,0.008838500827550888,0.008838500827550888,0.009830322116613388,0.008631804026663303,0.8799999952316284,0.8799999952316284
1156,14,6433,supports_refusal,0.008836822584271431,0.008836822584271431,0.009254761040210724,0.006992005743086338,0.9599999785423279,0.9599999785423279
1157,27,2666,supports_refusal,0.00881518330425024,0.00881518330425024,0.009058351628482342,0.005803048610687256,0.9599999785423279,0.9599999785423279
1158,31,10073,supports_refusal,0.008815068751573563,0.008815068751573563,0.009356451220810413,0.005927699618041515,0.9399999976158142,0.9399999976158142
1159,30,10312,suppresses_refusal,-0.00881347618997097,0.00881347618997097,0.00881347618997097,0.0025646144058555365,0.0,1.0
1160,31,7673,suppresses_refusal,-0.008803939446806908,0.008803939446806908,0.011880111880600452,0.010830048471689224,0.15000000596046448,0.8500000238418579
1161,18,6877,suppresses_refusal,-0.008790940977633,0.008790940977633,0.008882779628038406,0.005265217740088701,0.029999999329447746,0.9700000286102295
1162,27,12947,suppresses_refusal,-0.008779754862189293,0.008779754862189293,0.008779754862189293,0.0030717498157173395,0.0,1.0
1163,10,4084,supports_refusal,0.008769932202994823,0.008769932202994823,0.009472064673900604,0.010810392908751965,0.8700000047683716,0.8700000047683716
1164,5,13544,supports_refusal,0.00876909215003252,0.00876909215003252,0.008829060010612011,0.008107779547572136,0.9300000071525574,0.9300000071525574
1165,29,11384,suppresses_refusal,-0.00875091552734375,0.00875091552734375,0.00875091552734375,0.0023844577372074127,0.0,1.0
1166,31,12111,supports_refusal,0.008745879866182804,0.008745879866182804,0.008745879866182804,0.00323673989623785,1.0,1.0
1167,29,7570,supports_refusal,0.008742370642721653,0.008742370642721653,0.008784789592027664,0.005943278316408396,0.9800000190734863,0.9800000190734863
1168,29,319,suppresses_refusal,-0.008738074451684952,0.008738074451684952,0.010243773460388184,0.014187321998178959,0.30000001192092896,0.699999988079071
1169,31,7263,supports_refusal,0.008737793192267418,0.008737793192267418,0.03024856559932232,0.03785477206110954,0.6299999952316284,0.6299999952316284
1170,27,4153,suppresses_refusal,-0.008723830804228783,0.008723830804228783,0.008753432892262936,0.004033281467854977,0.019999999552965164,0.9800000190734863
1171,14,7038,supports_refusal,0.008720416575670242,0.008720416575670242,0.00873422622680664,0.007395836059004068,0.9800000190734863,0.9800000190734863
1172,30,13752,suppresses_refusal,-0.008720016106963158,0.008720016106963158,0.009653396904468536,0.008239119313657284,0.10000000149011612,0.8999999761581421
1173,29,8909,supports_refusal,0.008717593736946583,0.008717593736946583,0.009599742479622364,0.010086397640407085,0.8399999737739563,0.8399999737739563
1174,30,14109,supports_refusal,0.008714752271771431,0.008714752271771431,0.008714752271771431,0.004205297213047743,1.0,1.0
1175,13,348,suppresses_refusal,-0.00871419906616211,0.00871419906616211,0.008945941925048828,0.006476013455539942,0.03999999910593033,0.9599999785423279
1176,22,14250,suppresses_refusal,-0.008713074028491974,0.008713074028491974,0.008728942833840847,0.008023582398891449,0.019999999552965164,0.9800000190734863
1177,8,8277,supports_refusal,0.008711342699825764,0.008711342699825764,0.00894114002585411,0.01022697240114212,0.9200000166893005,0.9200000166893005
1178,3,640,supports_refusal,0.00870729424059391,0.00870729424059391,0.010318164713680744,0.011323560029268265,0.9200000166893005,0.9200000166893005
1179,15,3346,supports_refusal,0.00870513916015625,0.00870513916015625,0.01030685380101204,0.00992200430482626,0.8299999833106995,0.8299999833106995
1180,27,14191,suppresses_refusal,-0.00870357546955347,0.00870357546955347,0.008817481808364391,0.004831834230571985,0.029999999329447746,0.9700000286102295
1181,4,7913,supports_refusal,0.008699431084096432,0.008699431084096432,0.012773880735039711,0.017008336260914803,0.699999988079071,0.699999988079071
1182,31,13340,supports_refusal,0.00869719497859478,0.00869719497859478,0.008790884166955948,0.0054228780791163445,0.9800000190734863,0.9800000190734863
1183,24,5770,suppresses_refusal,-0.008693141862750053,0.008693141862750053,0.008694781921803951,0.004310804419219494,0.009999999776482582,0.9900000095367432
1184,29,9154,suppresses_refusal,-0.008677558973431587,0.008677558973431587,0.008719062432646751,0.005065394099801779,0.019999999552965164,0.9800000190734863
1185,28,10405,supports_refusal,0.008663482964038849,0.008663482964038849,0.008875275030732155,0.004303589463233948,0.9700000286102295,0.9700000286102295
1186,22,82,suppresses_refusal,-0.008657226338982582,0.008657226338982582,0.008657226338982582,0.0035510717425495386,0.0,1.0
1187,10,6233,suppresses_refusal,-0.008656992577016354,0.008656992577016354,0.008765501901507378,0.007950648665428162,0.029999999329447746,0.9700000286102295
1188,10,11152,suppresses_refusal,-0.008654174394905567,0.008654174394905567,0.02906494215130806,0.03910863399505615,0.44999998807907104,0.550000011920929
1189,13,9722,supports_refusal,0.008650588802993298,0.008650588802993298,0.008939437568187714,0.005614208523184061,0.9399999976158142,0.9399999976158142
1190,14,8138,supports_refusal,0.008648986928164959,0.008648986928164959,0.009419994428753853,0.01099158264696598,0.9200000166893005,0.9200000166893005
1191,29,10902,supports_refusal,0.008641967549920082,0.008641967549920082,0.009015503339469433,0.003792528761550784,0.9800000190734863,0.9800000190734863
1192,20,8563,suppresses_refusal,-0.008639983832836151,0.008639983832836151,0.008674011565744877,0.0052290731109678745,0.009999999776482582,0.9900000095367432
1193,13,6717,supports_refusal,0.008631458505988121,0.008631458505988121,0.008802814409136772,0.006521584466099739,0.949999988079071,0.949999988079071
1194,29,3371,supports_refusal,0.008629760704934597,0.008629760704934597,0.008629760704934597,0.004029699135571718,1.0,1.0
1195,30,13759,supports_refusal,0.008617782965302467,0.008617782965302467,0.008722152560949326,0.005198194645345211,0.9700000286102295,0.9700000286102295
1196,9,646,supports_refusal,0.00861700065433979,0.00861700065433979,0.009544811211526394,0.010789507068693638,0.8600000143051147,0.8600000143051147
1197,30,1514,supports_refusal,0.00860748253762722,0.00860748253762722,0.00860748253762722,0.004155400674790144,1.0,1.0
1198,29,4918,suppresses_refusal,-0.00860748253762722,0.00860748253762722,0.00860748253762722,0.004588115960359573,0.0,1.0
1199,13,5757,supports_refusal,0.008602142333984375,0.008602142333984375,0.012629547156393528,0.013558310456573963,0.7400000095367432,0.7400000095367432
1200,26,4323,supports_refusal,0.008593222126364708,0.008593222126364708,0.010512014850974083,0.011503158137202263,0.8500000238418579,0.8500000238418579
1201,8,6027,suppresses_refusal,-0.008585281670093536,0.008585281670093536,0.008585281670093536,0.006658740341663361,0.0,1.0
1202,26,12228,suppresses_refusal,-0.008577117696404457,0.008577117696404457,0.008788909763097763,0.005234416574239731,0.019999999552965164,0.9800000190734863
1203,11,4034,supports_refusal,0.008575057610869408,0.008575057610869408,0.008833236992359161,0.00930620264261961,0.9100000262260437,0.9100000262260437
1204,28,13504,supports_refusal,0.008569793775677681,0.008569793775677681,0.008569793775677681,0.004671022761613131,1.0,1.0
1205,6,8990,suppresses_refusal,-0.008569278754293919,0.008569278754293919,0.010652904398739338,0.01174957025796175,0.14000000059604645,0.8600000143051147
1206,11,9103,supports_refusal,0.008568878285586834,0.008568878285586834,0.008937835693359375,0.00634413119405508,0.9599999785423279,0.9599999785423279
1207,4,9431,supports_refusal,0.008568763732910156,0.008568763732910156,0.009090385399758816,0.0071700215339660645,0.9300000071525574,0.9300000071525574
1208,31,5720,suppresses_refusal,-0.00856816302984953,0.00856816302984953,0.009638642892241478,0.006304735783487558,0.09000000357627869,0.9099999666213989
1209,10,8224,supports_refusal,0.008567828685045242,0.008567828685045242,0.00904855690896511,0.00940751563757658,0.9300000071525574,0.9300000071525574
1210,31,8254,supports_refusal,0.008563918992877007,0.008563918992877007,0.008563918992877007,0.0042779999785125256,1.0,1.0
1211,3,11147,suppresses_refusal,-0.008555036038160324,0.008555036038160324,0.0085928775370121,0.00834991130977869,0.009999999776482582,0.9900000095367432
1212,31,7429,supports_refusal,0.008552971296012402,0.008552971296012402,0.008552971296012402,0.00478409742936492,1.0,1.0
1213,5,12566,suppresses_refusal,-0.008548088371753693,0.008548088371753693,0.009443474002182484,0.00978734903037548,0.10999999940395355,0.8899999856948853
1214,8,14282,supports_refusal,0.008541707880795002,0.008541707880795002,0.008852300234138966,0.011681141331791878,0.9200000166893005,0.9200000166893005
1215,30,7660,supports_refusal,0.008538255468010902,0.008538255468010902,0.010136060416698456,0.008317726664245129,0.8299999833106995,0.8299999833106995
1216,31,2471,suppresses_refusal,-0.008532905951142311,0.008532905951142311,0.008532905951142311,0.002608206123113632,0.0,1.0
1217,31,9922,suppresses_refusal,-0.008519744500517845,0.008519744500517845,0.008519744500517845,0.0025780999567359686,0.0,1.0
1218,2,12247,suppresses_refusal,-0.008519730530679226,0.008519730530679226,0.008607011288404465,0.010417252779006958,0.019999999552965164,0.9800000190734863
1219,31,1739,supports_refusal,0.008517494425177574,0.008517494425177574,0.017703743651509285,0.021108239889144897,0.6000000238418579,0.6000000238418579
1220,30,959,supports_refusal,0.00851474329829216,0.00851474329829216,0.008837857283651829,0.006160857155919075,0.949999988079071,0.949999988079071
1221,30,4063,suppresses_refusal,-0.008501824922859669,0.008501824922859669,0.012661619111895561,0.015070170164108276,0.28999999165534973,0.7100000381469727
1222,28,6352,supports_refusal,0.00849582813680172,0.00849582813680172,0.010126953944563866,0.018198786303400993,0.6800000071525574,0.6800000071525574
1223,31,7175,supports_refusal,0.008495483547449112,0.008495483547449112,0.008495483547449112,0.0033477130346000195,1.0,1.0
1224,17,13378,suppresses_refusal,-0.008494491688907146,0.008494491688907146,0.010258102789521217,0.00882713682949543,0.12999999523162842,0.8700000047683716
1225,15,8094,suppresses_refusal,-0.008489251136779785,0.008489251136779785,0.008535332977771759,0.0066055068746209145,0.009999999776482582,0.9900000095367432
1226,9,5950,suppresses_refusal,-0.00848774891346693,0.00848774891346693,0.008839922025799751,0.008825290948152542,0.05999999865889549,0.9399999976158142
1227,30,1777,supports_refusal,0.008485603146255016,0.008485603146255016,0.02493358589708805,0.029900355264544487,0.5899999737739563,0.5899999737739563
1228,28,6048,supports_refusal,0.008463211357593536,0.008463211357593536,0.008484573103487492,0.0030332906171679497,0.9900000095367432,0.9900000095367432
1229,31,2253,supports_refusal,0.00846310518682003,0.00846310518682003,0.00934511236846447,0.060633108019828796,0.44999998807907104,0.550000011920929
1230,29,6636,suppresses_refusal,-0.008462858386337757,0.008462858386337757,0.008886461146175861,0.008981856517493725,0.12999999523162842,0.8700000047683716
1231,31,9115,supports_refusal,0.008458481170237064,0.008458481170237064,0.008971481584012508,0.005691622383892536,0.9100000262260437,0.9100000262260437
1232,22,4964,supports_refusal,0.008450012654066086,0.008450012654066086,0.01007797196507454,0.010637232102453709,0.8199999928474426,0.8199999928474426
1233,28,1222,suppresses_refusal,-0.008447227068245411,0.008447227068245411,0.010759849101305008,0.01168397068977356,0.1899999976158142,0.8100000023841858
1234,15,1236,supports_refusal,0.0084393210709095,0.0084393210709095,0.008730325847864151,0.008923301473259926,0.8700000047683716,0.8700000047683716
1235,14,4413,supports_refusal,0.008436279371380806,0.008436279371380806,0.008557434193789959,0.006351780612021685,0.9700000286102295,0.9700000286102295
1236,30,13047,suppresses_refusal,-0.008432846516370773,0.008432846516370773,0.015958480536937714,0.01824648305773735,0.3400000035762787,0.6599999666213989
1237,28,10749,supports_refusal,0.008419723249971867,0.008419723249971867,0.009749984368681908,0.007830096408724785,0.8999999761581421,0.8999999761581421
1238,13,1358,supports_refusal,0.008404688909649849,0.008404688909649849,0.008556647226214409,0.007507454138249159,0.9399999976158142,0.9399999976158142
1239,29,4745,supports_refusal,0.008403739891946316,0.008403739891946316,0.008782749064266682,0.01014160830527544,0.9700000286102295,0.9700000286102295
1240,15,3864,suppresses_refusal,-0.008401499129831791,0.008401499129831791,0.00870890635997057,0.008032204583287239,0.18000000715255737,0.8199999928474426
1241,20,3498,supports_refusal,0.008395271375775337,0.008395271375775337,0.009490013122558594,0.010274950414896011,0.7900000214576721,0.7900000214576721
1242,6,13218,supports_refusal,0.008390121161937714,0.008390121161937714,0.008623733185231686,0.007409659679979086,0.949999988079071,0.949999988079071
1243,29,6710,suppresses_refusal,-0.008386382833123207,0.008386382833123207,0.008386382833123207,0.0053945560939610004,0.0,1.0
1244,4,576,supports_refusal,0.008379288017749786,0.008379288017749786,0.008756713941693306,0.006982497870922089,0.9200000166893005,0.9200000166893005
1245,4,10159,supports_refusal,0.008376998826861382,0.008376998826861382,0.008702736347913742,0.00615652184933424,0.9599999785423279,0.9599999785423279
1246,30,2273,supports_refusal,0.008369140326976776,0.008369140326976776,0.008369140326976776,0.002614435274153948,1.0,1.0
1247,4,7711,suppresses_refusal,-0.008366012945771217,0.008366012945771217,0.009614638984203339,0.010139110498130322,0.10000000149011612,0.8999999761581421
1248,30,10408,supports_refusal,0.008363494649529457,0.008363494649529457,0.00897933915257454,0.0059566679410636425,0.9599999785423279,0.9599999785423279
1249,21,10381,supports_refusal,0.00836311373859644,0.00836311373859644,0.0085199736058712,0.005447529722005129,0.949999988079071,0.949999988079071
1250,18,5537,suppresses_refusal,-0.008362121880054474,0.008362121880054474,0.009035949595272541,0.006024705711752176,0.029999999329447746,0.9700000286102295
1251,6,2570,supports_refusal,0.008361873216927052,0.008361873216927052,0.009563617408275604,0.009034492075443268,0.8899999856948853,0.8899999856948853
1252,30,8142,supports_refusal,0.008358459919691086,0.008358459919691086,0.010621338151395321,0.010306136682629585,0.8299999833106995,0.8299999833106995
1253,23,6450,supports_refusal,0.00835422519594431,0.00835422519594431,0.008427734486758709,0.0059682936407625675,0.949999988079071,0.949999988079071
1254,13,6735,supports_refusal,0.00835421122610569,0.00835421122610569,0.009421105496585369,0.010509655810892582,0.8600000143051147,0.8600000143051147
1255,10,10220,suppresses_refusal,-0.008350677788257599,0.008350677788257599,0.010542984120547771,0.01772192493081093,0.25,0.75
1256,30,5131,suppresses_refusal,-0.008349780924618244,0.008349780924618244,0.00855524092912674,0.00829700194299221,0.05999999865889549,0.9399999976158142
1257,26,11122,supports_refusal,0.008343401364982128,0.008343401364982128,0.008343401364982128,0.006045880261808634,1.0,1.0
1258,29,2560,suppresses_refusal,-0.008334655314683914,0.008334655314683914,0.008334655314683914,0.0017725637881085277,0.0,1.0
1259,30,4438,suppresses_refusal,-0.00833457987755537,0.00833457987755537,0.00880836509168148,0.00639362121000886,0.07000000029802322,0.9300000071525574
1260,27,11968,suppresses_refusal,-0.008328896015882492,0.008328896015882492,0.008485755883157253,0.004525643307715654,0.029999999329447746,0.9700000286102295
1261,29,3538,supports_refusal,0.008325156755745411,0.008325156755745411,0.00849788635969162,0.004990548361092806,0.9800000190734863,0.9800000190734863
1262,30,7684,suppresses_refusal,-0.008319978602230549,0.008319978602230549,0.008380899205803871,0.0034301839768886566,0.019999999552965164,0.9800000190734863
1263,31,5509,supports_refusal,0.008315673097968102,0.008315673097968102,0.008366265334188938,0.007044808007776737,0.9399999976158142,0.9399999976158142
1264,11,358,supports_refusal,0.008312156423926353,0.008312156423926353,0.008338515646755695,0.006897780578583479,0.9800000190734863,0.9800000190734863
1265,12,9683,suppresses_refusal,-0.008301258087158203,0.008301258087158203,0.00834234245121479,0.007564479485154152,0.019999999552965164,0.9800000190734863
1266,30,14228,suppresses_refusal,-0.008293228223919868,0.008293228223919868,0.008322220295667648,0.003026352496817708,0.009999999776482582,0.9900000095367432
1267,26,10795,suppresses_refusal,-0.008292922750115395,0.008292922750115395,0.008292922750115395,0.0034443784970790148,0.0,1.0
1268,31,8496,suppresses_refusal,-0.008292541839182377,0.008292541839182377,0.008292541839182377,0.002520699752494693,0.0,1.0
1269,12,10171,supports_refusal,0.00828758254647255,0.00828758254647255,0.009300765581429005,0.008036940358579159,0.8799999952316284,0.8799999952316284
1270,31,12130,suppresses_refusal,-0.00827945675700903,0.00827945675700903,0.00828144047409296,0.0040444438345730305,0.009999999776482582,0.9900000095367432
1271,16,5292,supports_refusal,0.008277702145278454,0.008277702145278454,0.008703040890395641,0.008587101474404335,0.9100000262260437,0.9100000262260437
1272,26,10405,suppresses_refusal,-0.0082758329808712,0.0082758329808712,0.0082758329808712,0.003929351922124624,0.0,1.0
1273,11,4258,suppresses_refusal,-0.008275490254163742,0.008275490254163742,0.05372096970677376,0.08170367777347565,0.41999998688697815,0.5800000429153442
1274,8,9760,supports_refusal,0.008273506537079811,0.008273506537079811,0.008507957682013512,0.0073157669976353645,0.949999988079071,0.949999988079071
1275,28,11796,suppresses_refusal,-0.008272276259958744,0.008272276259958744,0.008277196437120438,0.004004327114671469,0.009999999776482582,0.9900000095367432
1276,31,556,supports_refusal,0.008269768208265305,0.008269768208265305,0.008400458842515945,0.0032834471203386784,0.9599999785423279,0.9599999785423279
1277,31,3084,suppresses_refusal,-0.008269348181784153,0.008269348181784153,0.00997238140553236,0.008560314774513245,0.09000000357627869,0.9099999666213989
1278,8,4334,suppresses_refusal,-0.008268432691693306,0.008268432691693306,0.009631347842514515,0.011095273308455944,0.14000000059604645,0.8600000143051147
1279,3,11840,supports_refusal,0.008260702714323997,0.008260702714323997,0.00962270237505436,0.010148006491363049,0.8600000143051147,0.8600000143051147
1280,28,6305,suppresses_refusal,-0.008247070014476776,0.008247070014476776,0.016060562804341316,0.019414415583014488,0.3499999940395355,0.6499999761581421
1281,17,5011,suppresses_refusal,-0.008245659060776234,0.008245659060776234,0.009460181929171085,0.010289952158927917,0.1899999976158142,0.8100000023841858
1282,31,4380,supports_refusal,0.008230895735323429,0.008230895735323429,0.00824813824146986,0.005269150249660015,0.9900000095367432,0.9900000095367432
1283,14,7342,supports_refusal,0.008228302001953125,0.008228302001953125,0.008351516909897327,0.006938761565834284,0.9300000071525574,0.9300000071525574
1284,28,4873,suppresses_refusal,-0.008227233774960041,0.008227233774960041,0.008227233774960041,0.003594751935452223,0.0,1.0
1285,31,7437,supports_refusal,0.00822601281106472,0.00822601281106472,0.00981185957789421,0.0089959055185318,0.800000011920929,0.800000011920929
1286,26,14124,supports_refusal,0.008224563673138618,0.008224563673138618,0.008260803297162056,0.0059490143321454525,0.9800000190734863,0.9800000190734863
1287,2,12087,suppresses_refusal,-0.008222627453505993,0.008222627453505993,0.008736257441341877,0.01689375378191471,0.2199999988079071,0.7799999713897705
1288,15,6543,supports_refusal,0.00821331050246954,0.00821331050246954,0.008336181752383709,0.006313645746558905,0.949999988079071,0.949999988079071
1289,4,8363,suppresses_refusal,-0.00820941012352705,0.00820941012352705,0.008377180434763432,0.007548926398158073,0.029999999329447746,0.9700000286102295
1290,12,6816,supports_refusal,0.008207550272345543,0.008207550272345543,0.008207550272345543,0.006228750105947256,1.0,1.0
1291,31,1199,suppresses_refusal,-0.00820518471300602,0.00820518471300602,0.00820518471300602,0.004644560161978006,0.0,1.0
1292,29,9399,supports_refusal,0.008204860612750053,0.008204860612750053,0.008256930857896805,0.005399668123573065,0.9700000286102295,0.9700000286102295
1293,29,3813,suppresses_refusal,-0.008199944160878658,0.008199944160878658,0.008201804012060165,0.004888212773948908,0.009999999776482582,0.9900000095367432
1294,31,649,supports_refusal,0.008199824951589108,0.008199824951589108,0.008199824951589108,0.004313679412007332,1.0,1.0
1295,29,1590,supports_refusal,0.008197784423828125,0.008197784423828125,0.008371124044060707,0.005599814932793379,0.9900000095367432,0.9900000095367432
1296,30,10222,supports_refusal,0.008192997425794601,0.008192997425794601,0.008375339210033417,0.0063279359601438046,0.9700000286102295,0.9700000286102295
1297,12,3700,supports_refusal,0.008192930370569229,0.008192930370569229,0.008865194395184517,0.008868515491485596,0.8799999952316284,0.8799999952316284
1298,15,8329,suppresses_refusal,-0.008187980391085148,0.008187980391085148,0.008187980391085148,0.005762032698839903,0.0,1.0
1299,23,4700,suppresses_refusal,-0.008186569437384605,0.008186569437384605,0.008444137871265411,0.0074821338057518005,0.029999999329447746,0.9700000286102295
1300,28,14320,suppresses_refusal,-0.008179092779755592,0.008179092779755592,0.008179092779755592,0.0025320351123809814,0.0,1.0
1301,29,11576,suppresses_refusal,-0.00817449577152729,0.00817449577152729,0.00843406654894352,0.006408351473510265,0.09000000357627869,0.9099999666213989
1302,30,5542,suppresses_refusal,-0.008174133487045765,0.008174133487045765,0.01174163818359375,0.010657502338290215,0.15000000596046448,0.8500000238418579
1303,25,2355,suppresses_refusal,-0.008160019293427467,0.008160019293427467,0.008165359497070312,0.005038532428443432,0.009999999776482582,0.9900000095367432
1304,26,11322,suppresses_refusal,-0.008150159381330013,0.008150159381330013,0.011573468334972858,0.013987135142087936,0.2800000011920929,0.7200000286102295
1305,4,7086,suppresses_refusal,-0.008144225925207138,0.008144225925207138,0.00894012488424778,0.007183268200606108,0.07999999821186066,0.9200000166893005
1306,30,3331,supports_refusal,0.008137970231473446,0.008137970231473446,0.017264937981963158,0.022029099985957146,0.6100000143051147,0.6100000143051147
1307,13,12569,supports_refusal,0.008136863820254803,0.008136863820254803,0.008170966990292072,0.004934484139084816,0.9800000190734863,0.9800000190734863
1308,24,4508,suppresses_refusal,-0.008135881274938583,0.008135881274938583,0.008138341829180717,0.0053258538246154785,0.009999999776482582,0.9900000095367432
1309,8,7775,suppresses_refusal,-0.008129372261464596,0.008129372261464596,0.009134435094892979,0.06281664967536926,0.6499999761581421,0.6499999761581421
1310,15,5896,suppresses_refusal,-0.008128814399242401,0.008128814399242401,0.008160705678164959,0.004588881507515907,0.009999999776482582,0.9900000095367432
1311,23,7393,supports_refusal,0.008127594366669655,0.008127594366669655,0.008172568865120411,0.0054748510010540485,0.949999988079071,0.949999988079071
1312,12,2747,suppresses_refusal,-0.008123321458697319,0.008123321458697319,0.008277587592601776,0.006311679724603891,0.05000000074505806,0.949999988079071
1313,30,6663,supports_refusal,0.008118744008243084,0.008118744008243084,0.008118744008243084,0.0030819838866591454,1.0,1.0
1314,15,7542,supports_refusal,0.008113431744277477,0.008113431744277477,0.008113431744277477,0.006474784575402737,1.0,1.0
1315,21,4577,suppresses_refusal,-0.008107909932732582,0.008107909932732582,0.00835571251809597,0.005255157593637705,0.009999999776482582,0.9900000095367432
1316,28,2454,supports_refusal,0.00810676533728838,0.00810676533728838,0.00810676533728838,0.00360327260568738,1.0,1.0
1317,26,9802,supports_refusal,0.008091431111097336,0.008091431111097336,0.008091431111097336,0.0034899881575256586,1.0,1.0
1318,4,8461,supports_refusal,0.008089198730885983,0.008089198730885983,0.008433818817138672,0.01314618345350027,0.8799999952316284,0.8799999952316284
1319,13,13668,supports_refusal,0.00808700080960989,0.00808700080960989,0.008289217948913574,0.008774693123996258,0.9200000166893005,0.9200000166893005
1320,30,12258,supports_refusal,0.00808450672775507,0.00808450672775507,0.008674221113324165,0.006053771357983351,0.9599999785423279,0.9599999785423279
1321,27,10811,suppresses_refusal,-0.008077430538833141,0.008077430538833141,0.008077430538833141,0.004978521261364222,0.0,1.0
1322,31,8300,suppresses_refusal,-0.008075742982327938,0.008075742982327938,0.009403696283698082,0.006894028279930353,0.09000000357627869,0.9099999666213989
1323,29,9053,suppresses_refusal,-0.008052940480411053,0.008052940480411053,0.008087272755801678,0.006378209684044123,0.029999999329447746,0.9700000286102295
1324,31,11572,suppresses_refusal,-0.008052144199609756,0.008052144199609756,0.008083195425570011,0.00704021193087101,0.019999999552965164,0.9800000190734863
1325,31,5833,suppresses_refusal,-0.00805057492107153,0.00805057492107153,0.008175010792911053,0.00333351269364357,0.03999999910593033,0.9599999785423279
1326,26,12852,suppresses_refusal,-0.008049964904785156,0.008049964904785156,0.008387031964957714,0.007115968968719244,0.09000000357627869,0.9099999666213989
1327,8,405,suppresses_refusal,-0.008048615418374538,0.008048615418374538,0.009131226688623428,0.008805222809314728,0.14000000059604645,0.8600000143051147
1328,19,3088,suppresses_refusal,-0.008047237060964108,0.008047237060964108,0.008180065080523491,0.006451808847486973,0.029999999329447746,0.9700000286102295
1329,31,10088,suppresses_refusal,-0.008045959286391735,0.008045959286391735,0.008045959286391735,0.0043536643497645855,0.0,1.0
1330,12,833,suppresses_refusal,-0.008040771819651127,0.008040771819651127,0.008318481035530567,0.006012259051203728,0.05999999865889549,0.9399999976158142
1331,30,6080,supports_refusal,0.00804008450359106,0.00804008450359106,0.008071365766227245,0.004406720865517855,0.9800000190734863,0.9800000190734863
1332,30,3574,suppresses_refusal,-0.008039245381951332,0.008039245381951332,0.008039245381951332,0.00208518048748374,0.0,1.0
1333,14,9749,supports_refusal,0.008027344010770321,0.008027344010770321,0.008030243217945099,0.00492539256811142,0.9900000095367432,0.9900000095367432
1334,23,306,suppresses_refusal,-0.008026428520679474,0.008026428520679474,0.03574676439166069,0.042821235954761505,0.4000000059604645,0.6000000238418579
1335,31,3252,supports_refusal,0.008022994734346867,0.008022994734346867,0.008022994734346867,0.004181822296231985,1.0,1.0
1336,18,9419,supports_refusal,0.00801992416381836,0.00801992416381836,0.008414478041231632,0.006420023273676634,0.9399999976158142,0.9399999976158142
1337,17,13186,supports_refusal,0.008017006330192089,0.008017006330192089,0.00808109249919653,0.005729724653065205,0.9800000190734863,0.9800000190734863
1338,26,5239,suppresses_refusal,-0.008016586303710938,0.008016586303710938,0.008076515048742294,0.005753480829298496,0.03999999910593033,0.9599999785423279
1339,17,9341,suppresses_refusal,-0.008011646568775177,0.008011646568775177,0.011651821434497833,0.013607102446258068,0.25,0.75
1340,30,13558,supports_refusal,0.008011302910745144,0.008011302910745144,0.008178463205695152,0.0048446510918438435,0.949999988079071,0.949999988079071
1341,5,473,suppresses_refusal,-0.008011126890778542,0.008011126890778542,0.008625349961221218,0.010204184800386429,0.10999999940395355,0.8899999856948853
1342,30,4355,suppresses_refusal,-0.008007202297449112,0.008007202297449112,0.008662262000143528,0.008320022374391556,0.12999999523162842,0.8700000047683716
1343,5,2714,suppresses_refusal,-0.008003179915249348,0.008003179915249348,0.008466660976409912,0.00983195099979639,0.12999999523162842,0.8700000047683716
1344,30,7225,supports_refusal,0.00800170935690403,0.00800170935690403,0.00807342492043972,0.003414906794205308,0.9900000095367432,0.9900000095367432
1345,21,11726,supports_refusal,0.008001403883099556,0.008001403883099556,0.008487548679113388,0.005509622395038605,0.9599999785423279,0.9599999785423279
1346,29,336,suppresses_refusal,-0.007985076867043972,0.007985076867043972,0.007985076867043972,0.004355961922556162,0.0,1.0
1347,25,13410,suppresses_refusal,-0.007984081283211708,0.007984081283211708,0.008100314997136593,0.008586964569985867,0.07000000029802322,0.9300000071525574
1348,31,13890,suppresses_refusal,-0.007979813031852245,0.007979813031852245,0.008640212938189507,0.005679290276020765,0.07999999821186066,0.9200000166893005
1349,31,12861,suppresses_refusal,-0.007977447472512722,0.007977447472512722,0.029920196160674095,0.03650917485356331,0.4000000059604645,0.6000000238418579
1350,22,1199,suppresses_refusal,-0.007968599908053875,0.007968599908053875,0.010969073511660099,0.01361251249909401,0.30000001192092896,0.699999988079071
1351,29,11650,supports_refusal,0.007961196824908257,0.007961196824908257,0.009284591302275658,0.011666443198919296,0.6899999976158142,0.6899999976158142
1352,31,1121,supports_refusal,0.00795435905456543,0.00795435905456543,0.007963666692376137,0.005573693662881851,0.9900000095367432,0.9900000095367432
1353,28,13975,suppresses_refusal,-0.007953643798828125,0.007953643798828125,0.007953643798828125,0.002731705317273736,0.0,1.0
1354,18,8463,supports_refusal,0.007953491061925888,0.007953491061925888,0.011164093390107155,0.012818647548556328,0.8600000143051147,0.8600000143051147
1355,30,11504,supports_refusal,0.007947921752929688,0.007947921752929688,0.007966689765453339,0.0024248086847364902,0.9900000095367432,0.9900000095367432
1356,31,1220,suppresses_refusal,-0.007946113124489784,0.007946113124489784,0.008685890585184097,0.014193977229297161,0.38999998569488525,0.6100000143051147
1357,28,2978,supports_refusal,0.007934799417853355,0.007934799417853355,0.008025589399039745,0.004454981070011854,0.9599999785423279,0.9599999785423279
1358,30,9485,suppresses_refusal,-0.00793435052037239,0.00793435052037239,0.008638487197458744,0.006449358072131872,0.07999999821186066,0.9200000166893005
1359,25,5104,suppresses_refusal,-0.007933654822409153,0.007933654822409153,0.009255676530301571,0.007611521054059267,0.07000000029802322,0.9300000071525574
1360,30,301,supports_refusal,0.007931914180517197,0.007931914180517197,0.008377738296985626,0.008451560512185097,0.8899999856948853,0.8899999856948853
1361,30,810,suppresses_refusal,-0.007929091341793537,0.007929091341793537,0.008120856247842312,0.005142631474882364,0.05000000074505806,0.949999988079071
1362,12,10137,suppresses_refusal,-0.007928695529699326,0.007928695529699326,0.010330276563763618,0.010796191170811653,0.20999999344348907,0.7900000214576721
1363,16,7480,suppresses_refusal,-0.007925748825073242,0.007925748825073242,0.00950510986149311,0.012142033316195011,0.1899999976158142,0.8100000023841858
1364,31,3464,suppresses_refusal,-0.007923698052763939,0.007923698052763939,0.009384575299918652,0.006601853761821985,0.10999999940395355,0.8899999856948853
1365,25,12123,suppresses_refusal,-0.007915802299976349,0.007915802299976349,0.009134368970990181,0.01010160706937313,0.17000000178813934,0.8299999833106995
1366,30,5341,supports_refusal,0.007914428599178791,0.007914428599178791,0.008574523963034153,0.005882756318897009,0.949999988079071,0.949999988079071
1367,18,10730,suppresses_refusal,-0.007914123125374317,0.007914123125374317,0.007917556911706924,0.00624664593487978,0.009999999776482582,0.9900000095367432
1368,11,13691,supports_refusal,0.007906632497906685,0.007906632497906685,0.009548583067953587,0.011011666618287563,0.8399999737739563,0.8399999737739563
1369,17,11581,suppresses_refusal,-0.007899189367890358,0.007899189367890358,0.00792909599840641,0.003819027915596962,0.009999999776482582,0.9900000095367432
1370,28,4626,supports_refusal,0.007895584218204021,0.007895584218204021,0.007895584218204021,0.003166212933138013,1.0,1.0
1371,31,10432,suppresses_refusal,-0.007886810228228569,0.007886810228228569,0.007886810228228569,0.003549162531271577,0.0,1.0
1372,30,7220,suppresses_refusal,-0.007864821702241898,0.007864821702241898,0.007864821702241898,0.0033156382851302624,0.0,1.0
1373,25,6301,suppresses_refusal,-0.007863922044634819,0.007863922044634819,0.007863922044634819,0.003300609765574336,0.0,1.0
1374,30,9329,supports_refusal,0.007860412821173668,0.007860412821173668,0.007860412821173668,0.0023282181937247515,1.0,1.0
1375,21,1409,suppresses_refusal,-0.007858886383473873,0.007858886383473873,0.007858886383473873,0.0038009800482541323,0.0,1.0
1376,31,1090,suppresses_refusal,-0.007855759002268314,0.007855759002268314,0.010817565955221653,0.012561745010316372,0.27000001072883606,0.7300000190734863
1377,1,1856,supports_refusal,0.007854528725147247,0.007854528725147247,0.00790701899677515,0.006585749797523022,0.9700000286102295,0.9700000286102295
1378,12,8540,supports_refusal,0.007851982489228249,0.007851982489228249,0.009740867651998997,0.010908481664955616,0.8100000023841858,0.8100000023841858
1379,28,9477,supports_refusal,0.007850570604205132,0.007850570604205132,0.008641433902084827,0.005686860531568527,0.9300000071525574,0.9300000071525574
1380,31,8180,supports_refusal,0.007848205976188183,0.007848205976188183,0.007848205976188183,0.00488171586766839,1.0,1.0
1381,30,12951,supports_refusal,0.007844085805118084,0.007844085805118084,0.007844085805118084,0.003692114958539605,1.0,1.0
1382,30,5336,suppresses_refusal,-0.007841973565518856,0.007841973565518856,0.0090263606980443,0.009563369676470757,0.1599999964237213,0.8400000333786011
1383,22,10842,supports_refusal,0.007840624079108238,0.007840624079108238,0.00896498654037714,0.007286630570888519,0.8700000047683716,0.8700000047683716
1384,17,10747,suppresses_refusal,-0.007830772548913956,0.007830772548913956,0.00833879504352808,0.009089327417314053,0.12999999523162842,0.8700000047683716
1385,4,13803,supports_refusal,0.00781684834510088,0.00781684834510088,0.008070297539234161,0.006406157277524471,0.9700000286102295,0.9700000286102295
1386,16,5364,suppresses_refusal,-0.007813568226993084,0.007813568226993084,0.010498046875,0.011328736320137978,0.1899999976158142,0.8100000023841858
1387,31,1584,suppresses_refusal,-0.007809448055922985,0.007809448055922985,0.007809448055922985,0.0030525419861078262,0.0,1.0
1388,13,3654,supports_refusal,0.007802162319421768,0.007802162319421768,0.007852477952837944,0.00708389887586236,0.9599999785423279,0.9599999785423279
1389,31,12105,suppresses_refusal,-0.007794179953634739,0.007794179953634739,0.008175649680197239,0.005724894814193249,0.09000000357627869,0.9099999666213989
1390,31,5059,suppresses_refusal,-0.0077939722687006,0.0077939722687006,0.0077939722687006,0.005791953764855862,0.0,1.0
1391,31,1755,supports_refusal,0.0077933501452207565,0.0077933501452207565,0.009965438395738602,0.008828721940517426,0.8299999833106995,0.8299999833106995
1392,31,3583,supports_refusal,0.007792358286678791,0.007792358286678791,0.02243194542825222,0.027029477059841156,0.5799999833106995,0.5799999833106995
1393,26,11984,suppresses_refusal,-0.007786078378558159,0.007786078378558159,0.009901175275444984,0.00867960974574089,0.1899999976158142,0.8100000023841858
1394,30,2120,suppresses_refusal,-0.007774772588163614,0.007774772588163614,0.00786716490983963,0.00501171313226223,0.03999999910593033,0.9599999785423279
1395,5,12491,suppresses_refusal,-0.00777219794690609,0.00777219794690609,0.00843820534646511,0.0076288762502372265,0.10000000149011612,0.8999999761581421
1396,21,6790,suppresses_refusal,-0.007771772798150778,0.007771772798150778,0.008152833208441734,0.019714679569005966,0.3100000023841858,0.6899999976158142
1397,19,12861,supports_refusal,0.0077687837183475494,0.0077687837183475494,0.007902450859546661,0.004627462942153215,0.9800000190734863,0.9800000190734863
1398,23,12485,supports_refusal,0.007768526207655668,0.007768526207655668,0.008180608972907066,0.005703067872673273,0.8799999952316284,0.8799999952316284
1399,30,13387,suppresses_refusal,-0.007765999063849449,0.007765999063849449,0.00786945316940546,0.003628671867772937,0.019999999552965164,0.9800000190734863
1400,30,4134,supports_refusal,0.0077639389783144,0.0077639389783144,0.007764015346765518,0.003223706968128681,0.9900000095367432,0.9900000095367432
1401,28,2608,supports_refusal,0.007763061672449112,0.007763061672449112,0.007763061672449112,0.003780344035476446,1.0,1.0
1402,5,12837,suppresses_refusal,-0.0077583882957696915,0.0077583882957696915,0.00776609405875206,0.006455790251493454,0.009999999776482582,0.9900000095367432
1403,23,1200,supports_refusal,0.0077524567022919655,0.0077524567022919655,0.0077942656353116035,0.003936138469725847,0.9800000190734863,0.9800000190734863
1404,3,9094,supports_refusal,0.007750911638140678,0.007750911638140678,0.010554256848990917,0.013149069622159004,0.8500000238418579,0.8500000238418579
1405,28,2464,suppresses_refusal,-0.00775005342438817,0.00775005342438817,0.007842082530260086,0.006314292084425688,0.03999999910593033,0.9599999785423279
1406,11,13700,suppresses_refusal,-0.007747345138341188,0.007747345138341188,0.009747390635311604,0.01244095154106617,0.20999999344348907,0.7900000214576721
1407,9,13375,supports_refusal,0.007732839789241552,0.007732839789241552,0.008252591826021671,0.012446070089936256,0.8299999833106995,0.8299999833106995
1408,31,9171,suppresses_refusal,-0.0077303312718868256,0.0077303312718868256,0.018248215317726135,0.0213116854429245,0.3499999940395355,0.6499999761581421
1409,11,12980,supports_refusal,0.007728958036750555,0.007728958036750555,0.007803726010024548,0.004462691023945808,0.9700000286102295,0.9700000286102295
1410,21,10806,supports_refusal,0.0077278949320316315,0.0077278949320316315,0.007819600403308868,0.00875069946050644,0.9300000071525574,0.9300000071525574
1411,29,11835,suppresses_refusal,-0.007723684422671795,0.007723684422671795,0.012082986533641815,0.01325378566980362,0.23999999463558197,0.7599999904632568
1412,2,2285,supports_refusal,0.007719395216554403,0.007719395216554403,0.010714084841310978,0.015261288732290268,0.8100000023841858,0.8100000023841858
1413,18,12333,suppresses_refusal,-0.007719344925135374,0.007719344925135374,0.007719344925135374,0.005747992079705,0.0,1.0
1414,3,6147,supports_refusal,0.00771733932197094,0.00771733932197094,0.008745216764509678,0.059547364711761475,0.6299999952316284,0.6299999952316284
1415,30,8214,supports_refusal,0.007711763493716717,0.007711763493716717,0.0078806784003973,0.004665830638259649,0.9100000262260437,0.9100000262260437
1416,31,4373,supports_refusal,0.0077020167373120785,0.0077020167373120785,0.007840356789529324,0.010434897616505623,0.8500000238418579,0.8500000238418579
1417,30,8726,supports_refusal,0.007690200582146645,0.007690200582146645,0.007699661422520876,0.005416750442236662,0.9800000190734863,0.9800000190734863
1418,7,1231,supports_refusal,0.007689929101616144,0.007689929101616144,0.008158373646438122,0.01081111840903759,0.8799999952316284,0.8799999952316284
1419,29,2734,supports_refusal,0.0076890564523637295,0.0076890564523637295,0.0076890564523637295,0.003277441719546914,1.0,1.0
1420,16,4312,supports_refusal,0.007687492296099663,0.007687492296099663,0.007858620025217533,0.0078094820491969585,0.9200000166893005,0.9200000166893005
1421,11,2253,suppresses_refusal,-0.007683715783059597,0.007683715783059597,0.008566131815314293,0.00786891020834446,0.15000000596046448,0.8500000238418579
1422,29,2589,suppresses_refusal,-0.007682075724005699,0.007682075724005699,0.007777671795338392,0.005194856785237789,0.029999999329447746,0.9700000286102295
1423,31,6102,suppresses_refusal,-0.007674255408346653,0.007674255408346653,0.007844085805118084,0.0048545487225055695,0.05000000074505806,0.949999988079071
1424,25,12427,suppresses_refusal,-0.007673912215977907,0.007673912215977907,0.008349724113941193,0.010571836493909359,0.12999999523162842,0.8700000047683716
1425,30,4106,supports_refusal,0.00767158530652523,0.00767158530652523,0.01721801795065403,0.021155692636966705,0.6700000166893005,0.6700000166893005
1426,30,12337,suppresses_refusal,-0.0076681519858539104,0.0076681519858539104,0.0077520753256976604,0.0029851554427295923,0.019999999552965164,0.9800000190734863
1427,31,3428,suppresses_refusal,-0.007660942152142525,0.007660942152142525,0.011176872067153454,0.011294958181679249,0.23999999463558197,0.7599999904632568
1428,31,9355,suppresses_refusal,-0.007657413370907307,0.007657413370907307,0.01056890469044447,0.012728122062981129,0.27000001072883606,0.7300000190734863
1429,20,5827,supports_refusal,0.007656402420252562,0.007656402420252562,0.007699737325310707,0.0035992246121168137,0.9900000095367432,0.9900000095367432
1430,28,8021,supports_refusal,0.007655563298612833,0.007655563298612833,0.007690963800996542,0.004767144098877907,0.9900000095367432,0.9900000095367432
1431,27,10366,suppresses_refusal,-0.007653789594769478,0.007653789594769478,0.007836132310330868,0.0045045348815619946,0.029999999329447746,0.9700000286102295
1432,4,12384,supports_refusal,0.007650539744645357,0.007650539744645357,0.012619073502719402,0.03695857524871826,0.5699999928474426,0.5699999928474426
1433,19,6198,supports_refusal,0.00764184957370162,0.00764184957370162,0.007713680155575275,0.007104658056050539,0.949999988079071,0.949999988079071
1434,12,5351,supports_refusal,0.00763917900621891,0.00763917900621891,0.009338855743408203,0.011638674885034561,0.8199999928474426,0.8199999928474426
1435,30,2648,suppresses_refusal,-0.007629775907844305,0.007629775907844305,0.007654952816665173,0.004301504231989384,0.009999999776482582,0.9900000095367432
1436,28,13336,suppresses_refusal,-0.007629165425896645,0.007629165425896645,0.008547287434339523,0.007127463351935148,0.14000000059604645,0.8600000143051147
1437,20,10266,supports_refusal,0.00761896139010787,0.00761896139010787,0.008015994913876057,0.006714210845530033,0.9100000262260437,0.9100000262260437
1438,23,8442,supports_refusal,0.0076160430908203125,0.0076160430908203125,0.0076160430908203125,0.0039238883182406425,1.0,1.0
1439,13,1218,supports_refusal,0.007613086607307196,0.007613086607307196,0.007848796434700489,0.005227474961429834,0.9399999976158142,0.9399999976158142
1440,31,14194,suppresses_refusal,-0.007609252817928791,0.007609252817928791,0.007609252817928791,0.003119607688859105,0.0,1.0
1441,31,13713,supports_refusal,0.00760372169315815,0.00760372169315815,0.007949257269501686,0.005137609783560038,0.9200000166893005,0.9200000166893005
1442,27,4968,suppresses_refusal,-0.007601527962833643,0.007601527962833643,0.007645854726433754,0.004728719126433134,0.029999999329447746,0.9700000286102295
1443,8,13545,suppresses_refusal,-0.007599239237606525,0.007599239237606525,0.007746334187686443,0.0064134178683161736,0.07000000029802322,0.9300000071525574
1444,13,5722,suppresses_refusal,-0.00759811419993639,0.00759811419993639,0.008311348035931587,0.008693965151906013,0.23000000417232513,0.7699999809265137
1445,19,10288,supports_refusal,0.007596759591251612,0.007596759591251612,0.00927793513983488,0.008923863060772419,0.8700000047683716,0.8700000047683716
1446,31,1095,suppresses_refusal,-0.007590064778923988,0.007590064778923988,0.008770713582634926,0.013553980737924576,0.25,0.75
1447,31,6304,supports_refusal,0.007587280124425888,0.007587280124425888,0.0076407622545957565,0.005234976299107075,0.9800000190734863,0.9800000190734863
1448,30,9965,supports_refusal,0.007580595090985298,0.007580595090985298,0.007626065984368324,0.004551323130726814,0.9800000190734863,0.9800000190734863
1449,30,1296,supports_refusal,0.007578992750495672,0.007578992750495672,0.008624697104096413,0.007135670632123947,0.8500000238418579,0.8500000238418579
1450,30,13366,supports_refusal,0.00757598876953125,0.00757598876953125,0.00757598876953125,0.004572591744363308,1.0,1.0
1451,13,12919,supports_refusal,0.00756837846711278,0.00756837846711278,0.007731876336038113,0.006761640310287476,0.9599999785423279,0.9599999785423279
1452,30,6805,suppresses_refusal,-0.0075559234246611595,0.0075559234246611595,0.0075559234246611595,0.003586479229852557,0.0,1.0
1453,27,4144,supports_refusal,0.007550935726612806,0.007550935726612806,0.007847871631383896,0.004712827503681183,0.9700000286102295,0.9700000286102295
1454,10,2789,suppresses_refusal,-0.0075423624366521835,0.0075423624366521835,0.0078769875690341,0.006476632785052061,0.07999999821186066,0.9200000166893005
1455,31,4655,supports_refusal,0.007539062295109034,0.007539062295109034,0.007539062295109034,0.0052564023062586784,1.0,1.0
1456,27,10519,supports_refusal,0.007532958872616291,0.007532958872616291,0.007634429726749659,0.005797199439257383,0.949999988079071,0.949999988079071
1457,17,7199,suppresses_refusal,-0.0075281523168087006,0.0075281523168087006,0.007552986033260822,0.009510699659585953,0.029999999329447746,0.9700000286102295
1458,31,9575,supports_refusal,0.0075205229222774506,0.0075205229222774506,0.00874809268862009,0.007966059260070324,0.8899999856948853,0.8899999856948853
1459,20,9259,supports_refusal,0.007518780417740345,0.007518780417740345,0.007806313224136829,0.00841278675943613,0.8399999737739563,0.8399999737739563
1460,30,10352,supports_refusal,0.007511413190513849,0.007511413190513849,0.0076171946711838245,0.0052036987617611885,0.9599999785423279,0.9599999785423279
1461,13,4036,suppresses_refusal,-0.007508993148803711,0.007508993148803711,0.00830189697444439,0.006441986188292503,0.09000000357627869,0.9099999666213989
1462,28,1898,suppresses_refusal,-0.0075069149024784565,0.0075069149024784565,0.007700472604483366,0.005685267969965935,0.05000000074505806,0.949999988079071
1463,26,6755,suppresses_refusal,-0.007506275083869696,0.007506275083869696,0.007596263661980629,0.0051618763245642185,0.05000000074505806,0.949999988079071
1464,12,2965,suppresses_refusal,-0.0075050401501357555,0.0075050401501357555,0.008923917077481747,0.010993541218340397,0.20999999344348907,0.7900000214576721
1465,28,2847,supports_refusal,0.007504654116928577,0.007504654116928577,0.007504654116928577,0.002733625238761306,1.0,1.0
1466,13,3060,supports_refusal,0.007504043634980917,0.007504043634980917,0.007741165347397327,0.006662256550043821,0.9599999785423279,0.9599999785423279
1467,16,2089,suppresses_refusal,-0.007501249201595783,0.007501249201595783,0.007698678877204657,0.007409528363496065,0.09000000357627869,0.9099999666213989
1468,16,1232,supports_refusal,0.007500801235437393,0.007500801235437393,0.007571373134851456,0.005169474054127932,0.949999988079071,0.949999988079071
1469,15,4973,suppresses_refusal,-0.007499037776142359,0.007499037776142359,0.00976853258907795,0.017626669257879257,0.49000000953674316,0.5099999904632568
1470,6,1464,suppresses_refusal,-0.007495317608118057,0.007495317608118057,0.010945234447717667,0.014077492989599705,0.20000000298023224,0.800000011920929
1471,8,8176,supports_refusal,0.007485542446374893,0.007485542446374893,0.008233565837144852,0.008281770162284374,0.8899999856948853,0.8899999856948853
1472,16,3170,suppresses_refusal,-0.007484753150492907,0.007484753150492907,0.007572161965072155,0.005824390798807144,0.03999999910593033,0.9599999785423279
1473,13,7162,suppresses_refusal,-0.007483901921659708,0.007483901921659708,0.0077181244269013405,0.006161858327686787,0.07000000029802322,0.9300000071525574
1474,15,12610,supports_refusal,0.007477626670151949,0.007477626670151949,0.008169002830982208,0.009483217261731625,0.800000011920929,0.800000011920929
1475,30,1152,supports_refusal,0.007476653903722763,0.007476653903722763,0.008354492485523224,0.004501409828662872,0.9599999785423279,0.9599999785423279
1476,30,14181,suppresses_refusal,-0.0074743651784956455,0.0074743651784956455,0.0074743651784956455,0.0025479160249233246,0.0,1.0
1477,30,2458,supports_refusal,0.00746917724609375,0.00746917724609375,0.00746917724609375,0.001654195599257946,1.0,1.0
1478,18,13457,supports_refusal,0.007467689458280802,0.007467689458280802,0.007579841651022434,0.004788526333868504,0.949999988079071,0.949999988079071
1479,31,5926,suppresses_refusal,-0.007465362548828125,0.007465362548828125,0.007465362548828125,0.0030478492844849825,0.0,1.0
1480,29,3543,supports_refusal,0.007464217953383923,0.007464217953383923,0.0076371002942323685,0.004933674354106188,0.949999988079071,0.949999988079071
1481,29,258,suppresses_refusal,-0.007462711539119482,0.007462711539119482,0.007652683183550835,0.004838704131543636,0.05999999865889549,0.9399999976158142
1482,22,13977,supports_refusal,0.00746172433719039,0.00746172433719039,0.007463965564966202,0.0054648988880217075,0.9900000095367432,0.9900000095367432
1483,30,1253,suppresses_refusal,-0.0074616242200136185,0.0074616242200136185,0.008386611938476562,0.006552885286509991,0.11999999731779099,0.8799999952316284
1484,12,12763,supports_refusal,0.0074601746164262295,0.0074601746164262295,0.007543334737420082,0.0074514467269182205,0.949999988079071,0.949999988079071
1485,26,14014,supports_refusal,0.007456168998032808,0.007456168998032808,0.007776718121021986,0.006718162912875414,0.8899999856948853,0.8899999856948853
1486,29,11511,supports_refusal,0.007452240213751793,0.007452240213751793,0.007503814529627562,0.0035397233441472054,0.9800000190734863,0.9800000190734863
1487,10,3942,suppresses_refusal,-0.007450686767697334,0.007450686767697334,0.00870814174413681,0.019973045215010643,0.23000000417232513,0.7699999809265137
1488,0,12659,suppresses_refusal,-0.007447719573974609,0.007447719573974609,0.007447719573974609,0.004297069273889065,0.0,1.0
1489,28,7926,suppresses_refusal,-0.007440910208970308,0.007440910208970308,0.007440910208970308,0.0023958010133355856,0.0,1.0
1490,26,6048,supports_refusal,0.007437462918460369,0.007437462918460369,0.0075246188789606094,0.01673283614218235,0.9399999976158142,0.9399999976158142
1491,31,3769,supports_refusal,0.007436523213982582,0.007436523213982582,0.00896530132740736,0.009207149967551231,0.7599999904632568,0.7599999904632568
1492,8,6823,supports_refusal,0.0074312021024525166,0.0074312021024525166,0.008904457092285156,0.01901470124721527,0.75,0.75
1493,16,2592,suppresses_refusal,-0.007430562749505043,0.007430562749505043,0.007960195653140545,0.006372346077114344,0.07000000029802322,0.9300000071525574
1494,22,12315,supports_refusal,0.0074251554906368256,0.0074251554906368256,0.007479018997400999,0.003707913449034095,0.9800000190734863,0.9800000190734863
1495,28,8470,supports_refusal,0.0074229431338608265,0.0074229431338608265,0.0074229431338608265,0.002336869016289711,1.0,1.0
1496,29,13033,suppresses_refusal,-0.007419738918542862,0.007419738918542862,0.0074507142417132854,0.0030567911453545094,0.019999999552965164,0.9800000190734863
1497,17,12859,supports_refusal,0.0074140168726444244,0.0074140168726444244,0.0074140168726444244,0.0044487519189715385,1.0,1.0
1498,16,12283,suppresses_refusal,-0.007401753216981888,0.007401753216981888,0.007401753216981888,0.0068184989504516125,0.0,1.0
1499,15,12589,suppresses_refusal,-0.00739272590726614,0.00739272590726614,0.008389430120587349,0.012271850369870663,0.23000000417232513,0.7699999809265137
1500,14,3937,supports_refusal,0.0073851775377988815,0.0073851775377988815,0.0073851775377988815,0.00518616009503603,1.0,1.0
1501,9,11305,supports_refusal,0.007385024800896645,0.007385024800896645,0.007464866619557142,0.006312278099358082,0.949999988079071,0.949999988079071
1502,5,1012,supports_refusal,0.007384271826595068,0.007384271826595068,0.0077454280108213425,0.007962962612509727,0.9200000166893005,0.9200000166893005
1503,23,9021,suppresses_refusal,-0.007379188667982817,0.007379188667982817,0.007430457975715399,0.0027998771984130144,0.009999999776482582,0.9900000095367432
1504,26,11907,suppresses_refusal,-0.0073746489360928535,0.0073746489360928535,0.0073746489360928535,0.005089071579277515,0.0,1.0
1505,30,3635,supports_refusal,0.007373122964054346,0.007373122964054346,0.0074356840923428535,0.003579490352421999,0.9800000190734863,0.9800000190734863
1506,13,308,suppresses_refusal,-0.007369775790721178,0.007369775790721178,0.007759103551506996,0.007838102988898754,0.10999999940395355,0.8899999856948853
1507,28,13920,supports_refusal,0.007365455850958824,0.007365455850958824,0.008843574672937393,0.010133697651326656,0.8299999833106995,0.8299999833106995
1508,30,11965,supports_refusal,0.00735893240198493,0.00735893240198493,0.00735893240198493,0.002309978473931551,1.0,1.0
1509,2,636,supports_refusal,0.007351398468017578,0.007351398468017578,0.00867803581058979,0.01242536399513483,0.8500000238418579,0.8500000238418579
1510,22,13435,suppresses_refusal,-0.0073496438562870026,0.0073496438562870026,0.0073645589873194695,0.003986759576946497,0.019999999552965164,0.9800000190734863
1511,20,14248,suppresses_refusal,-0.0073489476926624775,0.0073489476926624775,0.008139886893332005,0.009854577481746674,0.12999999523162842,0.8700000047683716
1512,27,12888,suppresses_refusal,-0.007347259670495987,0.007347259670495987,0.00785110518336296,0.004602981265634298,0.05000000074505806,0.949999988079071
1513,31,13183,suppresses_refusal,-0.007343711797147989,0.007343711797147989,0.007387504447251558,0.004698274191468954,0.019999999552965164,0.9800000190734863
1514,26,10586,supports_refusal,0.007339858915656805,0.007339858915656805,0.00848747231066227,0.00829132180660963,0.8999999761581421,0.8999999761581421
1515,28,13812,supports_refusal,0.007338395342230797,0.007338395342230797,0.007380385417491198,0.005089523270726204,0.9599999785423279,0.9599999785423279
1516,9,12393,supports_refusal,0.007332229521125555,0.007332229521125555,0.0076721953228116035,0.006330902222543955,0.9700000286102295,0.9700000286102295
1517,20,13110,suppresses_refusal,-0.0073297214694321156,0.0073297214694321156,0.007531366311013699,0.005441424902528524,0.05000000074505806,0.949999988079071
1518,30,3508,suppresses_refusal,-0.007328376639634371,0.007328376639634371,0.007762642111629248,0.005292810034006834,0.10999999940395355,0.8899999856948853
1519,30,8730,supports_refusal,0.007327270694077015,0.007327270694077015,0.007327270694077015,0.0038214093074202538,1.0,1.0
1520,18,3894,supports_refusal,0.007321491371840239,0.007321491371840239,0.007983417250216007,0.006166715174913406,0.9399999976158142,0.9399999976158142
1521,20,11033,supports_refusal,0.007316818460822105,0.007316818460822105,0.007316818460822105,0.004172671120613813,1.0,1.0
1522,30,2627,suppresses_refusal,-0.007316436618566513,0.007316436618566513,0.007619400043040514,0.006181168369948864,0.07000000029802322,0.9300000071525574
1523,31,11085,suppresses_refusal,-0.0073159788735210896,0.0073159788735210896,0.011887206695973873,0.01322710607200861,0.23000000417232513,0.7699999809265137
1524,13,10134,suppresses_refusal,-0.007314471993595362,0.007314471993595362,0.007418804336339235,0.00492306612432003,0.029999999329447746,0.9700000286102295
1525,3,14321,supports_refusal,0.007314452901482582,0.007314452901482582,0.008368606679141521,0.00869741104543209,0.8799999952316284,0.8799999952316284
1526,25,10687,supports_refusal,0.007312793750315905,0.007312793750315905,0.007446765899658203,0.005222144071012735,0.9700000286102295,0.9700000286102295
1527,15,10673,supports_refusal,0.007310886401683092,0.007310886401683092,0.007690486963838339,0.006163829937577248,0.8799999952316284,0.8799999952316284
1528,10,2486,supports_refusal,0.007304649334400892,0.007304649334400892,0.007556114345788956,0.005359786096960306,0.9399999976158142,0.9399999976158142
1529,30,1650,supports_refusal,0.007298660464584827,0.007298660464584827,0.007298660464584827,0.0025207388680428267,1.0,1.0
1530,22,1558,suppresses_refusal,-0.007282218895852566,0.007282218895852566,0.007304954342544079,0.003262436017394066,0.009999999776482582,0.9900000095367432
1531,22,6126,supports_refusal,0.007276611402630806,0.007276611402630806,0.007276611402630806,0.004984254017472267,1.0,1.0
1532,3,5533,suppresses_refusal,-0.007272682152688503,0.007272682152688503,0.008263702504336834,0.008745991624891758,0.11999999731779099,0.8799999952316284
1533,30,9283,supports_refusal,0.007267866283655167,0.007267866283655167,0.007267866283655167,0.0032093089539557695,1.0,1.0
1534,29,14025,suppresses_refusal,-0.007267303299158812,0.007267303299158812,0.010676727630198002,0.012134520336985588,0.27000001072883606,0.7300000190734863
1535,28,12198,suppresses_refusal,-0.007259216159582138,0.007259216159582138,0.007848663255572319,0.0064549813978374004,0.09000000357627869,0.9099999666213989
1536,12,13489,suppresses_refusal,-0.00725647434592247,0.00725647434592247,0.007457347121089697,0.010053728707134724,0.14000000059604645,0.8600000143051147
1537,25,5477,suppresses_refusal,-0.0072539434768259525,0.0072539434768259525,0.007292088121175766,0.00393289839848876,0.05000000074505806,0.949999988079071
1538,12,9067,suppresses_refusal,-0.007252817042171955,0.007252817042171955,0.008494406007230282,0.009818620048463345,0.18000000715255737,0.8199999928474426
1539,13,12063,suppresses_refusal,-0.007250938564538956,0.007250938564538956,0.007407951168715954,0.00517113646492362,0.03999999910593033,0.9599999785423279
1540,1,198,suppresses_refusal,-0.007250289898365736,0.007250289898365736,0.016845703125,0.025166824460029602,0.4000000059604645,0.6000000238418579
1541,21,4901,supports_refusal,0.007243518717586994,0.007243518717586994,0.007511692121624947,0.004968572407960892,0.9700000286102295,0.9700000286102295
1542,31,3599,suppresses_refusal,-0.0072398376651108265,0.0072398376651108265,0.007578887976706028,0.00549533823505044,0.10999999940395355,0.8899999856948853
1543,30,13252,suppresses_refusal,-0.0072331237606704235,0.0072331237606704235,0.007238464429974556,0.002673146314918995,0.009999999776482582,0.9900000095367432
1544,7,7848,suppresses_refusal,-0.007230071816593409,0.007230071816593409,0.007238998543471098,0.006283480208367109,0.019999999552965164,0.9800000190734863
1545,28,11387,suppresses_refusal,-0.007226648274809122,0.007226648274809122,0.007629137020558119,0.005204662214964628,0.10000000149011612,0.8999999761581421
1546,28,5387,supports_refusal,0.007224283181130886,0.007224283181130886,0.008164491504430771,0.008265902288258076,0.8500000238418579,0.8500000238418579
1547,29,9972,suppresses_refusal,-0.007218131795525551,0.007218131795525551,0.007218131795525551,0.003100757719948888,0.0,1.0
1548,9,12130,suppresses_refusal,-0.007213916629552841,0.007213916629552841,0.007584209553897381,0.007092003710567951,0.07999999821186066,0.9200000166893005
1549,4,12790,supports_refusal,0.007195806596428156,0.007195806596428156,0.007270212285220623,0.005984931252896786,0.9599999785423279,0.9599999785423279
1550,31,7669,suppresses_refusal,-0.0071868896484375,0.0071868896484375,0.0071868896484375,0.0022675341460853815,0.0,1.0
1551,15,11492,supports_refusal,0.007178115658462048,0.007178115658462048,0.007877959869801998,0.005898287985473871,0.8999999761581421,0.8999999761581421
1552,11,3522,suppresses_refusal,-0.007174300961196423,0.007174300961196423,0.007625045720487833,0.007652361411601305,0.07000000029802322,0.9300000071525574
1553,16,8661,supports_refusal,0.007172126788645983,0.007172126788645983,0.01065547950565815,0.010820641182363033,0.8600000143051147,0.8600000143051147
1554,29,6689,suppresses_refusal,-0.007162704598158598,0.007162704598158598,0.007334365975111723,0.00568324513733387,0.05000000074505806,0.949999988079071
1555,14,10408,supports_refusal,0.007162599358707666,0.007162599358707666,0.007889795117080212,0.008217841386795044,0.9100000262260437,0.9100000262260437
1556,30,9908,suppresses_refusal,-0.007162323221564293,0.007162323221564293,0.007162323221564293,0.0023449137806892395,0.0,1.0
1557,3,6864,suppresses_refusal,-0.007160301320254803,0.007160301320254803,0.008795814588665962,0.009214037097990513,0.11999999731779099,0.8799999952316284
1558,14,221,suppresses_refusal,-0.007156033534556627,0.007156033534556627,0.007432790007442236,0.008227555081248283,0.10000000149011612,0.8999999761581421
1559,24,4901,supports_refusal,0.0071547795087099075,0.0071547795087099075,0.007204961962997913,0.003717817133292556,0.9800000190734863,0.9800000190734863
1560,13,12869,supports_refusal,0.007153625600039959,0.007153625600039959,0.007181243970990181,0.005813240073621273,0.9800000190734863,0.9800000190734863
1561,31,11276,suppresses_refusal,-0.007153091486543417,0.007153091486543417,0.008455886505544186,0.006737220101058483,0.07000000029802322,0.9300000071525574
1562,11,2909,supports_refusal,0.0071530817076563835,0.0071530817076563835,0.007169351447373629,0.006247504614293575,0.9800000190734863,0.9800000190734863
1563,6,3502,suppresses_refusal,-0.0071471212431788445,0.0071471212431788445,0.01283884048461914,0.01453975960612297,0.23000000417232513,0.7699999809265137
1564,30,8639,suppresses_refusal,-0.007146015297621489,0.007146015297621489,0.03143785521388054,0.03984847664833069,0.4099999964237213,0.5900000333786011
1565,26,12395,suppresses_refusal,-0.007143631111830473,0.007143631111830473,0.007143631111830473,0.0037124690134078264,0.0,1.0
1566,16,12230,suppresses_refusal,-0.007128383964300156,0.007128383964300156,0.007128383964300156,0.004552180413156748,0.0,1.0
1567,4,3981,supports_refusal,0.007119693793356419,0.007119693793356419,0.00762598030269146,0.006891514640301466,0.9100000262260437,0.9100000262260437
1568,0,12890,suppresses_refusal,-0.007119274232536554,0.007119274232536554,0.007266788277775049,0.005900305695831776,0.03999999910593033,0.9599999785423279
1569,15,11740,supports_refusal,0.007117805536836386,0.007117805536836386,0.007117805536836386,0.003941773436963558,1.0,1.0
1570,31,9445,suppresses_refusal,-0.007116928230971098,0.007116928230971098,0.007116928230971098,0.0029064121190458536,0.0,1.0
1571,29,3412,suppresses_refusal,-0.007115449756383896,0.007115449756383896,0.007502470165491104,0.007684976793825626,0.1599999964237213,0.8400000333786011
1572,26,5006,supports_refusal,0.0071152448654174805,0.0071152448654174805,0.0071865892969071865,0.00395582988858223,0.9599999785423279,0.9599999785423279
1573,13,2043,suppresses_refusal,-0.007114677224308252,0.007114677224308252,0.007114677224308252,0.004288375377655029,0.0,1.0
1574,27,8715,suppresses_refusal,-0.007112178951501846,0.007112178951501846,0.0072886087000370026,0.007193160243332386,0.07999999821186066,0.9200000166893005
1575,13,6235,suppresses_refusal,-0.007105980068445206,0.007105980068445206,0.007209053263068199,0.004671263042837381,0.029999999329447746,0.9700000286102295
1576,28,7031,supports_refusal,0.0070960139855742455,0.0070960139855742455,0.0070960139855742455,0.0046249753795564175,1.0,1.0
1577,18,12931,suppresses_refusal,-0.007091722451150417,0.007091722451150417,0.007671556435525417,0.007438208442181349,0.10999999940395355,0.8899999856948853
1578,14,2015,supports_refusal,0.007086419966071844,0.007086419966071844,0.007272672839462757,0.007205454166978598,0.9399999976158142,0.9399999976158142
1579,31,1506,suppresses_refusal,-0.0070829009637236595,0.0070829009637236595,0.009313277900218964,0.009016443975269794,0.1599999964237213,0.8400000333786011
1580,19,9958,suppresses_refusal,-0.007077713031321764,0.007077713031321764,0.007338905241340399,0.00663455156609416,0.09000000357627869,0.9099999666213989
1581,22,3228,suppresses_refusal,-0.007063922937959433,0.007063922937959433,0.00838941615074873,0.007542098872363567,0.15000000596046448,0.8500000238418579
1582,31,13825,suppresses_refusal,-0.007063178811222315,0.007063178811222315,0.007063178811222315,0.0031117394100874662,0.0,1.0
1583,15,630,supports_refusal,0.007062931079417467,0.007062931079417467,0.008923625573515892,0.011499442160129547,0.7799999713897705,0.7799999713897705
1584,11,1701,supports_refusal,0.007061884272843599,0.007061884272843599,0.008046743459999561,0.008745930157601833,0.9100000262260437,0.9100000262260437
1585,29,6974,supports_refusal,0.007059278432279825,0.007059278432279825,0.007434377446770668,0.005152711179107428,0.9100000262260437,0.9100000262260437
1586,5,14294,suppresses_refusal,-0.007058868184685707,0.007058868184685707,0.0072113038040697575,0.00780926737934351,0.03999999910593033,0.9599999785423279
1587,27,8738,supports_refusal,0.00705314613878727,0.00705314613878727,0.0070973969995975494,0.0034849816001951694,0.9800000190734863,0.9800000190734863
1588,6,3888,supports_refusal,0.007052898406982422,0.007052898406982422,0.007285099010914564,0.005735346581786871,0.9599999785423279,0.9599999785423279
1589,19,1567,suppresses_refusal,-0.007049293722957373,0.007049293722957373,0.007142906077206135,0.004479456227272749,0.05999999865889549,0.9399999976158142
1590,31,4626,supports_refusal,0.0070488546043634415,0.0070488546043634415,0.007972660474479198,0.006710270885378122,0.9100000262260437,0.9100000262260437
1591,12,2272,supports_refusal,0.007047767750918865,0.007047767750918865,0.007578697055578232,0.0063714152202010155,0.8799999952316284,0.8799999952316284
1592,19,8675,suppresses_refusal,-0.007046337239444256,0.007046337239444256,0.007919750176370144,0.005473040509968996,0.03999999910593033,0.9599999785423279
1593,31,12499,suppresses_refusal,-0.0070375059731304646,0.0070375059731304646,0.0070375059731304646,0.0030701823998242617,0.0,1.0
1594,18,1017,supports_refusal,0.00703508360311389,0.00703508360311389,0.007203655317425728,0.006276837084442377,0.9300000071525574,0.9300000071525574
1595,24,8765,supports_refusal,0.00703353900462389,0.00703353900462389,0.007581023965030909,0.005454693920910358,0.9300000071525574,0.9300000071525574
1596,30,9544,suppresses_refusal,-0.0070242309011518955,0.0070242309011518955,0.0070816040970385075,0.004824052564799786,0.03999999910593033,0.9599999785423279
1597,25,6030,suppresses_refusal,-0.007023773156106472,0.007023773156106472,0.007023773156106472,0.004407435189932585,0.0,1.0
1598,3,3271,suppresses_refusal,-0.007021958939731121,0.007021958939731121,0.007708866614848375,0.009115932509303093,0.10999999940395355,0.8899999856948853
1599,14,3537,suppresses_refusal,-0.007018165662884712,0.007018165662884712,0.00763980858027935,0.0061281402595341206,0.029999999329447746,0.9700000286102295
1600,29,7623,supports_refusal,0.007016830611974001,0.007016830611974001,0.007016830611974001,0.0036481099668890238,1.0,1.0
1601,28,12389,suppresses_refusal,-0.0070151593536138535,0.0070151593536138535,0.0070715975016355515,0.006106873508542776,0.019999999552965164,0.9800000190734863
1602,2,2948,supports_refusal,0.007013480179011822,0.007013480179011822,0.00811358168721199,0.017978275194764137,0.7699999809265137,0.7699999809265137
1603,6,4781,supports_refusal,0.0070128059014678,0.0070128059014678,0.007197742350399494,0.006263009738177061,0.949999988079071,0.949999988079071
1604,15,4183,supports_refusal,0.007011260837316513,0.007011260837316513,0.007107086014002562,0.0052401539869606495,0.9599999785423279,0.9599999785423279
1605,14,3942,suppresses_refusal,-0.007006836123764515,0.007006836123764515,0.009289550594985485,0.01293304841965437,0.029999999329447746,0.9700000286102295
1606,25,8469,supports_refusal,0.007006683386862278,0.007006683386862278,0.007009277120232582,0.004243332892656326,0.9900000095367432,0.9900000095367432
1607,16,10929,supports_refusal,0.007003479171544313,0.007003479171544313,0.0070166015066206455,0.0038562880363315344,0.9900000095367432,0.9900000095367432
1608,29,5472,suppresses_refusal,-0.006995467934757471,0.006995467934757471,0.007103347685188055,0.0038354003336280584,0.03999999910593033,0.9599999785423279
1609,29,2647,suppresses_refusal,-0.006993222050368786,0.006993222050368786,0.007059445604681969,0.0049292598851025105,0.029999999329447746,0.9700000286102295
1610,21,5691,suppresses_refusal,-0.006992836017161608,0.006992836017161608,0.007124671712517738,0.004296066705137491,0.019999999552965164,0.9800000190734863
1611,14,8369,suppresses_refusal,-0.006991444621235132,0.006991444621235132,0.008071345277130604,0.010784213431179523,0.2199999988079071,0.7799999713897705
1612,26,9267,suppresses_refusal,-0.006985473446547985,0.006985473446547985,0.007078247144818306,0.003588286228477955,0.019999999552965164,0.9800000190734863
1613,17,6682,supports_refusal,0.006985287647694349,0.006985287647694349,0.007027201820164919,0.005757506471127272,0.9599999785423279,0.9599999785423279
1614,30,12353,supports_refusal,0.0069842529483139515,0.0069842529483139515,0.0069842529483139515,0.0032680241856724024,1.0,1.0
1615,31,3353,supports_refusal,0.006979980506002903,0.006979980506002903,0.007021789439022541,0.003636876819655299,0.9900000095367432,0.9900000095367432
1616,24,6024,supports_refusal,0.0069793700240552425,0.0069793700240552425,0.0069793700240552425,0.003278069430962205,1.0,1.0
1617,3,1505,suppresses_refusal,-0.006961412262171507,0.006961412262171507,0.00697155948728323,0.005564496852457523,0.019999999552965164,0.9800000190734863
1618,9,4741,suppresses_refusal,-0.006959253456443548,0.006959253456443548,0.007368387188762426,0.006287946831434965,0.11999999731779099,0.8799999952316284
1619,13,4949,suppresses_refusal,-0.006958816200494766,0.006958816200494766,0.007038128562271595,0.009653090499341488,0.03999999910593033,0.9599999785423279
1620,29,6732,suppresses_refusal,-0.006957092322409153,0.006957092322409153,0.006957092322409153,0.00154641002882272,0.0,1.0
1621,18,1321,suppresses_refusal,-0.006955051328986883,0.006955051328986883,0.006971797905862331,0.003978675231337547,0.019999999552965164,0.9800000190734863
1622,11,10303,supports_refusal,0.006948594935238361,0.006948594935238361,0.008452005684375763,0.009727323427796364,0.8399999737739563,0.8399999737739563
1623,22,2240,suppresses_refusal,-0.0069480896927416325,0.0069480896927416325,0.0069480896927416325,0.003227514447644353,0.0,1.0
1624,14,11463,supports_refusal,0.0069459532387554646,0.0069459532387554646,0.007055473513901234,0.00509454682469368,0.9700000286102295,0.9700000286102295
1625,1,7050,supports_refusal,0.0069440267980098724,0.0069440267980098724,0.007230110000818968,0.010868104174733162,0.9200000166893005,0.9200000166893005
1626,29,12644,suppresses_refusal,-0.006942853797227144,0.006942853797227144,0.006988420616835356,0.004526866599917412,0.029999999329447746,0.9700000286102295
1627,30,4391,supports_refusal,0.006941871717572212,0.006941871717572212,0.007081374991685152,0.005746255163103342,0.949999988079071,0.949999988079071
1628,10,9768,supports_refusal,0.0069395615719258785,0.0069395615719258785,0.007433678954839706,0.008008613251149654,0.8600000143051147,0.8600000143051147
1629,31,10566,suppresses_refusal,-0.006938171572983265,0.006938171572983265,0.006938171572983265,0.0033490073401480913,0.0,1.0
1630,31,7590,suppresses_refusal,-0.006935128942131996,0.006935128942131996,0.006945657543838024,0.0024641952477395535,0.009999999776482582,0.9900000095367432
1631,5,9255,supports_refusal,0.006934089586138725,0.006934089586138725,0.007320137228816748,0.013205517083406448,0.8799999952316284,0.8799999952316284
1632,17,11375,supports_refusal,0.00693309772759676,0.00693309772759676,0.007728080730885267,0.007937156595289707,0.8600000143051147,0.8600000143051147
1633,31,2354,supports_refusal,0.006928110029548407,0.006928110029548407,0.0070298099890351295,0.009153204038739204,0.8999999761581421,0.8999999761581421
1634,28,8523,supports_refusal,0.0069194030947983265,0.0069194030947983265,0.0069194030947983265,0.0021624222863465548,1.0,1.0
1635,24,9162,supports_refusal,0.006913146935403347,0.006913146935403347,0.006913146935403347,0.0030432557687163353,1.0,1.0
1636,12,11841,suppresses_refusal,-0.0069109294563531876,0.0069109294563531876,0.0076187895610928535,0.008950943127274513,0.17000000178813934,0.8299999833106995
1637,29,2110,suppresses_refusal,-0.006909828167408705,0.006909828167408705,0.009148750454187393,0.007733290549367666,0.10999999940395355,0.8899999856948853
1638,30,1561,supports_refusal,0.006904134526848793,0.006904134526848793,0.007249155081808567,0.005481665022671223,0.8799999952316284,0.8799999952316284
1639,25,9392,supports_refusal,0.006902771070599556,0.006902771070599556,0.00802764855325222,0.006729898042976856,0.8700000047683716,0.8700000047683716
1640,21,3883,supports_refusal,0.006899986416101456,0.006899986416101456,0.00748508470132947,0.005423628259450197,0.8799999952316284,0.8799999952316284
1641,12,5277,suppresses_refusal,-0.006897106301039457,0.006897106301039457,0.007026119157671928,0.005487878806889057,0.03999999910593033,0.9599999785423279
1642,30,1563,suppresses_refusal,-0.006895294412970543,0.006895294412970543,0.006895294412970543,0.0023675730917602777,0.0,1.0
1643,24,2777,supports_refusal,0.006889662705361843,0.006889662705361843,0.010586562566459179,0.0138510437682271,0.6399999856948853,0.6399999856948853
1644,18,7148,supports_refusal,0.006888432428240776,0.006888432428240776,0.007118153385818005,0.007015451788902283,0.8799999952316284,0.8799999952316284
1645,30,5896,suppresses_refusal,-0.006886394694447517,0.006886394694447517,0.006900188513100147,0.00524033373221755,0.05000000074505806,0.949999988079071
1646,31,7037,suppresses_refusal,-0.006885681301355362,0.006885681301355362,0.006889724638313055,0.003524339757859707,0.009999999776482582,0.9900000095367432
1647,30,7221,suppresses_refusal,-0.006884651258587837,0.006884651258587837,0.008973121643066406,0.00907656829804182,0.20999999344348907,0.7900000214576721
1648,13,11829,supports_refusal,0.006876945495605469,0.006876945495605469,0.006897849962115288,0.00596409197896719,0.9900000095367432,0.9900000095367432
1649,18,755,supports_refusal,0.006874351296573877,0.006874351296573877,0.006874351296573877,0.005155798979103565,1.0,1.0
1650,19,8664,suppresses_refusal,-0.006872310768812895,0.006872310768812895,0.007947311736643314,0.007608694490045309,0.17000000178813934,0.8299999833106995
1651,13,10516,suppresses_refusal,-0.006863804068416357,0.006863804068416357,0.0068810079246759415,0.0054227439686656,0.029999999329447746,0.9700000286102295
1652,0,5691,supports_refusal,0.00685505848377943,0.00685505848377943,0.00869437213987112,0.014219248667359352,0.7799999713897705,0.7799999713897705
1653,10,3566,suppresses_refusal,-0.006842917297035456,0.006842917297035456,0.007192858494818211,0.012860093265771866,0.12999999523162842,0.8700000047683716
1654,26,529,suppresses_refusal,-0.0068392944522202015,0.0068392944522202015,0.0070372773334383965,0.005299343261867762,0.10000000149011612,0.8999999761581421
1655,30,8881,suppresses_refusal,-0.006837406195700169,0.006837406195700169,0.006957149598747492,0.007603402715176344,0.07999999821186066,0.9200000166893005
1656,31,9739,suppresses_refusal,-0.0068365479819476604,0.0068365479819476604,0.007182312197983265,0.004505012184381485,0.03999999910593033,0.9599999785423279
1657,25,1530,suppresses_refusal,-0.0068349456414580345,0.0068349456414580345,0.0068349456414580345,0.0030088957864791155,0.0,1.0
1658,8,4839,supports_refusal,0.006830119993537664,0.006830119993537664,0.007550067733973265,0.007252891547977924,0.8899999856948853,0.8899999856948853
1659,7,5513,supports_refusal,0.0068267821334302425,0.0068267821334302425,0.0073804473504424095,0.006306806579232216,0.9599999785423279,0.9599999785423279
1660,22,5957,suppresses_refusal,-0.006821804214268923,0.006821804214268923,0.009450817480683327,0.010751297697424889,0.25999999046325684,0.7400000095367432
1661,19,7751,suppresses_refusal,-0.006814408116042614,0.006814408116042614,0.007218441925942898,0.007205645088106394,0.2199999988079071,0.7799999713897705
1662,3,4856,supports_refusal,0.006813163869082928,0.006813163869082928,0.006939849816262722,0.005520503968000412,0.9599999785423279,0.9599999785423279
1663,30,13245,suppresses_refusal,-0.00680945161730051,0.00680945161730051,0.007026927545666695,0.004328892566263676,0.05000000074505806,0.949999988079071
1664,30,329,supports_refusal,0.006807653699070215,0.006807653699070215,0.006808831822127104,0.002694192575290799,0.9900000095367432,0.9900000095367432
1665,26,2589,suppresses_refusal,-0.006807022262364626,0.006807022262364626,0.011230850592255592,0.013127685524523258,0.36000001430511475,0.6399999856948853
1666,16,1666,supports_refusal,0.006804261356592178,0.006804261356592178,0.006824812851846218,0.005622363183647394,0.9599999785423279,0.9599999785423279
1667,26,3470,supports_refusal,0.006790819112211466,0.006790819112211466,0.00871029868721962,0.008466684259474277,0.8199999928474426,0.8199999928474426
1668,2,272,supports_refusal,0.006787643302232027,0.006787643302232027,0.007188567891716957,0.005647115409374237,0.8999999761581421,0.8999999761581421
1669,20,4493,suppresses_refusal,-0.006786918733268976,0.006786918733268976,0.007146797142922878,0.006130091845989227,0.10000000149011612,0.8999999761581421
1670,27,6153,supports_refusal,0.0067807771265506744,0.0067807771265506744,0.007219009567052126,0.003951824735850096,0.9700000286102295,0.9700000286102295
1671,8,3229,supports_refusal,0.006778869777917862,0.006778869777917862,0.006870803888887167,0.0062100389041006565,0.9700000286102295,0.9700000286102295
1672,14,13490,suppresses_refusal,-0.006778030190616846,0.006778030190616846,0.007016486953943968,0.004799639340490103,0.03999999910593033,0.9599999785423279
1673,28,13882,suppresses_refusal,-0.006774101406335831,0.006774101406335831,0.006774101406335831,0.00429871492087841,0.0,1.0
1674,30,8631,suppresses_refusal,-0.006768083665519953,0.006768083665519953,0.008050871081650257,0.006033904850482941,0.12999999523162842,0.8700000047683716
1675,5,6311,supports_refusal,0.006767654325813055,0.006767654325813055,0.007360267452895641,0.010288611054420471,0.8399999737739563,0.8399999737739563
1676,28,10157,suppresses_refusal,-0.006766967941075563,0.006766967941075563,0.006892395205795765,0.004438271280378103,0.03999999910593033,0.9599999785423279
1677,14,8052,supports_refusal,0.0067630005069077015,0.0067630005069077015,0.007111892569810152,0.0052056522108614445,0.9399999976158142,0.9399999976158142
1678,15,1016,suppresses_refusal,-0.0067630005069077015,0.0067630005069077015,0.008617248386144638,0.008653857745230198,0.14000000059604645,0.8600000143051147
1679,13,6185,supports_refusal,0.0067459107376635075,0.0067459107376635075,0.006989669986069202,0.00631863484159112,0.9700000286102295,0.9700000286102295
1680,16,12916,supports_refusal,0.006742582190781832,0.006742582190781832,0.007352857384830713,0.009190239012241364,0.8199999928474426,0.8199999928474426
1681,10,2140,supports_refusal,0.006739215925335884,0.006739215925335884,0.0068413736298680305,0.0052392915822565556,0.9399999976158142,0.9399999976158142
1682,31,6266,supports_refusal,0.006737098563462496,0.006737098563462496,0.007319755386561155,0.0064550284296274185,0.9300000071525574,0.9300000071525574
1683,21,5297,supports_refusal,0.006736135575920343,0.006736135575920343,0.0070092868991196156,0.005629647523164749,0.9200000166893005,0.9200000166893005
1684,22,12959,suppresses_refusal,-0.006730065215379,0.006730065215379,0.006948266178369522,0.005074149928987026,0.05999999865889549,0.9399999976158142
1685,27,8122,suppresses_refusal,-0.006729278713464737,0.006729278713464737,0.006729278713464737,0.0033915413077920675,0.0,1.0
1686,27,13251,supports_refusal,0.006724624428898096,0.006724624428898096,0.006724624428898096,0.004401099868118763,1.0,1.0
1687,30,434,suppresses_refusal,-0.006715698167681694,0.006715698167681694,0.006715698167681694,0.001852628542110324,0.0,1.0
1688,26,8914,suppresses_refusal,-0.006715669762343168,0.006715669762343168,0.007151599042117596,0.007966490462422371,0.07999999821186066,0.9200000166893005
1689,17,1380,suppresses_refusal,-0.006715431343764067,0.006715431343764067,0.007053622975945473,0.0058574494905769825,0.10000000149011612,0.8999999761581421
1690,31,7411,suppresses_refusal,-0.006710033398121595,0.006710033398121595,0.006807995028793812,0.00461724866181612,0.05000000074505806,0.949999988079071
1691,4,11573,suppresses_refusal,-0.006707458291202784,0.006707458291202784,0.006852111779153347,0.005491706542670727,0.019999999552965164,0.9800000190734863
1692,3,7058,suppresses_refusal,-0.006704854778945446,0.006704854778945446,0.007722692564129829,0.008709738031029701,0.07000000029802322,0.9300000071525574
1693,12,12846,suppresses_refusal,-0.006704578176140785,0.006704578176140785,0.006828823126852512,0.006848281715065241,0.09000000357627869,0.9099999666213989
1694,21,14245,suppresses_refusal,-0.006703624501824379,0.006703624501824379,0.00683530792593956,0.004210954997688532,0.05000000074505806,0.949999988079071
1695,31,12633,suppresses_refusal,-0.006703185848891735,0.006703185848891735,0.006841735914349556,0.0038696241099387407,0.05999999865889549,0.9399999976158142
1696,16,6893,supports_refusal,0.0066967010498046875,0.0066967010498046875,0.0067205047234892845,0.003763336455449462,0.9900000095367432,0.9900000095367432
1697,30,11535,suppresses_refusal,-0.0066928863525390625,0.0066928863525390625,0.0077533721923828125,0.006886966992169619,0.1899999976158142,0.8100000023841858
1698,31,12944,suppresses_refusal,-0.0066899871453642845,0.0066899871453642845,0.0066899871453642845,0.003124136244878173,0.0,1.0
1699,29,1016,suppresses_refusal,-0.006685486063361168,0.006685486063361168,0.006685486063361168,0.0022258958779275417,0.0,1.0
1700,21,9896,suppresses_refusal,-0.0066847228445112705,0.0066847228445112705,0.0066847228445112705,0.0026784101501107216,0.0,1.0
1701,19,6673,suppresses_refusal,-0.006683385465294123,0.006683385465294123,0.007424542680382729,0.013445139862596989,0.3700000047683716,0.6299999952316284
1702,28,956,suppresses_refusal,-0.006680259481072426,0.006680259481072426,0.006680259481072426,0.0030744322575628757,0.0,1.0
1703,30,7172,suppresses_refusal,-0.0066801453940570354,0.0066801453940570354,0.0066801453940570354,0.00169728125911206,0.0,1.0
1704,18,3134,suppresses_refusal,-0.0066791437566280365,0.0066791437566280365,0.007886189967393875,0.00709160091355443,0.10999999940395355,0.8899999856948853
1705,26,288,supports_refusal,0.006678848061710596,0.006678848061710596,0.006678848061710596,0.003376604989171028,1.0,1.0
1706,5,6852,supports_refusal,0.006678725592792034,0.006678725592792034,0.0069442857056856155,0.009935599751770496,0.8999999761581421,0.8999999761581421
1707,28,3170,suppresses_refusal,-0.006678428500890732,0.006678428500890732,0.006690025329589844,0.003326288890093565,0.009999999776482582,0.9900000095367432
1708,5,13538,supports_refusal,0.0066747949458658695,0.0066747949458658695,0.0073480322025716305,0.00938217993825674,0.8799999952316284,0.8799999952316284
1709,8,583,suppresses_refusal,-0.006674251519143581,0.006674251519143581,0.006888847332447767,0.005938082933425903,0.09000000357627869,0.9099999666213989
1710,30,4069,suppresses_refusal,-0.006671390496194363,0.006671390496194363,0.009652805514633656,0.010237578302621841,0.27000001072883606,0.7300000190734863
1711,30,3364,supports_refusal,0.006671218667179346,0.006671218667179346,0.007893447764217854,0.00796415377408266,0.8199999928474426,0.8199999928474426
1712,31,4648,suppresses_refusal,-0.006664276123046875,0.006664276123046875,0.006664276123046875,0.0027436374220997095,0.0,1.0
1713,22,12794,suppresses_refusal,-0.006662305444478989,0.006662305444478989,0.008552552200853825,0.014983484521508217,0.2199999988079071,0.7799999713897705
1714,11,651,supports_refusal,0.006654377095401287,0.006654377095401287,0.007241535000503063,0.0068242489360272884,0.8399999737739563,0.8399999737739563
1715,29,12248,suppresses_refusal,-0.0066514587961137295,0.0066514587961137295,0.007398681715130806,0.006054843310266733,0.09000000357627869,0.9099999666213989
1716,31,787,suppresses_refusal,-0.006644401699304581,0.006644401699304581,0.006936302408576012,0.004218969494104385,0.05999999865889549,0.9399999976158142
1717,26,4079,suppresses_refusal,-0.006640634499490261,0.006640634499490261,0.006897172890603542,0.005505799315869808,0.07999999821186066,0.9200000166893005
1718,18,5076,suppresses_refusal,-0.00663990993052721,0.00663990993052721,0.006942052859812975,0.0067179882898926735,0.07000000029802322,0.9300000071525574
1719,13,7252,supports_refusal,0.006637344136834145,0.006637344136834145,0.0066393278539180756,0.003817975288257003,0.9900000095367432,0.9900000095367432
1720,30,2806,supports_refusal,0.006634445395320654,0.006634445395320654,0.010459518060088158,0.011786443181335926,0.699999988079071,0.699999988079071
1721,12,7100,suppresses_refusal,-0.006633815821260214,0.006633815821260214,0.0067427633330225945,0.005100662354379892,0.019999999552965164,0.9800000190734863
1722,30,7398,supports_refusal,0.006632995791733265,0.006632995791733265,0.006632995791733265,0.0026478853542357683,1.0,1.0
1723,12,7528,suppresses_refusal,-0.00662839412689209,0.00662839412689209,0.007079262752085924,0.005125627387315035,0.07999999821186066,0.9200000166893005
1724,9,1542,suppresses_refusal,-0.006619319785386324,0.006619319785386324,0.010444431565701962,0.013001503422856331,0.33000001311302185,0.6699999570846558
1725,7,13033,supports_refusal,0.006612109951674938,0.006612109951674938,0.007293415255844593,0.005500004161149263,0.9399999976158142,0.9399999976158142
1726,9,5727,suppresses_refusal,-0.006599540822207928,0.006599540822207928,0.006839027628302574,0.006843948736786842,0.05999999865889549,0.9399999976158142
1727,11,12750,supports_refusal,0.006595878396183252,0.006595878396183252,0.006595878396183252,0.0073327189311385155,1.0,1.0
1728,29,4907,suppresses_refusal,-0.006593274883925915,0.006593274883925915,0.006623220629990101,0.005262990947812796,0.05000000074505806,0.949999988079071
1729,30,10073,suppresses_refusal,-0.006588325370103121,0.006588325370103121,0.006698799319565296,0.00344669702462852,0.019999999552965164,0.9800000190734863
1730,29,6603,supports_refusal,0.006587409880012274,0.006587409880012274,0.006602287292480469,0.0024219409096986055,0.9900000095367432,0.9900000095367432
1731,17,8935,suppresses_refusal,-0.006585635710507631,0.006585635710507631,0.007720946799963713,0.014998302794992924,0.3700000047683716,0.6299999952316284
1732,23,8811,suppresses_refusal,-0.0065855407156050205,0.0065855407156050205,0.0065855407156050205,0.003748335177078843,0.0,1.0
1733,28,577,suppresses_refusal,-0.0065813446417450905,0.0065813446417450905,0.0066431425511837006,0.005929873790591955,0.03999999910593033,0.9599999785423279
1734,25,12930,suppresses_refusal,-0.006579151377081871,0.006579151377081871,0.006724719889461994,0.005865325219929218,0.03999999910593033,0.9599999785423279
1735,11,1070,supports_refusal,0.006578025873750448,0.006578025873750448,0.006668949034065008,0.005550749599933624,0.9700000286102295,0.9700000286102295
1736,31,12159,supports_refusal,0.00657716765999794,0.00657716765999794,0.006613788660615683,0.002853998914361,0.9800000190734863,0.9800000190734863
1737,30,9787,supports_refusal,0.0065751648508012295,0.0065751648508012295,0.006609649863094091,0.0013750955695286393,0.9900000095367432,0.9900000095367432
1738,22,8042,supports_refusal,0.006573600694537163,0.006573600694537163,0.006849613040685654,0.007157966028898954,0.8600000143051147,0.8600000143051147
1739,9,766,suppresses_refusal,-0.006571903359144926,0.006571903359144926,0.006927166134119034,0.006792004220187664,0.07999999821186066,0.9200000166893005
1740,4,4909,suppresses_refusal,-0.006571502890437841,0.006571502890437841,0.007720069959759712,0.008039799518883228,0.14000000059604645,0.8600000143051147
1741,8,4243,supports_refusal,0.006570939905941486,0.006570939905941486,0.007621297612786293,0.010828359052538872,0.8199999928474426,0.8199999928474426
1742,25,4370,suppresses_refusal,-0.006566505413502455,0.006566505413502455,0.007650928571820259,0.00856270082294941,0.17000000178813934,0.8299999833106995
1743,13,8807,suppresses_refusal,-0.0065649221651256084,0.0065649221651256084,0.0073381997644901276,0.009679197333753109,0.17000000178813934,0.8299999833106995
1744,30,5552,supports_refusal,0.006563797127455473,0.006563797127455473,0.0066681671887636185,0.0037035616114735603,0.9900000095367432,0.9900000095367432
1745,8,12771,suppresses_refusal,-0.006561818066984415,0.006561818066984415,0.00831458531320095,0.01155801024287939,0.25,0.75
1746,28,6075,supports_refusal,0.006557273678481579,0.006557273678481579,0.006764564663171768,0.005120820365846157,0.9599999785423279,0.9599999785423279
1747,17,9787,suppresses_refusal,-0.0065511129796504974,0.0065511129796504974,0.006711025256663561,0.006514307111501694,0.07999999821186066,0.9200000166893005
1748,31,1370,supports_refusal,0.006550502963364124,0.006550502963364124,0.006626033689826727,0.0034740741830319166,0.9800000190734863,0.9800000190734863
1749,18,10686,supports_refusal,0.006549415644258261,0.006549415644258261,0.0065592192113399506,0.005207989364862442,0.9700000286102295,0.9700000286102295
1750,3,1540,suppresses_refusal,-0.0065490915440022945,0.0065490915440022945,0.007297656498849392,0.05002288892865181,0.6299999952316284,0.6299999952316284
1751,31,1488,supports_refusal,0.006548576522618532,0.006548576522618532,0.006682930048555136,0.002516302280128002,0.9700000286102295,0.9700000286102295
1752,27,12673,supports_refusal,0.006543274037539959,0.006543274037539959,0.006543274037539959,0.002321000210940838,1.0,1.0
1753,6,5102,suppresses_refusal,-0.0065428162924945354,0.0065428162924945354,0.007969741709530354,0.010689499787986279,0.18000000715255737,0.8199999928474426
1754,28,1580,supports_refusal,0.006541137583553791,0.006541137583553791,0.006541137583553791,0.002158557064831257,1.0,1.0
1755,31,13491,suppresses_refusal,-0.006531562656164169,0.006531562656164169,0.006546287331730127,0.002755694091320038,0.019999999552965164,0.9800000190734863
1756,29,11749,suppresses_refusal,-0.006530852522701025,0.006530852522701025,0.006997036747634411,0.007298971526324749,0.18000000715255737,0.8199999928474426
1757,12,9929,suppresses_refusal,-0.0065299272537231445,0.0065299272537231445,0.006567921489477158,0.005636913701891899,0.009999999776482582,0.9900000095367432
1758,31,10462,suppresses_refusal,-0.006529464852064848,0.006529464852064848,0.006529464852064848,0.0033762489911168814,0.0,1.0
1759,3,466,supports_refusal,0.006526298355311155,0.006526298355311155,0.00779070844873786,0.007301000878214836,0.8799999952316284,0.8799999952316284
1760,2,11298,suppresses_refusal,-0.006524884607642889,0.006524884607642889,0.009490535594522953,0.014154105447232723,0.30000001192092896,0.699999988079071
1761,9,8592,suppresses_refusal,-0.006521987728774548,0.006521987728774548,0.006576156709343195,0.004810196813195944,0.019999999552965164,0.9800000190734863
1762,22,9287,supports_refusal,0.006519852671772242,0.006519852671772242,0.006776760797947645,0.006056958809494972,0.9300000071525574,0.9300000071525574
1763,4,3166,suppresses_refusal,-0.006517363246530294,0.006517363246530294,0.007274155039340258,0.051716648042201996,0.6899999976158142,0.6899999976158142
1764,8,3410,supports_refusal,0.006516628433018923,0.006516628433018923,0.00815082062035799,0.01602824218571186,0.6600000262260437,0.6600000262260437
1765,30,11278,supports_refusal,0.006508026272058487,0.006508026272058487,0.006508026272058487,0.0020881600212305784,1.0,1.0
1766,29,13372,supports_refusal,0.00650428794324398,0.00650428794324398,0.006646652240306139,0.004246971104294062,0.9700000286102295,0.9700000286102295
1767,30,1911,suppresses_refusal,-0.006503371987491846,0.006503371987491846,0.006576843094080687,0.0042405929416418076,0.029999999329447746,0.9700000286102295
1768,31,3195,suppresses_refusal,-0.0064979554153978825,0.0064979554153978825,0.0068373107351362705,0.004997227340936661,0.12999999523162842,0.8700000047683716
1769,2,8230,suppresses_refusal,-0.006495018023997545,0.006495018023997545,0.007708625867962837,0.008852982893586159,0.1599999964237213,0.8400000333786011
1770,19,6798,supports_refusal,0.006492309737950563,0.006492309737950563,0.0066656493581831455,0.004255042877048254,0.9700000286102295,0.9700000286102295
1771,18,12464,suppresses_refusal,-0.006491198670119047,0.006491198670119047,0.007320132106542587,0.006746190600097179,0.11999999731779099,0.8799999952316284
1772,29,1351,supports_refusal,0.006490096915513277,0.006490096915513277,0.006494827102869749,0.002629221649840474,0.9800000190734863,0.9800000190734863
1773,0,5668,supports_refusal,0.006489353254437447,0.006489353254437447,0.007720050867646933,0.01121405977755785,0.8600000143051147,0.8600000143051147
1774,30,13989,supports_refusal,0.006487464997917414,0.006487464997917414,0.006996116600930691,0.003971710801124573,0.9200000166893005,0.9200000166893005
1775,27,5679,supports_refusal,0.006486930884420872,0.006486930884420872,0.008724327199161053,0.007214835379272699,0.8600000143051147,0.8600000143051147
1776,2,12688,suppresses_refusal,-0.006481227930635214,0.006481227930635214,0.00650022504851222,0.004852384328842163,0.009999999776482582,0.9900000095367432
1777,31,6417,supports_refusal,0.006477660965174437,0.006477660965174437,0.006477660965174437,0.0033062039874494076,1.0,1.0
1778,14,5146,supports_refusal,0.006472434848546982,0.006472434848546982,0.006946754641830921,0.005388743709772825,0.949999988079071,0.949999988079071
1779,13,7187,suppresses_refusal,-0.006466884631663561,0.006466884631663561,0.006969928741455078,0.005114810541272163,0.10999999940395355,0.8899999856948853
1780,11,5264,suppresses_refusal,-0.006464595906436443,0.006464595906436443,0.006497936323285103,0.005082173738628626,0.019999999552965164,0.9800000190734863
1781,31,11914,supports_refusal,0.00646209716796875,0.00646209716796875,0.0065377806313335896,0.003651128616183996,0.9900000095367432,0.9900000095367432
1782,28,12562,suppresses_refusal,-0.006458625663071871,0.006458625663071871,0.006875648628920317,0.004779057577252388,0.07999999821186066,0.9200000166893005
1783,30,5384,suppresses_refusal,-0.006458167918026447,0.006458167918026447,0.006458167918026447,0.004039577208459377,0.0,1.0
1784,12,7176,suppresses_refusal,-0.006457424256950617,0.006457424256950617,0.006457424256950617,0.004195902496576309,0.0,1.0
1785,30,8049,supports_refusal,0.00645381910726428,0.00645381910726428,0.00689914682880044,0.00487945880740881,0.9300000071525574,0.9300000071525574
1786,27,3586,suppresses_refusal,-0.0064485929906368256,0.0064485929906368256,0.0064485929906368256,0.0025734559167176485,0.0,1.0
1787,11,5637,suppresses_refusal,-0.006445655599236488,0.006445655599236488,0.006792488042265177,0.006517068482935429,0.05000000074505806,0.949999988079071
1788,3,11588,supports_refusal,0.0064422800205647945,0.0064422800205647945,0.006462307181209326,0.004834035411477089,0.9800000190734863,0.9800000190734863
1789,9,7123,suppresses_refusal,-0.006441039964556694,0.006441039964556694,0.006873703096061945,0.0061937784776091576,0.07000000029802322,0.9300000071525574
1790,30,10476,supports_refusal,0.0064409635961055756,0.0064409635961055756,0.006718826480209827,0.004689011722803116,0.8999999761581421,0.8999999761581421
1791,25,1907,suppresses_refusal,-0.0064385985024273396,0.0064385985024273396,0.0064385985024273396,0.002996272873133421,0.0,1.0
1792,30,5229,suppresses_refusal,-0.006437225267291069,0.006437225267291069,0.00646133441478014,0.0031653642654418945,0.009999999776482582,0.9900000095367432
1793,15,5480,supports_refusal,0.0064336396753787994,0.0064336396753787994,0.0064336396753787994,0.0048590898513793945,1.0,1.0
1794,29,9632,suppresses_refusal,-0.006431960966438055,0.006431960966438055,0.006565246731042862,0.004321323707699776,0.03999999910593033,0.9599999785423279
1795,28,12279,supports_refusal,0.0064309691078960896,0.0064309691078960896,0.0064309691078960896,0.0020007635466754436,1.0,1.0
1796,29,12504,supports_refusal,0.00642363540828228,0.00642363540828228,0.006453809794038534,0.00535448407754302,0.9599999785423279,0.9599999785423279
1797,4,11560,suppresses_refusal,-0.006422729697078466,0.006422729697078466,0.0065417480655014515,0.004541114903986454,0.019999999552965164,0.9800000190734863
1798,27,3918,suppresses_refusal,-0.006416587624698877,0.006416587624698877,0.007092628628015518,0.006247888319194317,0.10999999940395355,0.8899999856948853
1799,14,2248,supports_refusal,0.0064085484482347965,0.0064085484482347965,0.00698679918423295,0.005930809304118156,0.9399999976158142,0.9399999976158142
1800,10,3197,suppresses_refusal,-0.006407117936760187,0.006407117936760187,0.0068952846340835094,0.006637842860072851,0.09000000357627869,0.9099999666213989
1801,29,13231,supports_refusal,0.0064057158306241035,0.0064057158306241035,0.00997718796133995,0.00982379075139761,0.8999999761581421,0.8999999761581421
1802,18,8413,suppresses_refusal,-0.0064052389934659,0.0064052389934659,0.006508197635412216,0.004717328120023012,0.07000000029802322,0.9300000071525574
1803,4,12638,supports_refusal,0.006404781248420477,0.006404781248420477,0.006417484488338232,0.004964570514857769,0.9800000190734863,0.9800000190734863
1804,21,9554,suppresses_refusal,-0.006404189858585596,0.006404189858585596,0.006530227605253458,0.003856839844956994,0.029999999329447746,0.9700000286102295
1805,24,11106,supports_refusal,0.006403534207493067,0.006403534207493067,0.006511981599032879,0.006959543097764254,0.8899999856948853,0.8899999856948853
1806,13,2585,suppresses_refusal,-0.006403408013284206,0.006403408013284206,0.006467151455581188,0.00479884585365653,0.07000000029802322,0.9300000071525574
1807,7,8571,supports_refusal,0.006396293640136719,0.006396293640136719,0.006954498123377562,0.007716063410043716,0.8799999952316284,0.8799999952316284
1808,28,287,supports_refusal,0.006394443567842245,0.006394443567842245,0.007050495129078627,0.005013034678995609,0.8700000047683716,0.8700000047683716
1809,12,14274,suppresses_refusal,-0.0063933562487363815,0.0063933562487363815,0.0064031220972537994,0.003678194247186184,0.009999999776482582,0.9900000095367432
1810,15,4975,suppresses_refusal,-0.006392326205968857,0.006392326205968857,0.007445754949003458,0.005470576696097851,0.10999999940395355,0.8899999856948853
1811,30,11910,supports_refusal,0.006389961112290621,0.006389961112290621,0.006699409335851669,0.004236903507262468,0.949999988079071,0.949999988079071
1812,31,12914,supports_refusal,0.006382904015481472,0.006382904015481472,0.006401977501809597,0.0032942714169621468,0.9800000190734863,0.9800000190734863
1813,27,4752,suppresses_refusal,-0.0063806152902543545,0.0063806152902543545,0.007799835409969091,0.007938249036669731,0.23999999463558197,0.7599999904632568
1814,25,8307,suppresses_refusal,-0.006380291189998388,0.006380291189998388,0.006394786760210991,0.005717715714126825,0.019999999552965164,0.9800000190734863
1815,10,9064,supports_refusal,0.006379404105246067,0.006379404105246067,0.0159577839076519,0.03417485952377319,0.6399999856948853,0.6399999856948853
1816,22,5547,supports_refusal,0.00637080566957593,0.00637080566957593,0.008048073388636112,0.025411851704120636,0.46000000834465027,0.5399999618530273
1817,30,9296,suppresses_refusal,-0.00636991485953331,0.00636991485953331,0.007916279137134552,0.007325781509280205,0.12999999523162842,0.8700000047683716
1818,19,12007,supports_refusal,0.0063687898218631744,0.0063687898218631744,0.006847381591796875,0.004776300396770239,0.8999999761581421,0.8999999761581421
1819,29,10203,suppresses_refusal,-0.006365709472447634,0.006365709472447634,0.006407213397324085,0.002866678172722459,0.019999999552965164,0.9800000190734863
1820,31,327,supports_refusal,0.0063604735769331455,0.0063604735769331455,0.007445144467055798,0.010270815342664719,0.75,0.75
1821,27,9092,suppresses_refusal,-0.006353187374770641,0.006353187374770641,0.006412849295884371,0.002985898870974779,0.019999999552965164,0.9800000190734863
1822,16,3813,supports_refusal,0.006346855312585831,0.006346855312585831,0.007171897683292627,0.005936638452112675,0.8999999761581421,0.8999999761581421
1823,5,12531,suppresses_refusal,-0.0063447668217122555,0.0063447668217122555,0.008040208369493484,0.008512391708791256,0.1599999964237213,0.8400000333786011
1824,12,3601,supports_refusal,0.006344718858599663,0.006344718858599663,0.006723442114889622,0.005950590595602989,0.9399999976158142,0.9399999976158142
1825,28,12606,suppresses_refusal,-0.00634143827483058,0.00634143827483058,0.006498527713119984,0.0031812540255486965,0.029999999329447746,0.9700000286102295
1826,30,5244,suppresses_refusal,-0.006339492741972208,0.006339492741972208,0.006339492741972208,0.0049232859164476395,0.0,1.0
1827,13,9506,suppresses_refusal,-0.006337327882647514,0.006337327882647514,0.006712885107845068,0.006994148716330528,0.1599999964237213,0.8400000333786011
1828,15,4933,supports_refusal,0.006336727179586887,0.006336727179586887,0.00635869987308979,0.00413391413167119,0.9800000190734863,0.9800000190734863
1829,5,6400,suppresses_refusal,-0.006335105746984482,0.006335105746984482,0.00644405372440815,0.0060655102133750916,0.029999999329447746,0.9700000286102295
1830,6,9966,supports_refusal,0.0063339234329760075,0.0063339234329760075,0.006509551778435707,0.005018364638090134,0.949999988079071,0.949999988079071
1831,29,11187,supports_refusal,0.00633378978818655,0.00633378978818655,0.006355151999741793,0.0032902208622545004,0.9900000095367432,0.9900000095367432
1832,14,7541,suppresses_refusal,-0.006333069875836372,0.006333069875836372,0.006464905571192503,0.004622930660843849,0.03999999910593033,0.9599999785423279
1833,31,6105,suppresses_refusal,-0.006332817021757364,0.006332817021757364,0.007148018106818199,0.005339867901057005,0.10000000149011612,0.8999999761581421
1834,30,3775,suppresses_refusal,-0.006331481970846653,0.006331481970846653,0.006331481970846653,0.001480951439589262,0.0,1.0
1835,28,11641,supports_refusal,0.006329269614070654,0.006329269614070654,0.006343154702335596,0.004187671933323145,0.9800000190734863,0.9800000190734863
1836,14,12523,suppresses_refusal,-0.006327450275421143,0.006327450275421143,0.006825287360697985,0.014857356436550617,0.25,0.75
1837,28,5955,supports_refusal,0.00632694223895669,0.00632694223895669,0.006452674977481365,0.0026355155277997255,0.9900000095367432,0.9900000095367432
1838,19,2128,supports_refusal,0.006324463058263063,0.006324463058263063,0.0063395691104233265,0.003978473600000143,0.9800000190734863,0.9800000190734863
1839,31,11804,supports_refusal,0.006323089823126793,0.006323089823126793,0.006323089823126793,0.0023333507124334574,1.0,1.0
1840,6,11856,suppresses_refusal,-0.006322784349322319,0.006322784349322319,0.0070272828452289104,0.006279822904616594,0.09000000357627869,0.9099999666213989
1841,30,4064,supports_refusal,0.006318492814898491,0.006318492814898491,0.006318607367575169,0.00449106702581048,0.9900000095367432,0.9900000095367432
1842,30,7410,supports_refusal,0.006316623650491238,0.006316623650491238,0.006548671517521143,0.00723453750833869,0.8999999761581421,0.8999999761581421
1843,30,12806,supports_refusal,0.006315083708614111,0.006315083708614111,0.00633600726723671,0.004424478393048048,0.9800000190734863,0.9800000190734863
1844,29,12782,suppresses_refusal,-0.0063137817196547985,0.0063137817196547985,0.006328887771815062,0.001898521208204329,0.009999999776482582,0.9900000095367432
1845,22,14304,supports_refusal,0.0062973215244710445,0.0062973215244710445,0.006402225699275732,0.00800162460654974,0.9300000071525574,0.9300000071525574
1846,31,9261,supports_refusal,0.006295395083725452,0.006295395083725452,0.007295913528650999,0.00631134444847703,0.8700000047683716,0.8700000047683716
1847,31,11690,supports_refusal,0.006291770841926336,0.006291770841926336,0.006291770841926336,0.003037672722712159,1.0,1.0
1848,25,7284,suppresses_refusal,-0.00629065977409482,0.00629065977409482,0.0076638078317046165,0.008937942795455456,0.28999999165534973,0.7100000381469727
1849,30,12568,supports_refusal,0.006287689320743084,0.006287689320743084,0.006650200113654137,0.004282339010387659,0.9100000262260437,0.9100000262260437
1850,8,1156,supports_refusal,0.006287489086389542,0.006287489086389542,0.007359361741691828,0.007345393765717745,0.8600000143051147,0.8600000143051147
1851,13,350,supports_refusal,0.006286332383751869,0.006286332383751869,0.0067559219896793365,0.009841924533247948,0.8999999761581421,0.8999999761581421
1852,10,3155,supports_refusal,0.0062848664820194244,0.0062848664820194244,0.0063971709460020065,0.00526658957824111,0.9700000286102295,0.9700000286102295
1853,12,6030,supports_refusal,0.006283698137849569,0.006283698137849569,0.007097747176885605,0.008215045556426048,0.8199999928474426,0.8199999928474426
1854,5,5890,suppresses_refusal,-0.006282172165811062,0.006282172165811062,0.006320014130324125,0.005438436288386583,0.03999999910593033,0.9599999785423279
1855,30,14215,supports_refusal,0.006279144436120987,0.006279144436120987,0.010743255726993084,0.012518513947725296,0.6100000143051147,0.6100000143051147
1856,16,13496,supports_refusal,0.006278715096414089,0.006278715096414089,0.006326837465167046,0.004143823403865099,0.9800000190734863,0.9800000190734863
1857,30,8412,suppresses_refusal,-0.006270866375416517,0.006270866375416517,0.006320686545222998,0.0036159795708954334,0.029999999329447746,0.9700000286102295
1858,4,1574,suppresses_refusal,-0.006270785350352526,0.006270785350352526,0.008143391460180283,0.008881200104951859,0.1899999976158142,0.8100000023841858
1859,12,7997,supports_refusal,0.006270236801356077,0.006270236801356077,0.006331157870590687,0.004477762617170811,0.9599999785423279,0.9599999785423279
1860,27,11841,supports_refusal,0.00626920722424984,0.00626920722424984,0.006439266260713339,0.005388268269598484,0.9300000071525574,0.9300000071525574
1861,28,12253,suppresses_refusal,-0.0062665557488799095,0.0062665557488799095,0.0062665557488799095,0.0025964840315282345,0.0,1.0
1862,31,8987,suppresses_refusal,-0.006266327109187841,0.006266327109187841,0.006266327109187841,0.003619051305577159,0.0,1.0
1863,31,1572,suppresses_refusal,-0.006261749193072319,0.006261749193072319,0.007610168308019638,0.007217870559543371,0.12999999523162842,0.8700000047683716
1864,17,12712,supports_refusal,0.00625953683629632,0.00625953683629632,0.007300796452909708,0.008596690371632576,0.7900000214576721,0.7900000214576721
1865,31,13423,suppresses_refusal,-0.006257190834730864,0.006257190834730864,0.006499576382339001,0.004909353330731392,0.03999999910593033,0.9599999785423279
1866,10,9152,suppresses_refusal,-0.006256694905459881,0.006256694905459881,0.009043560363352299,0.011222110129892826,0.18000000715255737,0.8199999928474426
1867,10,5733,supports_refusal,0.006254200823605061,0.006254200823605061,0.006300473120063543,0.005643309559673071,0.9800000190734863,0.9800000190734863
1868,1,4568,suppresses_refusal,-0.006247339304536581,0.006247339304536581,0.0062566278502345085,0.005289414897561073,0.019999999552965164,0.9800000190734863
1869,4,9067,supports_refusal,0.006246777251362801,0.006246777251362801,0.010730037465691566,0.050960492342710495,0.5099999904632568,0.5099999904632568
1870,30,9402,suppresses_refusal,-0.00624600425362587,0.00624600425362587,0.007013216149061918,0.005166671238839626,0.09000000357627869,0.9099999666213989
1871,31,2881,supports_refusal,0.0062451171688735485,0.0062451171688735485,0.0062451171688735485,0.002437493996694684,1.0,1.0
1872,27,14308,suppresses_refusal,-0.006243620067834854,0.006243620067834854,0.006243620067834854,0.002370201051235199,0.0,1.0
1873,20,8388,supports_refusal,0.006243577226996422,0.006243577226996422,0.006382994819432497,0.005213120952248573,0.949999988079071,0.949999988079071
1874,31,13062,supports_refusal,0.006241912953555584,0.006241912953555584,0.011389617808163166,0.014343681745231152,0.6800000071525574,0.6800000071525574
1875,10,12464,supports_refusal,0.006235983222723007,0.006235983222723007,0.006609709467738867,0.008868901059031487,0.8700000047683716,0.8700000047683716
1876,31,14200,supports_refusal,0.006232681218534708,0.006232681218534708,0.0062351226806640625,0.0021919694263488054,0.9900000095367432,0.9900000095367432
1877,23,2125,supports_refusal,0.006231008563190699,0.006231008563190699,0.00707595469430089,0.006439713295549154,0.8500000238418579,0.8500000238418579
1878,30,11363,suppresses_refusal,-0.006229424383491278,0.006229424383491278,0.00633985036984086,0.003506958018988371,0.029999999329447746,0.9700000286102295
1879,20,4035,supports_refusal,0.006228904705494642,0.006228904705494642,0.006321144290268421,0.005498406011611223,0.9399999976158142,0.9399999976158142
1880,4,6603,supports_refusal,0.0062285615131258965,0.0062285615131258965,0.0070834350772202015,0.007348215207457542,0.8199999928474426,0.8199999928474426
1881,30,6101,supports_refusal,0.006226100958883762,0.006226100958883762,0.006226100958883762,0.001953450497239828,1.0,1.0
1882,13,2607,supports_refusal,0.006223936099559069,0.006223936099559069,0.006260709837079048,0.00670064939185977,0.9700000286102295,0.9700000286102295
1883,12,5723,supports_refusal,0.006223793141543865,0.006223793141543865,0.006417121738195419,0.007061325944960117,0.9300000071525574,0.9300000071525574
1884,31,13042,supports_refusal,0.00622138986364007,0.00622138986364007,0.00623397808521986,0.0035659167915582657,0.9900000095367432,0.9900000095367432
1885,11,7328,supports_refusal,0.00621903408318758,0.00621903408318758,0.006310873199254274,0.004880828317254782,0.949999988079071,0.949999988079071
1886,18,9669,supports_refusal,0.0062178801745176315,0.0062178801745176315,0.006383285392075777,0.003477895399555564,0.949999988079071,0.949999988079071
1887,28,13450,suppresses_refusal,-0.0062178801745176315,0.0062178801745176315,0.006218643393367529,0.002207782119512558,0.009999999776482582,0.9900000095367432
1888,31,7906,suppresses_refusal,-0.006212158128619194,0.006212158128619194,0.011638794094324112,0.014417463913559914,0.36000001430511475,0.6399999856948853
1889,16,5720,supports_refusal,0.006206550635397434,0.006206550635397434,0.00672290800139308,0.005396381951868534,0.8899999856948853,0.8899999856948853
1890,12,11744,suppresses_refusal,-0.006205067504197359,0.006205067504197359,0.006223330274224281,0.004665314219892025,0.019999999552965164,0.9800000190734863
1891,9,10542,supports_refusal,0.006202831398695707,0.006202831398695707,0.00694353086873889,0.00721369031816721,0.7799999713897705,0.7799999713897705
1892,20,1299,supports_refusal,0.0062027741223573685,0.0062027741223573685,0.0062088011763989925,0.0037699691019952297,0.9900000095367432,0.9900000095367432
1893,18,5591,suppresses_refusal,-0.0061997221782803535,0.0061997221782803535,0.0062133027240633965,0.003354959888383746,0.019999999552965164,0.9800000190734863
1894,31,9665,supports_refusal,0.006197662558406591,0.006197662558406591,0.011578368954360485,0.012343202717602253,0.6800000071525574,0.6800000071525574
1895,29,2124,suppresses_refusal,-0.00619367603212595,0.00619367603212595,0.00694059394299984,0.006909236777573824,0.12999999523162842,0.8700000047683716
1896,13,3264,suppresses_refusal,-0.0061930944211781025,0.0061930944211781025,0.006581525783985853,0.0057832710444927216,0.11999999731779099,0.8799999952316284
1897,14,6124,supports_refusal,0.006192216649651527,0.006192216649651527,0.006260767113417387,0.004828204866498709,0.9599999785423279,0.9599999785423279
1898,14,11388,suppresses_refusal,-0.006191787775605917,0.006191787775605917,0.0063437651842832565,0.005292857065796852,0.05999999865889549,0.9399999976158142
1899,14,4008,supports_refusal,0.006189079489558935,0.006189079489558935,0.006189079489558935,0.004636181518435478,1.0,1.0
1900,30,333,suppresses_refusal,-0.006185741629451513,0.006185741629451513,0.008197116665542126,0.008615639992058277,0.25,0.75
1901,30,4497,suppresses_refusal,-0.00618324289098382,0.00618324289098382,0.011017074808478355,0.012799439020454884,0.3100000023841858,0.6899999976158142
1902,2,13374,supports_refusal,0.006181986536830664,0.006181986536830664,0.006488001439720392,0.0069104451686143875,0.9100000262260437,0.9100000262260437
1903,5,9423,supports_refusal,0.006179573480039835,0.006179573480039835,0.0062065813690423965,0.00667570112273097,0.9800000190734863,0.9800000190734863
1904,6,1273,suppresses_refusal,-0.006173152942210436,0.006173152942210436,0.007228336296975613,0.007142031565308571,0.07999999821186066,0.9200000166893005
1905,28,10193,suppresses_refusal,-0.006171994376927614,0.006171994376927614,0.006436238065361977,0.006186363287270069,0.10999999940395355,0.8899999856948853
1906,31,3104,supports_refusal,0.006169366650283337,0.006169366650283337,0.006184778176248074,0.0035644173622131348,0.9900000095367432,0.9900000095367432
1907,18,6543,suppresses_refusal,-0.006168785039335489,0.006168785039335489,0.006168785039335489,0.002848889911547303,0.0,1.0
1908,14,3607,supports_refusal,0.0061669014394283295,0.0061669014394283295,0.006240143906325102,0.004740625154227018,0.949999988079071,0.949999988079071
1909,27,9439,suppresses_refusal,-0.006166191305965185,0.006166191305965185,0.006176948547363281,0.0027781736571341753,0.019999999552965164,0.9800000190734863
1910,15,5326,suppresses_refusal,-0.00616596220061183,0.00616596220061183,0.006397361867129803,0.005564170889556408,0.07000000029802322,0.9300000071525574
1911,15,9166,suppresses_refusal,-0.006165805272758007,0.006165805272758007,0.006497356109321117,0.008922052569687366,0.23999999463558197,0.7599999904632568
1912,29,3976,suppresses_refusal,-0.006165466271340847,0.006165466271340847,0.006165466271340847,0.0022441563196480274,0.0,1.0
1913,29,5196,supports_refusal,0.006165370810776949,0.006165370810776949,0.006359882187098265,0.005349751561880112,0.9100000262260437,0.9100000262260437
1914,12,329,supports_refusal,0.0061637116596102715,0.0061637116596102715,0.0071431733667850494,0.006549588404595852,0.8399999737739563,0.8399999737739563
1915,29,9247,supports_refusal,0.006159515585750341,0.006159515585750341,0.006159515585750341,0.001754906727001071,1.0,1.0
1916,30,236,supports_refusal,0.0061587379314005375,0.0061587379314005375,0.006297926884144545,0.004486674442887306,0.9599999785423279,0.9599999785423279
1917,29,8615,supports_refusal,0.006155853159725666,0.006155853159725666,0.0063432310707867146,0.004294052720069885,0.949999988079071,0.949999988079071
1918,20,10881,suppresses_refusal,-0.006154813803732395,0.006154813803732395,0.006726465187966824,0.007378287613391876,0.17000000178813934,0.8299999833106995
1919,11,2573,suppresses_refusal,-0.006152839865535498,0.006152839865535498,0.006811714265495539,0.007937926799058914,0.11999999731779099,0.8799999952316284
1920,31,13869,suppresses_refusal,-0.006150741595774889,0.006150741595774889,0.009940109215676785,0.011103987693786621,0.23000000417232513,0.7699999809265137
1921,19,6117,supports_refusal,0.0061496831476688385,0.0061496831476688385,0.006761522497981787,0.007090369705110788,0.7699999809265137,0.7699999809265137
1922,24,10925,supports_refusal,0.006149068009108305,0.006149068009108305,0.006203875411301851,0.005842993501573801,0.949999988079071,0.949999988079071
1923,31,13012,supports_refusal,0.006149046588689089,0.006149046588689089,0.006888182368129492,0.007261872291564941,0.9300000071525574,0.9300000071525574
1924,28,6682,supports_refusal,0.0061488342471420765,0.0061488342471420765,0.0072747040539979935,0.005900573916733265,0.8700000047683716,0.8700000047683716
1925,16,5225,suppresses_refusal,-0.006147496867924929,0.006147496867924929,0.0069590974599123,0.016197746619582176,0.30000001192092896,0.699999988079071
1926,26,5988,supports_refusal,0.006146164145320654,0.006146164145320654,0.00635250099003315,0.005020475946366787,0.9200000166893005,0.9200000166893005
1927,31,6099,suppresses_refusal,-0.006143112201243639,0.006143112201243639,0.0069541167467832565,0.005992867052555084,0.11999999731779099,0.8799999952316284
1928,15,834,suppresses_refusal,-0.006142931059002876,0.006142931059002876,0.006369829177856445,0.005037323106080294,0.019999999552965164,0.9800000190734863
1929,12,10577,suppresses_refusal,-0.0061421203427016735,0.0061421203427016735,0.009976501576602459,0.011820701882243156,0.2800000011920929,0.7200000286102295
1930,28,1365,supports_refusal,0.006140072364360094,0.006140072364360094,0.007340037729591131,0.006530261132866144,0.8500000238418579,0.8500000238418579
1931,15,10154,suppresses_refusal,-0.006139774341136217,0.006139774341136217,0.006389637012034655,0.004577201325446367,0.07000000029802322,0.9300000071525574
1932,16,12738,supports_refusal,0.006138837430626154,0.006138837430626154,0.006170346867293119,0.004774800967425108,0.9599999785423279,0.9599999785423279
1933,27,4528,supports_refusal,0.006137313786894083,0.006137313786894083,0.006185951177030802,0.0036751222796738148,0.9399999976158142,0.9399999976158142
1934,30,35,supports_refusal,0.006135540083050728,0.006135540083050728,0.012186145409941673,0.013020512647926807,0.8299999833106995,0.8299999833106995
1935,29,1173,supports_refusal,0.006134338211268187,0.006134338211268187,0.006524352822452784,0.005543314851820469,0.8799999952316284,0.8799999952316284
1936,5,1071,suppresses_refusal,-0.006133537273854017,0.006133537273854017,0.0061922455206513405,0.006606888957321644,0.03999999910593033,0.9599999785423279
1937,15,2833,suppresses_refusal,-0.006133346352726221,0.006133346352726221,0.006203613243997097,0.004665241576731205,0.029999999329447746,0.9700000286102295
1938,28,746,suppresses_refusal,-0.006128935609012842,0.006128935609012842,0.007427945267409086,0.007390121929347515,0.20000000298023224,0.800000011920929
1939,23,1884,supports_refusal,0.0061217499896883965,0.0061217499896883965,0.006642036605626345,0.0050126840360462666,0.9599999785423279,0.9599999785423279
1940,22,14052,suppresses_refusal,-0.006121692713350058,0.006121692713350058,0.006532001309096813,0.005624791141599417,0.11999999731779099,0.8799999952316284
1941,31,4852,suppresses_refusal,-0.006111869588494301,0.006111869588494301,0.006111869588494301,0.0033663418143987656,0.0,1.0
1942,27,1798,supports_refusal,0.006110503803938627,0.006110503803938627,0.006195857655256987,0.0053012799471616745,0.9200000166893005,0.9200000166893005
1943,21,11569,supports_refusal,0.006106176413595676,0.006106176413595676,0.007948866114020348,0.00937549490481615,0.7599999904632568,0.7599999904632568
1944,26,7496,suppresses_refusal,-0.006105232052505016,0.006105232052505016,0.006953506264835596,0.013639806769788265,0.20999999344348907,0.7900000214576721
1945,30,3366,suppresses_refusal,-0.0061048888601362705,0.0061048888601362705,0.0061048888601362705,0.0021398840472102165,0.0,1.0
1946,1,10505,supports_refusal,0.006102351937443018,0.006102351937443018,0.006107387598603964,0.004390287678688765,0.9900000095367432,0.9900000095367432
1947,25,5048,supports_refusal,0.006101684644818306,0.006101684644818306,0.006276245228946209,0.004869694355875254,0.9599999785423279,0.9599999785423279
1948,31,154,suppresses_refusal,-0.0060983276925981045,0.0060983276925981045,0.009309692308306694,0.009536782279610634,0.28999999165534973,0.7100000381469727
1949,27,13476,suppresses_refusal,-0.00609664898365736,0.00609664898365736,0.0061727906577289104,0.0029067108407616615,0.029999999329447746,0.9700000286102295
1950,16,7560,suppresses_refusal,-0.006094646640121937,0.006094646640121937,0.006677188910543919,0.005892287008464336,0.10999999940395355,0.8899999856948853
1951,22,11849,supports_refusal,0.006091775838285685,0.006091775838285685,0.006571435835212469,0.006144203711301088,0.8999999761581421,0.8999999761581421
1952,29,4484,suppresses_refusal,-0.006091575603932142,0.006091575603932142,0.006160927005112171,0.0038310457020998,0.05000000074505806,0.949999988079071
1953,12,2436,supports_refusal,0.006090907845646143,0.006090907845646143,0.0066960714757442474,0.0065890043042600155,0.8600000143051147,0.8600000143051147
1954,30,594,suppresses_refusal,-0.006085567642003298,0.006085567642003298,0.007332134060561657,0.0063474406488239765,0.1599999964237213,0.8400000333786011
1955,5,12894,supports_refusal,0.006085223983973265,0.006085223983973265,0.0065453145653009415,0.006645312532782555,0.9100000262260437,0.9100000262260437
1956,29,6911,supports_refusal,0.006083526648581028,0.006083526648581028,0.006083526648581028,0.0017451114254072309,1.0,1.0
1957,28,3700,suppresses_refusal,-0.006082057952880859,0.006082057952880859,0.006082057952880859,0.0034970412962138653,0.0,1.0
1958,4,1815,suppresses_refusal,-0.00608143350109458,0.00608143350109458,0.006234011612832546,0.011320862919092178,0.14000000059604645,0.8600000143051147
1959,31,7615,supports_refusal,0.006080198101699352,0.006080198101699352,0.006141748279333115,0.004057430662214756,0.9300000071525574,0.9300000071525574
1960,29,11607,suppresses_refusal,-0.006079473532736301,0.006079473532736301,0.006090536247938871,0.003381751012057066,0.009999999776482582,0.9900000095367432
1961,30,1668,supports_refusal,0.006079406943172216,0.006079406943172216,0.00618743896484375,0.0022339504212141037,0.9800000190734863,0.9800000190734863
1962,10,3602,suppresses_refusal,-0.006079282611608505,0.006079282611608505,0.008668393827974796,0.011366262100636959,0.3199999928474426,0.6800000071525574
1963,27,6737,suppresses_refusal,-0.006078739184886217,0.006078739184886217,0.006106510292738676,0.0030575424898415804,0.019999999552965164,0.9800000190734863
1964,27,2989,supports_refusal,0.006071052514016628,0.006071052514016628,0.006173820700496435,0.003507955465465784,0.9700000286102295,0.9700000286102295
1965,28,2750,supports_refusal,0.00606941245496273,0.00606941245496273,0.0060700224712491035,0.0032581533305346966,0.9900000095367432,0.9900000095367432
1966,24,12782,suppresses_refusal,-0.00606599822640419,0.00606599822640419,0.006174144800752401,0.0046701752580702305,0.05000000074505806,0.949999988079071
1967,30,10711,suppresses_refusal,-0.006064071785658598,0.006064071785658598,0.006064071785658598,0.0027459640987217426,0.0,1.0
1968,29,11374,suppresses_refusal,-0.0060636806301772594,0.0060636806301772594,0.006185235921293497,0.004131191875785589,0.05999999865889549,0.9399999976158142
1969,12,6178,supports_refusal,0.0060631753876805305,0.0060631753876805305,0.0060631753876805305,0.006154835689812899,1.0,1.0
1970,17,10212,supports_refusal,0.006060953252017498,0.006060953252017498,0.00926876999437809,0.014700253494083881,0.5899999737739563,0.5899999737739563
1971,20,2367,supports_refusal,0.006059436593204737,0.006059436593204737,0.006080074235796928,0.003832824993878603,0.9700000286102295,0.9700000286102295
1972,9,1994,suppresses_refusal,-0.006057510152459145,0.006057510152459145,0.006314124912023544,0.005456034559756517,0.09000000357627869,0.9099999666213989
1973,11,1238,suppresses_refusal,-0.006057415157556534,0.006057415157556534,0.006729068700224161,0.009941257536411285,0.20000000298023224,0.800000011920929
1974,13,9139,supports_refusal,0.006055035628378391,0.006055035628378391,0.006458163261413574,0.005185903050005436,0.9200000166893005,0.9200000166893005
1975,29,9267,suppresses_refusal,-0.006053161807358265,0.006053161807358265,0.006108398549258709,0.0026678782887756824,0.029999999329447746,0.9700000286102295
1976,12,14122,supports_refusal,0.00605087261646986,0.00605087261646986,0.006124038714915514,0.006918216589838266,0.9599999785423279,0.9599999785423279
1977,12,9557,supports_refusal,0.006047439761459827,0.006047439761459827,0.006047439761459827,0.004044341389089823,1.0,1.0
1978,26,11554,suppresses_refusal,-0.00604665745049715,0.00604665745049715,0.006056537851691246,0.0037217475473880768,0.019999999552965164,0.9800000190734863
1979,18,11929,suppresses_refusal,-0.0060454984195530415,0.0060454984195530415,0.006071056704968214,0.009505530819296837,0.03999999910593033,0.9599999785423279
1980,9,13594,supports_refusal,0.006045417860150337,0.006045417860150337,0.006191596854478121,0.0058464729227125645,0.949999988079071,0.949999988079071
1981,29,11920,suppresses_refusal,-0.006044807378202677,0.006044807378202677,0.006103553809225559,0.003470700467005372,0.019999999552965164,0.9800000190734863
1982,28,1407,suppresses_refusal,-0.0060438537038862705,0.0060438537038862705,0.0060438537038862705,0.0023437021300196648,0.0,1.0
1983,31,11794,suppresses_refusal,-0.0060423086397349834,0.0060423086397349834,0.008624706417322159,0.008490015752613544,0.25999999046325684,0.7400000095367432
1984,30,13538,suppresses_refusal,-0.006041564978659153,0.006041564978659153,0.0060687256045639515,0.002161883283406496,0.009999999776482582,0.9900000095367432
1985,9,10476,supports_refusal,0.006040029693394899,0.006040029693394899,0.006746587809175253,0.00981534831225872,0.8700000047683716,0.8700000047683716
1986,12,12586,suppresses_refusal,-0.006037492770701647,0.006037492770701647,0.006268510594964027,0.005077305715531111,0.05999999865889549,0.9399999976158142
1987,29,12725,supports_refusal,0.0060369111597537994,0.0060369111597537994,0.0060369111597537994,0.0018961788155138493,1.0,1.0
1988,9,8947,supports_refusal,0.006035337224602699,0.006035337224602699,0.006075849756598473,0.005074649583548307,0.9700000286102295,0.9700000286102295
1989,26,3943,suppresses_refusal,-0.006032128352671862,0.006032128352671862,0.006274314131587744,0.0073439269326627254,0.14000000059604645,0.8600000143051147
1990,14,5718,supports_refusal,0.0060310508124530315,0.0060310508124530315,0.006034569814801216,0.0047345757484436035,0.9800000190734863,0.9800000190734863
1991,30,10139,suppresses_refusal,-0.0060272216796875,0.0060272216796875,0.025982055813074112,0.03098827227950096,0.38999998569488525,0.6100000143051147
1992,30,10654,supports_refusal,0.006025237962603569,0.006025237962603569,0.006025237962603569,0.003136469516903162,1.0,1.0
1993,0,9223,supports_refusal,0.006024799309670925,0.006024799309670925,0.007501468528062105,0.008660262450575829,0.9100000262260437,0.9100000262260437
1994,11,14100,supports_refusal,0.006024722941219807,0.006024722941219807,0.006508808117359877,0.006134693045169115,0.8399999737739563,0.8399999737739563
1995,10,8640,suppresses_refusal,-0.006024207919836044,0.006024207919836044,0.006810188293457031,0.0069619338028132915,0.1599999964237213,0.8400000333786011
1996,31,12120,supports_refusal,0.006023368798196316,0.006023368798196316,0.006069755647331476,0.003761545056477189,0.9900000095367432,0.9900000095367432
1997,2,4269,supports_refusal,0.00602279556915164,0.00602279556915164,0.0073433793149888515,0.012413215823471546,0.7300000190734863,0.7300000190734863
1998,21,2762,suppresses_refusal,-0.006022329442203045,0.006022329442203045,0.006091509014368057,0.0033612896222621202,0.019999999552965164,0.9800000190734863
1999,14,14094,suppresses_refusal,-0.006021537818014622,0.006021537818014622,0.006320991553366184,0.006545806769281626,0.07999999821186066,0.9200000166893005
2000,28,5212,suppresses_refusal,-0.006021194625645876,0.006021194625645876,0.006021194625645876,0.002500522416085005,0.0,1.0
