rank,layer,neuron,direction,mean_g,abs_mean_g,mean_abs_g,std_g,positive_fraction,sign_consistency,snr
1,30,5341,suppresses_cannot,-0.0389994196593761,0.0389994196593761,0.0389994196593761,0.0495647676289081,0.0,1.0,0.7868375182151794
2,31,9936,supports_cannot,0.0316525883972644,0.0316525883972644,0.0328285358846187,0.0265288446098566,0.9432989954948424,0.9432989954948424,1.193138599395752
3,16,1241,supports_cannot,0.024430776014924,0.024430776014924,0.0245958697050809,0.0280885063111782,0.984536111354828,0.984536111354828,0.8697783946990967
4,11,11321,supports_cannot,0.0181614980101585,0.0181614980101585,0.0181614980101585,0.0212956722825765,1.0,1.0,0.8528257608413696
5,13,4208,supports_cannot,0.0165222007781267,0.0165222007781267,0.0173504222184419,0.0232503674924373,0.938144326210022,0.938144326210022,0.7106210589408875
6,31,4690,supports_cannot,0.0133120007812976,0.0133120007812976,0.0143220890313386,0.0217744465917348,0.8453608155250549,0.8453608155250549,0.6113588809967041
7,20,2204,supports_cannot,0.0128553723916411,0.0128553723916411,0.0128553723916411,0.0122260432690382,1.0,1.0,1.0514744520187378
8,20,5425,suppresses_cannot,-0.0116213764995336,0.0116213764995336,0.0116213764995336,0.0136335706338286,0.0,1.0,0.8524088859558105
9,25,8701,supports_cannot,0.0113861244171857,0.0113861244171857,0.0113861244171857,0.0086104115471243,1.0,1.0,1.3223670721054075
10,27,6070,suppresses_cannot,-0.0113402344286441,0.0113402344286441,0.0113402344286441,0.0109015544876456,0.0,1.0,1.0402401685714722
11,7,6673,supports_cannot,0.0103407073765993,0.0103407073765993,0.0104484483599662,0.0118125444278121,0.984536111354828,0.984536111354828,0.8754004836082458
12,6,5866,supports_cannot,0.0103185297921299,0.0103185297921299,0.0116765229031443,0.0130782844498753,0.8917526006698608,0.8917526006698608,0.7889819145202637
13,24,5326,suppresses_cannot,-0.0101906787604093,0.0101906787604093,0.0104982135817408,0.0122821824625134,0.0154639175161719,0.984536111354828,0.8297123908996582
14,11,4258,supports_cannot,0.0091192200779914,0.0091192200779914,0.0102089149877429,0.024082213640213,0.6649484634399414,0.6649484634399414,0.378670334815979
15,12,13860,supports_cannot,0.0091066658496856,0.0091066658496856,0.0092341629788279,0.0112266242504119,0.9742268323898317,0.9742268323898317,0.8111668825149536
16,20,3972,supports_cannot,0.0090092653408646,0.0090092653408646,0.0102422656491398,0.0177055243402719,0.8092783689498901,0.8092783689498901,0.5088392496109009
17,31,13076,supports_cannot,0.0081706885248422,0.0081706885248422,0.0081706885248422,0.0079314149916172,1.0,1.0,1.030167818069458
18,9,4255,supports_cannot,0.0078616384416818,0.0078616384416818,0.0081612104550004,0.0084496065974235,0.9484536051750184,0.9484536051750184,0.9304147362709044
19,23,7812,suppresses_cannot,-0.0077183418907225,0.0077183418907225,0.0078958822414278,0.0090054580941796,0.0463917516171932,0.9536082744598388,0.8570737838745117
20,20,6356,suppresses_cannot,-0.0075061442330479,0.0075061442330479,0.0075061442330479,0.0057204896584153,0.0,1.0,1.3121505975723269
21,31,5041,suppresses_cannot,-0.0074825482442975,0.0074825482442975,0.0074825482442975,0.0065969680435955,0.0,1.0,1.1342405080795288
22,30,13853,suppresses_cannot,-0.0071851396933197,0.0071851396933197,0.0071851396933197,0.0060146646574139,0.0,1.0,1.1946035623550415
23,31,14073,supports_cannot,0.0071415067650377,0.0071415067650377,0.0071415067650377,0.0063456185162067,1.0,1.0,1.1254233121871948
24,22,4821,supports_cannot,0.0066542872227728,0.0066542872227728,0.0067919306457042,0.0062331561930477,0.9896907210350036,0.9896907210350036,1.0675630569458008
25,15,11853,supports_cannot,0.0065843174234032,0.0065843174234032,0.0066802846267819,0.0104883471503853,0.9536082744598388,0.9536082744598388,0.6277745366096497
26,22,12959,suppresses_cannot,-0.0065341624431312,0.0065341624431312,0.0067280726507306,0.0073264162056148,0.0670103058218956,0.9329897165298462,0.8918634057044983
27,15,5679,supports_cannot,0.0063792993314564,0.0063792993314564,0.0063928179442882,0.0070149591192603,0.984536111354828,0.984536111354828,0.909385085105896
28,22,8514,suppresses_cannot,-0.0062408177182078,0.0062408177182078,0.0062641925178468,0.0062621352262794,0.0154639175161719,0.984536111354828,0.9965957999229432
29,30,5905,suppresses_cannot,-0.0060759084299206,0.0060759084299206,0.0060759084299206,0.0048550246283411,0.0,1.0,1.251468062400818
30,16,6310,supports_cannot,0.0060287825763225,0.0060287825763225,0.0060457568615674,0.0069522350095212,0.9793814420700072,0.9793814420700072,0.8671718835830688
31,18,5964,supports_cannot,0.00601168256253,0.00601168256253,0.0060276393778622,0.0057200505398213,0.9896907210350036,0.9896907210350036,1.0509841442108154
32,16,4974,supports_cannot,0.005976254120469,0.005976254120469,0.005976254120469,0.0049910238012671,1.0,1.0,1.197400450706482
33,16,2432,suppresses_cannot,-0.0058316690847277,0.0058316690847277,0.0058316690847277,0.0054994896054267,0.0,1.0,1.0604019165039062
34,31,714,suppresses_cannot,-0.005712155252695,0.005712155252695,0.005712155252695,0.005212262738496,0.0,1.0,1.0959069728851318
35,31,5099,supports_cannot,0.0055061220191419,0.0055061220191419,0.0055109988898038,0.0059645874425768,0.9948453903198242,0.9948453903198242,0.9231354594230652
36,10,9064,suppresses_cannot,-0.005480037536472,0.005480037536472,0.0062915873713791,0.0059002824127674,0.0773195847868919,0.92268043756485,0.9287754893302916
37,31,9678,suppresses_cannot,-0.005310196429491,0.005310196429491,0.005310196429491,0.0046354113146662,0.0,1.0,1.1455718278884888
38,12,1481,suppresses_cannot,-0.0052438029088079,0.0052438029088079,0.0057927160523831,0.0073823612183332,0.0876288637518882,0.9123711585998536,0.7103151082992554
39,16,6950,suppresses_cannot,-0.0052130920812487,0.0052130920812487,0.0055087287910282,0.0082906251773238,0.0515463910996913,0.9484536051750184,0.6287935972213745
40,30,3382,supports_cannot,0.0051855873316526,0.0051855873316526,0.0051902430132031,0.0082440171390771,0.9896907210350036,0.9896907210350036,0.6290121674537659
41,14,3917,suppresses_cannot,-0.0049982932396233,0.0049982932396233,0.0056678955443203,0.0072379717603325,0.1340206116437912,0.8659793734550476,0.6905654668807983
42,19,900,supports_cannot,0.0048816227354109,0.0048816227354109,0.0048851622268557,0.0048447861336171,0.9948453903198242,0.9948453903198242,1.007603406906128
43,26,592,supports_cannot,0.0048713684082031,0.0048713684082031,0.0048713684082031,0.0042776339687407,1.0,1.0,1.138799786567688
44,15,10757,supports_cannot,0.0046776938252151,0.0046776938252151,0.0046946438960731,0.005163736641407,0.9896907210350036,0.9896907210350036,0.9058738350868224
45,16,12528,supports_cannot,0.0046694944612681,0.0046694944612681,0.0046694944612681,0.0043709403835237,1.0,1.0,1.0683043003082275
46,28,4130,supports_cannot,0.0046668886207044,0.0046668886207044,0.0046668886207044,0.0040627820417284,1.0,1.0,1.1486928462982178
47,18,7148,supports_cannot,0.0046309884637594,0.0046309884637594,0.0048540499992668,0.0065728211775422,0.938144326210022,0.938144326210022,0.7045662999153137
48,10,4789,supports_cannot,0.0045893169008195,0.0045893169008195,0.0061205071397125,0.0147221712395548,0.6804123520851135,0.6804123520851135,0.3117282688617706
49,28,5152,suppresses_cannot,-0.0045416723005473,0.0045416723005473,0.0045416723005473,0.0033988163340836,0.0,1.0,1.336251139640808
50,18,7417,supports_cannot,0.0044996961951255,0.0044996961951255,0.0058947172947227,0.0116701945662498,0.623711347579956,0.623711347579956,0.3855716586112976
51,26,529,supports_cannot,0.0044981418177485,0.0044981418177485,0.0045251999981701,0.0041224011220037,0.969072163105011,0.969072163105011,1.0911461114883425
52,16,8987,suppresses_cannot,-0.0043361457064747,0.0043361457064747,0.0043361457064747,0.0057620177976787,0.0,1.0,0.7525394558906555
53,20,9424,suppresses_cannot,-0.0043312120251357,0.0043312120251357,0.00533641083166,0.0073319454677402,0.1701030880212783,0.8298969268798828,0.5907316207885742
54,14,5718,suppresses_cannot,-0.0042698900215327,0.0042698900215327,0.0044425837695598,0.0050622723065316,0.0309278350323438,0.969072163105011,0.8434730172157288
55,27,8140,supports_cannot,0.0042446851730346,0.0042446851730346,0.0043523153290152,0.0049564861692488,0.9432989954948424,0.9432989954948424,0.8563899993896484
56,17,4374,suppresses_cannot,-0.0042263553477823,0.0042263553477823,0.0044072484597563,0.0042272908613085,0.0567010305821895,0.9432989954948424,0.999778687953949
57,10,11570,supports_cannot,0.004225892946124,0.004225892946124,0.0054991859942674,0.0094592310488224,0.8814433217048645,0.8814433217048645,0.4467480480670929
58,16,11277,supports_cannot,0.0042131561785936,0.0042131561785936,0.0042131561785936,0.0032597281970083,1.0,1.0,1.2924869060516355
59,24,3804,suppresses_cannot,-0.0041749896481633,0.0041749896481633,0.0041749896481633,0.0038404904771596,0.0,1.0,1.0870980024337769
60,20,1168,supports_cannot,0.0041673798114061,0.0041673798114061,0.0041673798114061,0.0026877734344452,1.0,1.0,1.550495147705078
61,31,10712,suppresses_cannot,-0.0041497419588267,0.0041497419588267,0.0041497419588267,0.0034880079329013,0.0,1.0,1.189716935157776
62,10,1084,suppresses_cannot,-0.0041310149244964,0.0041310149244964,0.0061516785062849,0.0072988369502127,0.1752577275037765,0.8247422575950623,0.5659826397895813
63,13,13879,supports_cannot,0.0041262242011725,0.0041262242011725,0.0049835676327347,0.009242070838809,0.8247422575950623,0.8247422575950623,0.4464609920978546
64,19,8952,supports_cannot,0.0041157435625791,0.0041157435625791,0.0041157435625791,0.0025638074148446,1.0,1.0,1.6053247451782229
65,20,13715,suppresses_cannot,-0.0041081784293055,0.0041081784293055,0.0041081784293055,0.0064535164274275,0.0,1.0,0.6365798115730286
66,24,12782,suppresses_cannot,-0.0040537058375775,0.0040537058375775,0.0040537058375775,0.0027670143172144,0.0,1.0,1.4650107622146606
67,31,11999,supports_cannot,0.0040428908541798,0.0040428908541798,0.0040428908541798,0.0040587373077869,1.0,1.0,0.9960957169532776
68,26,13447,suppresses_cannot,-0.0040347403846681,0.0040347403846681,0.0040347403846681,0.0032845807727426,0.0,1.0,1.2283881902694702
69,31,12446,supports_cannot,0.0039418209344148,0.0039418209344148,0.0039418209344148,0.0039406227879226,1.0,1.0,1.000304102897644
70,20,9623,suppresses_cannot,-0.0039169173687696,0.0039169173687696,0.0039185299538075,0.003301010467112,0.0051546390168368,0.9948453903198242,1.1865813732147217
71,31,8591,supports_cannot,0.0038991319015622,0.0038991319015622,0.0038991319015622,0.0037556332536041,1.0,1.0,1.0382089614868164
72,28,4074,suppresses_cannot,-0.0038419556804001,0.0038419556804001,0.0038419556804001,0.0038485960103571,0.0,1.0,0.9982746243476868
73,20,5237,supports_cannot,0.0038390601985156,0.0038390601985156,0.0038403384387493,0.0035026117693632,0.9948453903198242,0.9948453903198242,1.0960564613342283
74,18,8592,supports_cannot,0.0037526593077927,0.0037526593077927,0.0037632775492966,0.0026605683378875,0.9948453903198242,0.9948453903198242,1.4104728698730469
75,31,7944,suppresses_cannot,-0.0036962842568755,0.0036962842568755,0.0036962842568755,0.0025483856443315,0.0,1.0,1.4504414796829224
76,31,10075,suppresses_cannot,-0.0036817234940826,0.0036817234940826,0.0036817234940826,0.0033337604254484,0.0,1.0,1.1043756008148191
77,17,13532,suppresses_cannot,-0.0036463076248764,0.0036463076248764,0.0046251881867647,0.0057386625558137,0.1546391695737838,0.8453608155250549,0.6353932619094849
78,30,11970,suppresses_cannot,-0.0036428098101168,0.0036428098101168,0.0036428098101168,0.0028453420381993,0.0,1.0,1.280271291732788
79,26,11941,supports_cannot,0.0036251072306185,0.0036251072306185,0.0037543252110481,0.0046629547141492,0.92268043756485,0.92268043756485,0.777427077293396
80,17,1632,supports_cannot,0.0036143285688012,0.0036143285688012,0.0036365997511893,0.0038069896399974,0.9896907210350036,0.9896907210350036,0.949392795562744
81,18,3031,suppresses_cannot,-0.0035517732612788,0.0035517732612788,0.0035517732612788,0.0041981553658843,0.0,1.0,0.846031904220581
82,27,8839,suppresses_cannot,-0.0035512668546289,0.0035512668546289,0.0035512668546289,0.003460134845227,0.0,1.0,1.026337742805481
83,23,2343,supports_cannot,0.0035506573040038,0.0035506573040038,0.0035506573040038,0.0041603329591453,1.0,1.0,0.8534550666809082
84,26,12639,suppresses_cannot,-0.0035355458967387,0.0035355458967387,0.0035355458967387,0.0032133199274539,0.0,1.0,1.1002782583236694
85,31,11276,suppresses_cannot,-0.0035137883387506,0.0035137883387506,0.0035137883387506,0.0031479375902563,0.0,1.0,1.116219162940979
86,20,10080,suppresses_cannot,-0.0034774602390825,0.0034774602390825,0.0034818453714251,0.003179429564625,0.0051546390168368,0.9948453903198242,1.0937371253967283
87,24,13102,supports_cannot,0.0034750318154692,0.0034750318154692,0.0034750318154692,0.0026245326735079,1.0,1.0,1.3240573406219482
88,22,7399,supports_cannot,0.0034276382066309,0.0034276382066309,0.0034289164468646,0.0032384102232754,0.9948453903198242,0.9948453903198242,1.0584323406219482
89,17,8517,suppresses_cannot,-0.0034250575117766,0.0034250575117766,0.0034250575117766,0.0030140099115669,0.0,1.0,1.1363790035247805
90,28,12743,supports_cannot,0.0034124825615435,0.0034124825615435,0.0034124825615435,0.0034781959839165,1.0,1.0,0.9811070561408995
91,30,12394,supports_cannot,0.0034065197687596,0.0034065197687596,0.0036248865071684,0.0044933785684406,0.907216489315033,0.907216489315033,0.7581199407577515
92,18,3236,supports_cannot,0.0034038652665913,0.0034038652665913,0.0034190355800092,0.0042066401802003,0.984536111354828,0.984536111354828,0.809164822101593
93,30,11618,supports_cannot,0.0033735590986907,0.0033735590986907,0.0033735590986907,0.0030812209006398,1.0,1.0,1.0948773622512815
94,31,3611,suppresses_cannot,-0.0033440541010349,0.0033440541010349,0.0033440541010349,0.003291678847745,0.0,1.0,1.0159114599227903
95,21,13085,suppresses_cannot,-0.00334377377294,0.00334377377294,0.00334377377294,0.003056084504351,0.0,1.0,1.0941365957260132
96,28,3057,supports_cannot,0.0033002833370119,0.0033002833370119,0.0033002833370119,0.0025975406169891,1.0,1.0,1.2705415487289429
97,16,14185,suppresses_cannot,-0.0032677613198757,0.0032677613198757,0.0032686928752809,0.0024962937459349,0.0103092780336737,0.9896907210350036,1.3090451955795288
98,31,2153,supports_cannot,0.0032509283628314,0.0032509283628314,0.0032509283628314,0.0027968143112957,1.0,1.0,1.1623682975769043
99,15,5080,supports_cannot,0.0032170703634619,0.0032170703634619,0.0032170703634619,0.0050504012033343,1.0,1.0,0.6369930505752563
100,16,6772,supports_cannot,0.0032143446151167,0.0032143446151167,0.0032335359137505,0.0034708338789641,0.9896907210350036,0.9896907210350036,0.926101565361023
101,14,1406,supports_cannot,0.0031590720172971,0.0031590720172971,0.0031774104572832,0.0046930923126637,0.9793814420700072,0.9793814420700072,0.6731323003768921
102,12,1889,suppresses_cannot,-0.0031586203258484,0.0031586203258484,0.0032026872504502,0.0026733130216598,0.0206185560673475,0.9793814420700072,1.1815377473831177
103,18,11215,supports_cannot,0.0031208009459078,0.0031208009459078,0.0031208009459078,0.0029901890084147,1.0,1.0,1.043680191040039
104,28,13790,supports_cannot,0.0031118490733206,0.0031118490733206,0.0031118490733206,0.0025929531548172,1.0,1.0,1.2001177072525024
105,17,5245,suppresses_cannot,-0.0031052324920892,0.0031052324920892,0.0031052324920892,0.0024483429733663,0.0,1.0,1.268299579620361
106,30,7545,supports_cannot,0.0030762117821723,0.0030762117821723,0.0030809161253273,0.0033378601074218,0.9896907210350036,0.9896907210350036,0.9216119647026062
107,28,9628,supports_cannot,0.0030566342175006,0.0030566342175006,0.0030566342175006,0.0022802115418016,1.0,1.0,1.3405046463012695
108,19,14046,supports_cannot,0.0030476986430585,0.0030476986430585,0.0030548118520528,0.0036785141564905,0.984536111354828,0.984536111354828,0.828513503074646
109,16,2995,supports_cannot,0.0030359681695699,0.0030359681695699,0.0030359681695699,0.0027095682453364,1.0,1.0,1.1204619407653809
110,31,3387,suppresses_cannot,-0.0030305292457342,0.0030305292457342,0.0031771333888173,0.002864122390747,0.0360824726521968,0.9639175534248352,1.0581004619598389
111,27,11269,suppresses_cannot,-0.0030304819811135,0.0030304819811135,0.0030304819811135,0.0026505885180085,0.0,1.0,1.1433241367340088
112,24,9569,supports_cannot,0.0030268037226051,0.0030268037226051,0.0030507168266922,0.0032798028551042,0.9793814420700072,0.9793814420700072,0.9228614568710328
113,31,10715,suppresses_cannot,-0.0030214565340429,0.0030214565340429,0.0030214565340429,0.0027290019206702,0.0,1.0,1.1071654558181765
114,28,7737,supports_cannot,0.0030086163897067,0.0030086163897067,0.0030086163897067,0.002202037256211,1.0,1.0,1.3662877082824707
115,28,6033,suppresses_cannot,-0.0029961883556097,0.0029961883556097,0.002999679883942,0.0028237833175808,0.0103092780336737,0.9896907210350036,1.0610545873641968
116,15,630,suppresses_cannot,-0.0029855265747755,0.0029855265747755,0.0029855265747755,0.0029698198195546,0.0,1.0,1.00528883934021
117,29,90,supports_cannot,0.0029796718154102,0.0029796718154102,0.0029796718154102,0.0028358043637126,1.0,1.0,1.0507324934005735
118,15,6918,supports_cannot,0.002972878050059,0.002972878050059,0.002972878050059,0.0034248542506247,1.0,1.0,0.8680305480957031
119,31,5369,suppresses_cannot,-0.0029663105960935,0.0029663105960935,0.0029663105960935,0.0025895291473716,0.0,1.0,1.145501971244812
120,23,12181,supports_cannot,0.0029413606971502,0.0029413606971502,0.0030040747951716,0.0032209628261625,0.9329897165298462,0.9329897165298462,0.9131929874420166
121,16,3884,supports_cannot,0.0029164049774408,0.0029164049774408,0.0029164049774408,0.0026011031586676,1.0,1.0,1.12121844291687
122,23,1498,supports_cannot,0.0028977345209568,0.0028977345209568,0.0028977345209568,0.0022860160097479,1.0,1.0,1.2675914764404297
123,22,9265,suppresses_cannot,-0.0028693701606243,0.0028693701606243,0.0028693701606243,0.0027930738870054,0.0,1.0,1.0273162126541138
124,15,1026,suppresses_cannot,-0.0028661931864917,0.0028661931864917,0.0028693072963505,0.0108534023165702,0.0154639175161719,0.984536111354828,0.2640824615955353
125,14,12563,supports_cannot,0.0028493183199316,0.0028493183199316,0.0028557679615914,0.0026548393070697,0.9948453903198242,0.9948453903198242,1.0732545852661133
126,18,9102,suppresses_cannot,-0.0028450635727494,0.0028450635727494,0.0028550133574754,0.0030782460235059,0.0051546390168368,0.9948453903198242,0.9242482781410216
127,25,12935,suppresses_cannot,-0.0028367387130856,0.0028367387130856,0.0028367387130856,0.0019873597193509,0.0,1.0,1.427390694618225
128,20,8323,supports_cannot,0.0028329633641988,0.0028329633641988,0.0028329633641988,0.0026799186598509,1.0,1.0,1.057107925415039
129,15,8697,suppresses_cannot,-0.0028179679065942,0.0028179679065942,0.0030485750176012,0.004028181079775,0.0721649453043937,0.9278350472450256,0.6995633840560913
130,15,1832,suppresses_cannot,-0.00279047107324,0.00279047107324,0.00279047107324,0.0028966106474399,0.0,1.0,0.9633573293685912
131,15,5862,suppresses_cannot,-0.0027885080780833,0.0027885080780833,0.0028725494630634,0.0028368241619318,0.041237112134695,0.9587628841400146,0.982968270778656
132,27,4251,suppresses_cannot,-0.0027844242285937,0.0027844242285937,0.0027844242285937,0.0027649868279695,0.0,1.0,1.0070298910140991
133,28,10351,supports_cannot,0.0027824973221868,0.0027824973221868,0.0027824973221868,0.0020511036273092,1.0,1.0,1.3565853834152222
134,17,9255,suppresses_cannot,-0.002780761802569,0.002780761802569,0.002780761802569,0.0020909109152853,0.0,1.0,1.3299283981323242
135,27,1686,supports_cannot,0.0027744057588279,0.0027744057588279,0.0027744057588279,0.0021151737309992,1.0,1.0,1.311668038368225
136,28,7137,supports_cannot,0.0027697160840034,0.0027697160840034,0.0027697160840034,0.0016999575309455,1.0,1.0,1.629285454750061
137,31,5178,supports_cannot,0.0027636892627924,0.0027636892627924,0.0027636892627924,0.0028942206408828,1.0,1.0,0.9548993110656738
138,29,9595,suppresses_cannot,-0.002743691438809,0.002743691438809,0.002743691438809,0.0024058520793914,0.0,1.0,1.1404240131378174
139,23,4769,supports_cannot,0.0027423740830272,0.0027423740830272,0.0027423740830272,0.0021103136241436,1.0,1.0,1.2995102405548096
140,31,287,supports_cannot,0.0027376990765333,0.0027376990765333,0.0027434015646576,0.0018696943297982,0.9948453903198242,0.9948453903198242,1.4642494916915894
141,30,12336,suppresses_cannot,-0.0027339484076946,0.0027339484076946,0.0027339484076946,0.0020461659878492,0.0,1.0,1.336132287979126
142,18,3261,suppresses_cannot,-0.0027243446093052,0.0027243446093052,0.0030537764541804,0.0054476326331496,0.190721645951271,0.8092783689498901,0.5000969767570496
143,31,10716,suppresses_cannot,-0.0027216931339353,0.0027216931339353,0.0027216931339353,0.0033312027808278,0.0,1.0,0.817030131816864
144,22,3766,suppresses_cannot,-0.0027071807999163,0.0027071807999163,0.0027458881959319,0.002762682037428,0.0309278350323438,0.969072163105011,0.979910373687744
145,14,12421,suppresses_cannot,-0.0027071433141827,0.0027071433141827,0.0027080234140157,0.0041027329862117,0.0051546390168368,0.9948453903198242,0.6598390340805054
146,25,12046,supports_cannot,0.0026974924840033,0.0026974924840033,0.0026974924840033,0.0031020292080938,1.0,1.0,0.869589626789093
147,18,9220,suppresses_cannot,-0.0026769589167088,0.0026769589167088,0.0026769589167088,0.0021262771915644,0.0,1.0,1.2589887380599976
148,31,10850,supports_cannot,0.0026676238048821,0.0026676238048821,0.0026676238048821,0.0020779855549335,1.0,1.0,1.2837547063827517
149,16,11992,supports_cannot,0.002658630721271,0.002658630721271,0.0027253204025328,0.0053624659776687,0.8865979313850403,0.8865979313850403,0.4957850873470306
150,31,7267,supports_cannot,0.0026559855323284,0.0026559855323284,0.0028219739906489,0.0027324720285832,0.9793814420700072,0.9793814420700072,0.9720082879066468
151,19,12151,supports_cannot,0.0026555676013231,0.0026555676013231,0.0027123948093503,0.001873112283647,0.984536111354828,0.984536111354828,1.4177300930023191
152,30,1754,supports_cannot,0.0026523845735937,0.0026523845735937,0.0026523845735937,0.0019676384981721,1.0,1.0,1.3480039834976196
153,29,10790,suppresses_cannot,-0.0026497398503124,0.0026497398503124,0.0026497398503124,0.0019284195732325,0.0,1.0,1.3740473985671997
154,29,841,suppresses_cannot,-0.0026413337327539,0.0026413337327539,0.0027786628343164,0.0023509745951741,0.0154639175161719,0.984536111354828,1.1235058307647705
155,28,6596,suppresses_cannot,-0.0026286311913281,0.0026286311913281,0.0026286311913281,0.0024875176604837,0.0,1.0,1.0567286014556885
156,1,2427,supports_cannot,0.0026281450409442,0.0026281450409442,0.0028350555803626,0.0045985211618244,0.907216489315033,0.907216489315033,0.5715196132659912
157,31,5441,suppresses_cannot,-0.0026224569883197,0.0026224569883197,0.0026224569883197,0.0023205270990729,0.0,1.0,1.130112648010254
158,31,10459,supports_cannot,0.0026216604746878,0.0026216604746878,0.0026216604746878,0.0031893262639641,1.0,1.0,0.8220107555389404
159,15,8354,suppresses_cannot,-0.0026164343580603,0.0026164343580603,0.0027583143673837,0.0073181423358619,0.2010309249162674,0.7989690899848938,0.3575271070003509
160,14,1559,suppresses_cannot,-0.0026161633431911,0.0026161633431911,0.0028288203757256,0.0032534268684685,0.0618556700646877,0.938144326210022,0.8041254281997681
161,20,88,supports_cannot,0.002614306518808,0.002614306518808,0.002614306518808,0.0021608143579214,1.0,1.0,1.2098709344863892
162,31,124,suppresses_cannot,-0.00260770926252,0.00260770926252,0.00260770926252,0.0021721203811466,0.0,1.0,1.2005362510681152
163,31,10014,supports_cannot,0.0026041674427688,0.0026041674427688,0.0026041674427688,0.0023752690758556,1.0,1.0,1.096367359161377
164,19,10082,supports_cannot,0.0025899314787238,0.0025899314787238,0.0026462930254638,0.0038727899082005,0.9329897165298462,0.9329897165298462,0.6687508225440979
165,17,12927,supports_cannot,0.0025743388105183,0.0025743388105183,0.0026058198418468,0.0044740973971784,0.9793814420700072,0.9793814420700072,0.5753872990608215
166,31,11861,suppresses_cannot,-0.0025739276316016,0.0025739276316016,0.0025739276316016,0.0022991632577031,0.0,1.0,1.1195062398910522
167,23,5722,suppresses_cannot,-0.0025662686675786,0.0025662686675786,0.0025662686675786,0.0023659376893192,0.0,1.0,1.084672927856445
168,29,8508,supports_cannot,0.0025577249471098,0.0025577249471098,0.0025577249471098,0.0021831183694303,1.0,1.0,1.1715924739837646
169,26,9692,suppresses_cannot,-0.002551648998633,0.002551648998633,0.002551648998633,0.0025783281307667,0.0,1.0,0.9896525740623474
170,15,4768,suppresses_cannot,-0.002546552568674,0.002546552568674,0.0028021642938256,0.0044981059618294,0.1443298906087875,0.8556700944900513,0.5661388635635376
171,19,6804,supports_cannot,0.0025394479744136,0.0025394479744136,0.0025394479744136,0.0022397458087652,1.0,1.0,1.1338107585906982
172,20,4035,supports_cannot,0.0025336386170238,0.0025336386170238,0.0025420421734452,0.0026722659822553,0.9896907210350036,0.9896907210350036,0.9481236934661864
173,18,6431,supports_cannot,0.0025189095176756,0.0025189095176756,0.0025189095176756,0.0023393761366605,1.0,1.0,1.0767440795898438
174,31,7450,supports_cannot,0.0025135118048638,0.0025135118048638,0.0025135118048638,0.0027633744757622,1.0,1.0,0.9095805883407592
175,19,6569,suppresses_cannot,-0.0025101138744503,0.0025101138744503,0.0025103031657636,0.0026484087575227,0.0051546390168368,0.9948453903198242,0.9477819204330444
176,16,12860,supports_cannot,0.002489419421181,0.002489419421181,0.0025318430270999,0.0024660029448568,0.984536111354828,0.984536111354828,1.009495735168457
177,15,13318,suppresses_cannot,-0.0024801432155072,0.0024801432155072,0.0024856096133589,0.0022167204879224,0.0051546390168368,0.9948453903198242,1.118834376335144
178,24,8765,supports_cannot,0.0024584224447607,0.0024584224447607,0.0024584224447607,0.0029247649945318,1.0,1.0,0.8405538201332092
179,29,911,supports_cannot,0.002455927664414,0.002455927664414,0.002455927664414,0.0024525264743715,1.0,1.0,1.0013867616653442
180,13,2776,suppresses_cannot,-0.0024365752469748,0.0024365752469748,0.0024419212713837,0.0030372065957635,0.0309278350323438,0.969072163105011,0.8022421598434448
181,22,10842,supports_cannot,0.0024308813735842,0.0024308813735842,0.0024308813735842,0.0032710118684917,1.0,1.0,0.7431588172912598
182,16,9495,suppresses_cannot,-0.0024178752209991,0.0024178752209991,0.0025970775168389,0.0033111860975623,0.0309278350323438,0.969072163105011,0.7302142381668091
183,17,4802,supports_cannot,0.0024129613302648,0.0024129613302648,0.0024296359624713,0.001753483316861,0.9896907210350036,0.9896907210350036,1.37609601020813
184,18,11782,suppresses_cannot,-0.0024108751676976,0.0024108751676976,0.0025125385727733,0.0026695728302001,0.0567010305821895,0.9432989954948424,0.9030939936637878
185,12,6358,supports_cannot,0.0024070432409644,0.0024070432409644,0.0024132593534886,0.0022419556044042,0.9896907210350036,0.9896907210350036,1.0736355781555176
186,21,10170,suppresses_cannot,-0.0024068681523203,0.0024068681523203,0.0030510271899402,0.0033636467996984,0.1546391695737838,0.8453608155250549,0.7155531644821167
187,31,7104,supports_cannot,0.0023998576216399,0.0023998576216399,0.0023998576216399,0.0022314032539725,1.0,1.0,1.0754926204681396
188,28,547,supports_cannot,0.0023952268529683,0.0023952268529683,0.0023952268529683,0.0023163482546806,1.0,1.0,1.0340529680252075
189,29,4265,suppresses_cannot,-0.0023909893352538,0.0023909893352538,0.0023909893352538,0.0019808793440461,0.0,1.0,1.2070343494415283
190,29,5764,supports_cannot,0.0023900060914456,0.0023900060914456,0.0023900060914456,0.002081872196868,1.0,1.0,1.148008108139038
191,25,13289,supports_cannot,0.0023854738101363,0.0023854738101363,0.0023854738101363,0.0019780041184276,1.0,1.0,1.2060004472732544
192,24,8362,suppresses_cannot,-0.002381196944043,0.002381196944043,0.002381196944043,0.001944244839251,0.0,1.0,1.2247413396835327
193,23,9380,supports_cannot,0.0023790861014276,0.0023790861014276,0.0026836425531655,0.0029571577906608,0.9123711585998536,0.9123711585998536,0.8045178055763245
194,16,6901,suppresses_cannot,-0.0023758392781019,0.0023758392781019,0.0024623728822916,0.0031789089553058,0.0463917516171932,0.9536082744598388,0.7473756670951843
195,19,10624,supports_cannot,0.002369143301621,0.002369143301621,0.002369143301621,0.0023965998552739,1.0,1.0,0.9885435104370116
196,14,8131,suppresses_cannot,-0.002366944681853,0.002366944681853,0.0023672764655202,0.0032830403652042,0.0103092780336737,0.9896907210350036,0.7209612131118774
197,25,5676,suppresses_cannot,-0.0023637211415916,0.0023637211415916,0.0023637211415916,0.0019999553915113,0.0,1.0,1.181886911392212
198,14,4589,supports_cannot,0.002362075028941,0.002362075028941,0.0025066845118999,0.0027548978105187,0.9587628841400146,0.9587628841400146,0.8574092984199524
199,27,13519,supports_cannot,0.0023562049027532,0.0023562049027532,0.0023562049027532,0.0027255187742412,1.0,1.0,0.8644977807998657
200,21,4502,suppresses_cannot,-0.0023510234896093,0.0023510234896093,0.0023510234896093,0.0016574983019381,0.0,1.0,1.4184168577194214
201,28,435,suppresses_cannot,-0.0023492046166211,0.0023492046166211,0.0023492046166211,0.0022537347394973,0.0,1.0,1.042360782623291
202,30,2226,suppresses_cannot,-0.0023477002978324,0.0023477002978324,0.0023477002978324,0.0021833425853401,0.0,1.0,1.0752780437469482
203,16,5547,supports_cannot,0.002338389866054,0.002338389866054,0.002338389866054,0.001831927220337,1.0,1.0,1.276464343070984
204,31,12358,supports_cannot,0.0023375246673822,0.0023375246673822,0.0023375246673822,0.0019181923707947,1.0,1.0,1.218608021736145
205,28,2570,suppresses_cannot,-0.0023330806288868,0.0023330806288868,0.0023330806288868,0.0020130898337811,0.0,1.0,1.1589550971984863
206,20,5512,suppresses_cannot,-0.0023255101405084,0.0023255101405084,0.0023255101405084,0.0019942226354032,0.0,1.0,1.166123628616333
207,30,1443,supports_cannot,0.0023216758854687,0.0023216758854687,0.0023216758854687,0.0020191420335322,1.0,1.0,1.149832844734192
208,24,5048,suppresses_cannot,-0.0023170548956841,0.0023170548956841,0.0023170548956841,0.002349616959691,0.0,1.0,0.986141562461853
209,31,8345,supports_cannot,0.0023169959895312,0.0023169959895312,0.0023169959895312,0.0022911960259079,1.0,1.0,1.0112605094909668
210,14,7642,supports_cannot,0.002313433215022,0.002313433215022,0.002442417666316,0.0032122090924531,0.9278350472450256,0.9278350472450256,0.7202000617980957
211,31,2085,suppresses_cannot,-0.0023126062005758,0.0023126062005758,0.0023407640401273,0.002243764931336,0.0154639175161719,0.984536111354828,1.0306811332702637
212,31,5883,suppresses_cannot,-0.0023094846401363,0.0023094846401363,0.0023094846401363,0.0024530431255698,0.0,1.0,0.9414774179458618
213,20,11425,suppresses_cannot,-0.0023065251298248,0.0023065251298248,0.0023065251298248,0.0034917725715786,0.0,1.0,0.6605599522590637
214,27,6091,suppresses_cannot,-0.0023042147513478,0.0023042147513478,0.0023042147513478,0.0019191559404134,0.0,1.0,1.200639724731445
215,18,7152,suppresses_cannot,-0.0022918761242181,0.0022918761242181,0.0022918761242181,0.002189066959545,0.0,1.0,1.0469648838043213
216,19,7875,suppresses_cannot,-0.0022815975826233,0.0022815975826233,0.0023031055461615,0.0021753592882305,0.0206185560673475,0.9793814420700072,1.048837184906006
217,16,3598,suppresses_cannot,-0.0022730729542672,0.0022730729542672,0.0022730729542672,0.0018669930286705,0.0,1.0,1.2175047397613523
218,31,4995,supports_cannot,0.0022677343804389,0.0022677343804389,0.0022802106104791,0.0019080047495663,0.984536111354828,0.984536111354828,1.1885371208190918
219,30,3843,suppresses_cannot,-0.0022613226901739,0.0022613226901739,0.0025268988683819,0.0028344150632619,0.0360824726521968,0.9639175534248352,0.7978093028068542
220,15,7441,suppresses_cannot,-0.0022610339801758,0.0022610339801758,0.0025707618333399,0.0038265064358711,0.1237113401293754,0.876288652420044,0.5908873081207275
221,22,5804,suppresses_cannot,-0.0022585575934499,0.0022585575934499,0.0023062413092702,0.003038914874196,0.0206185560673475,0.9793814420700072,0.7432118654251099
222,24,1956,supports_cannot,0.0022490196861326,0.0022490196861326,0.0022490196861326,0.0018254318274557,1.0,1.0,1.2320480346679688
223,21,11188,suppresses_cannot,-0.0022478450555354,0.0022478450555354,0.0022741111461073,0.0048871417529881,0.0824742242693901,0.9175257682800292,0.4599508643150329
224,31,11817,suppresses_cannot,-0.0022460604086518,0.0022460604086518,0.0022460604086518,0.0024383570998907,0.0,1.0,0.9211367964744568
225,11,2963,suppresses_cannot,-0.0022430603858083,0.0022430603858083,0.0022477132733911,0.0018487876513972,0.0154639175161719,0.984536111354828,1.2132601737976074
226,29,2252,suppresses_cannot,-0.002228835131973,0.002228835131973,0.002228835131973,0.0018888032063841,0.0,1.0,1.1800251007080078
227,10,11152,suppresses_cannot,-0.0022279147524386,0.0022279147524386,0.0045333779416978,0.0077663478441536,0.4226804077625274,0.5773196220397949,0.2868677377700805
228,15,1236,supports_cannot,0.0022223806008696,0.0022223806008696,0.00225421320647,0.0026171975769102,0.9639175534248352,0.9639175534248352,0.8491451144218445
229,26,13873,suppresses_cannot,-0.0022177794016897,0.0022177794016897,0.0022177794016897,0.0024077156558632,0.0,1.0,0.9211134910583496
230,20,13350,suppresses_cannot,-0.0022126080002635,0.0022126080002635,0.0022126080002635,0.0025922458153218,0.0,1.0,0.8535487055778503
231,15,12099,suppresses_cannot,-0.0022111595608294,0.0022111595608294,0.0022111595608294,0.0017271577380597,0.0,1.0,1.2802302837371826
232,21,2485,supports_cannot,0.0022107250988483,0.0022107250988483,0.0022107250988483,0.0023799326736479,1.0,1.0,0.9289023876190186
233,22,6451,suppresses_cannot,-0.0022065418306738,0.0022065418306738,0.0022065418306738,0.0031424490734934,0.0,1.0,0.7021726369857788
234,17,11818,supports_cannot,0.0021983962506055,0.0021983962506055,0.0021983962506055,0.0017883017426356,1.0,1.0,1.2293206453323364
235,30,2049,supports_cannot,0.002197285182774,0.002197285182774,0.002197285182774,0.0019853273406624,1.0,1.0,1.106762170791626
236,31,3402,suppresses_cannot,-0.0021894592791795,0.0021894592791795,0.0021894592791795,0.0015740701928734,0.0,1.0,1.3909540176391602
237,24,10631,supports_cannot,0.0021888299379497,0.0021888299379497,0.0021888299379497,0.0021756493952125,1.0,1.0,1.0060582160949707
238,25,11171,suppresses_cannot,-0.0021857821848243,0.0021857821848243,0.0021857821848243,0.0016399540472775,0.0,1.0,1.3328313827514648
239,31,13599,supports_cannot,0.0021845630835741,0.0021845630835741,0.0021845630835741,0.0021784401033073,1.0,1.0,1.0028107166290283
240,21,5287,suppresses_cannot,-0.0021821493282914,0.0021821493282914,0.0021821493282914,0.0018904366297647,0.0,1.0,1.1543097496032717
241,31,13812,suppresses_cannot,-0.0021816135849803,0.0021816135849803,0.0021816135849803,0.0018773212796077,0.0,1.0,1.1620885133743286
242,20,4772,supports_cannot,0.0021816038060933,0.0021816038060933,0.0021816038060933,0.0016106496332213,1.0,1.0,1.3544869422912598
243,22,2958,supports_cannot,0.0021812105551362,0.0021812105551362,0.0021812105551362,0.002012271201238,1.0,1.0,1.0839545726776123
244,19,11716,suppresses_cannot,-0.0021662269718945,0.0021662269718945,0.0021662269718945,0.0013785805786028,0.0,1.0,1.5713459253311155
245,23,13369,supports_cannot,0.0021643098443746,0.0021643098443746,0.0021829900797456,0.0014377109473571,0.9896907210350036,0.9896907210350036,1.5053859949111938
246,31,3691,supports_cannot,0.0021627661772072,0.0021627661772072,0.0021627661772072,0.0017150398343801,1.0,1.0,1.2610588073730469
247,22,6781,suppresses_cannot,-0.0021602492779493,0.0021602492779493,0.0021602492779493,0.0013474775478243,0.0,1.0,1.603180170059204
248,26,10933,suppresses_cannot,-0.0021583714988082,0.0021583714988082,0.0021583714988082,0.0017173727974295,0.0,1.0,1.256786823272705
249,28,11275,supports_cannot,0.0021550089586526,0.0021550089586526,0.0021550089586526,0.001528336550109,1.0,1.0,1.4100356101989746
250,20,5957,supports_cannot,0.0021540259476751,0.0021540259476751,0.0021540259476751,0.0028358048293739,1.0,1.0,0.7595818638801575
251,20,13625,supports_cannot,0.0021517351269721,0.0021517351269721,0.0021517351269721,0.0018103584880009,1.0,1.0,1.1885684728622437
252,30,12764,supports_cannot,0.0021515188273042,0.0021515188273042,0.0021515188273042,0.0018464763415977,1.0,1.0,1.165202498435974
253,31,2549,supports_cannot,0.0021512433886528,0.0021512433886528,0.0021538981236517,0.0021664421074092,0.9948453903198242,0.9948453903198242,0.9929844737052916
254,30,10669,supports_cannot,0.0021502897143363,0.0021502897143363,0.0021502897143363,0.0018287998391315,1.0,1.0,1.1757928133010864
255,29,6141,suppresses_cannot,-0.0021473600063472,0.0021473600063472,0.0021473600063472,0.0018671872094273,0.0,1.0,1.1500507593154907
256,31,3493,supports_cannot,0.00214658328332,0.00214658328332,0.00214658328332,0.0017867315327748,1.0,1.0,1.2014023065567017
257,31,1157,suppresses_cannot,-0.0021451576612889,0.0021451576612889,0.0021451576612889,0.0019645586144179,0.0,1.0,1.0919286012649536
258,18,12745,suppresses_cannot,-0.0021448873449116,0.0021448873449116,0.0021448873449116,0.0018199761398136,0.0,1.0,1.1785249710083008
259,31,3935,suppresses_cannot,-0.0021429553162306,0.0021429553162306,0.0021429553162306,0.0019291297066956,0.0,1.0,1.1108404397964478
260,18,3876,supports_cannot,0.002141224918887,0.002141224918887,0.0021540650632232,0.0022736149840056,0.984536111354828,0.984536111354828,0.9417710900306702
261,30,11984,suppresses_cannot,-0.0021404481958597,0.0021404481958597,0.0021404481958597,0.0019427490187808,0.0,1.0,1.1017625331878662
262,0,12829,suppresses_cannot,-0.0021399382967501,0.0021399382967501,0.0029924912378191,0.0045962729491293,0.2113402038812637,0.7886598110198975,0.4655812084674835
263,19,13010,suppresses_cannot,-0.0021396714728325,0.0021396714728325,0.0021396714728325,0.0021197216119617,0.0,1.0,1.0094115734100342
264,15,12971,supports_cannot,0.002138614654541,0.002138614654541,0.002138614654541,0.0020864303223788,1.0,1.0,1.0250113010406494
265,16,8827,supports_cannot,0.0021343920379877,0.0021343920379877,0.002165499376133,0.0023449470754712,0.9896907210350036,0.9896907210350036,0.910209059715271
266,27,14327,supports_cannot,0.0021294760517776,0.0021294760517776,0.0021294760517776,0.0020017265342175,1.0,1.0,1.0638196468353271
267,14,4484,supports_cannot,0.0021284180693328,0.0021284180693328,0.0023371460847556,0.0049901446327567,0.8350515365600586,0.8350515365600586,0.4265243113040924
268,9,12002,supports_cannot,0.0021284136455506,0.0021284136455506,0.0024634741712361,0.0031844787299633,0.8969072103500366,0.8969072103500366,0.6683711409568787
269,28,3182,supports_cannot,0.0021267526317387,0.0021267526317387,0.0021267526317387,0.0016465191729366,1.0,1.0,1.2916659116744995
270,15,1706,supports_cannot,0.00212580896914,0.00212580896914,0.00212580896914,0.0023125996813178,1.0,1.0,0.9192290902137756
271,16,654,supports_cannot,0.0021233805455267,0.0021233805455267,0.0021233805455267,0.0016270487103611,1.0,1.0,1.3050503730773926
272,25,4868,suppresses_cannot,-0.0021184450015425,0.0021184450015425,0.0021184450015425,0.0019219893729314,0.0,1.0,1.1022146940231323
273,31,13271,supports_cannot,0.0021175206638872,0.0021175206638872,0.0021175206638872,0.0018389276228845,1.0,1.0,1.1514976024627686
274,18,5765,suppresses_cannot,-0.0021052483934909,0.0021052483934909,0.0021423825528472,0.0023229136131703,0.0257731955498456,0.9742268323898317,0.9062964916229248
275,20,3876,supports_cannot,0.0020998334512114,0.0020998334512114,0.0020998334512114,0.0019848644733428,1.0,1.0,1.0579228401184082
276,30,3175,supports_cannot,0.0020951635669916,0.0020951635669916,0.0020951635669916,0.0013883321080356,1.0,1.0,1.5091227293014526
277,17,5191,suppresses_cannot,-0.0020913095213472,0.0020913095213472,0.0020913095213472,0.0017012336757034,0.0,1.0,1.229290008544922
278,19,4762,supports_cannot,0.0020895118359476,0.0020895118359476,0.0021021724678575,0.0020470849703997,0.969072163105011,0.969072163105011,1.0207254886627195
279,28,5712,suppresses_cannot,-0.002089450135827,0.002089450135827,0.0020949090830981,0.0024995086714625,0.0154639175161719,0.984536111354828,0.8359443545341492
280,4,4391,supports_cannot,0.0020893628243356,0.0020893628243356,0.0020893628243356,0.0019488210091367,1.0,1.0,1.0721163749694824
281,12,5760,supports_cannot,0.0020837381016463,0.0020837381016463,0.002489712787792,0.0028766829054802,0.8505154848098755,0.8505154848098755,0.7243544459342957
282,13,8310,supports_cannot,0.0020810684654861,0.0020810684654861,0.0022560162469744,0.0024652178399264,0.8917526006698608,0.8917526006698608,0.8441722393035889
283,9,10216,suppresses_cannot,-0.0020807653199881,0.0020807653199881,0.0035265434999018,0.004795751068741,0.1958762854337692,0.8041236996650696,0.4338768422603607
284,24,6314,supports_cannot,0.0020792754366993,0.0020792754366993,0.0020792754366993,0.0025267566088587,1.0,1.0,0.8229029178619385
285,21,5297,suppresses_cannot,-0.0020747380331158,0.0020747380331158,0.002307218266651,0.0022826122585684,0.0567010305821895,0.9432989954948424,0.9089314341545104
286,31,12850,suppresses_cannot,-0.0020734157878905,0.0020734157878905,0.0020734157878905,0.001671171397902,0.0,1.0,1.2406960725784302
287,28,10999,supports_cannot,0.002072611125186,0.002072611125186,0.002072611125186,0.0018825636943802,1.0,1.0,1.1009514331817627
288,13,3822,suppresses_cannot,-0.0020695771090686,0.0020695771090686,0.0020836119074374,0.002981643890962,0.041237112134695,0.9587628841400146,0.6941060423851013
289,26,12922,suppresses_cannot,-0.0020676052663475,0.0020676052663475,0.0020676052663475,0.001461227890104,0.0,1.0,1.4149779081344604
290,27,5995,supports_cannot,0.0020667794160544,0.0020667794160544,0.0020667794160544,0.0017081861151382,1.0,1.0,1.2099263668060305
291,31,7791,supports_cannot,0.0020641444716602,0.0020641444716602,0.0020641444716602,0.0024439007975161,1.0,1.0,0.8446105718612671
292,19,10772,supports_cannot,0.0020631465595215,0.0020631465595215,0.0020631465595215,0.001688398537226,1.0,1.0,1.2219547033309937
293,30,5974,supports_cannot,0.0020588550250977,0.0020588550250977,0.0020588550250977,0.0020543322898447,1.0,1.0,1.0022015571594238
294,16,10853,suppresses_cannot,-0.002052487572655,0.002052487572655,0.0024067892227321,0.0044810646213591,0.22164948284626,0.7783505320549011,0.4580357074737549
295,28,12278,supports_cannot,0.0020432325545698,0.0020432325545698,0.0020432325545698,0.0018027490004897,1.0,1.0,1.1333982944488523
296,24,7928,supports_cannot,0.0020332532003521,0.0020332532003521,0.0020332532003521,0.0010907360119745,1.0,1.0,1.8641111850738523
297,30,1384,supports_cannot,0.0020313458517193,0.0020313458517193,0.0020313458517193,0.0016894727014005,1.0,1.0,1.202354907989502
298,28,8219,suppresses_cannot,-0.002030313713476,0.002030313713476,0.002030313713476,0.0012199294287711,0.0,1.0,1.664287805557251
299,24,8613,suppresses_cannot,-0.0020214701071381,0.0020214701071381,0.0020214701071381,0.0016156219644472,0.0,1.0,1.2512024641036987
300,23,1043,suppresses_cannot,-0.0020205900073051,0.0020205900073051,0.0020205900073051,0.0017589265480637,0.0,1.0,1.1487631797790527
301,17,7878,suppresses_cannot,-0.0020200640428811,0.0020200640428811,0.0027370108291506,0.003536774078384,0.1443298906087875,0.8556700944900513,0.5711600184440613
302,17,12441,supports_cannot,0.0020182107109576,0.0020182107109576,0.0020182107109576,0.0017109465552493,1.0,1.0,1.1795872449874878
303,27,3387,suppresses_cannot,-0.0020177951082587,0.0020177951082587,0.0020231213420629,0.0032669533975422,0.0206185560673475,0.9793814420700072,0.6176381707191467
304,29,4017,supports_cannot,0.0020165098831057,0.0020165098831057,0.0020165098831057,0.0016115682665258,1.0,1.0,1.2512717247009275
305,22,377,supports_cannot,0.0020141208078712,0.0020141208078712,0.0020141208078712,0.002225138945505,1.0,1.0,0.9051663279533386
306,25,8519,supports_cannot,0.0020134153310209,0.0020134153310209,0.002013498917222,0.0018648520344868,0.9948453903198242,0.9948453903198242,1.079664945602417
307,16,6213,supports_cannot,0.0020121347624808,0.0020121347624808,0.0020121347624808,0.0017504028510302,1.0,1.0,1.1495267152786257
308,31,3743,suppresses_cannot,-0.0020065405406057,0.0020065405406057,0.0020065405406057,0.0017615909455344,0.0,1.0,1.1390502452850342
309,23,5263,suppresses_cannot,-0.0020040040835738,0.0020040040835738,0.0020040040835738,0.0020145794842392,0.0,1.0,0.9947505593299866
310,19,29,suppresses_cannot,-0.0019971821457147,0.0019971821457147,0.0019971821457147,0.0019365703919902,0.0,1.0,1.0312985181808472
311,26,8722,supports_cannot,0.00199376931414,0.00199376931414,0.00199376931414,0.0016586116980761,1.0,1.0,1.202071189880371
312,15,13269,suppresses_cannot,-0.001991745783016,0.001991745783016,0.0020816614851355,0.0022430105600506,0.0360824726521968,0.9639175534248352,0.8879787921905518
313,21,1653,supports_cannot,0.0019870542455464,0.0019870542455464,0.0019870542455464,0.0015716085908934,1.0,1.0,1.2643442153930664
314,26,2589,suppresses_cannot,-0.0019867985974997,0.0019867985974997,0.0020167655311524,0.0010479197371751,0.0103092780336737,0.9896907210350036,1.895945429801941
315,15,5095,supports_cannot,0.0019810372032225,0.0019810372032225,0.0019810372032225,0.002475063316524,1.0,1.0,0.800398588180542
316,23,12110,supports_cannot,0.0019755116663873,0.0019755116663873,0.0019755116663873,0.0015095786657184,1.0,1.0,1.3086509704589844
317,14,12198,suppresses_cannot,-0.0019736848771572,0.0019736848771572,0.0019741500727832,0.0033302542287856,0.0103092780336737,0.9896907210350036,0.5926529169082642
318,16,104,supports_cannot,0.0019720608834177,0.0019720608834177,0.0019720608834177,0.0014927752781659,1.0,1.0,1.3210701942443848
319,21,8760,suppresses_cannot,-0.0019712627399712,0.0019712627399712,0.0019866884686052,0.0016283934237435,0.0154639175161719,0.984536111354828,1.2105567455291748
320,27,4121,supports_cannot,0.0019667418673634,0.0019667418673634,0.0019667418673634,0.0020974979270249,1.0,1.0,0.9376609325408936
321,26,3004,suppresses_cannot,-0.0019641364924609,0.0019641364924609,0.0019641364924609,0.0013140767114236,0.0,1.0,1.4946893453598022
322,25,1907,suppresses_cannot,-0.0019588470458984,0.0019588470458984,0.0019588470458984,0.0013055704766884,0.0,1.0,1.5003763437271118
323,20,6776,supports_cannot,0.0019550477154552,0.0019550477154552,0.0019852076657116,0.002981231547892,0.938144326210022,0.938144326210022,0.6557852625846863
324,31,8254,supports_cannot,0.0019517190521582,0.0019517190521582,0.0019517190521582,0.0014268954982981,1.0,1.0,1.3678079843521118
325,26,8427,suppresses_cannot,-0.0019496544264256,0.0019496544264256,0.0019496544264256,0.0013925925595685,0.0,1.0,1.4000178575515747
326,18,13518,suppresses_cannot,-0.0019481255440041,0.0019481255440041,0.0019674743525683,0.0023088343441486,0.0103092780336737,0.9896907210350036,0.8437701463699341
327,29,13885,supports_cannot,0.0019412348046898,0.0019412348046898,0.0019490214763209,0.0016613175394013,0.9948453903198242,0.9948453903198242,1.1684911251068115
328,31,1997,suppresses_cannot,-0.0019343268359079,0.0019343268359079,0.0019343268359079,0.0020416257902979,0.0,1.0,0.9474443793296814
329,17,6950,supports_cannot,0.0019328717608004,0.0019328717608004,0.0019328717608004,0.0011886048596352,1.0,1.0,1.6261684894561768
330,16,5924,suppresses_cannot,-0.0019326735055074,0.0019326735055074,0.0019444408826529,0.0027116716373711,0.0309278350323438,0.969072163105011,0.7127240300178528
331,17,1858,suppresses_cannot,-0.0019300272688269,0.0019300272688269,0.0019300272688269,0.0019441437907516,0.0,1.0,0.992738962173462
332,15,6063,suppresses_cannot,-0.0019292634679004,0.0019292634679004,0.0019292634679004,0.0019206354627385,0.0,1.0,1.0044922828674316
333,22,9978,suppresses_cannot,-0.0019291418138891,0.0019291418138891,0.0019294023513793,0.0033633750863373,0.0103092780336737,0.9896907210350036,0.5735731720924377
334,25,8858,suppresses_cannot,-0.0019287817412987,0.0019287817412987,0.0019287817412987,0.0021805050782859,0.0,1.0,0.88455730676651
335,31,12222,supports_cannot,0.0019277395913377,0.0019277395913377,0.0019277395913377,0.001629322185181,1.0,1.0,1.1831543445587158
336,31,4096,supports_cannot,0.001926235272549,0.001926235272549,0.001926235272549,0.0013341592857614,1.0,1.0,1.443782091140747
337,31,12423,supports_cannot,0.001923541422002,0.001923541422002,0.001923541422002,0.001630168640986,1.0,1.0,1.1799646615982056
338,31,39,suppresses_cannot,-0.0019205624703317,0.0019205624703317,0.0019205624703317,0.0016165071865543,0.0,1.0,1.1880940198898315
339,25,11921,supports_cannot,0.0019197366200387,0.0019197366200387,0.0019353984389454,0.0015715779736638,0.984536111354828,0.984536111354828,1.2215344905853271
340,31,8489,supports_cannot,0.0019192843465134,0.0019192843465134,0.0019193040207028,0.0013177031651139,0.9948453903198242,0.9948453903198242,1.4565377235412598
341,20,12254,suppresses_cannot,-0.0019147519487887,0.0019147519487887,0.0019147519487887,0.0016680911649018,0.0,1.0,1.1478700637817385
342,15,9296,suppresses_cannot,-0.0019143294775858,0.0019143294775858,0.0019442349439486,0.0032285863999277,0.0824742242693901,0.9175257682800292,0.5929311513900757
343,24,5463,suppresses_cannot,-0.0019139604410156,0.0019139604410156,0.0019139604410156,0.00218509696424,0.0,1.0,0.8759155869483948
344,25,6384,suppresses_cannot,-0.0019128446001559,0.0019128446001559,0.0019138178322464,0.0018053761450573,0.0051546390168368,0.9948453903198242,1.0595269203186035
345,15,5367,supports_cannot,0.0019100327044725,0.0019100327044725,0.0019100327044725,0.0015333532355725,1.0,1.0,1.2456573247909546
346,15,764,supports_cannot,0.0019098483026027,0.0019098483026027,0.0019098483026027,0.001769452006556,1.0,1.0,1.0793445110321045
347,29,10815,supports_cannot,0.0019080860074609,0.0019080860074609,0.0019080860074609,0.0016461369814351,1.0,1.0,1.1591295003890991
348,31,14304,supports_cannot,0.0019078599289059,0.0019078599289059,0.0019078599289059,0.0014790758723393,1.0,1.0,1.2898999452590942
349,29,12400,suppresses_cannot,-0.0019055887823924,0.0019055887823924,0.0019055887823924,0.0011859440710395,0.0,1.0,1.6068116426467896
350,30,13943,supports_cannot,0.0019046055385842,0.0019046055385842,0.0019046055385842,0.001601239782758,1.0,1.0,1.189456820487976
351,31,11222,suppresses_cannot,-0.0019009679090231,0.0019009679090231,0.0019009679090231,0.0015831558266654,0.0,1.0,1.200745940208435
352,30,2614,supports_cannot,0.0019004663918167,0.0019004663918167,0.0019004663918167,0.0014399675419554,1.0,1.0,1.3197981119155884
353,18,13165,suppresses_cannot,-0.0018997966544702,0.0018997966544702,0.001907251542434,0.0011712745763361,0.0206185560673475,0.9793814420700072,1.6219907999038696
354,17,13012,suppresses_cannot,-0.0018991576507687,0.0018991576507687,0.001899681170471,0.0021777176298201,0.0051546390168368,0.9948453903198242,0.8720862865447998
355,29,13822,suppresses_cannot,-0.0018978979205712,0.0018978979205712,0.0018978979205712,0.00140313396696,0.0,1.0,1.3526134490966797
356,26,7068,supports_cannot,0.0018957915017381,0.0018957915017381,0.0018957915017381,0.0014262779150158,1.0,1.0,1.3291879892349243
357,24,6802,suppresses_cannot,-0.0018938988214358,0.0018938988214358,0.0018938988214358,0.0020376725587993,0.0,1.0,0.9294421672821044
358,16,11949,supports_cannot,0.0018897671252489,0.0018897671252489,0.0018897671252489,0.0023891744203865,1.0,1.0,0.7909707427024841
359,28,1870,supports_cannot,0.0018866037717089,0.0018866037717089,0.0018866037717089,0.0011686813086271,1.0,1.0,1.614301323890686
360,31,12606,supports_cannot,0.0018858712865039,0.0018858712865039,0.0018858712865039,0.0021788254380226,1.0,1.0,0.8655449151992798
361,27,13732,supports_cannot,0.0018842441495507,0.0018842441495507,0.0018842441495507,0.0018579899333417,1.0,1.0,1.014130473136902
362,19,11795,supports_cannot,0.0018808423774316,0.0018808423774316,0.0018808423774316,0.0013287812471389,1.0,1.0,1.4154642820358276
363,31,13245,supports_cannot,0.001877543865703,0.001877543865703,0.001877543865703,0.0022232271730899,1.0,1.0,0.8445128202438354
364,31,11691,supports_cannot,0.0018772046314552,0.0018772046314552,0.0018772046314552,0.0018588772509247,1.0,1.0,1.009859323501587
365,19,9739,supports_cannot,0.0018694351892918,0.0018694351892918,0.0018694351892918,0.001771488925442,1.0,1.0,1.0552903413772583
366,27,12821,supports_cannot,0.001869024708867,0.001869024708867,0.001869024708867,0.001495853299275,1.0,1.0,1.249470591545105
367,28,5784,supports_cannot,0.0018671468133106,0.0018671468133106,0.0018671468133106,0.0013736523687839,1.0,1.0,1.3592571020126345
368,22,2425,suppresses_cannot,-0.0018666945397853,0.0018666945397853,0.0018714137841016,0.0028776924591511,0.0051546390168368,0.9948453903198242,0.6486775875091553
369,25,4293,supports_cannot,0.0018659867346286,0.0018659867346286,0.0018659867346286,0.0019631027244031,1.0,1.0,0.9505293369293212
370,31,10100,suppresses_cannot,-0.0018653771840035,0.0018653771840035,0.0020114760845899,0.0015914941905066,0.0309278350323438,0.969072163105011,1.172091722488403
371,31,5553,supports_cannot,0.0018650576239451,0.0018650576239451,0.0018650576239451,0.0018618335016071,1.0,1.0,1.0017316341400146
372,31,12889,suppresses_cannot,-0.001864856109023,0.001864856109023,0.001864856109023,0.001671093632467,0.0,1.0,1.1159495115280151
373,30,12996,suppresses_cannot,-0.0018590947147458,0.0018590947147458,0.0018590947147458,0.0018109636148437,0.0,1.0,1.0265775918960571
374,31,9628,suppresses_cannot,-0.0018577477894723,0.0018577477894723,0.0018577477894723,0.0016243930440396,0.0,1.0,1.143656611442566
375,19,629,supports_cannot,0.0018570785177871,0.0018570785177871,0.0018667468102648,0.002991687040776,0.9587628841400146,0.9587628841400146,0.6207462549209595
376,19,11092,supports_cannot,0.0018547466024756,0.0018547466024756,0.0018547466024756,0.0018661671783775,1.0,1.0,0.9938802123069764
377,18,4228,suppresses_cannot,-0.0018545818747952,0.0018545818747952,0.0018545818747952,0.001699436455965,0.0,1.0,1.0912922620773315
378,12,7966,supports_cannot,0.0018530943198129,0.0018530943198129,0.0019660205580294,0.0019266011659055,0.9278350472450256,0.9278350472450256,0.9618463516235352
379,18,4534,suppresses_cannot,-0.00185291422531,0.00185291422531,0.0019675714429467,0.0015110016101971,0.0618556700646877,0.938144326210022,1.2262821197509766
380,19,1479,supports_cannot,0.001845322898589,0.001845322898589,0.0018507894128561,0.0021713154856115,0.9948453903198242,0.9948453903198242,0.8498640060424805
381,17,13031,suppresses_cannot,-0.0018427544273436,0.0018427544273436,0.0018427544273436,0.0017334853764623,0.0,1.0,1.0630342960357666
382,31,4786,suppresses_cannot,-0.0018427298637107,0.0018427298637107,0.0018427298637107,0.0018130409298464,0.0,1.0,1.016375184059143
383,17,9331,suppresses_cannot,-0.0018377206288278,0.0018377206288278,0.0018377206288278,0.0015285745030269,0.0,1.0,1.202244758605957
384,25,9489,supports_cannot,0.001837418298237,0.001837418298237,0.0018381212139502,0.0013781141024082,0.9948453903198242,0.9948453903198242,1.333284616470337
385,24,684,supports_cannot,0.0018354199128225,0.0018354199128225,0.0018354199128225,0.0016863886266946,1.0,1.0,1.088373064994812
386,19,6090,suppresses_cannot,-0.0018352577462792,0.0018352577462792,0.0018352577462792,0.0015979149611666,0.0,1.0,1.148532748222351
387,19,5488,suppresses_cannot,-0.0018262958619743,0.0018262958619743,0.0018318274524062,0.0020109403412789,0.0206185560673475,0.9793814420700072,0.908180058002472
388,28,459,suppresses_cannot,-0.0018244280945509,0.0018244280945509,0.0018244280945509,0.001469884882681,0.0,1.0,1.2412047386169434
389,28,4077,suppresses_cannot,-0.001819304539822,0.001819304539822,0.0018201697384938,0.0012630965793505,0.0051546390168368,0.9948453903198242,1.4403526782989502
390,18,290,supports_cannot,0.0018189291004091,0.0018189291004091,0.0022347273770719,0.0022890290711075,0.8969072103500366,0.8969072103500366,0.7946290969848633
391,31,1418,suppresses_cannot,-0.0018167889211326,0.0018167889211326,0.0018167889211326,0.0016303359298035,0.0,1.0,1.114364743232727
392,31,6424,suppresses_cannot,-0.0018125022761523,0.0018125022761523,0.0018125022761523,0.0016509147826582,0.0,1.0,1.0978775024414062
393,20,436,supports_cannot,0.0018115369603037,0.0018115369603037,0.0018709731521084,0.0022087777033448,0.9278350472450256,0.9278350472450256,0.8201535940170288
394,21,6243,suppresses_cannot,-0.0018093856051564,0.0018093856051564,0.0018093856051564,0.0020300897303968,0.0,1.0,0.8912835717201233
395,20,5771,supports_cannot,0.0018084516050294,0.0018084516050294,0.0018407953903079,0.0022951301652938,0.9742268323898317,0.9742268323898317,0.787951648235321
396,29,4928,supports_cannot,0.0018056250410154,0.0018056250410154,0.001806765445508,0.0026655232068151,0.9948453903198242,0.9948453903198242,0.6773998737335205
397,19,7437,suppresses_cannot,-0.0018053380772471,0.0018053380772471,0.0018290558364242,0.0013254771474748,0.0103092780336737,0.9896907210350036,1.3620288372039795
398,20,9634,suppresses_cannot,-0.0018033538945019,0.0018033538945019,0.0018433885416015,0.002214680192992,0.0103092780336737,0.9896907210350036,0.8142728209495544
399,12,13954,supports_cannot,0.0018003343138843,0.0018003343138843,0.0018469464266672,0.0015941601013764,0.9742268323898317,0.9742268323898317,1.12933087348938
400,21,5307,suppresses_cannot,-0.001794736366719,0.001794736366719,0.001794736366719,0.0017377932090312,0.0,1.0,1.0327675342559814
401,29,8873,supports_cannot,0.0017925144638866,0.0017925144638866,0.0017925144638866,0.0012776681687682,1.0,1.0,1.402957797050476
402,27,13710,supports_cannot,0.0017902236431837,0.0017902236431837,0.0017902236431837,0.0019692934583872,1.0,1.0,0.909069001674652
403,28,9431,suppresses_cannot,-0.0017885228153318,0.0017885228153318,0.0017885228153318,0.0014914352213963,0.0,1.0,1.1991957426071167
404,23,5473,suppresses_cannot,-0.0017880705418065,0.0017880705418065,0.0017880705418065,0.0013973758323118,0.0,1.0,1.279591679573059
405,31,9922,suppresses_cannot,-0.0017871168674901,0.0017871168674901,0.0017871168674901,0.0015678311465308,0.0,1.0,1.1398656368255615
406,31,10514,supports_cannot,0.0017811686266213,0.0017811686266213,0.0017811686266213,0.0015475330874323,1.0,1.0,1.150972843170166
407,14,2015,suppresses_cannot,-0.0017808731645345,0.0017808731645345,0.0017853956669569,0.0045248405076563,0.0051546390168368,0.9948453903198242,0.3935770094394684
408,30,2549,supports_cannot,0.0017769361147657,0.0017769361147657,0.0017769361147657,0.0018134899437427,1.0,1.0,0.9798433780670166
409,31,5603,supports_cannot,0.0017755136359483,0.0017755136359483,0.0017888232832774,0.0023574857041239,0.9536082744598388,0.9536082744598388,0.7531386613845825
410,21,3002,suppresses_cannot,-0.0017721701879054,0.0017721701879054,0.0017721701879054,0.0013931380817666,0.0,1.0,1.2720707654953003
411,27,932,supports_cannot,0.0017715237336233,0.0017715237336233,0.0017715237336233,0.0013198250671848,1.0,1.0,1.342241287231445
412,26,7419,suppresses_cannot,-0.0017714746063575,0.0017714746063575,0.0017714746063575,0.0014261557953432,0.0,1.0,1.242132544517517
413,19,9759,supports_cannot,0.0017697245348244,0.0017697245348244,0.0017697245348244,0.0019712659996002,1.0,1.0,0.8977603912353516
414,31,12930,supports_cannot,0.0017667307984083,0.0017667307984083,0.0017667307984083,0.0013895124429836,1.0,1.0,1.271475315093994
415,27,40,supports_cannot,0.0017659540753811,0.0017659540753811,0.0017659540753811,0.0019050367409363,1.0,1.0,0.926992118358612
416,21,9236,suppresses_cannot,-0.0017588605405762,0.0017588605405762,0.0017588605405762,0.001371658174321,0.0,1.0,1.282287836074829
417,16,7051,suppresses_cannot,-0.0017587130423635,0.0017587130423635,0.0017826238181442,0.0018687411211431,0.0103092780336737,0.9896907210350036,0.9411218166351318
418,29,314,supports_cannot,0.0017586320172995,0.0017586320172995,0.0017586320172995,0.0016296472167596,1.0,1.0,1.0791488885879517
419,21,13134,supports_cannot,0.0017569728661328,0.0017569728661328,0.0017569728661328,0.0015529588563367,1.0,1.0,1.1313711404800415
420,19,10739,suppresses_cannot,-0.0017561863642185,0.0017561863642185,0.0017561863642185,0.0023709165398031,0.0,1.0,0.7407204508781433
421,30,5612,supports_cannot,0.0017550016054883,0.0017550016054883,0.0018525025807321,0.0014513453934341,0.9484536051750184,0.9484536051750184,1.209223985671997
422,17,11833,supports_cannot,0.0017528878524899,0.0017528878524899,0.0017807410331442,0.0017244090558961,0.9793814420700072,0.9793814420700072,1.0165151357650757
423,30,5689,supports_cannot,0.0017505822470411,0.0017505822470411,0.0017505822470411,0.0015642940998077,1.0,1.0,1.1190876960754397
424,17,10460,supports_cannot,0.0017501290421932,0.0017501290421932,0.0023818609770387,0.0035900399088859,0.7268041372299194,0.7268041372299194,0.4874957203865051
425,30,8562,supports_cannot,0.0017486503347754,0.0017486503347754,0.0017486503347754,0.0016718531260266,1.0,1.0,1.0459353923797607
426,29,6863,suppresses_cannot,-0.0017451158491894,0.0017451158491894,0.0017451158491894,0.0019615336786955,0.0,1.0,0.8896690607070923
427,21,7892,supports_cannot,0.0017446144483983,0.0017446144483983,0.0017446144483983,0.0011717699235305,1.0,1.0,1.4888712167739868
428,31,9360,suppresses_cannot,-0.0017421466764062,0.0017421466764062,0.0017421466764062,0.0014766519889235,0.0,1.0,1.1797950267791748
429,31,2012,supports_cannot,0.0017420533113181,0.0017420533113181,0.0017427316633984,0.0019825233612209,0.9948453903198242,0.9948453903198242,0.8787050843238831
430,12,8459,suppresses_cannot,-0.0017405045218765,0.0017405045218765,0.0018343239789828,0.0040528858080506,0.159793809056282,0.8402062058448792,0.4294481873512268
431,15,3580,suppresses_cannot,-0.0017371792346239,0.0017371792346239,0.0049042627215385,0.0085489824414253,0.2422680407762527,0.7577319741249084,0.2032030373811721
432,16,12125,suppresses_cannot,-0.0017370514106005,0.0017370514106005,0.0017390742432326,0.0025429823435842,0.0103092780336737,0.9896907210350036,0.6830765008926392
433,31,13741,suppresses_cannot,-0.0017328667454421,0.0017328667454421,0.0018318362999707,0.0021914662793278,0.0721649453043937,0.9278350472450256,0.7907339334487915
434,24,7804,suppresses_cannot,-0.0017283281777054,0.0017283281777054,0.0017283281777054,0.0017655721167102,0.0,1.0,0.978905439376831
435,30,10521,supports_cannot,0.0017270747339352,0.0017270747339352,0.0017270747339352,0.0017080198740586,1.0,1.0,1.0111560821533203
436,12,8951,suppresses_cannot,-0.0017266550567001,0.0017266550567001,0.0019703765865415,0.0020521152764558,0.0927835032343864,0.907216489315033,0.8414025902748108
437,25,4565,supports_cannot,0.0017260571476072,0.0017260571476072,0.0018999257590621,0.0026325616054236,0.8969072103500366,0.8969072103500366,0.6556568741798401
438,21,8624,supports_cannot,0.0017193027306348,0.0017193027306348,0.0017193027306348,0.0014860724331811,1.0,1.0,1.1569441556930542
439,30,4614,suppresses_cannot,-0.0017143770819529,0.0017143770819529,0.0017143770819529,0.0023533659987151,0.0,1.0,0.728478729724884
440,28,12031,suppresses_cannot,-0.0017115357331931,0.0017115357331931,0.0017115357331931,0.0013160740491002,0.0,1.0,1.3004858493804932
441,30,3786,suppresses_cannot,-0.0017112063942477,0.0017112063942477,0.0017112063942477,0.0011274382704868,0.0,1.0,1.5177828073501587
442,19,484,supports_cannot,0.0017095496878027,0.0017095496878027,0.0017095496878027,0.0019361214945092,1.0,1.0,0.8829764723777771
443,20,1788,suppresses_cannot,-0.0017093875212594,0.0017093875212594,0.0017093875212594,0.0013191243633627,0.0,1.0,1.295850157737732
444,29,142,suppresses_cannot,-0.0017077504890039,0.0017077504890039,0.0017667603679001,0.0008949046605266,0.0103092780336737,0.9896907210350036,1.9083043336868288
445,17,179,suppresses_cannot,-0.0017042896943166,0.0017042896943166,0.0017042896943166,0.0019509830744937,0.0,1.0,0.8735543489456177
446,17,10757,suppresses_cannot,-0.0017042700201272,0.0017042700201272,0.0017042700201272,0.0013471590355038,0.0,1.0,1.2650845050811768
447,25,2849,suppresses_cannot,-0.0017003177199512,0.0017003177199512,0.0017003177199512,0.0012932050740346,0.0,1.0,1.3148090839385986
448,18,13570,supports_cannot,0.0016995705664157,0.0016995705664157,0.0016995705664157,0.0018531561363488,1.0,1.0,0.9171221852302552
449,31,5565,suppresses_cannot,-0.0016931454883888,0.0016931454883888,0.0016931454883888,0.0015341428807005,0.0,1.0,1.1036425828933716
450,22,7977,supports_cannot,0.0016883697826415,0.0016883697826415,0.0016883697826415,0.001505727530457,1.0,1.0,1.1212983131408691
451,24,6847,supports_cannot,0.0016880526673048,0.0016880526673048,0.0016880526673048,0.0015493066748604,1.0,1.0,1.0895535945892334
452,31,12917,suppresses_cannot,-0.0016867351951077,0.0016867351951077,0.0016867351951077,0.0013001183979213,0.0,1.0,1.297370433807373
453,16,10820,supports_cannot,0.0016831712564453,0.0016831712564453,0.0016831712564453,0.0017606420442461,1.0,1.0,0.9559985399246216
454,30,2450,supports_cannot,0.0016830975655466,0.0016830975655466,0.0016830975655466,0.0018367030424997,1.0,1.0,0.9163689017295836
455,15,6692,supports_cannot,0.0016822277102619,0.0016822277102619,0.0016868326347321,0.0032236073166131,0.9742268323898317,0.9742268323898317,0.521846354007721
456,31,8214,suppresses_cannot,-0.0016818391159176,0.0016818391159176,0.0016818391159176,0.0014164922758936,0.0,1.0,1.1873266696929932
457,20,133,supports_cannot,0.0016813720576465,0.0016813720576465,0.0017588236369192,0.0016627040458843,0.969072163105011,0.969072163105011,1.0112274885177612
458,27,8242,supports_cannot,0.001681052497588,0.001681052497588,0.001681052497588,0.0012519506271928,1.0,1.0,1.342746615409851
459,31,2474,supports_cannot,0.0016775131225585,0.0016775131225585,0.0016775131225585,0.0021715897601097,1.0,1.0,0.7724816203117371
460,16,1575,supports_cannot,0.0016743767773732,0.0016743767773732,0.0016743767773732,0.001243001082912,1.0,1.0,1.347043752670288
461,30,11097,suppresses_cannot,-0.0016730986535549,0.0016730986535549,0.0016730986535549,0.0018359938403591,0.0,1.0,0.9112768173217772
462,29,8993,suppresses_cannot,-0.0016697706887498,0.0016697706887498,0.0016895225271582,0.0010113650932908,0.0103092780336737,0.9896907210350036,1.651006817817688
463,26,4692,suppresses_cannot,-0.0016675979131832,0.0016675979131832,0.0016675979131832,0.0014856134075671,0.0,1.0,1.1224979162216189
464,20,9928,suppresses_cannot,-0.0016666257288306,0.0016666257288306,0.0018547527724877,0.00190607807599,0.0670103058218956,0.9329897165298462,0.8743743300437927
465,31,3034,suppresses_cannot,-0.0016644812421873,0.0016644812421873,0.0016644812421873,0.0014357446925714,0.0,1.0,1.159315586090088
466,29,10165,suppresses_cannot,-0.0016636750660836,0.0016636750660836,0.0016636750660836,0.001763156033121,0.0,1.0,0.9435778856277466
467,0,10902,supports_cannot,0.0016606498975306,0.0016606498975306,0.0017046111170202,0.0021715490147471,0.9432989954948424,0.9432989954948424,0.7647305727005005
468,31,6266,suppresses_cannot,-0.0016597816720604,0.0016597816720604,0.0016597816720604,0.0015424778684973,0.0,1.0,1.0760489702224731
469,9,9439,supports_cannot,0.0016592304455116,0.0016592304455116,0.0021813672501593,0.0082016168162226,0.561855673789978,0.561855673789978,0.2023052871227264
470,30,5950,suppresses_cannot,-0.0016554950270801,0.0016554950270801,0.0016554950270801,0.0022897515445947,0.0,1.0,0.723002016544342
471,27,9862,supports_cannot,0.001654875697568,0.001654875697568,0.001654875697568,0.0015745714772492,1.0,1.0,1.051000714302063
472,27,3739,suppresses_cannot,-0.0016521891811862,0.0016521891811862,0.0016521891811862,0.0015681163640692,0.0,1.0,1.0536139011383057
473,30,10348,suppresses_cannot,-0.0016488144174218,0.0016488144174218,0.0016488144174218,0.0014462581602856,0.0,1.0,1.1400554180145264
474,22,13657,supports_cannot,0.0016481900820508,0.0016481900820508,0.0016481900820508,0.0016297345282509,1.0,1.0,1.0113242864608765
475,28,8272,supports_cannot,0.0016464056679978,0.0016464056679978,0.0016464056679978,0.0018386519514024,1.0,1.0,0.8954417109489441
476,19,3480,suppresses_cannot,-0.0016412808327004,0.0016412808327004,0.0016412808327004,0.0018843229627236,0.0,1.0,0.8710188269615173
477,27,4114,suppresses_cannot,-0.0016406245995312,0.0016406245995312,0.0016406245995312,0.0013718212721869,0.0,1.0,1.1959463357925415
478,21,3593,suppresses_cannot,-0.0016367411008104,0.0016367411008104,0.0016367411008104,0.0010086353868246,0.0,1.0,1.6227282285690308
479,24,9705,supports_cannot,0.0016362790483981,0.0016362790483981,0.0016362790483981,0.001467469963245,1.0,1.0,1.115034103393555
480,16,6127,supports_cannot,0.0016340669244527,0.0016340669244527,0.0016340669244527,0.0012660229112952,1.0,1.0,1.2907087802886963
481,25,3650,supports_cannot,0.0016326510813087,0.0016326510813087,0.0016326510813087,0.0018771449103951,1.0,1.0,0.8697522878646851
482,21,1832,supports_cannot,0.0016323168529197,0.0016323168529197,0.0016323168529197,0.0013176546199247,1.0,1.0,1.238804817199707
483,18,5590,supports_cannot,0.0016285512829199,0.0016285512829199,0.0016285512829199,0.0017613132949918,1.0,1.0,0.9246233105659484
484,29,13368,supports_cannot,0.0016278384719043,0.0016278384719043,0.0016278384719043,0.0012759318342432,1.0,1.0,1.2758036851882937
485,29,3783,suppresses_cannot,-0.0016234584618359,0.0016234584618359,0.0016234584618359,0.0015742735704407,0.0,1.0,1.0312429666519165
486,29,2914,supports_cannot,0.0016217643860727,0.0016217643860727,0.0017913377378135,0.0030625639483332,0.876288652420044,0.876288652420044,0.5295446515083313
487,31,10620,suppresses_cannot,-0.0016149048460647,0.0016149048460647,0.0016149048460647,0.0012925263727083,0.0,1.0,1.2494173049926758
488,19,10070,suppresses_cannot,-0.0016136267222464,0.0016136267222464,0.0016136267222464,0.0011703487252816,0.0,1.0,1.3787572383880615
489,16,9987,suppresses_cannot,-0.0016110379947349,0.0016110379947349,0.0016193420160561,0.0030781370587646,0.0257731955498456,0.9742268323898317,0.5233808755874634
490,17,4581,supports_cannot,0.0016075473977252,0.0016075473977252,0.001659229514189,0.0016493056900799,0.938144326210022,0.938144326210022,0.974681317806244
491,19,9793,supports_cannot,0.0016059948829934,0.0016059948829934,0.0016065012896433,0.0015420203562825,0.9948453903198242,0.9948453903198242,1.041487455368042
492,29,3311,suppresses_cannot,-0.0016046897508203,0.0016046897508203,0.0016046897508203,0.0010034764418378,0.0,1.0,1.5991305112838743
493,24,5102,supports_cannot,0.0016030472470447,0.0016030472470447,0.0020545911975204,0.0039181970059871,0.7989690899848938,0.7989690899848938,0.4091288149356842
494,28,14332,supports_cannot,0.0016021335031837,0.0016021335031837,0.0016021335031837,0.0013835589634254,1.0,1.0,1.157979965209961
495,31,4983,supports_cannot,0.0016020843759179,0.0016020843759179,0.0016020843759179,0.0016581255476921,1.0,1.0,0.9662020802497864
496,17,4209,suppresses_cannot,-0.001600130344741,0.001600130344741,0.0017696090508252,0.0014935637591406,0.0567010305821895,0.9432989954948424,1.0713505744934082
497,29,12938,supports_cannot,0.0015991103136911,0.0015991103136911,0.0015991103136911,0.0012366478331387,1.0,1.0,1.2931008338928225
498,11,3621,supports_cannot,0.0015968600055202,0.0015968600055202,0.001599020557478,0.0011918604141101,0.9896907210350036,0.9896907210350036,1.3398045301437378
499,14,8913,supports_cannot,0.0015958393923938,0.0015958393923938,0.001609164988622,0.002623438835144,0.9639175534248352,0.9639175534248352,0.6083005666732788
500,25,4812,suppresses_cannot,-0.0015947646461427,0.0015947646461427,0.0015947646461427,0.0015297573991119,0.0,1.0,1.0424951314926147
501,27,6455,suppresses_cannot,-0.0015944156330078,0.0015944156330078,0.0015944156330078,0.0012328576995059,0.0,1.0,1.2932682037353516
502,27,14126,suppresses_cannot,-0.0015925377374514,0.0015925377374514,0.0015925377374514,0.0014294300926849,0.0,1.0,1.1141067743301392
503,12,6776,suppresses_cannot,-0.0015923043247312,0.0015923043247312,0.0015940739540383,0.0016426775837317,0.0103092780336737,0.9896907210350036,0.9693346619606018
504,29,7959,supports_cannot,0.0015919478610157,0.0015919478610157,0.0015919478610157,0.0012404692824929,1.0,1.0,1.2833431959152222
505,29,12090,supports_cannot,0.0015886788023635,0.0015886788023635,0.0015886788023635,0.0013533442979678,1.0,1.0,1.1738910675048828
506,22,8713,supports_cannot,0.0015843872679397,0.0015843872679397,0.0015843872679397,0.001163245178759,1.0,1.0,1.362040638923645
507,14,6382,supports_cannot,0.0015821591950953,0.0015821591950953,0.001590417814441,0.0015865303575992,0.9896907210350036,0.9896907210350036,0.9972448348999025
508,15,12319,suppresses_cannot,-0.0015820763073861,0.0015820763073861,0.0015864943852648,0.0029440091457217,0.0154639175161719,0.984536111354828,0.5373883843421936
509,30,11920,suppresses_cannot,-0.0015814832877367,0.0015814832877367,0.001661360845901,0.003074558917433,0.1030927821993827,0.8969072103500366,0.5143772959709167
510,27,10884,supports_cannot,0.0015799680259078,0.0015799680259078,0.0015799680259078,0.0016311137005686,1.0,1.0,0.9686437249183656
511,28,6412,supports_cannot,0.0015795796643942,0.0015795796643942,0.0015795796643942,0.0012914084363728,1.0,1.0,1.2231448888778689
512,25,13395,supports_cannot,0.0015781343681737,0.0015781343681737,0.0015781343681737,0.0013798850122839,1.0,1.0,1.143670916557312
513,14,9411,suppresses_cannot,-0.0015733819454908,0.0015733819454908,0.0015733819454908,0.0016669312026351,0.0,1.0,0.9438793659210204
514,26,5979,supports_cannot,0.0015716847265139,0.0015716847265139,0.0015716847265139,0.0017760634655132,1.0,1.0,0.8849260210990906
515,10,8238,supports_cannot,0.0015714844921603,0.0015714844921603,0.001683312584646,0.0019295519450679,0.907216489315033,0.907216489315033,0.814429759979248
516,24,12919,supports_cannot,0.0015705049736425,0.0015705049736425,0.0015705049736425,0.0011371442815288,1.0,1.0,1.3810956478118896
517,31,12776,suppresses_cannot,-0.0015696103218942,0.0015696103218942,0.0015696103218942,0.0013898351462557,0.0,1.0,1.129349946975708
518,24,5249,supports_cannot,0.0015692613087594,0.0015692613087594,0.0015692613087594,0.0011063242563977,1.0,1.0,1.418446063995361
519,31,11085,supports_cannot,0.001569059677422,0.001569059677422,0.001569059677422,0.0018140015890821,1.0,1.0,0.8649715185165405
520,14,5932,supports_cannot,0.0015650385757908,0.0015650385757908,0.0015650385757908,0.0014117466052994,1.0,1.0,1.1085832118988037
521,17,9407,suppresses_cannot,-0.0015610837144777,0.0015610837144777,0.0015610837144777,0.0015001441352069,0.0,1.0,1.0406224727630615
522,30,5183,suppresses_cannot,-0.0015601030318066,0.0015601030318066,0.0015601030318066,0.0012078040745109,0.0,1.0,1.2916854619979858
523,20,243,supports_cannot,0.0015597883611917,0.0015597883611917,0.0015597883611917,0.0016307760961353,1.0,1.0,0.95646995306015
524,14,2248,suppresses_cannot,-0.0015585299115628,0.0015585299115628,0.0015585299115628,0.0010129798902198,0.0,1.0,1.5385595560073853
525,19,11877,suppresses_cannot,-0.0015571689000353,0.0015571689000353,0.0018083687173202,0.002785718999803,0.1134020611643791,0.8865979313850403,0.558982789516449
526,17,1143,supports_cannot,0.0015534518752247,0.0015534518752247,0.0015534518752247,0.0017119363183155,1.0,1.0,0.9074238538742064
527,30,669,suppresses_cannot,-0.001553083769977,0.001553083769977,0.0015540595632046,0.0017936680233106,0.0103092780336737,0.9896907210350036,0.8658702373504639
528,14,10026,suppresses_cannot,-0.0015497502172365,0.0015497502172365,0.0015497502172365,0.0018440707353875,0.0,1.0,0.8403962850570679
529,18,10716,suppresses_cannot,-0.0015473574167117,0.0015473574167117,0.0017636744305491,0.0022128305863589,0.1082474216818809,0.8917526006698608,0.6992660760879517
530,31,12258,suppresses_cannot,-0.0015465156175196,0.0015465156175196,0.0015465156175196,0.0014464245177805,0.0,1.0,1.0691989660263062
531,24,1222,suppresses_cannot,-0.0015407555038109,0.0015407555038109,0.0015409005573019,0.001530785462819,0.0051546390168368,0.9948453903198242,1.006512999534607
532,29,11947,supports_cannot,0.0015399947296828,0.0015399947296828,0.0015399947296828,0.0014040783280506,1.0,1.0,1.0968011617660522
533,31,47,supports_cannot,0.0015390091575682,0.0015390091575682,0.0015390091575682,0.0017283625202253,1.0,1.0,0.8904435038566589
534,20,11879,suppresses_cannot,-0.0015386960003525,0.0015386960003525,0.001599118579179,0.001302656950429,0.0463917516171932,0.9536082744598388,1.1811981201171875
535,31,1981,suppresses_cannot,-0.0015383454738184,0.0015383454738184,0.0015383454738184,0.0013878381578251,0.0,1.0,1.1084473133087158
536,23,4802,suppresses_cannot,-0.0015374065842479,0.0015374065842479,0.0015391369815915,0.0018052977975457,0.0051546390168368,0.9948453903198242,0.8516082763671875
537,22,4544,suppresses_cannot,-0.0015360694378614,0.0015360694378614,0.0015365610597655,0.0014817600604146,0.0051546390168368,0.9948453903198242,1.0366519689559937
538,25,10718,suppresses_cannot,-0.0015347569715231,0.0015347569715231,0.0015347569715231,0.0012538628652691,0.0,1.0,1.2240229845046997
539,28,10304,suppresses_cannot,-0.0015318172518163,0.0015318172518163,0.0015318172518163,0.0014240952441468,0.0,1.0,1.075642466545105
540,31,3616,supports_cannot,0.0015285826520994,0.0015285826520994,0.0015285826520994,0.0014738041209056,1.0,1.0,1.0371681451797483
541,19,2418,supports_cannot,0.0015285433037206,0.0015285433037206,0.0015285433037206,0.0017820172943174,1.0,1.0,0.8577600717544556
542,23,3040,suppresses_cannot,-0.0015282582025974,0.0015282582025974,0.0015282582025974,0.0014701092150062,0.0,1.0,1.039554238319397
543,16,2831,supports_cannot,0.0015280173392966,0.0015280173392966,0.0015280173392966,0.0012194429291412,1.0,1.0,1.2530454397201538
544,18,8435,suppresses_cannot,-0.0015256134793162,0.0015256134793162,0.0015256134793162,0.0014839889481663,0.0,1.0,1.028049111366272
545,19,7010,suppresses_cannot,-0.0015252791345119,0.0015252791345119,0.0015252791345119,0.0012174758594483,0.0,1.0,1.25282084941864
546,30,13029,suppresses_cannot,-0.0015240502543747,0.0015240502543747,0.0015240502543747,0.000928494380787,0.0,1.0,1.64142107963562
547,29,6444,suppresses_cannot,-0.0015230572316795,0.0015230572316795,0.0015230572316795,0.001063011935912,0.0,1.0,1.4327752590179443
548,14,12639,supports_cannot,0.001521551166661,0.001521551166661,0.001846489845775,0.0025451225228607,0.8453608155250549,0.8453608155250549,0.5978302359580994
549,17,3651,suppresses_cannot,-0.0015168976970016,0.0015168976970016,0.0015178021276369,0.0025889873504638,0.0051546390168368,0.9948453903198242,0.5859038829803467
550,13,12855,suppresses_cannot,-0.0015167895471677,0.0015167895471677,0.0017661360325291,0.0030527526978403,0.1082474216818809,0.8917526006698608,0.496859610080719
551,19,9047,suppresses_cannot,-0.001516617485322,0.001516617485322,0.001516617485322,0.0011884948471561,0.0,1.0,1.2760825157165527
552,29,254,suppresses_cannot,-0.0015153393615037,0.0015153393615037,0.0015153393615037,0.0014587719924747,0.0,1.0,1.0387773513793943
553,18,6531,supports_cannot,0.0015145589131861,0.0015145589131861,0.0015148612437769,0.001415237202309,0.9948453903198242,0.9948453903198242,1.0701802968978882
554,15,13260,suppresses_cannot,-0.0015122890472412,0.0015122890472412,0.0015135671710595,0.0015494949184358,0.0051546390168368,0.9948453903198242,0.9759883880615234
555,26,5326,suppresses_cannot,-0.0015110920649021,0.0015110920649021,0.0015110920649021,0.0014392795274034,0.0,1.0,1.0498948097229004
556,23,13675,suppresses_cannot,-0.0015103644691407,0.0015103644691407,0.0015103644691407,0.0013367302017286,0.0,1.0,1.129894733428955
557,22,12913,supports_cannot,0.0015096074203029,0.0015096074203029,0.0015096074203029,0.0010836450383067,1.0,1.0,1.3930829763412476
558,27,2478,suppresses_cannot,-0.0015081622404977,0.0015081622404977,0.0015081622404977,0.0010447506792843,0.0,1.0,1.4435619115829468
559,21,2077,supports_cannot,0.0015064942417666,0.0015064942417666,0.0015172353014349,0.0024234815500676,0.9742268323898317,0.9742268323898317,0.6216239929199219
560,24,10897,suppresses_cannot,-0.0015048047062009,0.0015048047062009,0.0015048047062009,0.0012131438124924,0.0,1.0,1.2404173612594604
561,19,12390,suppresses_cannot,-0.0015028998022899,0.0015028998022899,0.0015070880763232,0.001158106024377,0.0051546390168368,0.9948453903198242,1.297722101211548
562,16,14256,supports_cannot,0.0015021328581497,0.0015021328581497,0.0015089364023879,0.0012208374682813,0.9948453903198242,0.9948453903198242,1.2304117679595947
563,17,8131,supports_cannot,0.0014987539034336,0.0014987539034336,0.0015090280212461,0.0012949398951604,0.9896907210350036,0.9896907210350036,1.1573926210403442
564,23,3252,supports_cannot,0.0014979863772168,0.0014979863772168,0.0014979863772168,0.0007931285654194,1.0,1.0,1.8887056112289429
565,15,7361,suppresses_cannot,-0.0014967009192332,0.0014967009192332,0.0020201082807034,0.0027246221434324,0.1340206116437912,0.8659793734550476,0.5493242144584656
566,29,643,suppresses_cannot,-0.0014964919537305,0.0014964919537305,0.0014964919537305,0.0014046895084902,0.0,1.0,1.0653542280197144
567,25,4322,suppresses_cannot,-0.0014937882078811,0.0014937882078811,0.0014937882078811,0.0011778727639466,0.0,1.0,1.2682085037231443
568,29,14092,supports_cannot,0.0014933360507711,0.0014933360507711,0.0014933360507711,0.0008697414305061,1.0,1.0,1.7169885635375977
569,31,13738,supports_cannot,0.0014929402386769,0.0014929402386769,0.0015049743233248,0.0013722777366638,0.9896907210350036,0.9896907210350036,1.0879286527633667
570,31,14197,suppresses_cannot,-0.0014928935561329,0.0014928935561329,0.0014928935561329,0.0015031347284093,0.0,1.0,0.9931867718696594
571,25,2181,suppresses_cannot,-0.0014881768729537,0.0014881768729537,0.0014881768729537,0.001255928305909,0.0,1.0,1.1849218606948853
572,27,2723,supports_cannot,0.0014880140079185,0.0014880140079185,0.0015405066078528,0.0018341343384236,0.9742268323898317,0.9742268323898317,0.8112895488739014
573,18,730,supports_cannot,0.0014872483443468,0.0014872483443468,0.0015413226792588,0.0016691600903868,0.9278350472450256,0.9278350472450256,0.8910160064697266
574,17,3258,supports_cannot,0.0014858811628073,0.0014858811628073,0.0014858811628073,0.0017336108721792,1.0,1.0,0.8571019172668457
575,27,9238,supports_cannot,0.0014854214387014,0.0014854214387014,0.0014854214387014,0.0011593654053285,1.0,1.0,1.2812366485595703
576,20,1620,suppresses_cannot,-0.0014852986205369,0.0014852986205369,0.0014852986205369,0.0013231597840785,0.0,1.0,1.1225391626358032
577,12,5006,supports_cannot,0.0014835037291049,0.0014835037291049,0.0022615029010921,0.003704480594024,0.7474226951599121,0.7474226951599121,0.4004620015621185
578,30,2361,suppresses_cannot,-0.0014812627341598,0.0014812627341598,0.0014812627341598,0.0017905693966895,0.0,1.0,0.8272579312324524
579,18,4408,suppresses_cannot,-0.0014811938162893,0.0014811938162893,0.0014811938162893,0.0011835969053208,0.0,1.0,1.251434326171875
580,29,3319,suppresses_cannot,-0.0014792275615036,0.0014792275615036,0.0014792275615036,0.0013600144302472,0.0,1.0,1.087655782699585
581,27,2647,suppresses_cannot,-0.0014770645648241,0.0014770645648241,0.0014770645648241,0.0015445303870365,0.0,1.0,0.9563195109367372
582,21,14329,supports_cannot,0.0014768089167773,0.0014768089167773,0.0014768089167773,0.0010419435566291,1.0,1.0,1.4173598289489746
583,30,5947,suppresses_cannot,-0.0014762460486963,0.0014762460486963,0.0014762460486963,0.0016524296952411,0.0,1.0,0.8933790326118469
584,17,7285,supports_cannot,0.0014760715421289,0.0014760715421289,0.0014760715421289,0.0012156165903434,1.0,1.0,1.2142574787139893
585,25,14266,supports_cannot,0.0014756586169824,0.0014756586169824,0.0014756586169824,0.001274956157431,1.0,1.0,1.1574190855026243
586,24,9812,supports_cannot,0.0014742839848622,0.0014742839848622,0.0015223511727526,0.0016145693371072,0.9793814420700072,0.9793814420700072,0.9131128191947936
587,27,2302,supports_cannot,0.0014739381149411,0.0014739381149411,0.0014739381149411,0.0010712071089074,1.0,1.0,1.3759599924087524
588,21,11574,supports_cannot,0.0014703765045851,0.0014703765045851,0.0014761969214305,0.0012047634227201,0.9948453903198242,0.9948453903198242,1.2204691171646118
589,31,8680,supports_cannot,0.0014691204996779,0.0014691204996779,0.0014691204996779,0.0010872215498238,1.0,1.0,1.3512613773345947
590,29,5440,suppresses_cannot,-0.0014688353985548,0.0014688353985548,0.0014688353985548,0.0009863645536825,0.0,1.0,1.489140510559082
591,15,3738,supports_cannot,0.0014676211867481,0.0014676211867481,0.0014676211867481,0.0025697387754917,1.0,1.0,0.5711168646812439
592,26,8456,supports_cannot,0.001467011636123,0.001467011636123,0.001467011636123,0.001241066143848,1.0,1.0,1.1820576190948486
593,31,2406,suppresses_cannot,-0.0014663873007521,0.0014663873007521,0.0014663873007521,0.0016571277519688,0.0,1.0,0.8848969340324402
594,25,1216,suppresses_cannot,-0.0014657089486718,0.0014657089486718,0.0014657089486718,0.0012264878023415,0.0,1.0,1.1950457096099854
595,30,10308,suppresses_cannot,-0.0014653648249804,0.0014653648249804,0.0014653648249804,0.0014168547932058,0.0,1.0,1.0342378616333008
596,23,3123,suppresses_cannot,-0.0014631429221481,0.0014631429221481,0.0014631429221481,0.0011331248097121,0.0,1.0,1.2912460565567017
597,25,7837,suppresses_cannot,-0.0014617369743064,0.0014617369743064,0.0014617369743064,0.0015098336152732,0.0,1.0,0.968144416809082
598,16,13510,suppresses_cannot,-0.0014613012317568,0.0014613012317568,0.0014786750543862,0.0018382600974291,0.0567010305821895,0.9432989954948424,0.7949371337890625
599,24,6529,supports_cannot,0.0014608373166993,0.0014608373166993,0.0014608373166993,0.00133974396158,1.0,1.0,1.0903854370117188
600,27,4309,supports_cannot,0.0014606062322854,0.0014606062322854,0.0014606062322854,0.001614844542928,1.0,1.0,0.9044871926307678
601,23,4077,supports_cannot,0.0014594467356801,0.0014594467356801,0.0014748629182577,0.001531052053906,0.9793814420700072,0.9793814420700072,0.9532312750816344
602,17,5345,supports_cannot,0.0014583185547962,0.0014583185547962,0.0014893744373694,0.0020372702274471,0.9175257682800292,0.9175257682800292,0.7158198952674866
603,17,4093,supports_cannot,0.0014577403198927,0.0014577403198927,0.0014577403198927,0.0013525742106139,1.0,1.0,1.0777525901794434
604,19,635,supports_cannot,0.0014575535897165,0.0014575535897165,0.0014575535897165,0.0016000411706045,1.0,1.0,0.910947561264038
605,20,6783,supports_cannot,0.0014574208762496,0.0014574208762496,0.0014574208762496,0.0013471042038872,1.0,1.0,1.081891655921936
606,23,11026,supports_cannot,0.0014570970088243,0.0014570970088243,0.0016680593835189,0.0018161587649956,0.8865979313850403,0.8865979313850403,0.8022960424423218
607,25,8692,suppresses_cannot,-0.0014550612540915,0.0014550612540915,0.0014550612540915,0.0011958677787333,0.0,1.0,1.216740965843201
608,21,9230,suppresses_cannot,-0.0014550022315233,0.0014550022315233,0.0014550022315233,0.0011930969776585,0.0,1.0,1.2195171117782593
609,14,5439,supports_cannot,0.0014534291112795,0.0014534291112795,0.0014534291112795,0.0008321841596625,1.0,1.0,1.746523380279541
610,15,256,supports_cannot,0.0014528896426782,0.0014528896426782,0.00171687558759,0.0026740664616227,0.8917526006698608,0.8917526006698608,0.5433259010314941
611,18,4164,supports_cannot,0.0014525885926559,0.0014525885926559,0.0014585661701858,0.0012255192268639,0.9896907210350036,0.9896907210350036,1.1852842569351196
612,30,8465,supports_cannot,0.0014524362049996,0.0014524362049996,0.0014524362049996,0.0014350751880556,1.0,1.0,1.0120975971221924
613,25,627,supports_cannot,0.0014515912625938,0.0014515912625938,0.0014515912625938,0.0010697221150621,1.0,1.0,1.3569797277450562
614,8,1261,suppresses_cannot,-0.0014511352637782,0.0014511352637782,0.0014611280057579,0.001443202374503,0.0206185560673475,0.9793814420700072,1.0054967403411863
615,20,14291,suppresses_cannot,-0.0014492702903226,0.0014492702903226,0.0014492702903226,0.0011144740274176,0.0,1.0,1.3004074096679688
616,29,5400,suppresses_cannot,-0.001448439550586,0.001448439550586,0.001448439550586,0.001898547168821,0.0,1.0,0.7629199624061584
617,13,3523,suppresses_cannot,-0.0014478299999609,0.0014478299999609,0.0015674621099606,0.0017719278112053,0.0257731955498456,0.9742268323898317,0.8170931339263916
618,18,6894,suppresses_cannot,-0.0014478048542514,0.0014478048542514,0.0018242603400722,0.0041721118614077,0.5,0.5,0.3470196723937988
619,28,1016,supports_cannot,0.0014476776123046,0.0014476776123046,0.0014476776123046,0.00134358194191,1.0,1.0,1.0774762630462646
620,8,3355,supports_cannot,0.001446985756047,0.001446985756047,0.0014491536421701,0.0021888252813369,0.9742268323898317,0.9742268323898317,0.661078691482544
621,22,4396,suppresses_cannot,-0.0014459767844527,0.0014459767844527,0.0014459767844527,0.0015677887713536,0.0,1.0,0.922303318977356
622,17,2519,suppresses_cannot,-0.0014442512765526,0.0014442512765526,0.0014442512765526,0.0015046563930809,0.0,1.0,0.959854543209076
623,3,3271,supports_cannot,0.0014434205368161,0.0014434205368161,0.0014769711997359,0.0014701182954013,0.9896907210350036,0.9896907210350036,0.9818397164344788
624,28,9883,supports_cannot,0.0014422702370211,0.0014422702370211,0.0014422702370211,0.0011150675127282,1.0,1.0,1.2934376001358032
625,20,12584,suppresses_cannot,-0.0014418209902942,0.0014418209902942,0.0014867297140881,0.0020539881661534,0.041237112134695,0.9587628841400146,0.7019616961479187
626,30,14244,suppresses_cannot,-0.0014415131881833,0.0014415131881833,0.0014415131881833,0.0014869567239657,0.0,1.0,0.9694385528564452
627,24,4379,suppresses_cannot,-0.0014408273855224,0.0014408273855224,0.0014441062230616,0.001546238316223,0.0103092780336737,0.9896907210350036,0.9318274855613708
628,26,1396,supports_cannot,0.0014403038658201,0.0014403038658201,0.0014403038658201,0.0012274552136659,1.0,1.0,1.1734064817428589
629,26,12789,suppresses_cannot,-0.0014393845340237,0.0014393845340237,0.0014393845340237,0.0014896988868713,0.0,1.0,0.9662251472473145
630,5,14319,suppresses_cannot,-0.0014381039654836,0.0014381039654836,0.0015478595159947,0.0020946005824953,0.1237113401293754,0.876288652420044,0.6865767240524292
631,29,6468,supports_cannot,0.001437428058125,0.001437428058125,0.001437428058125,0.0012994613498449,1.0,1.0,1.1061722040176392
632,20,10540,supports_cannot,0.0014370445860549,0.0014370445860549,0.0014370445860549,0.0009921300224959,1.0,1.0,1.4484437704086304
633,17,8459,supports_cannot,0.0014323155628517,0.0014323155628517,0.0014323155628517,0.0013251297641545,1.0,1.0,1.0808870792388916
634,21,993,supports_cannot,0.0014312537387013,0.0014312537387013,0.0014312537387013,0.0011898486409336,1.0,1.0,1.2028871774673462
635,23,4985,supports_cannot,0.0014300690963864,0.0014300690963864,0.0014300690963864,0.0013716426910832,1.0,1.0,1.0425959825515747
636,22,10194,suppresses_cannot,-0.0014300423208624,0.0014300423208624,0.0018675908213481,0.0026348836254328,0.128865972161293,0.8711340427398682,0.5427345037460327
637,30,8539,suppresses_cannot,-0.0014284075004979,0.0014284075004979,0.0014284075004979,0.001381543232128,0.0,1.0,1.033921718597412
638,26,6423,suppresses_cannot,-0.0014257685979828,0.0014257685979828,0.0014416897902265,0.0016438158927485,0.0463917516171932,0.9536082744598388,0.8673529624938965
639,12,4319,supports_cannot,0.0014248250517994,0.0014248250517994,0.0020723503548651,0.0025920544285327,0.8711340427398682,0.8711340427398682,0.5496894717216492
640,30,1124,supports_cannot,0.0014245043275877,0.0014245043275877,0.0014245043275877,0.0011593139497563,1.0,1.0,1.2287477254867554
641,29,10085,supports_cannot,0.0014238554285839,0.0014238554285839,0.0014238554285839,0.0010433987481519,1.0,1.0,1.3646321296691897
642,31,1209,supports_cannot,0.0014237669529393,0.0014237669529393,0.0014237669529393,0.0013663065619766,1.0,1.0,1.0420552492141724
643,19,2059,supports_cannot,0.001420812564902,0.001420812564902,0.001420812564902,0.0016191483009606,1.0,1.0,0.8775061368942261
644,24,2874,suppresses_cannot,-0.0014197162818163,0.0014197162818163,0.0014197162818163,0.0011670099338516,0.0,1.0,1.216541767120361
645,15,2753,suppresses_cannot,-0.0014184332685545,0.0014184332685545,0.0014184332685545,0.0013052748981863,0.0,1.0,1.0866931676864624
646,17,2299,supports_cannot,0.001417405786924,0.001417405786924,0.0015812473138794,0.0013081908691674,0.876288652420044,0.876288652420044,1.08348548412323
647,25,12633,suppresses_cannot,-0.0014166702749207,0.0014166702749207,0.0014191946247592,0.0022911932319402,0.0154639175161719,0.984536111354828,0.6183111071586609
648,27,2270,supports_cannot,0.0014151543145999,0.0014151543145999,0.0014151543145999,0.0013920919736847,1.0,1.0,1.0165666341781616
649,26,5578,supports_cannot,0.001414377707988,0.001414377707988,0.001414377707988,0.0013149931328371,1.0,1.0,1.075577974319458
650,15,1816,supports_cannot,0.0014135459205135,0.0014135459205135,0.0015848706243559,0.0034070857800543,0.6958763003349304,0.6958763003349304,0.4148841500282287
651,31,4852,supports_cannot,0.0014122392749413,0.0014122392749413,0.0014122392749413,0.0011447719298303,1.0,1.0,1.2336424589157104
652,23,7055,supports_cannot,0.0014118460239842,0.0014118460239842,0.0014118460239842,0.0013334357645362,1.0,1.0,1.0588032007217407
653,13,13608,suppresses_cannot,-0.0014114970108494,0.0014114970108494,0.0014123818837106,0.0016016921726986,0.0051546390168368,0.9948453903198242,0.8812536001205444
654,25,11654,supports_cannot,0.0014105285517871,0.0014105285517871,0.0014105285517871,0.0011092614149674,1.0,1.0,1.2715924978256226
655,27,5443,supports_cannot,0.0014097469393163,0.0014097469393163,0.0014097469393163,0.0009098590817302,1.0,1.0,1.5494123697280884
656,14,1441,supports_cannot,0.0014096978120505,0.0014096978120505,0.0014412575401365,0.0015833480283617,0.9793814420700072,0.9793814420700072,0.8903272151947021
657,22,10995,supports_cannot,0.0014096732484176,0.0014096732484176,0.0014096732484176,0.0012756136711686,1.0,1.0,1.1050941944122314
658,28,3539,suppresses_cannot,-0.0014079674147069,0.0014079674147069,0.0014079674147069,0.0017211849335581,0.0,1.0,0.8180221319198608
659,24,5457,suppresses_cannot,-0.0014079182874411,0.0014079182874411,0.0014079182874411,0.0011948932660743,0.0,1.0,1.1782795190811155
660,17,3931,supports_cannot,0.001407018629834,0.001407018629834,0.001407018629834,0.0016765133477747,1.0,1.0,0.8392528891563416
661,17,6949,suppresses_cannot,-0.001407008850947,0.001407008850947,0.0014114724472165,0.001672203768976,0.0103092780336737,0.9896907210350036,0.8414099216461182
662,16,12032,suppresses_cannot,-0.0014068490127101,0.0014068490127101,0.0014097396051511,0.0014959031250327,0.0051546390168368,0.9948453903198242,0.9404680132865906
663,28,4372,suppresses_cannot,-0.0014057183871045,0.0014057183871045,0.0014057183871045,0.0012641232460737,0.0,1.0,1.1120105981826782
664,26,13641,suppresses_cannot,-0.0014055500505492,0.0014055500505492,0.0014056016225367,0.0010494567686691,0.0051546390168368,0.9948453903198242,1.339311957359314
665,23,13662,suppresses_cannot,-0.0014043739065527,0.0014043739065527,0.0014043739065527,0.0014099742984399,0.0,1.0,0.9960280060768129
666,25,1685,supports_cannot,0.0014008491998538,0.0014008491998538,0.0014008491998538,0.00107660330832,1.0,1.0,1.301174879074097
667,22,12691,supports_cannot,0.0013996055349707,0.0013996055349707,0.0013996055349707,0.0014422432286664,1.0,1.0,0.9704365730285645
668,24,4066,supports_cannot,0.0013995796907693,0.0013995796907693,0.0013995796907693,0.0013315174728631,1.0,1.0,1.0511162281036377
669,30,4799,suppresses_cannot,-0.001399521366693,0.001399521366693,0.0014047862496227,0.0017077344236895,0.0154639175161719,0.984536111354828,0.8195193409919739
670,31,570,supports_cannot,0.0013989320723339,0.0013989320723339,0.0013989320723339,0.0014190529473125,1.0,1.0,0.9858208894729614
671,16,1754,supports_cannot,0.0013986321864649,0.0013986321864649,0.0013986321864649,0.0011771860299631,1.0,1.0,1.188114881515503
672,20,8427,suppresses_cannot,-0.0013980668736621,0.0013980668736621,0.0013980668736621,0.001288816682063,0.0,1.0,1.0847678184509275
673,31,11488,supports_cannot,0.0013975506881251,0.0013975506881251,0.0013975506881251,0.0013960689539089,1.0,1.0,1.0010613203048706
674,28,2344,supports_cannot,0.0013970443978905,0.0013970443978905,0.0013970443978905,0.0009089143131859,1.0,1.0,1.5370473861694336
675,31,1123,suppresses_cannot,-0.0013969707069918,0.0013969707069918,0.0013969707069918,0.0011530661722645,0.0,1.0,1.211526870727539
676,30,1529,suppresses_cannot,-0.0013952107401564,0.0013952107401564,0.0013952107401564,0.0014300897018983,0.0,1.0,0.9756106734275818
677,12,923,suppresses_cannot,-0.001394287799485,0.001394287799485,0.0014274317072704,0.0022251298651099,0.0515463910996913,0.9484536051750184,0.6266096234321594
678,20,3796,suppresses_cannot,-0.0013925316743552,0.0013925316743552,0.0013964545214548,0.0011043212143704,0.0103092780336737,0.9896907210350036,1.2609843015670776
679,18,2401,supports_cannot,0.0013925217790529,0.0013925217790529,0.0013925217790529,0.0009414290543645,1.0,1.0,1.4791574478149414
680,26,6361,supports_cannot,0.0013914698502048,0.0013914698502048,0.0013914698502048,0.001177089754492,1.0,1.0,1.1821272373199463
681,23,4617,suppresses_cannot,-0.0013908873079344,0.0013908873079344,0.0013908873079344,0.0013889899710193,0.0,1.0,1.0013660192489624
682,14,3537,supports_cannot,0.0013905358500778,0.0013905358500778,0.0014261683681979,0.0017965479055419,0.9639175534248352,0.9639175534248352,0.774004340171814
683,19,13544,supports_cannot,0.0013893953291699,0.0013893953291699,0.0013893953291699,0.0010763828177005,1.0,1.0,1.2908003330230713
684,25,3071,suppresses_cannot,-0.0013890438713133,0.0013890438713133,0.0013890438713133,0.0016035055741667,0.0,1.0,0.866254448890686
685,19,3076,suppresses_cannot,-0.0013879734324291,0.0013879734324291,0.0013921150239184,0.0019265115261077,0.0154639175161719,0.984536111354828,0.7204594612121582
686,22,8465,supports_cannot,0.0013879254693165,0.0013879254693165,0.0013879254693165,0.0013437445741146,1.0,1.0,1.0328789949417114
687,29,4104,suppresses_cannot,-0.0013861116021871,0.0013861116021871,0.0013861116021871,0.0010963735403493,0.0,1.0,1.264269471168518
688,15,4722,supports_cannot,0.001385128358379,0.001385128358379,0.001385128358379,0.0015878461999818,1.0,1.0,0.8723315596580505
689,30,4677,suppresses_cannot,-0.0013849980896338,0.0013849980896338,0.0013849980896338,0.0014849291183054,0.0,1.0,0.932703137397766
690,26,8671,suppresses_cannot,-0.0013849268434569,0.0013849268434569,0.0013849268434569,0.0013289124472066,0.0,1.0,1.0421504974365234
691,31,11299,suppresses_cannot,-0.001384720322676,0.001384720322676,0.001384720322676,0.0011459477245807,0.0,1.0,1.2083625793457031
692,19,11420,suppresses_cannot,-0.0013838674640282,0.0013838674640282,0.0013838674640282,0.0009976864093914,0.0,1.0,1.3870766162872314
693,15,5480,suppresses_cannot,-0.0013824682682752,0.0013824682682752,0.0013893750729039,0.0013083744561299,0.0206185560673475,0.9793814420700072,1.0566304922103882
694,19,5106,suppresses_cannot,-0.0013816675636917,0.0013816675636917,0.0013816675636917,0.0016160450177267,0.0,1.0,0.8549684882164001
695,29,11680,suppresses_cannot,-0.0013814512640237,0.0013814512640237,0.0013814512640237,0.0009813889628276,0.0,1.0,1.407649040222168
696,28,10332,suppresses_cannot,-0.0013810039963573,0.0013810039963573,0.0013810039963573,0.0011639822041615,0.0,1.0,1.1864477396011353
697,17,5150,supports_cannot,0.0013808810617774,0.0013808810617774,0.0013808810617774,0.0009316423675045,1.0,1.0,1.4822007417678833
698,31,3260,supports_cannot,0.0013802420580759,0.0013802420580759,0.0013802420580759,0.0015194475417956,1.0,1.0,0.9083841443061828
699,17,9729,supports_cannot,0.0013799864100292,0.0013799864100292,0.0013799864100292,0.00105351570528,1.0,1.0,1.3098869323730469
700,15,1046,suppresses_cannot,-0.0013790966477245,0.0013790966477245,0.0013790966477245,0.0015925107290968,0.0,1.0,0.8659889101982117
701,24,6081,suppresses_cannot,-0.0013779660221189,0.0013779660221189,0.0013779660221189,0.0015014411183074,0.0,1.0,0.917762279510498
702,21,763,supports_cannot,0.0013774646213278,0.0013774646213278,0.0013774646213278,0.0010192916961386,1.0,1.0,1.3513939380645752
703,16,7644,supports_cannot,0.001377290347591,0.001377290347591,0.0016815075650811,0.0025925324298441,0.8195876479148865,0.8195876479148865,0.5312528610229492
704,24,5857,suppresses_cannot,-0.0013762552989646,0.0013762552989646,0.0013762552989646,0.0011222590692341,0.0,1.0,1.2263258695602417
705,10,6230,supports_cannot,0.0013740812428295,0.0013740812428295,0.0016552258748561,0.0027973768301308,0.7061855792999268,0.7061855792999268,0.4912034869194031
706,28,3341,suppresses_cannot,-0.0013729899656027,0.0013729899656027,0.0013775493716821,0.0016743546584621,0.0103092780336737,0.9896907210350036,0.8200114369392395
707,24,9306,supports_cannot,0.0013726175529882,0.0013726175529882,0.0013726175529882,0.0012481325538828,1.0,1.0,1.0997370481491089
708,22,12624,supports_cannot,0.0013714586384594,0.0013714586384594,0.0013714586384594,0.0009620149503462,1.0,1.0,1.4256105422973633
709,27,3755,supports_cannot,0.0013712515356019,0.0013712515356019,0.0013815158745273,0.0026578365359455,0.984536111354828,0.984536111354828,0.5159277319908142
710,24,1484,suppresses_cannot,-0.0013711968204006,0.0013711968204006,0.0013711968204006,0.001217418233864,0.0,1.0,1.126315355300903
711,25,8904,supports_cannot,0.0013702727155759,0.0013702727155759,0.0013702727155759,0.0010172227630391,1.0,1.0,1.3470723628997805
712,11,12239,suppresses_cannot,-0.0013690195046365,0.0013690195046365,0.0018890884239226,0.0027350222226232,0.1649484485387802,0.8350515365600586,0.5005515217781067
713,31,11077,supports_cannot,0.0013664432335644,0.0013664432335644,0.0013664432335644,0.0013411508407443,1.0,1.0,1.0188586711883545
714,15,3816,supports_cannot,0.0013663067948073,0.0013663067948073,0.0025230129249393,0.0043058609589934,0.7680412530899048,0.7680412530899048,0.3173132538795471
715,19,3931,supports_cannot,0.0013650766341015,0.0013650766341015,0.0013650766341015,0.0012429434573277,1.0,1.0,1.0982612371444702
716,15,3726,suppresses_cannot,-0.0013647103914991,0.0013647103914991,0.0013663031859323,0.0012787134619429,0.0051546390168368,0.9948453903198242,1.0672527551651
717,18,13565,suppresses_cannot,-0.0013636559015139,0.0013636559015139,0.0013664087746292,0.0010532439919188,0.0051546390168368,0.9948453903198242,1.2947198152542114
718,8,9373,supports_cannot,0.0013614459894597,0.0013614459894597,0.0015788867603987,0.0023206111509352,0.938144326210022,0.938144326210022,0.5866756439208984
719,25,351,suppresses_cannot,-0.0013612816110253,0.0013612816110253,0.0013612816110253,0.0014127909671515,0.0,1.0,0.9635407328605652
720,24,2372,supports_cannot,0.0013612274779006,0.0013612274779006,0.0013612274779006,0.0015070508234202,1.0,1.0,0.9032392501831056
721,18,8177,suppresses_cannot,-0.0013609796296805,0.0013609796296805,0.0023451074957847,0.004918972030282,0.2835051417350769,0.7164948582649231,0.2766796946525574
722,30,2779,supports_cannot,0.0013607899891212,0.0013607899891212,0.0013607899891212,0.0014494517818093,1.0,1.0,0.9388307929039
723,16,6364,supports_cannot,0.0013601150130853,0.0013601150130853,0.0013636347139254,0.001217535813339,0.9948453903198242,0.9948453903198242,1.1171047687530518
724,23,12611,suppresses_cannot,-0.0013601045357063,0.0013601045357063,0.0013901047641411,0.0017027060966938,0.0721649453043937,0.9278350472450256,0.7987899780273438
725,30,2137,supports_cannot,0.0013591431779786,0.0013591431779786,0.0013591431779786,0.000914120406378,1.0,1.0,1.4868316650390625
726,22,7652,supports_cannot,0.0013584033586084,0.0013584033586084,0.0013815275160595,0.0011904066195711,0.984536111354828,0.984536111354828,1.1411255598068235
727,16,10855,suppresses_cannot,-0.0013569928705692,0.0013569928705692,0.0019324671011418,0.0036056980025023,0.257731944322586,0.7422680854797363,0.3763467967510223
728,22,12322,suppresses_cannot,-0.0013561930973082,0.0013561930973082,0.0013581594685092,0.0014204827602952,0.0051546390168368,0.9948453903198242,0.9547410011291504
729,23,600,supports_cannot,0.0013558298815041,0.0013558298815041,0.0013558298815041,0.0011309392284601,1.0,1.0,1.1988530158996582
730,14,8006,supports_cannot,0.0013551699230447,0.0013551699230447,0.0013569716829806,0.0010827443329617,0.9896907210350036,0.9896907210350036,1.251606583595276
731,18,12138,supports_cannot,0.0013542666565626,0.0013542666565626,0.0013542666565626,0.0012158984318375,1.0,1.0,1.113799214363098
732,17,7337,suppresses_cannot,-0.0013541290536522,0.0013541290536522,0.0013541290536522,0.0012179971672594,0.0,1.0,1.111767053604126
733,21,2568,suppresses_cannot,-0.0013539778301492,0.0013539778301492,0.0013539778301492,0.0011576719116419,0.0,1.0,1.1695696115493774
734,19,1450,suppresses_cannot,-0.0013533129822462,0.0013533129822462,0.0013533129822462,0.0008439722587354,0.0,1.0,1.6035040616989136
735,26,1515,suppresses_cannot,-0.0013528066920116,0.0013528066920116,0.0013528066920116,0.0010689434129744,0.0,1.0,1.2655550241470337
736,31,13814,suppresses_cannot,-0.0013521283399313,0.0013521283399313,0.0013577913632616,0.0010970772709697,0.0051546390168368,0.9948453903198242,1.2324823141098022
737,21,2449,suppresses_cannot,-0.0013518775813281,0.0013518775813281,0.0013518775813281,0.0013191577745601,0.0,1.0,1.0248035192489624
738,15,2500,suppresses_cannot,-0.0013512938749045,0.0013512938749045,0.0013512938749045,0.00134543760214,0.0,1.0,1.0043526887893677
739,23,8851,suppresses_cannot,-0.0013512385776266,0.0013512385776266,0.0013512385776266,0.0011567593319341,0.0,1.0,1.1681241989135742
740,18,14003,supports_cannot,0.0013512286823242,0.0013512286823242,0.0013512286823242,0.0009488907526247,1.0,1.0,1.4240087270736694
741,28,10181,supports_cannot,0.0013510910794138,0.0013510910794138,0.0013510910794138,0.0009927201317623,1.0,1.0,1.3609989881515503
742,16,9883,supports_cannot,0.0013498630141839,0.0013498630141839,0.0013635715004056,0.0018297627102583,0.9536082744598388,0.9536082744598388,0.7377257347106934
743,30,14296,suppresses_cannot,-0.0013498030602931,0.0013498030602931,0.0013498030602931,0.0013979770010337,0.0,1.0,0.9655402302742004
744,23,4089,suppresses_cannot,-0.0013497194740921,0.0013497194740921,0.0013497194740921,0.0013519993517547,0.0,1.0,0.9983137249946594
745,26,1810,suppresses_cannot,-0.0013496285537257,0.0013496285537257,0.0013496285537257,0.0012414917582646,0.0,1.0,1.087102293968201
746,29,11848,suppresses_cannot,-0.0013485446106642,0.0013485446106642,0.0013485446106642,0.0009586300584487,0.0,1.0,1.4067413806915283
747,29,1567,suppresses_cannot,-0.0013474778970703,0.0013474778970703,0.0013474778970703,0.0013615149073302,0.0,1.0,0.989690124988556
748,25,11658,suppresses_cannot,-0.0013468192191794,0.0013468192191794,0.0013468192191794,0.0012367507442831,0.0,1.0,1.0889980792999268
749,16,5657,suppresses_cannot,-0.0013461979106068,0.0013461979106068,0.0013633739436045,0.0016342636663466,0.0154639175161719,0.984536111354828,0.8237336277961731
750,29,3852,suppresses_cannot,-0.0013457328313961,0.0013457328313961,0.0013457328313961,0.0017192714149132,0.0,1.0,0.7827343940734863
751,31,11750,supports_cannot,0.0013438647147268,0.0013438647147268,0.0013438647147268,0.0011575262760743,1.0,1.0,1.1609798669815063
752,27,1592,suppresses_cannot,-0.001343707437627,0.001343707437627,0.001343707437627,0.0008278978639282,0.0,1.0,1.6230353116989136
753,16,13124,suppresses_cannot,-0.0013435968430712,0.0013435968430712,0.0013752549421042,0.0012773748021572,0.0257731955498456,0.9742268323898317,1.0518423318862915
754,29,969,suppresses_cannot,-0.0013424538774415,0.0013424538774415,0.0013424538774415,0.0011422371026128,0.0,1.0,1.175284743309021
755,22,5872,suppresses_cannot,-0.0013419402530416,0.0013419402530416,0.0013419402530416,0.0016934814630076,0.0,1.0,0.7924150824546814
756,27,3365,supports_cannot,0.0013409078819677,0.0013409078819677,0.0013409078819677,0.0012174797011539,1.0,1.0,1.1013801097869873
757,29,2233,supports_cannot,0.0013404334895312,0.0013404334895312,0.0013404334895312,0.0017586492467671,1.0,1.0,0.7621948719024658
758,18,14012,supports_cannot,0.0013400383759289,0.0013400383759289,0.0014027818106114,0.0015577235026285,0.9175257682800292,0.9175257682800292,0.8602543473243713
759,23,4291,suppresses_cannot,-0.0013398608425632,0.0013398608425632,0.0013398608425632,0.0013397303409874,0.0,1.0,1.000097393989563
760,29,498,supports_cannot,0.0013392929686233,0.0013392929686233,0.0013392929686233,0.0010383224580436,1.0,1.0,1.2898622751235962
761,29,8437,suppresses_cannot,-0.0013385802740231,0.0013385802740231,0.0013819183222949,0.0010853179264813,0.0154639175161719,0.984536111354828,1.2333531379699707
762,18,6422,suppresses_cannot,-0.001338443136774,0.001338443136774,0.0013543755048885,0.0014344013761729,0.041237112134695,0.9587628841400146,0.933102250099182
763,30,559,suppresses_cannot,-0.0013378281146287,0.0013378281146287,0.0013378281146287,0.001530920038931,0.0,1.0,0.8738719820976257
764,30,1171,supports_cannot,0.0013359601143747,0.0013359601143747,0.0013359601143747,0.001330760656856,1.0,1.0,1.0039070844650269
765,20,10660,supports_cannot,0.0013358144788071,0.0013358144788071,0.0013359041186049,0.0012925552437081,0.9948453903198242,0.9948453903198242,1.0334680080413818
766,31,13452,suppresses_cannot,-0.0013357241405174,0.0013357241405174,0.0013357241405174,0.0012476806296035,0.0,1.0,1.070565700531006
767,17,6842,suppresses_cannot,-0.0013356995768845,0.0013356995768845,0.0013356995768845,0.001420475076884,0.0,1.0,0.9403188824653624
768,11,469,supports_cannot,0.0013351759407669,0.0013351759407669,0.0013592022005468,0.0024798433296382,0.9123711585998536,0.9123711585998536,0.5384114384651184
769,29,3716,supports_cannot,0.001334662316367,0.001334662316367,0.0013435108121484,0.001730627962388,0.969072163105011,0.969072163105011,0.7712011933326721
770,17,13404,suppresses_cannot,-0.0013319585705175,0.0013319585705175,0.0013319585705175,0.0007886426174081,0.0,1.0,1.6889253854751587
771,22,7694,supports_cannot,0.0013318117707967,0.0013318117707967,0.0013550439616665,0.0019046567613258,0.9896907210350036,0.9896907210350036,0.6992397904396057
772,17,4796,supports_cannot,0.0013317324919626,0.0013317324919626,0.001347767887637,0.0014973749639466,0.984536111354828,0.984536111354828,0.8893780708312988
773,20,8898,supports_cannot,0.0013301495928317,0.0013301495928317,0.0013301495928317,0.001114658312872,1.0,1.0,1.1933249235153198
774,0,8092,supports_cannot,0.0013292180374264,0.0013292180374264,0.0014610020443797,0.001440656138584,0.984536111354828,0.984536111354828,0.9226476550102234
775,17,9635,supports_cannot,0.00132916145958,0.00132916145958,0.00132916145958,0.0012631535064429,1.0,1.0,1.052256464958191
776,28,10407,suppresses_cannot,-0.0013289500493556,0.0013289500493556,0.0013289500493556,0.0018866658210754,0.0,1.0,0.704390823841095
777,30,4301,suppresses_cannot,-0.0013287829933688,0.0013287829933688,0.0013287829933688,0.0015272394521161,0.0,1.0,0.8700554370880127
778,27,2886,suppresses_cannot,-0.0013273967197164,0.0013273967197164,0.0013273967197164,0.0009584260405972,0.0,1.0,1.3849756717681885
779,31,7096,supports_cannot,0.0013240244006738,0.0013240244006738,0.0013240244006738,0.0013209469616413,1.0,1.0,1.002329707145691
780,30,5442,suppresses_cannot,-0.001322689699009,0.001322689699009,0.001322689699009,0.0013345693005248,0.0,1.0,0.9910985231399536
781,18,11450,supports_cannot,0.0013224415015429,0.0013224415015429,0.0013245946029201,0.0013701097341254,0.9948453903198242,0.9948453903198242,0.9652084708213806
782,26,9907,supports_cannot,0.0013223923742771,0.0013223923742771,0.0013223923742771,0.0011468696175143,1.0,1.0,1.1530450582504272
783,23,8905,supports_cannot,0.0013218245003372,0.0013218245003372,0.0013218245003372,0.0016965260729193,1.0,1.0,0.7791360020637512
784,30,13251,supports_cannot,0.0013215714134275,0.0013215714134275,0.0013215714134275,0.0008226671488955,1.0,1.0,1.6064473390579224
785,30,12248,supports_cannot,0.0013208192540332,0.0013208192540332,0.0013208192540332,0.0013339316938072,1.0,1.0,0.9901700615882874
786,8,11939,suppresses_cannot,-0.0013204917777329,0.0013204917777329,0.0013452792773023,0.0023370056878775,0.0824742242693901,0.9175257682800292,0.5650357604026794
787,30,7433,supports_cannot,0.0013190446188673,0.0013190446188673,0.0013190446188673,0.0009122954797931,1.0,1.0,1.4458523988723757
788,25,12014,suppresses_cannot,-0.0013188136508688,0.0013188136508688,0.0013188136508688,0.0015090120723471,0.0,1.0,0.8739582896232605
789,24,9303,supports_cannot,0.0013161983806639,0.0013161983806639,0.0013182925758883,0.0017413870664313,0.9948453903198242,0.9948453903198242,0.7558333277702332
790,31,1332,supports_cannot,0.0013154216576367,0.0013154216576367,0.0013154216576367,0.0009783558780327,1.0,1.0,1.3445227146148682
791,22,6812,suppresses_cannot,-0.0013144582044333,0.0013144582044333,0.0013144582044333,0.0010988159338012,0.0,1.0,1.1962497234344482
792,18,10741,supports_cannot,0.0013139450456947,0.0013139450456947,0.0013142338721081,0.0012826333986595,0.9948453903198242,0.9948453903198242,1.0244120359420776
793,20,8083,supports_cannot,0.0013135879999026,0.0013135879999026,0.0013174223713576,0.0011243013432249,0.9948453903198242,0.9948453903198242,1.168359398841858
794,2,10698,suppresses_cannot,-0.00131356716156,0.00131356716156,0.0014049429446458,0.0013577747158706,0.0257731955498456,0.9742268323898317,0.9674411416053772
795,0,378,suppresses_cannot,-0.001313159475103,0.001313159475103,0.0013308294583112,0.0019846642389893,0.041237112134695,0.9587628841400146,0.6616532206535339
796,14,174,supports_cannot,0.0013119977666065,0.0013119977666065,0.0013147112913429,0.0014194563264027,0.9948453903198242,0.9948453903198242,0.924295961856842
797,28,14310,supports_cannot,0.001311705331318,0.001311705331318,0.001311705331318,0.0009463413152843,1.0,1.0,1.386080622673035
798,29,10544,suppresses_cannot,-0.0013115381589159,0.0013115381589159,0.0013115381589159,0.0013953677844256,0.0,1.0,0.9399229288101196
799,26,8460,supports_cannot,0.0013106581754982,0.0013106581754982,0.0013106581754982,0.0012259016511961,1.0,1.0,1.0691381692886353
800,19,7922,supports_cannot,0.0013097290648147,0.0013097290648147,0.0013097290648147,0.0011413533939048,1.0,1.0,1.1475228071212769
801,24,10738,suppresses_cannot,-0.0013095226604491,0.0013095226604491,0.0013095226604491,0.001054287655279,0.0,1.0,1.2420923709869385
802,26,8392,supports_cannot,0.0013093727175146,0.0013093727175146,0.0013093727175146,0.0014303277712315,1.0,1.0,0.9154354333877563
803,21,6216,supports_cannot,0.0013078021584078,0.0013078021584078,0.0013078021584078,0.0009504987974651,1.0,1.0,1.3759114742279053
804,14,12647,supports_cannot,0.0013044024817645,0.0013044024817645,0.0015716936904937,0.0031349468044936,0.6958763003349304,0.6958763003349304,0.4160844087600708
805,21,4010,supports_cannot,0.0013043168000876,0.0013043168000876,0.0013043168000876,0.0012122105108574,1.0,1.0,1.0759820938110352
806,17,5460,suppresses_cannot,-0.0013039959594607,0.0013039959594607,0.001400135224685,0.0016877691959962,0.0618556700646877,0.938144326210022,0.7726150751113892
807,30,1127,suppresses_cannot,-0.0013016425073146,0.0013016425073146,0.0013016425073146,0.0011203003814443,0.0,1.0,1.1618691682815552
808,15,749,suppresses_cannot,-0.0013015393633395,0.0013015393633395,0.0013225791044533,0.0014201840385794,0.0206185560673475,0.9793814420700072,0.916458249092102
809,17,3428,suppresses_cannot,-0.0013010723050683,0.0013010723050683,0.0013010723050683,0.0010692031355574,0.0,1.0,1.216861605644226
810,23,11466,suppresses_cannot,-0.0012992337578907,0.0012992337578907,0.0012992337578907,0.0008356044418178,0.0,1.0,1.5548430681228638
811,17,6469,suppresses_cannot,-0.0012987391091883,0.0012987391091883,0.0012987391091883,0.0013054960872977,0.0,1.0,0.994824230670929
812,27,7424,suppresses_cannot,-0.0012987243244424,0.0012987243244424,0.0012990537798032,0.0012200002092868,0.0051546390168368,0.9948453903198242,1.064527988433838
813,19,13484,supports_cannot,0.0012983203632757,0.0012983203632757,0.0013073433656245,0.002085936255753,0.969072163105011,0.969072163105011,0.6224161386489868
814,14,13298,suppresses_cannot,-0.0012977368896827,0.0012977368896827,0.001350179198198,0.0014924668939784,0.0309278350323438,0.969072163105011,0.8695247173309326
815,27,2827,supports_cannot,0.0012976508587598,0.0012976508587598,0.0012976508587598,0.0009018527343869,1.0,1.0,1.438872218132019
816,19,13282,suppresses_cannot,-0.0012975427089259,0.0012975427089259,0.0012975427089259,0.0012472298694774,0.0,1.0,1.040339708328247
817,29,12471,supports_cannot,0.00129749358166,0.00129749358166,0.00129749358166,0.001251422567293,1.0,1.0,1.0368149280548096
818,28,8774,supports_cannot,0.0012971740216016,0.0012971740216016,0.0012971740216016,0.0012890365906059,1.0,1.0,1.0063128471374512
819,22,2061,suppresses_cannot,-0.0012965350179001,0.0012965350179001,0.0012965350179001,0.0011590196518227,0.0,1.0,1.1186480522155762
820,21,7609,suppresses_cannot,-0.0012961809989064,0.0012961809989064,0.0012961809989064,0.0009666768601164,0.0,1.0,1.34086275100708
821,14,9164,suppresses_cannot,-0.0012956649297848,0.0012956649297848,0.0012956649297848,0.0011819984065368,0.0,1.0,1.0961647033691406
822,29,13128,suppresses_cannot,-0.0012953944969922,0.0012953944969922,0.0012953944969922,0.0017231213860213,0.0,1.0,0.7517720460891724
823,29,11608,supports_cannot,0.001295325695537,0.001295325695537,0.001295325695537,0.0012045931071043,1.0,1.0,1.075322151184082
824,22,7467,supports_cannot,0.0012952934484928,0.0012952934484928,0.0013193454360589,0.001161313499324,0.9793814420700072,0.9793814420700072,1.1153693199157717
825,17,5610,supports_cannot,0.0012951929820701,0.0012951929820701,0.0012951929820701,0.0009855482494458,1.0,1.0,1.3141852617263794
826,4,1111,supports_cannot,0.0012949256924912,0.0012949256924912,0.0013710967032238,0.002008335199207,0.9329897165298462,0.9329897165298462,0.6447756886482239
827,16,1038,suppresses_cannot,-0.0012942417524755,0.0012942417524755,0.0013060987694188,0.0012843773001804,0.0515463910996913,0.9484536051750184,1.0076802968978882
828,25,2351,suppresses_cannot,-0.0012942294124513,0.0012942294124513,0.0012942294124513,0.0011407212587073,0.0,1.0,1.1345710754394531
829,20,4357,supports_cannot,0.0012932358076795,0.0012932358076795,0.0015111970715224,0.0020001952070742,0.9536082744598388,0.9536082744598388,0.6465547680854797
830,16,11405,suppresses_cannot,-0.0012928284704685,0.0012928284704685,0.0013141017407178,0.0009985157521441,0.0257731955498456,0.9742268323898317,1.2947502136230469
831,31,740,supports_cannot,0.0012926515191793,0.0012926515191793,0.0012926515191793,0.0010916838655248,1.0,1.0,1.1840896606445312
832,19,7128,supports_cannot,0.0012926305644214,0.0012926305644214,0.0013775075785815,0.0012798859970644,0.969072163105011,0.969072163105011,1.0099575519561768
833,20,8729,suppresses_cannot,-0.0012923675822094,0.0012923675822094,0.001335302600637,0.0017831720178946,0.0360824726521968,0.9639175534248352,0.7247576713562012
834,28,1504,suppresses_cannot,-0.0012922189198434,0.0012922189198434,0.0012922189198434,0.0013955641770735,0.0,1.0,0.9259473085403442
835,30,10840,supports_cannot,0.0012920302106067,0.0012920302106067,0.0012950780801475,0.001661671209149,0.984536111354828,0.984536111354828,0.7775486707687378
836,28,6953,supports_cannot,0.0012920075096189,0.0012920075096189,0.0012920075096189,0.0008417872013524,1.0,1.0,1.5348386764526367
837,24,6813,supports_cannot,0.0012915153056383,0.0012915153056383,0.0013536417391151,0.0018357342341914,0.907216489315033,0.907216489315033,0.7035415768623352
838,29,2740,supports_cannot,0.0012899428838863,0.0012899428838863,0.0012899428838863,0.0009295192430727,1.0,1.0,1.3877527713775637
839,24,1816,suppresses_cannot,-0.0012899084249511,0.0012899084249511,0.0012899084249511,0.0012200858909636,0.0,1.0,1.057227611541748
840,20,4595,suppresses_cannot,-0.001289335777983,0.001289335777983,0.001289335777983,0.0015162763884291,0.0,1.0,0.8503302931785583
841,23,2240,supports_cannot,0.0012885369360446,0.0012885369360446,0.0013121624942868,0.0011203732574358,0.984536111354828,0.984536111354828,1.1500961780548096
842,31,5831,supports_cannot,0.0012883304152637,0.0012883304152637,0.0012883304152637,0.0011141813592985,1.0,1.0,1.1563022136688232
843,16,10631,suppresses_cannot,-0.0012882861774414,0.0012882861774414,0.0012882861774414,0.0008258132147602,0.0,1.0,1.5600212812423706
844,14,75,suppresses_cannot,-0.0012880612630397,0.0012880612630397,0.0015660033095628,0.0025027014780789,0.1752577275037765,0.8247422575950623,0.514668345451355
845,19,7322,suppresses_cannot,-0.0012873030500486,0.0012873030500486,0.0012949815718457,0.0014382865047082,0.0154639175161719,0.984536111354828,0.8950254917144775
846,24,4380,suppresses_cannot,-0.0012860691640526,0.0012860691640526,0.0012860691640526,0.0009451786172576,0.0,1.0,1.360662579536438
847,29,3237,suppresses_cannot,-0.0012855462264269,0.0012855462264269,0.0012855462264269,0.0013135953340679,0.0,1.0,0.9786470532417296
848,27,2874,suppresses_cannot,-0.0012845452874898,0.0012845452874898,0.0012845452874898,0.0011451493483036,0.0,1.0,1.1217273473739624
849,31,8154,supports_cannot,0.0012838225811719,0.0012838225811719,0.0012838225811719,0.001300765085034,1.0,1.0,0.9869749546051024
850,21,6832,supports_cannot,0.00128349813167,0.00128349813167,0.00128349813167,0.0015298075741156,1.0,1.0,0.8389931917190552
851,16,1666,supports_cannot,0.0012832566862925,0.0012832566862925,0.0017729235114529,0.0029277154244482,0.6185566782951355,0.6185566782951355,0.4383133351802826
852,4,12934,suppresses_cannot,-0.0012831725180149,0.0012831725180149,0.0026128846220672,0.0063591869547963,0.2422680407762527,0.7577319741249084,0.2017824798822403
853,11,6452,supports_cannot,0.0012818906689062,0.0012818906689062,0.001290273386985,0.0020935987122356,0.938144326210022,0.938144326210022,0.6122905611991882
854,31,13597,suppresses_cannot,-0.0012817530659958,0.0012817530659958,0.0012817530659958,0.0011457633227109,0.0,1.0,1.1186891794204712
855,27,14202,suppresses_cannot,-0.0012816595844924,0.0012816595844924,0.0012816595844924,0.001098980079405,0.0,1.0,1.1662263870239258
856,16,11010,supports_cannot,0.0012811351334676,0.0012811351334676,0.0013099027564749,0.0023428136482834,0.9432989954948424,0.9432989954948424,0.5468361377716064
857,17,9707,supports_cannot,0.0012807993916794,0.0012807993916794,0.0012835522647947,0.0010859963949769,0.9948453903198242,0.9948453903198242,1.179377198219299
858,21,4675,supports_cannot,0.0012803077697753,0.0012803077697753,0.0012931036762893,0.0011328267864882,0.9896907210350036,0.9896907210350036,1.1301884651184082
859,30,8891,suppresses_cannot,-0.0012796072987839,0.0012796072987839,0.0012796072987839,0.001003501121886,0.0,1.0,1.2751429080963137
860,30,309,suppresses_cannot,-0.0012785209110006,0.0012785209110006,0.0012785209110006,0.0010510513093322,0.0,1.0,1.2164210081100464
861,30,11709,supports_cannot,0.0012781496625393,0.0012781496625393,0.0012781496625393,0.0014323402428999,1.0,1.0,0.8923506140708923
862,16,11065,supports_cannot,0.0012772353366017,0.0012772353366017,0.0012772353366017,0.0009010453359223,1.0,1.0,1.4175039529800415
863,26,11593,supports_cannot,0.0012770756147801,0.0012770756147801,0.001282718963921,0.0023195452522486,0.984536111354828,0.984536111354828,0.5505715608596802
864,19,3982,suppresses_cannot,-0.001276945346035,0.001276945346035,0.001276945346035,0.0012097907019779,0.0,1.0,1.055509328842163
865,17,3588,supports_cannot,0.001276527531445,0.001276527531445,0.001276527531445,0.0011779423803091,1.0,1.0,1.0836926698684692
866,31,12913,supports_cannot,0.0012755345087498,0.0012755345087498,0.0012755345087498,0.0012883606832474,1.0,1.0,0.9900445938110352
867,26,6675,suppresses_cannot,-0.0012741740792989,0.0012741740792989,0.0012741740792989,0.0013379810843616,0.0,1.0,0.9523109793663024
868,29,5951,suppresses_cannot,-0.0012739467201754,0.0012739467201754,0.0012739467201754,0.0016718490514904,0.0,1.0,0.7619986534118652
869,31,9645,suppresses_cannot,-0.0012731994502246,0.0012731994502246,0.0012731994502246,0.0012286046985536,0.0,1.0,1.036297082901001
870,16,7904,supports_cannot,0.0012726294808089,0.0012726294808089,0.001296604052186,0.0018488077912479,0.9329897165298462,0.9329897165298462,0.6883514523506165
871,26,8035,suppresses_cannot,-0.0012715084012597,0.0012715084012597,0.0012715084012597,0.0012206187238916,0.0,1.0,1.0416916608810425
872,30,13808,suppresses_cannot,-0.0012711593881249,0.0012711593881249,0.0012711593881249,0.00120798824355,0.0,1.0,1.0522944927215576
873,30,8730,supports_cannot,0.0012708225985988,0.0012708225985988,0.0012708225985988,0.0012641078792512,1.0,1.0,1.0053118467330933
874,14,11861,supports_cannot,0.0012708023423328,0.0012708023423328,0.0012858202680945,0.0017512213671579,0.9536082744598388,0.9536082744598388,0.7256662845611572
875,17,8758,supports_cannot,0.0012699402868747,0.0012699402868747,0.0012699402868747,0.0015037868870422,1.0,1.0,0.8444948792457581
876,20,12953,supports_cannot,0.0012684802059084,0.0012684802059084,0.0012684802059084,0.0013724728487432,1.0,1.0,0.9242297410964966
877,30,717,suppresses_cannot,-0.0012681705411523,0.0012681705411523,0.0012681705411523,0.0008855063351802,0.0,1.0,1.432141661643982
878,22,336,supports_cannot,0.001265516038984,0.001265516038984,0.001265516038984,0.0010908051626756,1.0,1.0,1.16016685962677
879,23,4124,suppresses_cannot,-0.0012652555014938,0.0012652555014938,0.0012652555014938,0.0011466656578704,0.0,1.0,1.1034214496612549
880,24,1934,supports_cannot,0.0012647589901462,0.0012647589901462,0.0012647589901462,0.0011110737686976,1.0,1.0,1.1383213996887207
881,25,12715,suppresses_cannot,-0.0012646237155422,0.0012646237155422,0.0012646237155422,0.0018616315210238,0.0,1.0,0.6793093681335449
882,19,6217,suppresses_cannot,-0.0012646163813769,0.0012646163813769,0.0012646163813769,0.0008684429340064,0.0,1.0,1.4561882019042969
883,19,2606,suppresses_cannot,-0.0012632915750145,0.0012632915750145,0.0012632915750145,0.0010074627352878,0.0,1.0,1.2539337873458862
884,17,10664,supports_cannot,0.0012623108923435,0.0012623108923435,0.0012623108923435,0.0009181325440295,1.0,1.0,1.3748677968978882
885,27,13129,supports_cannot,0.0012619225308299,0.0012619225308299,0.0012619225308299,0.0008988276240415,1.0,1.0,1.4039649963378906
886,23,9544,suppresses_cannot,-0.0012613486032932,0.0012613486032932,0.0012705854605883,0.0007317533600144,0.0103092780336737,0.9896907210350036,1.7237346172332764
887,29,7789,suppresses_cannot,-0.0012613473227247,0.0012613473227247,0.0012613473227247,0.001031830557622,0.0,1.0,1.2224364280700684
888,31,1159,supports_cannot,0.0012605853844434,0.0012605853844434,0.0012605853844434,0.0011550246272236,1.0,1.0,1.0913926362991333
889,30,12598,supports_cannot,0.0012601872440427,0.0012601872440427,0.0012601872440427,0.0009113604319281,1.0,1.0,1.3827539682388306
890,21,7208,supports_cannot,0.0012586829252541,0.0012586829252541,0.0012586829252541,0.0008129290072247,1.0,1.0,1.5483306646347046
891,31,2305,suppresses_cannot,-0.0012585833901539,0.0012585833901539,0.0012644184753298,0.0018524681217968,0.0206185560673475,0.9793814420700072,0.6794089078903198
892,25,1476,supports_cannot,0.0012580347247421,0.0012580347247421,0.0012581121409311,0.0010961957741528,0.9948453903198242,0.9948453903198242,1.147636890411377
893,29,166,suppresses_cannot,-0.0012556031579151,0.0012556031579151,0.0012576383305713,0.0010802646866068,0.0051546390168368,0.9948453903198242,1.1623106002807615
894,21,3382,supports_cannot,0.0012555761495605,0.0012555761495605,0.0012555761495605,0.0008482815464958,1.0,1.0,1.4801408052444458
895,21,13468,suppresses_cannot,-0.0012555392459034,0.0012555392459034,0.0012555392459034,0.0012628197437152,0.0,1.0,0.9942347407341005
896,23,13157,supports_cannot,0.0012533689150586,0.0012533689150586,0.0012533689150586,0.0009043169557116,1.0,1.0,1.3859840631484983
897,28,10816,supports_cannot,0.001252980553545,0.001252980553545,0.0012548732338473,0.0010454854927957,0.9896907210350036,0.9896907210350036,1.1984676122665403
898,26,10343,supports_cannot,0.0012527169892564,0.0012527169892564,0.0012527169892564,0.0010987395653501,1.0,1.0,1.1401400566101074
899,15,704,suppresses_cannot,-0.0012525919592007,0.0012525919592007,0.0012955103302374,0.0023907870054244,0.0721649453043937,0.9278350472450256,0.5239245295524597
900,30,3935,suppresses_cannot,-0.0012525528436526,0.0012525528436526,0.0012525528436526,0.0010604448616504,0.0,1.0,1.1811579465866089
901,23,5948,suppresses_cannot,-0.0012524693738669,0.0012524693738669,0.0012524693738669,0.0009346348815597,0.0,1.0,1.3400627374649048
902,20,11241,supports_cannot,0.0012523513287305,0.0012523513287305,0.0012523513287305,0.0009439209825359,1.0,1.0,1.326754450798035
903,17,4,suppresses_cannot,-0.0012522776378318,0.0012522776378318,0.0012522776378318,0.0012126164510846,0.0,1.0,1.0327070951461792
904,16,10676,suppresses_cannot,-0.0012517860159277,0.0012517860159277,0.0012517860159277,0.0009060433367267,0.0,1.0,1.3815962076187134
905,16,3669,supports_cannot,0.001251664943993,0.001251664943993,0.0012622659560292,0.0015754565829411,0.9742268323898317,0.9742268323898317,0.7944775819778442
906,17,1281,supports_cannot,0.0012512747198343,0.0012512747198343,0.0012512747198343,0.0014639197615906,1.0,1.0,0.854742705821991
907,26,12294,suppresses_cannot,-0.0012510732049122,0.0012510732049122,0.0012510732049122,0.0010192551417276,0.0,1.0,1.2274386882781982
908,28,11641,supports_cannot,0.0012510216329246,0.0012510216329246,0.0012766724685207,0.0012858343543484,0.9793814420700072,0.9793814420700072,0.9729259610176086
909,19,14292,suppresses_cannot,-0.001250747591257,0.001250747591257,0.0013775420375168,0.001529381959699,0.0824742242693901,0.9175257682800292,0.817812442779541
910,19,397,suppresses_cannot,-0.0012505496852099,0.0012505496852099,0.0012505496852099,0.0014003859832882,0.0,1.0,0.8930035829544067
911,30,10657,suppresses_cannot,-0.0012504735495895,0.0012504735495895,0.0012504735495895,0.0012356400256976,0.0,1.0,1.0120047330856323
912,23,9335,supports_cannot,0.001250188332051,0.001250188332051,0.001250188332051,0.0009112392435781,1.0,1.0,1.371964931488037
913,21,3626,suppresses_cannot,-0.0012501146411523,0.0012501146411523,0.0012501146411523,0.000920433900319,0.0,1.0,1.3581796884536743
914,15,8329,supports_cannot,0.0012492282548919,0.0012492282548919,0.0012542227050289,0.0014819876523688,0.9793814420700072,0.9793814420700072,0.8429410457611084
915,27,12638,suppresses_cannot,-0.0012490773806348,0.0012490773806348,0.0012490773806348,0.0011701817857101,0.0,1.0,1.0674216747283936
916,22,3334,supports_cannot,0.0012490235967561,0.0012490235967561,0.0012615805026143,0.0012492534006014,0.9587628841400146,0.9587628841400146,0.9998160600662231
917,26,3426,suppresses_cannot,-0.0012470004148781,0.0012470004148781,0.0012521522585302,0.0011194058461114,0.0051546390168368,0.9948453903198242,1.113984227180481
918,20,4645,suppresses_cannot,-0.0012468898203223,0.0012468898203223,0.0012468898203223,0.0011073155328631,0.0,1.0,1.1260474920272827
919,31,10088,suppresses_cannot,-0.0012465752661228,0.0012465752661228,0.0012465752661228,0.0012935370905324,0.0,1.0,0.9636950492858888
920,27,7985,suppresses_cannot,-0.0012451742077246,0.0012451742077246,0.0012451742077246,0.0007472339202649,0.0,1.0,1.6663780212402344
921,27,6678,supports_cannot,0.0012446236796677,0.0012446236796677,0.0012446236796677,0.0013533894671127,1.0,1.0,0.9196345210075378
922,23,11273,supports_cannot,0.0012442881707102,0.0012442881707102,0.0012464510509744,0.0010814184788614,0.9948453903198242,0.9948453903198242,1.1506074666976929
923,17,12034,supports_cannot,0.0012427630135789,0.0012427630135789,0.0012427630135789,0.0009617276373319,1.0,1.0,1.2922192811965942
924,22,1612,suppresses_cannot,-0.0012426228495314,0.0012426228495314,0.0012433307711035,0.0009621392819099,0.0051546390168368,0.9948453903198242,1.2915207147598269
925,21,3847,suppresses_cannot,-0.0012425982858985,0.0012425982858985,0.0012425982858985,0.0012510623782873,0.0,1.0,0.9932344555854796
926,30,5025,suppresses_cannot,-0.0012425885070115,0.0012425885070115,0.0012425885070115,0.0009360703406855,0.0,1.0,1.3274520635604858
927,20,10967,suppresses_cannot,-0.001242330414243,0.001242330414243,0.0012469807406887,0.0013865306973457,0.0103092780336737,0.9896907210350036,0.8959991931915283
928,15,7962,suppresses_cannot,-0.0012423051521182,0.0012423051521182,0.0012621307978406,0.0024638003669679,0.0824742242693901,0.9175257682800292,0.504223108291626
929,23,12583,supports_cannot,0.0012417969992384,0.0012417969992384,0.0012417969992384,0.0010965245310217,1.0,1.0,1.1324844360351562
930,31,636,suppresses_cannot,-0.0012416151585057,0.0012416151585057,0.0012416151585057,0.0009614241425879,0.0,1.0,1.291433334350586
931,22,13090,suppresses_cannot,-0.0012414873344823,0.0012414873344823,0.0012474354589357,0.0017163821030408,0.0103092780336737,0.9896907210350036,0.7233164310455322
932,31,8990,suppresses_cannot,-0.0012411235366016,0.0012411235366016,0.0012411235366016,0.0012733381008729,0.0,1.0,0.974700689315796
933,18,6786,supports_cannot,0.0012409392511472,0.0012409392511472,0.0016097874613478,0.0024586089421063,0.7835051417350769,0.7835051417350769,0.5047322511672974
934,19,1520,suppresses_cannot,-0.0012408556649461,0.0012408556649461,0.0012408556649461,0.0013859957689419,0.0,1.0,0.8952810168266296
935,15,3366,suppresses_cannot,-0.0012408065376803,0.0012408065376803,0.0012408065376803,0.0014949825126677,0.0,1.0,0.8299806118011475
936,23,1983,suppresses_cannot,-0.0012401797575876,0.0012401797575876,0.0012401797575876,0.0009725066483952,0.0,1.0,1.275240421295166
937,26,3280,suppresses_cannot,-0.0012401355197653,0.0012401355197653,0.0012401355197653,0.0011566001921892,0.0,1.0,1.0722248554229736
938,21,1222,supports_cannot,0.0012396697420626,0.0012396697420626,0.0012396697420626,0.0009906773921102,1.0,1.0,1.2513355016708374
939,17,7259,suppresses_cannot,-0.0012391571654006,0.0012391571654006,0.0012391571654006,0.001087947981432,0.0,1.0,1.1389856338500977
940,13,12622,supports_cannot,0.0012382238637655,0.0012382238637655,0.0012382238637655,0.0012765062274411,1.0,1.0,0.9700100421905518
941,15,344,suppresses_cannot,-0.0012380621628835,0.0012380621628835,0.0012503322213888,0.0028556387405842,0.0051546390168368,0.9948453903198242,0.4335500001907348
942,20,2651,suppresses_cannot,-0.0012379282852634,0.0012379282852634,0.0012379282852634,0.0007775297854095,0.0,1.0,1.5921297073364258
943,30,38,supports_cannot,0.0012373973149806,0.0012373973149806,0.0012373973149806,0.0010634753853082,1.0,1.0,1.1635410785675049
944,29,1101,suppresses_cannot,-0.0012365075526759,0.0012365075526759,0.0012521399185061,0.0010630461620166,0.0154639175161719,0.984536111354828,1.1631739139556885
945,29,5038,suppresses_cannot,-0.0012350967153906,0.0012350967153906,0.0012350967153906,0.0013330829096958,0.0,1.0,0.9264965653419496
946,17,7176,suppresses_cannot,-0.0012348656309768,0.0012348656309768,0.0012579406611621,0.0015764163108542,0.0309278350323438,0.969072163105011,0.7833372354507446
947,23,13376,supports_cannot,0.0012345480499789,0.0012345480499789,0.0013346100458875,0.0014378476189449,0.9175257682800292,0.9175257682800292,0.8586084246635437
948,20,12370,supports_cannot,0.0012344969436526,0.0012344969436526,0.0012344969436526,0.0015381762059405,1.0,1.0,0.8025718927383423
949,24,7661,suppresses_cannot,-0.0012343642301857,0.0012343642301857,0.0012343642301857,0.0010645939037203,0.0,1.0,1.1594696044921875
950,22,2851,suppresses_cannot,-0.0012340256944298,0.0012340256944298,0.0012344570131972,0.0009627847466617,0.0103092780336737,0.9896907210350036,1.2817254066467283
951,31,2816,suppresses_cannot,-0.0012334155617281,0.0012334155617281,0.0012334155617281,0.001328163431026,0.0,1.0,0.9286624789237976
952,29,7001,supports_cannot,0.0012323340633884,0.0012323340633884,0.0012323340633884,0.0009393602376803,1.0,1.0,1.3118865489959717
953,22,3418,supports_cannot,0.0012321177637204,0.0012321177637204,0.0012321177637204,0.0009264064137823,1.0,1.0,1.3299970626831057
954,19,11646,suppresses_cannot,-0.0012309815501794,0.0012309815501794,0.0013255096273496,0.0013106996193528,0.041237112134695,0.9587628841400146,0.939179003238678
955,22,10324,suppresses_cannot,-0.0012305839918553,0.0012305839918553,0.0012305839918553,0.0008617735584266,0.0,1.0,1.4279667139053345
956,24,6041,supports_cannot,0.0012302537215873,0.0012302537215873,0.0012459837598726,0.0010273605585098,0.9793814420700072,0.9793814420700072,1.1974897384643557
957,14,8357,supports_cannot,0.0012300063390284,0.0012300063390284,0.0012300063390284,0.0009322501718997,1.0,1.0,1.3193951845169067
958,6,10666,supports_cannot,0.001229423796758,0.001229423796758,0.0012324126437306,0.0012217209441587,0.9948453903198242,0.9948453903198242,1.0063049793243408
959,25,11297,supports_cannot,0.001228681532666,0.001228681532666,0.001228681532666,0.001141436281614,1.0,1.0,1.07643461227417
960,1,4053,supports_cannot,0.0012274191249161,0.0012274191249161,0.0015150158433243,0.0016762327868491,0.8556700944900513,0.8556700944900513,0.7322486042976379
961,28,2510,suppresses_cannot,-0.0012273198226466,0.0012273198226466,0.0012273198226466,0.0009993726853281,0.0,1.0,1.2280901670455933
962,28,6442,suppresses_cannot,-0.0012266857083886,0.0012266857083886,0.0012266857083886,0.0017202558228746,0.0,1.0,0.7130833268165588
963,16,5905,supports_cannot,0.0012265050318092,0.0012265050318092,0.0012766196159645,0.0010699913837015,0.9432989954948424,0.9432989954948424,1.1462756395339966
964,16,10444,suppresses_cannot,-0.0012260270304977,0.0012260270304977,0.0012260270304977,0.0008988123154267,0.0,1.0,1.3640522956848145
965,22,344,suppresses_cannot,-0.0012241933727636,0.0012241933727636,0.0012241933727636,0.000937269302085,0.0,1.0,1.306127667427063
966,22,6493,suppresses_cannot,-0.001224067993462,0.001224067993462,0.0012390908086672,0.000903618754819,0.0051546390168368,0.9948453903198242,1.3546288013458252
967,18,4318,suppresses_cannot,-0.0012239346979185,0.0012239346979185,0.001226240186952,0.0011178207350894,0.0103092780336737,0.9896907210350036,1.094929337501526
968,28,6624,suppresses_cannot,-0.0012198109179735,0.0012198109179735,0.0012198109179735,0.0016041406197473,0.0,1.0,0.7604139447212219
969,19,7180,suppresses_cannot,-0.0012196339666843,0.0012196339666843,0.0012905400944873,0.0011813034070655,0.0257731955498456,0.9742268323898317,1.0324476957321167
970,17,10066,supports_cannot,0.0012193070724606,0.0012193070724606,0.0012193070724606,0.0009726621210575,1.0,1.0,1.2535772323608398
971,18,1065,supports_cannot,0.0012183631770312,0.0012183631770312,0.0012202213983982,0.0009011295042,0.9948453903198242,0.9948453903198242,1.3520400524139404
972,29,12431,suppresses_cannot,-0.0012176749296486,0.0012176749296486,0.0012176749296486,0.0013393899425864,0.0,1.0,0.9091265201568604
973,19,12000,supports_cannot,0.0012175575830042,0.0012175575830042,0.00127253762912,0.0016108812997117,0.907216489315033,0.907216489315033,0.7558332085609436
974,27,14038,suppresses_cannot,-0.0012173161376267,0.0012173161376267,0.0012173161376267,0.0012670758878812,0.0,1.0,0.960728645324707
975,29,10537,supports_cannot,0.0012163771316409,0.0012163771316409,0.0012163771316409,0.0008579270215705,1.0,1.0,1.4178096055984497
976,19,2567,suppresses_cannot,-0.0012160066980868,0.0012160066980868,0.001234833151102,0.0013274564407765,0.0206185560673475,0.9793814420700072,0.9160426259040833
977,0,491,supports_cannot,0.0012158511672168,0.0012158511672168,0.001534528331831,0.0035900978837162,0.7319587469100952,0.7319587469100952,0.3386679589748382
978,31,8245,suppresses_cannot,-0.0012157430173829,0.0012157430173829,0.0012157430173829,0.0011651072418317,0.0,1.0,1.0434601306915283
979,23,5917,supports_cannot,0.0012155512813478,0.0012155512813478,0.0012155512813478,0.0012750277528539,1.0,1.0,0.9533528089523317
980,21,7760,supports_cannot,0.0012153153074905,0.0012153153074905,0.0012153153074905,0.0009890442015603,1.0,1.0,1.228777527809143
981,13,7549,suppresses_cannot,-0.0012139886384829,0.0012139886384829,0.001243109581992,0.0021154230926185,0.0773195847868919,0.92268043756485,0.5738751292228699
982,23,8210,suppresses_cannot,-0.0012139782775193,0.0012139782775193,0.0012139782775193,0.0009047889034263,0.0,1.0,1.341725468635559
983,24,2417,supports_cannot,0.0012134215794503,0.0012134215794503,0.0012134215794503,0.0014268741942942,1.0,1.0,0.8504054546356201
984,19,10637,supports_cannot,0.0012133668642491,0.0012133668642491,0.0014800435164943,0.0025829286314547,0.8402062058448792,0.8402062058448792,0.4697639942169189
985,18,2120,supports_cannot,0.0012126190122216,0.0012126190122216,0.0012126190122216,0.001026872661896,1.0,1.0,1.1808854341506958
986,25,6717,supports_cannot,0.0012124414788559,0.0012124414788559,0.0012129785027354,0.000711903325282,0.9896907210350036,0.9896907210350036,1.7030985355377195
987,17,650,supports_cannot,0.0012121360050514,0.0012121360050514,0.0012121360050514,0.0013570497976616,1.0,1.0,0.8932141065597534
988,15,8759,supports_cannot,0.0012118527665734,0.0012118527665734,0.0012767813168466,0.0014874305343255,0.9793814420700072,0.9793814420700072,0.8147289752960205
989,31,4668,supports_cannot,0.0012118300655856,0.0012118300655856,0.0012118300655856,0.0007961294031701,1.0,1.0,1.5221521854400637
990,28,11285,suppresses_cannot,-0.0012107260990887,0.0012107260990887,0.001489195972681,0.0025374945253133,0.2268041223287582,0.7731958627700806,0.4771344661712646
991,16,6363,supports_cannot,0.001209249254316,0.001209249254316,0.0012121003819629,0.0007762737222947,0.9948453903198242,0.9948453903198242,1.5577614307403564
992,16,5614,suppresses_cannot,-0.001208504429087,0.001208504429087,0.001208504429087,0.0016614671330899,0.0,1.0,0.727371871471405
993,26,13357,supports_cannot,0.0012083790497854,0.0012083790497854,0.0012083790497854,0.0007334980764426,1.0,1.0,1.647419571876526
994,28,8102,supports_cannot,0.0012075434206053,0.0012075434206053,0.0012075434206053,0.0011141516733914,1.0,1.0,1.0838232040405271
995,22,6366,suppresses_cannot,-0.0012070272350683,0.0012070272350683,0.0012070272350683,0.0009643033263273,0.0,1.0,1.2517091035842896
996,31,1760,suppresses_cannot,-0.0012064717011526,0.0012064717011526,0.0012064717011526,0.0011498979292809,0.0,1.0,1.0491989850997925
997,19,12750,supports_cannot,0.0012060501612722,0.0012060501612722,0.0012751326430588,0.0017866075504571,0.9432989954948424,0.9432989954948424,0.6750504374504089
998,29,12911,suppresses_cannot,-0.001205532811582,0.001205532811582,0.001205532811582,0.0008273989660665,0.0,1.0,1.4570151567459106
999,30,13145,supports_cannot,0.0012054049875587,0.0012054049875587,0.0012054049875587,0.001176968216896,1.0,1.0,1.0241609811782837
1000,22,4209,suppresses_cannot,-0.0012046921765431,0.0012046921765431,0.0012083299225196,0.0016729375347495,0.0051546390168368,0.9948453903198242,0.7201058864593506
1001,20,11743,supports_cannot,0.0012046000920236,0.0012046000920236,0.0012046000920236,0.0010085683315992,1.0,1.0,1.1943663358688354
1002,26,13342,suppresses_cannot,-0.0012040949659422,0.0012040949659422,0.0012040949659422,0.001492669340223,0.0,1.0,0.8066722750663757
1003,20,12159,suppresses_cannot,-0.0012036353582516,0.0012036353582516,0.0012036353582516,0.001033247099258,0.0,1.0,1.164905667304993
1004,25,13462,suppresses_cannot,-0.0012029520003125,0.0012029520003125,0.0012029520003125,0.0009337577503174,0.0,1.0,1.288291335105896
1005,17,11456,supports_cannot,0.0012021359289065,0.0012021359289065,0.0012031585210934,0.001222935388796,0.9948453903198242,0.9948453903198242,0.9829921722412108
1006,19,4409,supports_cannot,0.0012013555970042,0.0012013555970042,0.0012972170952707,0.0014062275877222,0.8969072103500366,0.8969072103500366,0.854310929775238
1007,27,4641,suppresses_cannot,-0.0012005775934085,0.0012005775934085,0.0012005775934085,0.0008974926895461,0.0,1.0,1.3377017974853516
1008,10,2015,supports_cannot,0.0011998144909739,0.0011998144909739,0.0011998144909739,0.0011793780140578,1.0,1.0,1.017328143119812
1009,29,992,suppresses_cannot,-0.0011992994695901,0.0011992994695901,0.0011992994695901,0.001308086561039,0.0,1.0,0.9168349504470824
1010,19,12738,suppresses_cannot,-0.0011990955099463,0.0011990955099463,0.0011990955099463,0.0009972470579668,0.0,1.0,1.2024056911468506
1011,21,8140,supports_cannot,0.0011986555764451,0.0011986555764451,0.0011986555764451,0.001119066029787,1.0,1.0,1.0711214542388916
1012,26,9583,supports_cannot,0.0011986100580543,0.0011986100580543,0.0011986100580543,0.0013971871230751,1.0,1.0,0.8578736782073975
1013,31,3320,suppresses_cannot,-0.0011984122684225,0.0011984122684225,0.0011984122684225,0.001202569110319,0.0,1.0,0.9965433478355408
1014,29,4425,supports_cannot,0.0011977386893704,0.0011977386893704,0.0011977386893704,0.0013778158463537,1.0,1.0,0.8693024516105652
1015,29,13152,suppresses_cannot,-0.0011975101660937,0.0011975101660937,0.0011975101660937,0.0012100241146981,0.0,1.0,0.9896581172943116
1016,13,5104,suppresses_cannot,-0.001197446254082,0.001197446254082,0.0012681643711403,0.0014378809137269,0.1030927821993827,0.8969072103500366,0.832785427570343
1017,31,7195,supports_cannot,0.0011964777950197,0.0011964777950197,0.0011964777950197,0.0012022852897644,1.0,1.0,0.9951696395874025
1018,16,946,supports_cannot,0.0011960084084421,0.0011960084084421,0.0011967801256105,0.00111728196498,0.9948453903198242,0.9948453903198242,1.0704624652862549
1019,31,5371,suppresses_cannot,-0.0011951932683587,0.0011951932683587,0.0012653031153604,0.0013434975408017,0.0670103058218956,0.9329897165298462,0.8896132707595825
1020,26,445,suppresses_cannot,-0.001194211654365,0.001194211654365,0.001194211654365,0.001148777664639,0.0,1.0,1.0395498275756836
1021,15,11140,supports_cannot,0.0011939080432057,0.0011939080432057,0.0011944291181862,0.0015695984475314,0.9948453903198242,0.9948453903198242,0.7606455087661743
1022,18,1702,suppresses_cannot,-0.0011938823154196,0.0011938823154196,0.0011938823154196,0.0010993111645802,0.0,1.0,1.0860276222229004
1023,18,5421,supports_cannot,0.0011936855735257,0.0011936855735257,0.0011936855735257,0.0012328115990385,1.0,1.0,0.968262791633606
1024,18,3223,suppresses_cannot,-0.0011933968635275,0.0011933968635275,0.0011957146925851,0.0017776954919099,0.0103092780336737,0.9896907210350036,0.6713168025016785
1025,18,6526,suppresses_cannot,-0.0011922256089746,0.0011922256089746,0.0011922256089746,0.0010191524634137,0.0,1.0,1.1698206663131714
1026,31,6398,supports_cannot,0.0011919257231056,0.0011919257231056,0.0011919257231056,0.0011811025906354,1.0,1.0,1.0091636180877686
1027,19,13125,supports_cannot,0.0011918434174731,0.0011918434174731,0.0012071267701685,0.00184776133392,0.984536111354828,0.984536111354828,0.6450202465057373
1028,14,7839,suppresses_cannot,-0.0011903879931196,0.0011903879931196,0.0013942678924649,0.0018420084379613,0.1855670064687729,0.8144329786300659,0.6462445855140686
1029,19,9711,suppresses_cannot,-0.0011895439820364,0.0011895439820364,0.0011914095375686,0.0016397103900089,0.0154639175161719,0.984536111354828,0.7254598140716553
1030,31,1042,supports_cannot,0.0011881602695211,0.0011881602695211,0.0011881602695211,0.0012887419434264,1.0,1.0,0.9219536185264589
1031,18,13697,suppresses_cannot,-0.0011875408235937,0.0011875408235937,0.0011875408235937,0.0009548892849124,0.0,1.0,1.2436424493789673
1032,30,1700,suppresses_cannot,-0.0011872311588376,0.0011872311588376,0.0011872311588376,0.0010897022439166,0.0,1.0,1.0895005464553833
1033,21,12033,supports_cannot,0.0011858399957418,0.0011858399957418,0.0011858399957418,0.0009177959873341,1.0,1.0,1.2920517921447754
1034,29,14262,suppresses_cannot,-0.0011857001809403,0.0011857001809403,0.0011920711258426,0.0015728601720184,0.0154639175161719,0.984536111354828,0.7538496851921082
1035,19,1040,supports_cannot,0.0011854540789499,0.0011854540789499,0.0011854540789499,0.0010923304362222,1.0,1.0,1.085252285003662
1036,28,10965,supports_cannot,0.0011853656033053,0.0011853656033053,0.0011853656033053,0.0011260099709033,1.0,1.0,1.0527132749557495
1037,22,12258,suppresses_cannot,-0.001185284461826,0.001185284461826,0.001185284461826,0.0011647676583379,0.0,1.0,1.017614483833313
1038,9,884,supports_cannot,0.001183807500638,0.001183807500638,0.0012781395344063,0.0022711690980941,0.8865979313850403,0.8865979313850403,0.5212326645851135
1039,24,5163,suppresses_cannot,-0.0011833476601168,0.0011833476601168,0.0011833476601168,0.0009356483351439,0.0,1.0,1.264735460281372
1040,31,5287,suppresses_cannot,-0.0011821629013866,0.0011821629013866,0.0011821629013866,0.0011499264510348,0.0,1.0,1.0280334949493408
1041,22,476,suppresses_cannot,-0.0011819282080978,0.0011819282080978,0.0012031523510813,0.0009809451876208,0.0206185560673475,0.9793814420700072,1.2048871517181396
1042,28,5216,suppresses_cannot,-0.0011810641735792,0.0011810641735792,0.0011810641735792,0.0008590797660872,0.0,1.0,1.374801516532898
1043,17,11518,suppresses_cannot,-0.0011796546168625,0.0011796546168625,0.0011889233719557,0.0015287908026948,0.0154639175161719,0.984536111354828,0.7716259360313416
1044,20,10000,suppresses_cannot,-0.0011796478647738,0.0011796478647738,0.0012477925047278,0.0016204596031457,0.1134020611643791,0.8865979313850403,0.7279711365699768
1045,17,4161,suppresses_cannot,-0.0011795230675488,0.0011795230675488,0.0011795230675488,0.0009357423987239,0.0,1.0,1.2605211734771729
1046,31,13062,supports_cannot,0.001179174054414,0.001179174054414,0.001179174054414,0.001028875936754,1.0,1.0,1.1460798978805542
1047,29,2096,suppresses_cannot,-0.0011784464586526,0.0011784464586526,0.0011784464586526,0.0010275081731379,0.0,1.0,1.1468974351882937
1048,28,9564,suppresses_cannot,-0.0011782007059082,0.0011782007059082,0.0011782007059082,0.0008188281208276,0.0,1.0,1.4388865232467651
1049,20,10996,supports_cannot,0.0011780138593167,0.0011780138593167,0.001180098275654,0.0010322328889742,0.9948453903198242,0.9948453903198242,1.1412287950515747
1050,16,13567,suppresses_cannot,-0.0011776402825489,0.0011776402825489,0.0011776402825489,0.0008680351893417,0.0,1.0,1.3566734790802002
1051,31,12226,supports_cannot,0.0011763424845412,0.0011763424845412,0.0011763424845412,0.0013164526317268,1.0,1.0,0.8935699462890625
1052,24,8380,suppresses_cannot,-0.0011761999921873,0.0011761999921873,0.0011761999921873,0.0007745602633804,0.0,1.0,1.5185390710830688
1053,24,9748,suppresses_cannot,-0.0011752020800486,0.0011752020800486,0.0011752020800486,0.0013607889413833,0.0,1.0,0.8636181950569153
1054,31,12946,supports_cannot,0.0011748579563573,0.0011748579563573,0.0011748579563573,0.0008912963094189,1.0,1.0,1.3181451559066772
1055,21,5972,supports_cannot,0.001174792763777,0.001174792763777,0.001174792763777,0.0009697179775685,1.0,1.0,1.21147882938385
1056,24,11848,supports_cannot,0.0011738109169527,0.0011738109169527,0.0011738109169527,0.0009761240216903,1.0,1.0,1.2025222778320312
1057,31,14215,suppresses_cannot,-0.001172955497168,0.001172955497168,0.001172955497168,0.0010045617818832,0.0,1.0,1.1676290035247805
1058,27,5147,supports_cannot,0.001172769931145,0.001172769931145,0.0013739067362621,0.0014299729373306,0.9793814420700072,0.9793814420700072,0.8201343417167664
1059,21,4473,suppresses_cannot,-0.0011716897133737,0.0011716897133737,0.0011797363404184,0.0010477096075192,0.0154639175161719,0.984536111354828,1.118334412574768
1060,20,1617,supports_cannot,0.0011712595587596,0.0011712595587596,0.0011712595587596,0.0007130104349926,1.0,1.0,1.6426962614059448
1061,13,7084,supports_cannot,0.0011712183477357,0.0011712183477357,0.0011860383674502,0.0013322973391041,0.9793814420700072,0.9793814420700072,0.8790968060493469
1062,16,5496,suppresses_cannot,-0.0011700305622071,0.0011700305622071,0.0011700305622071,0.0007089372957125,0.0,1.0,1.6504006385803225
1063,31,6688,suppresses_cannot,-0.0011693325359374,0.0011693325359374,0.0011693325359374,0.0012055204715579,0.0,1.0,0.9699814915657043
1064,27,1544,supports_cannot,0.0011684182099997,0.0011684182099997,0.0011684182099997,0.0011193976970389,1.0,1.0,1.043791890144348
1065,16,2756,suppresses_cannot,-0.0011684114579111,0.0011684114579111,0.0012923780595883,0.0018432040233165,0.0824742242693901,0.9175257682800292,0.6339024305343628
1066,18,13301,supports_cannot,0.0011679462622851,0.0011679462622851,0.0011679462622851,0.0009241004008799,1.0,1.0,1.263873815536499
1067,29,5060,suppresses_cannot,-0.0011673858389258,0.0011673858389258,0.0011673858389258,0.0007173508056439,0.0,1.0,1.627357006072998
1068,31,12944,suppresses_cannot,-0.0011666066711768,0.0011666066711768,0.0011666066711768,0.0011086078593507,0.0,1.0,1.0523167848587036
1069,24,425,suppresses_cannot,-0.0011660634772852,0.0011660634772852,0.0011660634772852,0.0009522501495666,0.0,1.0,1.2245348691940308
1070,15,2463,supports_cannot,0.0011655375128611,0.0011655375128611,0.0011655375128611,0.0011829449795186,1.0,1.0,0.9852846264839172
1071,18,7364,suppresses_cannot,-0.0011654440313577,0.0011654440313577,0.0011654440313577,0.0015145699726417,0.0,1.0,0.7694883942604065
1072,17,10466,suppresses_cannot,-0.0011651187669485,0.0011651187669485,0.0012283979449421,0.0021824373397976,0.1134020611643791,0.8865979313850403,0.5338612794876099
1073,30,670,supports_cannot,0.0011644854675978,0.0011644854675978,0.0011644854675978,0.0007010684930719,1.0,1.0,1.661015272140503
1074,24,4234,suppresses_cannot,-0.0011640578741207,0.0011640578741207,0.0011640578741207,0.0008668736554682,0.0,1.0,1.3428230285644531
1075,25,13336,suppresses_cannot,-0.0011638219002634,0.0011638219002634,0.0011638219002634,0.0012519520241767,0.0,1.0,0.9296058416366576
1076,30,11928,supports_cannot,0.0011618064017966,0.0011618064017966,0.0011618064017966,0.0010465094819664,1.0,1.0,1.1101728677749634
1077,19,11694,supports_cannot,0.001161644118838,0.001161644118838,0.001161644118838,0.0008447914151474,1.0,1.0,1.375066161155701
1078,17,3526,suppresses_cannot,-0.00116094853729,0.00116094853729,0.0011614745017141,0.0007883663638494,0.0051546390168368,0.9948453903198242,1.472600340843201
1079,19,3905,suppresses_cannot,-0.0011605307227,0.0011605307227,0.0011605307227,0.0013637660304084,0.0,1.0,0.8509749174118042
1080,14,5974,supports_cannot,0.0011604636674746,0.0011604636674746,0.0011884600389748,0.0022997090127319,0.907216489315033,0.907216489315033,0.5046132802963257
1081,13,13922,supports_cannot,0.001159967854619,0.001159967854619,0.001159967854619,0.0012301970273256,1.0,1.0,0.9429122805595398
1082,13,13505,supports_cannot,0.0011595247779041,0.0011595247779041,0.0011729868128895,0.0016523381927981,0.9742268323898317,0.9742268323898317,0.7017478346824646
1083,11,9513,suppresses_cannot,-0.0011592882219702,0.0011592882219702,0.0011596520198509,0.0020258608274161,0.0051546390168368,0.9948453903198242,0.5722447633743286
1084,14,13831,suppresses_cannot,-0.0011585600441321,0.0011585600441321,0.0012195614399388,0.0025648535229265,0.1855670064687729,0.8144329786300659,0.4517061114311218
1085,18,8746,suppresses_cannot,-0.0011583259329199,0.0011583259329199,0.0011583259329199,0.0008019420783966,0.0,1.0,1.4444010257720947
1086,29,11482,supports_cannot,0.0011573476949706,0.0011573476949706,0.0011573476949706,0.0009818903636187,1.0,1.0,1.178693413734436
1087,22,13079,suppresses_cannot,-0.0011565070599317,0.0011565070599317,0.0011565070599317,0.0009814338991418,0.0,1.0,1.1783850193023682
1088,25,5108,suppresses_cannot,-0.0011562266154214,0.0011562266154214,0.0011566499015316,0.0014082927955314,0.0103092780336737,0.9896907210350036,0.8210129737854004
1089,27,11567,supports_cannot,0.0011558335972949,0.0011558335972949,0.0011558335972949,0.0009072702378034,1.0,1.0,1.2739683389663696
1090,22,12803,suppresses_cannot,-0.0011558213736861,0.0011558213736861,0.0011558213736861,0.0012679131468757,0.0,1.0,0.911593496799469
1091,25,8998,suppresses_cannot,-0.0011554821394383,0.0011554821394383,0.0011554821394383,0.0012739448575302,0.0,1.0,0.907011091709137
1092,18,10365,suppresses_cannot,-0.0011554108932614,0.0011554108932614,0.0011554108932614,0.0007576789939776,0.0,1.0,1.5249345302581787
1093,31,4512,supports_cannot,0.0011553266085684,0.0011553266085684,0.0011884472332894,0.0019834886770695,0.938144326210022,0.938144326210022,0.5824719667434692
1094,30,10321,suppresses_cannot,-0.0011551936622709,0.0011551936622709,0.0012219323543831,0.00190411566291,0.1082474216818809,0.8917526006698608,0.6066824793815613
1095,29,11990,suppresses_cannot,-0.0011544866720214,0.0011544866720214,0.0011544866720214,0.0008457621443085,0.0,1.0,1.365025281906128
1096,16,14271,suppresses_cannot,-0.0011543515138328,0.0011543515138328,0.0011550986673682,0.0013918488984927,0.0051546390168368,0.9948453903198242,0.8293655514717102
1097,30,6296,supports_cannot,0.0011535969097167,0.0011535969097167,0.0011535969097167,0.0005394878098741,1.0,1.0,2.1383187770843506
1098,23,9356,suppresses_cannot,-0.0011533658253028,0.0011533658253028,0.0011533658253028,0.0011361381039023,0.0,1.0,1.0151634216308594
1099,15,8860,supports_cannot,0.0011528226314112,0.0011528226314112,0.0011528226314112,0.0010934695601463,1.0,1.0,1.0542795658111572
1100,13,5017,suppresses_cannot,-0.0011519249528646,0.0011519249528646,0.0011543618747964,0.0010380953317508,0.0154639175161719,0.984536111354828,1.109652400016785
1101,15,10816,supports_cannot,0.0011510858312249,0.0011510858312249,0.0011803584638983,0.0012282703537493,0.9639175534248352,0.9639175534248352,0.9371600151062012
1102,29,11182,suppresses_cannot,-0.001150102703832,0.001150102703832,0.001150102703832,0.0009378045215271,0.0,1.0,1.2263778448104858
1103,17,12932,suppresses_cannot,-0.0011500648688524,0.0011500648688524,0.0011500648688524,0.0008587738848291,0.0,1.0,1.3391940593719482
1104,23,2423,suppresses_cannot,-0.0011496888473629,0.0011496888473629,0.0011496888473629,0.0008452316396869,0.0,1.0,1.3602056503295898
1105,27,9494,suppresses_cannot,-0.0011495216749608,0.0011495216749608,0.0011495216749608,0.0008883408736437,0.0,1.0,1.2940096855163574
1106,29,5869,suppresses_cannot,-0.0011494774371385,0.0011494774371385,0.0011494774371385,0.0011942260898649,0.0,1.0,0.962529182434082
1107,25,4109,suppresses_cannot,-0.0011489593889564,0.0011489593889564,0.0011553893564268,0.0007305748877115,0.0103092780336737,0.9896907210350036,1.5726784467697144
1108,20,11544,suppresses_cannot,-0.001148248440586,0.001148248440586,0.001148248440586,0.000999414245598,0.0,1.0,1.1489213705062866
1109,23,4176,suppresses_cannot,-0.0011480173561722,0.0011480173561722,0.0011480173561722,0.0009930024389177,0.0,1.0,1.1561073064804075
1110,17,11053,suppresses_cannot,-0.0011479792883619,0.0011479792883619,0.0011479792883619,0.0010610523167997,0.0,1.0,1.0819252729415894
1111,14,3937,suppresses_cannot,-0.001147128874436,0.001147128874436,0.0012056938139721,0.0018116428982466,0.0927835032343864,0.907216489315033,0.6331981420516968
1112,22,11009,suppresses_cannot,-0.001146572176367,0.001146572176367,0.001146572176367,0.0006580565241165,0.0,1.0,1.7423611879348757
1113,23,9907,supports_cannot,0.001145647955127,0.001145647955127,0.001145647955127,0.0010410238755866,1.0,1.0,1.1005011796951294
1114,11,3677,suppresses_cannot,-0.0011456185020506,0.0011456185020506,0.0011456185020506,0.0011618016287684,0.0,1.0,0.9860706925392152
1115,15,3758,supports_cannot,0.0011452940525487,0.0011452940525487,0.0011452940525487,0.000893285498023,1.0,1.0,1.2821142673492432
1116,23,13348,suppresses_cannot,-0.0011439913650974,0.0011439913650974,0.0011439913650974,0.0011382665252313,0.0,1.0,1.0050294399261477
1117,31,10210,suppresses_cannot,-0.0011437283828854,0.0011437283828854,0.0011437283828854,0.001456395140849,0.0,1.0,0.7853146195411682
1118,31,8936,supports_cannot,0.0011431655148044,0.0011431655148044,0.0011431655148044,0.0010830451501533,1.0,1.0,1.0555105209350586
1119,31,3023,suppresses_cannot,-0.0011419119546189,0.0011419119546189,0.0011419119546189,0.000913580530323,0.0,1.0,1.2499302625656128
1120,20,14234,supports_cannot,0.0011405957629904,0.0011405957629904,0.0011413035681471,0.0009778942912817,0.9948453903198242,0.9948453903198242,1.166379451751709
1121,13,4642,supports_cannot,0.0011401401134207,0.0011401401134207,0.0011458762455731,0.0015539416344836,0.9793814420700072,0.9793814420700072,0.7337084412574768
1122,19,8947,supports_cannot,0.0011399332433938,0.0011399332433938,0.0011406952980905,0.0010675829835236,0.9948453903198242,0.9948453903198242,1.0677701234817505
1123,31,9658,supports_cannot,0.0011398657225072,0.0011398657225072,0.0011398657225072,0.0016424757195636,1.0,1.0,0.6939924359321594
1124,29,12268,suppresses_cannot,-0.0011395621113479,0.0011395621113479,0.0011395621113479,0.0013826901558786,0.0,1.0,0.824163019657135
1125,17,4294,supports_cannot,0.0011392524465918,0.0011392524465918,0.0011392524465918,0.0012026000767946,1.0,1.0,0.9473244547843932
1126,18,6335,suppresses_cannot,-0.0011391345178708,0.0011391345178708,0.0011391345178708,0.0007543777464888,0.0,1.0,1.5100319385528564
1127,18,6375,supports_cannot,0.0011387694394215,0.0011387694394215,0.0011407185811549,0.0012974333949387,0.984536111354828,0.984536111354828,0.8777093887329102
1128,24,5024,suppresses_cannot,-0.0011384487152099,0.0011384487152099,0.0011384487152099,0.0010719737038016,0.0,1.0,1.0620118379592896
1129,14,714,suppresses_cannot,-0.0011376612819731,0.0011376612819731,0.0012519012670964,0.0019295393722131,0.1237113401293754,0.876288652420044,0.589602530002594
1130,31,10867,suppresses_cannot,-0.0011374335736036,0.0011374335736036,0.0011374335736036,0.0009756558574736,0.0,1.0,1.1658142805099487
1131,28,8517,supports_cannot,0.0011363619705662,0.0011363619705662,0.0011363619705662,0.0008706976659595,1.0,1.0,1.3051165342330933
1132,16,10835,suppresses_cannot,-0.0011361284414306,0.0011361284414306,0.0011363042285665,0.0011367322877049,0.0051546390168368,0.9948453903198242,0.9994688034057616
1133,17,10974,suppresses_cannot,-0.0011360525386407,0.0011360525386407,0.0011430453741922,0.0020475860219448,0.0309278350323438,0.969072163105011,0.5548253059387207
1134,30,9250,supports_cannot,0.0011353837326169,0.0011353837326169,0.0011353837326169,0.0009953965200111,1.0,1.0,1.1406346559524536
1135,31,5881,supports_cannot,0.0011353738373145,0.0011353738373145,0.0011353738373145,0.0010277747642248,1.0,1.0,1.1046912670135498
1136,15,1871,suppresses_cannot,-0.0011352761648595,0.0011352761648595,0.0011620491277426,0.0014905245043337,0.0876288637518882,0.9123711585998536,0.7616621851921082
1137,31,12373,supports_cannot,0.0011351035209372,0.0011351035209372,0.0011351035209372,0.00107896362897,1.0,1.0,1.0520312786102295
1138,18,2016,supports_cannot,0.0011341331992298,0.0011341331992298,0.0011730286059901,0.0007436351734213,0.9639175534248352,0.9639175534248352,1.5251203775405884
1139,25,9166,supports_cannot,0.0011339457705616,0.0011339457705616,0.0011339457705616,0.0011053762864321,1.0,1.0,1.0258458852767944
1140,16,8840,supports_cannot,0.0011338720796629,0.0011338720796629,0.0011341706849634,0.0011583907762542,0.9948453903198242,0.9948453903198242,0.9788338541984558
1141,16,3215,suppresses_cannot,-0.001133739366196,0.001133739366196,0.001133739366196,0.0007712044753134,0.0,1.0,1.4700891971588137
1142,20,10952,suppresses_cannot,-0.0011331519344821,0.0011331519344821,0.0011331519344821,0.0010368431685492,0.0,1.0,1.0928865671157837
1143,22,5315,supports_cannot,0.001133021665737,0.001133021665737,0.001133021665737,0.0010484609520062,1.0,1.0,1.0806522369384766
1144,31,3430,suppresses_cannot,-0.001131952391006,0.001131952391006,0.001131952391006,0.0009212749428115,0.0,1.0,1.2286803722381592
1145,30,12257,suppresses_cannot,-0.0011316942982375,0.0011316942982375,0.0011316942982375,0.0008170144283212,0.0,1.0,1.3851583003997805
1146,20,448,supports_cannot,0.0011314976727589,0.0011314976727589,0.0011314976727589,0.0008687595836818,1.0,1.0,1.302428960800171
1147,27,7525,supports_cannot,0.0011312986025586,0.0011312986025586,0.0011312986025586,0.0006938768201507,1.0,1.0,1.630402684211731
1148,21,6141,suppresses_cannot,-0.0011310052359476,0.0011310052359476,0.0011310070985928,0.0009276732453145,0.0051546390168368,0.9948453903198242,1.2191848754882812
1149,30,5697,suppresses_cannot,-0.0011308611137792,0.0011308611137792,0.0011308611137792,0.0011499696411192,0.0,1.0,0.9833834767341614
1150,21,6128,supports_cannot,0.0011303449282422,0.0011303449282422,0.0011303449282422,0.0008464198908768,1.0,1.0,1.335442304611206
1151,30,9415,suppresses_cannot,-0.0011302515631541,0.0011302515631541,0.0011302515631541,0.0010035714367404,0.0,1.0,1.1262292861938477
1152,30,2507,supports_cannot,0.0011302024358883,0.0011302024358883,0.0011302024358883,0.0011113078799098,1.0,1.0,1.0170021057128906
1153,21,5101,supports_cannot,0.0011297378223389,0.0011297378223389,0.0011297378223389,0.0012051974190399,1.0,1.0,0.9373881816864014
1154,19,6627,supports_cannot,0.0011294158175587,0.0011294158175587,0.0011298116296529,0.0014131959760561,0.9948453903198242,0.9948453903198242,0.7991926074028015
1155,18,8284,suppresses_cannot,-0.0011291627306491,0.0011291627306491,0.0011291627306491,0.0013005016371607,0.0,1.0,0.8682516813278198
1156,22,1570,suppresses_cannot,-0.0011289537651464,0.0011289537651464,0.0011289537651464,0.0011112309293821,0.0,1.0,1.0159488916397097
1157,20,3416,supports_cannot,0.0011289365356788,0.0011289365356788,0.0011289365356788,0.00090267410269,1.0,1.0,1.2506579160690308
1158,31,8350,suppresses_cannot,-0.0011279970640316,0.0011279970640316,0.0012537431903183,0.0018967315554618,0.1340206116437912,0.8659793734550476,0.5947057008743286
1159,12,8078,supports_cannot,0.0011270421091467,0.0011270421091467,0.0011758957989513,0.002208802383393,0.7474226951599121,0.7474226951599121,0.5102503299713135
1160,12,9114,suppresses_cannot,-0.0011268147500231,0.0011268147500231,0.0013140237424522,0.0028226554859429,0.1752577275037765,0.8247422575950623,0.3992037773132324
1161,17,2244,suppresses_cannot,-0.0011262599145993,0.0011262599145993,0.0011262599145993,0.0006967288791202,0.0,1.0,1.6164966821670532
1162,30,8726,suppresses_cannot,-0.0011260190512984,0.0011260190512984,0.0011260190512984,0.0012209166307002,0.0,1.0,0.9222735166549684
1163,29,699,suppresses_cannot,-0.0011258715530857,0.0011258715530857,0.0011258715530857,0.0010904893279075,0.0,1.0,1.0324461460113523
1164,21,5622,suppresses_cannot,-0.0011255617719143,0.0011255617719143,0.0011255617719143,0.0009953035041689,0.0,1.0,1.1308729648590088
1165,30,961,supports_cannot,0.0011251046089455,0.0011251046089455,0.0011251046089455,0.0011418327922001,1.0,1.0,0.985349714756012
1166,23,7665,supports_cannot,0.0011250530369579,0.0011250530369579,0.0011327438987791,0.0011840158840641,0.9742268323898317,0.9742268323898317,0.9502009749412536
1167,14,12067,supports_cannot,0.0011248118244111,0.0011248118244111,0.001129527343437,0.0019761701114475,0.969072163105011,0.969072163105011,0.5691877603530884
1168,17,14085,suppresses_cannot,-0.0011246131034567,0.0011246131034567,0.0011246131034567,0.0008769934647716,0.0,1.0,1.2823506593704224
1169,30,1604,supports_cannot,0.0011244950583204,0.0011244950583204,0.0011244950583204,0.0008771675638854,1.0,1.0,1.2819615602493286
1170,30,14271,supports_cannot,0.0011242136824876,0.0011242136824876,0.0011242136824876,0.0012892017839476,1.0,1.0,0.8720230460166931
1171,30,3364,suppresses_cannot,-0.0011234873672947,0.0011234873672947,0.0011421282542869,0.0011611829977482,0.0103092780336737,0.9896907210350036,0.9675368666648864
1172,21,10067,suppresses_cannot,-0.0011216782731935,0.0011216782731935,0.0011216782731935,0.0008573834784328,0.0,1.0,1.3082573413848877
1173,26,2135,supports_cannot,0.0011216094717383,0.0011216094717383,0.0011216094717383,0.0007449790718965,1.0,1.0,1.5055583715438845
1174,14,12852,supports_cannot,0.0011198072461411,0.0011198072461411,0.001196285476908,0.0021945552434772,0.907216489315033,0.907216489315033,0.510266125202179
1175,7,7756,suppresses_cannot,-0.0011197939747944,0.0011197939747944,0.001186027075164,0.0023913907352834,0.1494845300912857,0.8505154848098755,0.4682605564594269
1176,23,13537,suppresses_cannot,-0.001119734137319,0.001119734137319,0.0011296838056296,0.0008514145738445,0.0051546390168368,0.9948453903198242,1.3151456117630005
1177,28,8240,suppresses_cannot,-0.00111940712668,0.00111940712668,0.00111940712668,0.001446885173209,0.0,1.0,0.7736668586730957
1178,28,12867,suppresses_cannot,-0.0011193137615919,0.0011193137615919,0.0011193137615919,0.0010121494997292,0.0,1.0,1.1058778762817385
1179,22,3871,suppresses_cannot,-0.0011185542680323,0.0011185542680323,0.0011195227270945,0.00121406535618,0.0051546390168368,0.9948453903198242,0.9213295578956604
1180,29,430,suppresses_cannot,-0.0011184037430211,0.0011184037430211,0.0011200763983651,0.0008815105538815,0.0103092780336737,0.9896907210350036,1.2687355279922483
1181,28,10374,suppresses_cannot,-0.0011177849955856,0.0011177849955856,0.0011177849955856,0.0010311377700418,0.0,1.0,1.0840307474136353
1182,31,13705,suppresses_cannot,-0.0011173842940479,0.0011173842940479,0.0011173842940479,0.0010037025203928,0.0,1.0,1.113262414932251
1183,21,9031,suppresses_cannot,-0.0011168217752128,0.0011168217752128,0.0011169342324137,0.0009203536901623,0.0051546390168368,0.9948453903198242,1.213470220565796
1184,21,7712,suppresses_cannot,-0.0011167378397658,0.0011167378397658,0.0011167378397658,0.001446176902391,0.0,1.0,0.7722000479698181
1185,27,7629,supports_cannot,0.0011163298040628,0.0011163298040628,0.0011163298040628,0.0010957024060189,1.0,1.0,1.0188257694244385
1186,31,4651,supports_cannot,0.0011157399276271,0.0011157399276271,0.0011157399276271,0.0006684864638373,1.0,1.0,1.6690539121627808
1187,30,4761,supports_cannot,0.001115646562539,0.001115646562539,0.001115646562539,0.0014096120139583,1.0,1.0,0.7914564609527588
1188,26,2776,supports_cannot,0.0011155629763379,0.0011155629763379,0.0011155629763379,0.0008435915224254,1.0,1.0,1.3223971128463743
1189,27,10102,supports_cannot,0.0011155147803947,0.0011155147803947,0.0011232215911149,0.0011235594283789,0.9742268323898317,0.9742268323898317,0.992840051651001
1190,21,2704,supports_cannot,0.0011151573853567,0.0011151573853567,0.0011151573853567,0.0011664215708151,1.0,1.0,0.9560500383377076
1191,24,12608,supports_cannot,0.0011146934702992,0.0011146934702992,0.0011196192353963,0.0010775747941806,0.9896907210350036,0.9896907210350036,1.0344464778900146
1192,31,14004,supports_cannot,0.0011144679738208,0.0011144679738208,0.0011144679738208,0.0010810564272105,1.0,1.0,1.0309064388275146
1193,20,2989,supports_cannot,0.0011140833375975,0.0011140833375975,0.0011140833375975,0.0010617451043799,1.0,1.0,1.0492945909500122
1194,24,7470,supports_cannot,0.0011135914828628,0.0011135914828628,0.0011135914828628,0.0011695253197103,1.0,1.0,0.9521738886833192
1195,20,619,supports_cannot,0.0011132033541798,0.0011132033541798,0.0011132033541798,0.0007489954587072,1.0,1.0,1.4862618446350098
1196,29,13274,supports_cannot,0.0011128518963232,0.0011128518963232,0.0011128518963232,0.0011426949640735,1.0,1.0,0.9738836288452148
1197,17,13463,suppresses_cannot,-0.0011127210455015,0.0011127210455015,0.0011760242050513,0.0016473873984068,0.128865972161293,0.8711340427398682,0.6754459142684937
1198,27,1312,supports_cannot,0.0011118663242086,0.0011118663242086,0.0011118663242086,0.000981678138487,1.0,1.0,1.1326179504394531
1199,19,11306,suppresses_cannot,-0.0011114933295175,0.0011114933295175,0.0011157209519296,0.0014504679711535,0.0103092780336737,0.9896907210350036,0.7662997841835022
1200,27,840,suppresses_cannot,-0.0011114287190139,0.0011114287190139,0.0011114287190139,0.0007098871283233,0.0,1.0,1.5656414031982422
1201,18,14009,supports_cannot,0.0011106053134426,0.0011106053134426,0.0011129945050925,0.0009586212690919,0.9896907210350036,0.9896907210350036,1.158544421195984
1202,12,9894,suppresses_cannot,-0.0011102667776867,0.0011102667776867,0.0011260147439315,0.0013164785923436,0.0309278350323438,0.969072163105011,0.8433610796928406
1203,18,12254,suppresses_cannot,-0.0011101245181635,0.0011101245181635,0.0011101245181635,0.0006643035449087,0.0,1.0,1.6711103916168213
1204,4,13921,suppresses_cannot,-0.0011100302217528,0.0011100302217528,0.0011100302217528,0.0010834671556949,0.0,1.0,1.0245167016983032
1205,24,6363,supports_cannot,0.0011096491944044,0.0011096491944044,0.0011096491944044,0.000867978320457,1.0,1.0,1.278429627418518
1206,29,8231,supports_cannot,0.0011094870278611,0.0011094870278611,0.0011094870278611,0.0012268590508028,1.0,1.0,0.9043312668800354
1207,25,10187,supports_cannot,0.0011093416251242,0.0011093416251242,0.0011094111250713,0.0017700397875159,0.9948453903198242,0.9948453903198242,0.626732587814331
1208,21,12164,suppresses_cannot,-0.0011092707281932,0.0011092707281932,0.0011092707281932,0.000800683919806,0.0,1.0,1.3854039907455444
1209,18,13390,supports_cannot,0.0011091822525486,0.0011091822525486,0.0011091822525486,0.0010625381255522,1.0,1.0,1.0438988208770752
1210,19,6227,suppresses_cannot,-0.0011091785272583,0.0011091785272583,0.0012553069973364,0.0013937888434156,0.0721649453043937,0.9278350472450256,0.7958009839057922
1211,24,8606,suppresses_cannot,-0.0011090789921581,0.0011090789921581,0.0011090789921581,0.0010229545878246,0.0,1.0,1.0841917991638184
1212,19,2150,suppresses_cannot,-0.001108793891035,0.001108793891035,0.001108793891035,0.0014230851083993,0.0,1.0,0.7791479825973511
1213,27,11478,supports_cannot,0.0011083871359005,0.0011083871359005,0.0011087140301242,0.0013280367711558,0.9948453903198242,0.9948453903198242,0.8346057534217834
1214,23,12148,supports_cannot,0.0011082334676757,0.0011082334676757,0.0011082334676757,0.0011930905748158,1.0,1.0,0.9288762211799622
1215,20,10804,suppresses_cannot,-0.0011081401025876,0.0011081401025876,0.0011081401025876,0.0010329469805583,0.0,1.0,1.072794795036316
1216,31,12477,suppresses_cannot,-0.0011076927185058,0.0011076927185058,0.0011076927185058,0.0010996923083439,0.0,1.0,1.007275104522705
1217,19,7368,supports_cannot,0.0011073793284595,0.0011073793284595,0.0011105685262009,0.0014395037433132,0.984536111354828,0.984536111354828,0.7692785263061523
1218,31,9193,supports_cannot,0.0011070831678807,0.0011070831678807,0.0011070831678807,0.0008605430484749,1.0,1.0,1.2864936590194702
1219,24,5318,supports_cannot,0.001107080373913,0.001107080373913,0.00111807778012,0.0018887623446062,0.9639175534248352,0.9639175534248352,0.5861406326293945
1220,20,11285,suppresses_cannot,-0.0011070057516917,0.0011070057516917,0.0011070057516917,0.0010596521897241,0.0,1.0,1.0446878671646118
1221,22,2728,supports_cannot,0.0011067808372899,0.0011067808372899,0.0011067808372899,0.0016435891157016,1.0,1.0,0.673392653465271
1222,16,3096,suppresses_cannot,-0.0011062130797654,0.0011062130797654,0.0011062130797654,0.0006725607090629,0.0,1.0,1.64477801322937
1223,16,118,supports_cannot,0.0011059549869969,0.0011059549869969,0.0011059549869969,0.0012233069865033,1.0,1.0,0.9040698409080504
1224,15,8452,suppresses_cannot,-0.0011058738455176,0.0011058738455176,0.0011301385238766,0.0008893415797501,0.0103092780336737,0.9896907210350036,1.2434748411178589
1225,23,2359,supports_cannot,0.0011057263473048,0.0011057263473048,0.0011057263473048,0.0008671703981235,1.0,1.0,1.2750970125198364
1226,12,6262,supports_cannot,0.0011051591718569,0.0011051591718569,0.0011434832122176,0.0017131002387031,0.938144326210022,0.938144326210022,0.6451222896575928
1227,16,8191,suppresses_cannot,-0.0011046577710658,0.0011046577710658,0.0011046577710658,0.0011791684664785,0.0,1.0,0.9368107914924622
1228,15,11228,supports_cannot,0.001104335184209,0.001104335184209,0.001104335184209,0.0011760385241359,1.0,1.0,0.9390297532081604
1229,24,6230,supports_cannot,0.00110406242311,0.00110406242311,0.00110406242311,0.0009958749869838,1.0,1.0,1.1086355447769165
1230,19,2902,suppresses_cannot,-0.0011037526419386,0.0011037526419386,0.0011037526419386,0.0010179532691836,0.0,1.0,1.0842862129211426
1231,18,6532,supports_cannot,0.0011031504254788,0.0011031504254788,0.0011186796473339,0.0010062233777716,0.9639175534248352,0.9639175534248352,1.096327543258667
1232,29,9028,suppresses_cannot,-0.0011024622945114,0.0011024622945114,0.0011024622945114,0.0007617504452355,0.0,1.0,1.447274923324585
1233,10,6759,supports_cannot,0.0011023252736777,0.0011023252736777,0.001151509466581,0.0017441475065425,0.9484536051750184,0.9484536051750184,0.6320137977600098
1234,31,7591,suppresses_cannot,-0.0011019804514944,0.0011019804514944,0.0011019804514944,0.0008679739548824,0.0,1.0,1.2696008682250977
1235,27,5658,supports_cannot,0.0011018182849511,0.0011018182849511,0.0011066161096096,0.000810393015854,0.9948453903198242,0.9948453903198242,1.359609842300415
1236,21,13890,suppresses_cannot,-0.0011014520423486,0.0011014520423486,0.0011014520423486,0.0008765281527303,0.0,1.0,1.2566077709197998
1237,26,5335,suppresses_cannot,-0.0011009973241016,0.0011009973241016,0.0011009973241016,0.0010790941305458,0.0,1.0,1.0202977657318115
1238,23,11744,supports_cannot,0.0011007613502442,0.0011007613502442,0.0011007613502442,0.0011296906741335,1.0,1.0,0.9743918180465698
1239,25,5652,supports_cannot,0.0011007112916558,0.0011007112916558,0.0011007112916558,0.0011451956816017,1.0,1.0,0.961155652999878
1240,15,2315,supports_cannot,0.0011004835832864,0.0011004835832864,0.0011250751558691,0.0015457251574844,0.9536082744598388,0.9536082744598388,0.7119529247283936
1241,9,12078,suppresses_cannot,-0.0011004196712747,0.0011004196712747,0.0012407610192894,0.0016831763787195,0.1237113401293754,0.876288652420044,0.6537756323814392
1242,19,8709,suppresses_cannot,-0.0010997229255735,0.0010997229255735,0.0011085247388109,0.0012770883040502,0.0257731955498456,0.9742268323898317,0.8611173629760742
1243,19,3032,supports_cannot,0.0010992964962497,0.0010992964962497,0.0010992964962497,0.0009378605755046,1.0,1.0,1.172132134437561
1244,19,2290,supports_cannot,0.0010991489980369,0.0010991489980369,0.0010991489980369,0.0011524833971634,1.0,1.0,0.9537221789360046
1245,26,12463,suppresses_cannot,-0.0010987975401803,0.0010987975401803,0.0010987975401803,0.0012028948403894,0.0,1.0,0.9134610295295716
1246,22,1132,supports_cannot,0.0010986155830323,0.0010986155830323,0.0011023320257663,0.0007709336350671,0.9896907210350036,0.9896907210350036,1.425045609474182
1247,25,13973,suppresses_cannot,-0.0010986131383106,0.0010986131383106,0.0010986131383106,0.0011290265247225,0.0,1.0,0.97306227684021
1248,29,11558,suppresses_cannot,-0.0010984214022755,0.0010984214022755,0.0010984214022755,0.000906616798602,0.0,1.0,1.211560845375061
1249,19,1038,supports_cannot,0.0010982296662405,0.0010982296662405,0.0010982296662405,0.0012958595762029,1.0,1.0,0.8474912643432617
1250,16,7454,supports_cannot,0.0010982051026076,0.0010982051026076,0.001120513305068,0.000772938830778,0.9793814420700072,0.9793814420700072,1.4208176136016846
1251,29,9380,supports_cannot,0.0010980060324072,0.0010980060324072,0.0010980060324072,0.0008389558643102,1.0,1.0,1.30877685546875
1252,17,10671,suppresses_cannot,-0.0010977897327393,0.0010977897327393,0.0010982960229739,0.0007926493417471,0.0051546390168368,0.9948453903198242,1.3849626779556274
1253,29,4723,supports_cannot,0.0010970499133691,0.0010970499133691,0.0010970499133691,0.0007767347851768,1.0,1.0,1.412386775016785
1254,21,2249,supports_cannot,0.0010966784320771,0.0010966784320771,0.0011527498718351,0.0011888793669641,0.9587628841400146,0.9587628841400146,0.9224472045898438
1255,20,3077,supports_cannot,0.0010956145124509,0.0010956145124509,0.0010956145124509,0.0009005368337966,1.0,1.0,1.2166237831115725
1256,17,5328,suppresses_cannot,-0.0010944321984425,0.0010944321984425,0.0011077000526711,0.0010554584441706,0.0103092780336737,0.9896907210350036,1.0369259119033811
1257,28,10927,suppresses_cannot,-0.0010935583850368,0.0010935583850368,0.0010946743423119,0.000992591609247,0.0051546390168368,0.9948453903198242,1.1017203330993652
1258,27,8178,suppresses_cannot,-0.0010930533753708,0.0010930533753708,0.0010930533753708,0.0009089527302421,0.0,1.0,1.202541470527649
1259,25,8371,suppresses_cannot,-0.0010921733919531,0.0010921733919531,0.0010921733919531,0.000982817611657,0.0,1.0,1.1112675666809082
1260,24,2504,supports_cannot,0.0010918047046288,0.0010918047046288,0.0010918047046288,0.0009892435045912,1.0,1.0,1.103676438331604
1261,14,12629,suppresses_cannot,-0.001091755577363,0.001091755577363,0.001091755577363,0.001317398622632,0.0,1.0,0.82872074842453
1262,20,10731,suppresses_cannot,-0.0010915342718362,0.0010915342718362,0.0010915342718362,0.0008116298704408,0.0,1.0,1.3448671102523804
1263,19,10040,suppresses_cannot,-0.0010913278674706,0.0010913278674706,0.0010933630401268,0.0007431031554006,0.0051546390168368,0.9948453903198242,1.468608856201172
1264,29,3358,supports_cannot,0.0010908755939453,0.0010908755939453,0.0010908755939453,0.0009772148914635,1.0,1.0,1.1163108348846436
1265,4,7578,supports_cannot,0.0010908362455666,0.0010908362455666,0.0010908362455666,0.0008824265096336,1.0,1.0,1.2361780405044556
1266,29,12964,supports_cannot,0.0010907280957326,0.0010907280957326,0.0010907280957326,0.0010127446148544,1.0,1.0,1.0770021677017212
1267,17,11191,supports_cannot,0.0010905659291893,0.0010905659291893,0.0011341498466208,0.0014164049644023,0.9587628841400146,0.9587628841400146,0.7699534893035889
1268,22,13182,supports_cannot,0.0010902070207521,0.0010902070207521,0.0010902070207521,0.0008625661139376,1.0,1.0,1.263911247253418
1269,20,10890,supports_cannot,0.0010899882763624,0.0010899882763624,0.0010899882763624,0.0009354300564154,1.0,1.0,1.165226936340332
1270,9,520,suppresses_cannot,-0.0010897867614403,0.0010897867614403,0.0012597840977832,0.0064331321045756,0.3865979313850403,0.6134020686149597,0.1694022119045257
1271,30,1103,supports_cannot,0.0010887371608987,0.0010887371608987,0.0010887371608987,0.0011756221065297,1.0,1.0,0.9260944724082948
1272,25,4746,suppresses_cannot,-0.0010877589229494,0.0010877589229494,0.0010877589229494,0.0008916957885958,0.0,1.0,1.219876766204834
1273,29,6196,supports_cannot,0.0010876827873289,0.0010876827873289,0.0010876827873289,0.000874507240951,1.0,1.0,1.2437664270401
1274,14,4954,supports_cannot,0.0010874492581933,0.0010874492581933,0.0010874492581933,0.0013710367493331,1.0,1.0,0.7931583523750305
1275,30,12395,suppresses_cannot,-0.0010861207265406,0.0010861207265406,0.0012310522142797,0.0020166321191936,0.1701030880212783,0.8298969268798828,0.5385814905166626
1276,26,9795,suppresses_cannot,-0.0010860138572752,0.0010860138572752,0.0010860138572752,0.0008672435069456,0.0,1.0,1.252259373664856
1277,30,10945,supports_cannot,0.0010845955694094,0.0010845955694094,0.0010853674029931,0.0010583694092929,0.9948453903198242,0.9948453903198242,1.0247797966003418
1278,18,9012,supports_cannot,0.0010845833458006,0.0010845833458006,0.0010845833458006,0.0009629220003262,1.0,1.0,1.126345992088318
1279,14,5616,supports_cannot,0.0010839485330507,0.0010839485330507,0.0011558120604604,0.002223088638857,0.9020618796348572,0.9020618796348572,0.4875867366790771
1280,20,11263,suppresses_cannot,-0.0010828234953805,0.0010828234953805,0.0010828234953805,0.00091124715982,0.0,1.0,1.188287377357483
1281,28,11012,supports_cannot,0.0010827644728124,0.0010827644728124,0.0010827644728124,0.0011917512165382,1.0,1.0,0.9085490703582764
1282,29,10660,suppresses_cannot,-0.0010825161589309,0.0010825161589309,0.0010825161589309,0.0013773590326309,0.0,1.0,0.7859360575675964
1283,19,2811,suppresses_cannot,-0.0010813864646479,0.0010813864646479,0.0010850740363821,0.0015503076137974,0.0206185560673475,0.9793814420700072,0.6975302696228027
1284,31,10180,suppresses_cannot,-0.0010810057865455,0.0010810057865455,0.0010810057865455,0.0013566007837653,0.0,1.0,0.7968488335609436
1285,29,7583,suppresses_cannot,-0.001080825109966,0.001080825109966,0.001080825109966,0.0014122903812676,0.0,1.0,0.7652994990348816
1286,14,3444,supports_cannot,0.0010791003005579,0.0010791003005579,0.0010874953586608,0.0016144133405759,0.9639175534248352,0.9639175534248352,0.6684163808822632
1287,2,12761,supports_cannot,0.0010788483778014,0.0010788483778014,0.0011580979917198,0.0010692696087062,0.9587628841400146,0.9587628841400146,1.0089582204818726
1288,30,9672,supports_cannot,0.0010782197350636,0.0010782197350636,0.0010782197350636,0.001098986249417,1.0,1.0,0.9811039566993712
1289,11,4210,suppresses_cannot,-0.0010775260161608,0.0010775260161608,0.0011197740677744,0.0013629122404381,0.0309278350323438,0.969072163105011,0.7906056046485901
1290,26,1751,suppresses_cannot,-0.0010773127432912,0.0010773127432912,0.0010773127432912,0.0008503483841195,0.0,1.0,1.2669074535369873
1291,7,2165,suppresses_cannot,-0.001077098888345,0.001077098888345,0.0010779887670651,0.0010233840439468,0.0051546390168368,0.9948453903198242,1.0524874925613403
1292,25,9961,supports_cannot,0.0010764696635305,0.0010764696635305,0.0010764696635305,0.0008107441826723,1.0,1.0,1.3277549743652344
1293,19,13481,supports_cannot,0.0010762608144432,0.0010762608144432,0.0010762608144432,0.0008747047977522,1.0,1.0,1.2304275035858154
1294,29,4148,suppresses_cannot,-0.0010761477751657,0.0010761477751657,0.0010761477751657,0.0011486819712445,0.0,1.0,0.9368544220924376
1295,17,8778,suppresses_cannot,-0.0010760248405858,0.0010760248405858,0.0010760248405858,0.001810383866541,0.0,1.0,0.5943627953529358
1296,29,10844,supports_cannot,0.0010759609285742,0.0010759609285742,0.0010759609285742,0.0006250845035538,1.0,1.0,1.7213047742843628
1297,27,12493,supports_cannot,0.0010755799012258,0.0010755799012258,0.0010755799012258,0.0009356638183817,1.0,1.0,1.1495367288589478
1298,31,8082,suppresses_cannot,-0.0010755774565041,0.0010755774565041,0.0010755774565041,0.0009235282195731,0.0,1.0,1.1646394729614258
1299,27,8122,supports_cannot,0.0010749131906777,0.0010749131906777,0.0011480094399303,0.0010752910748124,0.9329897165298462,0.9329897165298462,0.9996485710144044
1300,31,8893,supports_cannot,0.0010747811757028,0.0010747811757028,0.0010747811757028,0.0008601268054917,1.0,1.0,1.2495613098144531
1301,22,6521,suppresses_cannot,-0.0010746754705905,0.0010746754705905,0.0010746754705905,0.0009895619004964,0.0,1.0,1.0860114097595217
1302,17,5579,supports_cannot,0.0010745500912889,0.0010745500912889,0.0010887077078223,0.0008262525079771,0.9948453903198242,0.9948453903198242,1.3005105257034302
1303,4,10275,suppresses_cannot,-0.0010744179598987,0.0010744179598987,0.0014402589295059,0.0023187091574072,0.2371134012937545,0.7628865838050842,0.4633690118789673
1304,30,12619,supports_cannot,0.0010737439151853,0.0010737439151853,0.0010737439151853,0.0007613322813995,1.0,1.0,1.410348653793335
1305,21,6233,supports_cannot,0.0010734637035056,0.0010734637035056,0.0010734637035056,0.0012625167146325,1.0,1.0,0.8502570390701294
1306,0,8268,supports_cannot,0.0010734449606388,0.0010734449606388,0.0011361932847648,0.0022410289384424,0.8092783689498901,0.8092783689498901,0.4789964854717254
1307,16,4577,supports_cannot,0.0010729081695899,0.0010729081695899,0.0010729081695899,0.0010516858892515,1.0,1.0,1.020179271697998
1308,25,6915,suppresses_cannot,-0.0010726721957325,0.0010726721957325,0.0010726721957325,0.0008973423973657,0.0,1.0,1.195387840270996
1309,13,7554,supports_cannot,0.0010714088566601,0.0010714088566601,0.0010771505767479,0.0009804713772609,0.9948453903198242,0.9948453903198242,1.092748761177063
1310,30,2087,suppresses_cannot,-0.0010711974464356,0.0010711974464356,0.0010711974464356,0.0009179938933812,0.0,1.0,1.1668895483016968
1311,16,4836,supports_cannot,0.0010702001163735,0.0010702001163735,0.0010702001163735,0.0007962101371958,1.0,1.0,1.3441176414489746
1312,25,12076,suppresses_cannot,-0.0010693687945604,0.0010693687945604,0.0010693687945604,0.001084794756025,0.0,1.0,0.9857798218727112
1313,21,1011,suppresses_cannot,-0.0010685960296541,0.0010685960296541,0.0014651138335466,0.0015898295678198,0.2371134012937545,0.7628865838050842,0.6721450090408325
1314,15,877,supports_cannot,0.0010684796143323,0.0010684796143323,0.0010940462816506,0.0014019338414072,0.9587628841400146,0.9587628841400146,0.7621469497680664
1315,14,10884,suppresses_cannot,-0.0010677831014618,0.0010677831014618,0.0012617746833711,0.0018468231428414,0.1185567006468772,0.8814433217048645,0.5781729221343994
1316,15,6996,suppresses_cannot,-0.001067672856152,0.001067672856152,0.0010689705377444,0.0009423204464837,0.0051546390168368,0.9948453903198242,1.133025288581848
1317,23,6270,suppresses_cannot,-0.0010675130179151,0.0010675130179151,0.0010675130179151,0.0009591482230462,0.0,1.0,1.1129802465438845
1318,29,2715,suppresses_cannot,-0.0010671222116798,0.0010671222116798,0.0010671222116798,0.0007596451323479,0.0,1.0,1.4047640562057495
1319,20,10076,suppresses_cannot,-0.0010670509655028,0.0010670509655028,0.0010670509655028,0.0016109854914247,0.0,1.0,0.6623591184616089
1320,31,4436,suppresses_cannot,-0.0010664048604667,0.0010664048604667,0.0011337120085954,0.0017896847566589,0.0463917516171932,0.9536082744598388,0.5958618521690369
1321,29,7859,supports_cannot,0.00106604071334,0.00106604071334,0.00106604071334,0.0011847007554024,1.0,1.0,0.8998396396636963
1322,12,6255,supports_cannot,0.0010659688850864,0.0010659688850864,0.0010699101258069,0.0016796618001535,0.9793814420700072,0.9793814420700072,0.6346330642700195
1323,28,3143,supports_cannot,0.0010659460676833,0.0010659460676833,0.0010696034878492,0.0007591440808027,0.9948453903198242,0.9948453903198242,1.4041420221328735
1324,28,7098,supports_cannot,0.0010651460615918,0.0010651460615918,0.0010651460615918,0.0009224826353602,1.0,1.0,1.1546516418457031
1325,13,1378,supports_cannot,0.0010646467562764,0.0010646467562764,0.0010646467562764,0.0014863405376672,1.0,1.0,0.7162872552871704
1326,18,7994,supports_cannot,0.0010644332505762,0.0010644332505762,0.001081712427549,0.0015983516350388,0.9742268323898317,0.9742268323898317,0.6659568548202515
1327,31,566,supports_cannot,0.0010641862172633,0.0010641862172633,0.0010662116110324,0.0012620210181921,0.9896907210350036,0.9896907210350036,0.8432396650314331
1328,29,14206,supports_cannot,0.0010641333647072,0.0010641333647072,0.0010641333647072,0.0010685105808079,1.0,1.0,0.9959034323692322
1329,28,9581,supports_cannot,0.0010640351101756,0.0010640351101756,0.0010640351101756,0.0010526006808504,1.0,1.0,1.0108630657196045
1330,27,3842,supports_cannot,0.0010625701397657,0.0010625701397657,0.0010633271886035,0.0013907244428992,0.9948453903198242,0.9948453903198242,0.7640407681465149
1331,20,9681,supports_cannot,0.0010618770029395,0.0010618770029395,0.0010618770029395,0.0009871791116893,1.0,1.0,1.0756679773330688
1332,28,10497,suppresses_cannot,-0.001061572227627,0.001061572227627,0.001061572227627,0.0008334818412549,0.0,1.0,1.2736597061157229
1333,17,8936,supports_cannot,0.0010607733856886,0.0010607733856886,0.0010607733856886,0.0009319629170931,1.0,1.0,1.138214111328125
1334,18,6581,suppresses_cannot,-0.0010605681454762,0.0010605681454762,0.0010605681454762,0.0009144031791947,0.0,1.0,1.159847378730774
1335,27,8449,supports_cannot,0.0010605546412989,0.0010605546412989,0.0010605546412989,0.0015582299092784,1.0,1.0,0.6806150078773499
1336,17,7584,suppresses_cannot,-0.0010603580158203,0.0010603580158203,0.0010603580158203,0.0009042702149599,0.0,1.0,1.172611951828003
1337,19,9843,supports_cannot,0.0010603113332763,0.0010603113332763,0.0010603113332763,0.0014528513420373,1.0,1.0,0.7298140525817871
1338,14,8147,suppresses_cannot,-0.0010602277470752,0.0010602277470752,0.0010792521061375,0.0010912866564467,0.0567010305821895,0.9432989954948424,0.9715391993522644
1339,29,1703,suppresses_cannot,-0.0010596009669825,0.0010596009669825,0.0010596009669825,0.0008360866340808,0.0,1.0,1.267333984375
1340,29,4951,suppresses_cannot,-0.0010591462487354,0.0010591462487354,0.0010591462487354,0.0009096590802073,0.0,1.0,1.1643332242965698
1341,27,2604,supports_cannot,0.0010590307647362,0.0010590307647362,0.0010590307647362,0.0007830398972146,1.0,1.0,1.3524607419967651
1342,30,8664,supports_cannot,0.0010586227290332,0.0010586227290332,0.0010586227290332,0.0009528867085464,1.0,1.0,1.1109639406204224
1343,20,13412,supports_cannot,0.001058408874087,0.001058408874087,0.001058408874087,0.0007930570864118,1.0,1.0,1.3345935344696045
1344,16,226,suppresses_cannot,-0.001057366724126,0.001057366724126,0.001057366724126,0.0007827808149158,0.0,1.0,1.3507826328277588
1345,19,1664,suppresses_cannot,-0.0010568653233349,0.0010568653233349,0.0010568653233349,0.0012090540258213,0.0,1.0,0.8741257786750793
1346,23,8597,suppresses_cannot,-0.0010555257322266,0.0010555257322266,0.0010555257322266,0.0006651066360063,0.0,1.0,1.5870022773742676
1347,15,9949,supports_cannot,0.0010551270097494,0.0010551270097494,0.0010699064005166,0.0021308211144059,0.92268043756485,0.92268043756485,0.4951739013195038
1348,13,7283,suppresses_cannot,-0.0010546531993895,0.0010546531993895,0.0010546531993895,0.0007492757868021,0.0,1.0,1.4075634479522705
1349,30,9249,supports_cannot,0.0010536779882386,0.0010536779882386,0.0010537775233387,0.0006137213204056,0.9948453903198242,0.9948453903198242,1.716867208480835
1350,16,11293,suppresses_cannot,-0.0010531956795603,0.0010531956795603,0.0010531956795603,0.0011267256923019,0.0,1.0,0.9347400665283204
1351,18,272,suppresses_cannot,-0.0010531563311815,0.0010531563311815,0.0010531563311815,0.0012781402328982,0.0,1.0,0.8239755630493164
1352,21,10983,supports_cannot,0.0010529621504247,0.0010529621504247,0.0010529621504247,0.0009509987430647,1.0,1.0,1.1072171926498413
1353,16,12008,suppresses_cannot,-0.0010528448037803,0.0010528448037803,0.0010557549539953,0.0012676597107201,0.0051546390168368,0.9948453903198242,0.8305421471595764
1354,14,7797,suppresses_cannot,-0.0010526438709348,0.0010526438709348,0.0010576482163742,0.0013183327391743,0.0103092780336737,0.9896907210350036,0.7984660267829895
1355,26,10873,suppresses_cannot,-0.0010525443358346,0.0010525443358346,0.0010525443358346,0.0009133331477642,0.0,1.0,1.152420997619629
1356,31,12835,suppresses_cannot,-0.0010522223310545,0.0010522223310545,0.0010522223310545,0.0009062931057997,0.0,1.0,1.161017656326294
1357,24,1600,suppresses_cannot,-0.0010510326828807,0.0010510326828807,0.0010510326828807,0.0010972765740007,0.0,1.0,0.957855761051178
1358,31,6017,supports_cannot,0.0010494694579392,0.0010494694579392,0.0010494694579392,0.0008461261750198,1.0,1.0,1.2403225898742676
1359,19,6798,supports_cannot,0.0010487566469237,0.0010487566469237,0.0010487566469237,0.000903601583559,1.0,1.0,1.1606405973434448
1360,23,5679,supports_cannot,0.0010484957601875,0.0010484957601875,0.0012198413023725,0.0019326878245919,0.7731958627700806,0.7731958627700806,0.5425065159797668
1361,29,54,supports_cannot,0.0010483609512448,0.0010483609512448,0.0010483609512448,0.0013530219439417,1.0,1.0,0.7748292088508606
1362,15,9221,supports_cannot,0.0010479692136868,0.0010479692136868,0.0010529439896345,0.0013204087736085,0.984536111354828,0.984536111354828,0.7936702966690063
1363,29,2822,suppresses_cannot,-0.0010478324256837,0.0010478324256837,0.0010478324256837,0.0009639188065193,0.0,1.0,1.0870546102523804
1364,21,14234,supports_cannot,0.0010474612936377,0.0010474612936377,0.0010474612936377,0.000755380897317,1.0,1.0,1.3866664171218872
1365,6,10642,suppresses_cannot,-0.0010471761925145,0.0010471761925145,0.0012854018714278,0.0046161524951457,0.2010309249162674,0.7989690899848938,0.2268504351377487
1366,18,13306,suppresses_cannot,-0.0010471319546923,0.0010471319546923,0.0010471319546923,0.0010250664781779,0.0,1.0,1.0215258598327637
1367,28,2488,suppresses_cannot,-0.0010469979606568,0.0010469979606568,0.0010469979606568,0.0010164862032979,0.0,1.0,1.0300168991088867
1368,14,13470,supports_cannot,0.0010464056394994,0.0010464056394994,0.0010604674462229,0.0010381698375567,0.9587628841400146,0.9587628841400146,1.0079330205917358
1369,22,6406,suppresses_cannot,-0.0010463224025443,0.0010463224025443,0.001049063517712,0.0024283737875521,0.0103092780336737,0.9896907210350036,0.430873692035675
1370,26,4392,suppresses_cannot,-0.0010461241472512,0.0010461241472512,0.0010461241472512,0.001027685124427,0.0,1.0,1.0179423093795776
1371,20,10811,suppresses_cannot,-0.0010460480116307,0.0010460480116307,0.0010460480116307,0.0008100930135697,0.0,1.0,1.291269063949585
1372,16,11446,suppresses_cannot,-0.0010453597642481,0.0010453597642481,0.0010453597642481,0.0013751785736531,0.0,1.0,0.7601629495620728
1373,20,11209,suppresses_cannot,-0.0010452024871483,0.0010452024871483,0.0010495776077732,0.001159448409453,0.0103092780336737,0.9896907210350036,0.9014652967453004
1374,16,10195,supports_cannot,0.0010450598783791,0.0010450598783791,0.0010450598783791,0.0008283498464152,1.0,1.0,1.261616587638855
1375,20,8651,suppresses_cannot,-0.0010443845530971,0.0010443845530971,0.0010557217756286,0.0012216489994898,0.0463917516171932,0.9536082744598388,0.8548973798751831
1376,24,13724,supports_cannot,0.0010440447367727,0.0010440447367727,0.0010456866584718,0.0007258402183651,0.9948453903198242,0.9948453903198242,1.4383946657180786
1377,26,7376,suppresses_cannot,-0.0010440251789987,0.0010440251789987,0.0010440251789987,0.0009151125559583,0.0,1.0,1.1408708095550537
1378,17,4343,suppresses_cannot,-0.001043816213496,0.001043816213496,0.001043816213496,0.0009470975492149,0.0,1.0,1.102121114730835
1379,20,8830,supports_cannot,0.0010437298333272,0.0010437298333272,0.0012693395838141,0.0024048627819865,0.7577319741249084,0.7577319741249084,0.4340080618858337
1380,28,5568,supports_cannot,0.0010433787247166,0.0010433787247166,0.0010433787247166,0.0009137907763943,1.0,1.0,1.1418136358261108
1381,22,10575,supports_cannot,0.0010426462395116,0.0010426462395116,0.0010426462395116,0.0008420039084739,1.0,1.0,1.2382915019989014
1382,19,3264,suppresses_cannot,-0.0010421939659863,0.0010421939659863,0.0010421939659863,0.0012304699048399,0.0,1.0,0.8469885587692261
1383,3,6390,suppresses_cannot,-0.0010418676538392,0.0010418676538392,0.0034803587477654,0.007728271652013,0.2783505022525787,0.7216495275497437,0.1348125040531158
1384,22,8231,suppresses_cannot,-0.0010416483273729,0.0010416483273729,0.0010416483273729,0.0009359433315694,0.0,1.0,1.112939476966858
1385,17,162,suppresses_cannot,-0.0010412108385935,0.0010412108385935,0.0010412108385935,0.0011115513043478,0.0,1.0,0.9367186427116394
1386,31,4935,supports_cannot,0.0010404684580862,0.0010404684580862,0.0010404684580862,0.0010537493508309,1.0,1.0,0.9873965382575988
1387,27,2327,suppresses_cannot,-0.0010400881292298,0.0010400881292298,0.0010604470735415,0.0013192530022934,0.0206185560673475,0.9793814420700072,0.7883917093276978
1388,21,11564,supports_cannot,0.0010397016303613,0.0010397016303613,0.0010397016303613,0.0010228792671114,1.0,1.0,1.0164461135864258
1389,20,4836,supports_cannot,0.0010391882387921,0.0010391882387921,0.0010391882387921,0.0008175008697435,1.0,1.0,1.2711769342422483
1390,28,497,suppresses_cannot,-0.0010381629690527,0.0010381629690527,0.0010381629690527,0.0007677391986362,0.0,1.0,1.35223388671875
1391,21,5536,supports_cannot,0.0010374747216701,0.0010374747216701,0.0010374747216701,0.000739341485314,1.0,1.0,1.4032416343688965
1392,22,9155,supports_cannot,0.0010374010307714,0.0010374010307714,0.0010374010307714,0.0009491190430708,1.0,1.0,1.0930147171020508
1393,24,7683,suppresses_cannot,-0.0010371847311034,0.0010371847311034,0.0010371847311034,0.00105504586827,0.0,1.0,0.9830707311630248
1394,20,2367,suppresses_cannot,-0.001036123256199,0.001036123256199,0.0010817422298714,0.0017237226711586,0.0876288637518882,0.9123711585998536,0.6010962724685669
1395,31,11443,supports_cannot,0.0010360196465626,0.0010360196465626,0.0010360196465626,0.000923040905036,1.0,1.0,1.1223983764648438
1396,22,8699,supports_cannot,0.0010356411803513,0.0010356411803513,0.0010356411803513,0.0007822349434718,1.0,1.0,1.3239516019821167
1397,21,13353,suppresses_cannot,-0.001035596942529,0.001035596942529,0.001035596942529,0.0009460178553126,0.0,1.0,1.0946906805038452
1398,30,1777,suppresses_cannot,-0.001035523135215,0.001035523135215,0.001035523135215,0.0012172893621027,0.0,1.0,0.8506795167922974
1399,16,1172,suppresses_cannot,-0.0010355077683925,0.0010355077683925,0.0010358162689954,0.0012176356976851,0.0051546390168368,0.9948453903198242,0.8504249453544617
1400,26,8882,supports_cannot,0.0010342204477638,0.0010342204477638,0.0010627913288772,0.0011716791195794,0.9793814420700072,0.9793814420700072,0.8826823234558105
1401,19,12247,suppresses_cannot,-0.0010341737652197,0.0010341737652197,0.0010341737652197,0.0009620072669349,0.0,1.0,1.0750166177749634
1402,20,8105,supports_cannot,0.0010339844739064,0.0010339844739064,0.0010544344549998,0.0007477252511307,0.969072163105011,0.969072163105011,1.3828401565551758
1403,15,2012,suppresses_cannot,-0.0010339617729187,0.0010339617729187,0.0010492930887266,0.0009368577739223,0.0206185560673475,0.9793814420700072,1.1036485433578491
1404,31,11006,supports_cannot,0.0010335076367482,0.0010335076367482,0.0010335076367482,0.001315351226367,1.0,1.0,0.7857275009155273
1405,19,8345,suppresses_cannot,-0.0010323859751224,0.0010323859751224,0.0010530914878472,0.0010054126614704,0.0309278350323438,0.969072163105011,1.026828050613403
1406,29,10391,supports_cannot,0.0010323573369532,0.0010323573369532,0.0010323573369532,0.0011386480182409,1.0,1.0,0.9066518545150756
1407,17,4644,supports_cannot,0.0010323426686227,0.0010323426686227,0.0010323426686227,0.0007631951011717,1.0,1.0,1.352658987045288
1408,28,4234,supports_cannot,0.0010320525616407,0.0010320525616407,0.0010327702620998,0.0009767089504748,0.9948453903198242,0.9948453903198242,1.0566633939743042
1409,24,5623,supports_cannot,0.0010318362619727,0.0010318362619727,0.0010318362619727,0.001250562723726,1.0,1.0,0.8250975608825684
1410,24,11576,suppresses_cannot,-0.0010315966792404,0.0010315966792404,0.0010315966792404,0.0015362435951828,0.0,1.0,0.6715059280395508
1411,16,9919,supports_cannot,0.0010310203069821,0.0010310203069821,0.0010310203069821,0.0006488878279924,1.0,1.0,1.588903784751892
1412,23,4900,supports_cannot,0.001030703773722,0.001030703773722,0.0010344791226089,0.0011644382029771,0.9948453903198242,0.9948453903198242,0.8851510882377625
1413,31,10951,suppresses_cannot,-0.0010305962059646,0.0010305962059646,0.0010309920180588,0.0009974405402317,0.0051546390168368,0.9948453903198242,1.033240795135498
1414,13,12230,supports_cannot,0.001030538463965,0.001030538463965,0.001030538463965,0.001218382269144,1.0,1.0,0.8458252549171448
1415,31,7487,suppresses_cannot,-0.0010302927112206,0.0010302927112206,0.0010302927112206,0.0008018350927159,0.0,1.0,1.2849184274673462
1416,17,3008,supports_cannot,0.0010299639543518,0.0010299639543518,0.0010300659341737,0.0011298236204311,0.9948453903198242,0.9948453903198242,0.9116148352622986
1417,23,11168,suppresses_cannot,-0.0010299338027834,0.0010299338027834,0.0010328833013772,0.0012026148615404,0.0051546390168368,0.9948453903198242,0.8564119935035706
1418,15,13258,suppresses_cannot,-0.0010295381071045,0.0010295381071045,0.0010295381071045,0.0012759348610416,0.0,1.0,0.8068892359733582
1419,27,5737,suppresses_cannot,-0.0010291669750586,0.0010291669750586,0.0010291669750586,0.0007111086742952,0.0,1.0,1.4472709894180298
1420,12,3275,supports_cannot,0.0010291030630469,0.0010291030630469,0.0010291030630469,0.0008506141602993,1.0,1.0,1.2098352909088137
1421,19,1035,supports_cannot,0.0010288757039234,0.0010288757039234,0.0010288757039234,0.0008187238126993,1.0,1.0,1.256682276725769
1422,24,9587,suppresses_cannot,-0.0010288400808349,0.0010288400808349,0.0010288400808349,0.0009396795649081,0.0,1.0,1.094883918762207
1423,22,9222,supports_cannot,0.0010286065516993,0.0010286065516993,0.0010286065516993,0.0008120914571918,1.0,1.0,1.2666141986846924
1424,19,7747,supports_cannot,0.0010285917669534,0.0010285917669534,0.0010287491604685,0.0010998237412422,0.9948453903198242,0.9948453903198242,0.9352332949638368
1425,21,12274,suppresses_cannot,-0.0010280264541506,0.0010280264541506,0.0010280264541506,0.0008450601599179,0.0,1.0,1.2165127992630005
1426,16,10882,supports_cannot,0.0010278680128976,0.0010278680128976,0.0010278680128976,0.0009215516620315,1.0,1.0,1.1153666973114014
1427,16,723,suppresses_cannot,-0.001027402235195,0.001027402235195,0.001027402235195,0.0010584674309939,0.0,1.0,0.9706507921218872
1428,31,4364,suppresses_cannot,-0.0010272301733493,0.0010272301733493,0.0010272301733493,0.0008188028004951,0.0,1.0,1.2545514106750488
1429,27,3231,supports_cannot,0.0010271985083818,0.0010271985083818,0.0010377208236604,0.0011425173142924,0.969072163105011,0.969072163105011,0.8990660309791565
1430,20,2443,suppresses_cannot,-0.0010263993171975,0.0010263993171975,0.0010263993171975,0.0007215540972538,0.0,1.0,1.422484278678894
1431,16,10996,supports_cannot,0.0010254011722281,0.0010254011722281,0.0010281743016093,0.0009583003702573,0.984536111354828,0.984536111354828,1.0700206756591797
1432,30,4593,suppresses_cannot,-0.0010253228247165,0.0010253228247165,0.0010253228247165,0.0009476508712396,0.0,1.0,1.0819625854492188
1433,27,6048,supports_cannot,0.0010246542515233,0.0010246542515233,0.0010246542515233,0.0008456193027086,1.0,1.0,1.2117204666137695
1434,22,11889,suppresses_cannot,-0.00102446496021,0.00102446496021,0.00102446496021,0.0010557791683822,0.0,1.0,0.9703401923179626
1435,25,7849,suppresses_cannot,-0.0010244619334116,0.0010244619334116,0.0010308930650353,0.0011414581676945,0.0360824726521968,0.9639175534248352,0.8975028395652771
1436,18,763,suppresses_cannot,-0.0010243905708193,0.0010243905708193,0.0010286318138241,0.0013241338310763,0.0360824726521968,0.9639175534248352,0.773630678653717
1437,21,5504,supports_cannot,0.0010243838187307,0.0010243838187307,0.0010243838187307,0.0012349057942628,1.0,1.0,0.8295238614082336
1438,10,14295,suppresses_cannot,-0.0010240434203296,0.0010240434203296,0.0010982099920511,0.0010094327153638,0.0515463910996913,0.9484536051750184,1.0144741535186768
1439,16,2284,suppresses_cannot,-0.0010237334063276,0.0010237334063276,0.0010255768429487,0.00165807956364,0.0154639175161719,0.984536111354828,0.6174211502075195
1440,20,5382,supports_cannot,0.0010227763559669,0.0010227763559669,0.0010227763559669,0.0007781035965308,1.0,1.0,1.3144475221633911
1441,30,7826,suppresses_cannot,-0.0010226535378023,0.0010226535378023,0.0010226535378023,0.00093127269065,0.0,1.0,1.0981247425079346
1442,20,3123,suppresses_cannot,-0.0010224691359326,0.0010224691359326,0.0010255562374368,0.0008689083042554,0.0051546390168368,0.9948453903198242,1.1767284870147705
1443,21,9244,supports_cannot,0.0010219370014965,0.0010219370014965,0.001022303244099,0.001244795275852,0.9896907210350036,0.9896907210350036,0.8209679126739502
1444,31,13558,supports_cannot,0.0010210361797362,0.0010210361797362,0.0010210361797362,0.0011014846386387,1.0,1.0,0.9269636273384094
1445,19,14180,supports_cannot,0.0010207510786131,0.0010207510786131,0.0010207510786131,0.0009389447513967,1.0,1.0,1.0871257781982422
1446,30,3020,suppresses_cannot,-0.0010205102153122,0.0010205102153122,0.0010205102153122,0.0006526431534439,0.0,1.0,1.563657283782959
1447,22,5721,supports_cannot,0.0010204708669334,0.0010204708669334,0.0010204708669334,0.0007703397423028,1.0,1.0,1.3247023820877075
1448,28,6048,supports_cannot,0.0010204438585788,0.0010204438585788,0.0010238381801173,0.0008615719852969,0.984536111354828,0.984536111354828,1.1843976974487305
1449,0,10729,suppresses_cannot,-0.001020387862809,0.001020387862809,0.0010271361097693,0.0012705791741609,0.0206185560673475,0.9793814420700072,0.8030887842178345
1450,30,8952,suppresses_cannot,-0.0010200972901657,0.0010200972901657,0.0010200972901657,0.0009483011090196,0.0,1.0,1.0757102966308594
1451,31,14071,suppresses_cannot,-0.001019409042783,0.001019409042783,0.001019409042783,0.0010163083206862,0.0,1.0,1.0030509233474731
1452,27,635,suppresses_cannot,-0.0010193027555942,0.0010193027555942,0.001021018368192,0.0008339800988323,0.0103092780336737,0.9896907210350036,1.222214698791504
1453,14,7467,supports_cannot,0.0010182808618992,0.0010182808618992,0.001038092887029,0.001379550085403,0.9329897165298462,0.9329897165298462,0.7381253242492676
1454,23,7833,supports_cannot,0.0010178654920309,0.0010178654920309,0.0010548166465014,0.0011589872883632,0.9536082744598388,0.9536082744598388,0.8782369494438171
1455,19,3668,supports_cannot,0.0010177965741604,0.0010177965741604,0.0010177965741604,0.0008782325894571,1.0,1.0,1.158914566040039
1456,23,11278,suppresses_cannot,-0.0010176983196288,0.0010176983196288,0.0010176983196288,0.0008811356965452,0.0,1.0,1.1549848318099976
1457,30,13607,supports_cannot,0.0010175434872508,0.0010175434872508,0.0010395762510597,0.0007992718019522,0.9896907210350036,0.9896907210350036,1.2730882167816162
1458,28,7677,suppresses_cannot,-0.0010175262577831,0.0010175262577831,0.0010175262577831,0.0009151303675025,0.0,1.0,1.1118921041488647
1459,25,11681,suppresses_cannot,-0.0010173738701269,0.0010173738701269,0.0010173738701269,0.000959436118137,0.0,1.0,1.0603872537612915
1460,18,9933,suppresses_cannot,-0.0010173307964578,0.0010173307964578,0.0010177487274631,0.001277458271943,0.0051546390168368,0.9948453903198242,0.7963710427284241
1461,24,9260,supports_cannot,0.0010171870235353,0.0010171870235353,0.0010171870235353,0.0009055400732904,1.0,1.0,1.123293161392212
1462,31,1513,suppresses_cannot,-0.0010171281173825,0.0010171281173825,0.0010171281173825,0.0009636327740736,0.0,1.0,1.055514216423035
1463,24,2964,supports_cannot,0.0010166561696678,0.0010166561696678,0.0010166561696678,0.0009764098213054,1.0,1.0,1.0412187576293943
1464,16,12849,supports_cannot,0.0010165034327656,0.0010165034327656,0.0010675803059712,0.001093138824217,0.8865979313850403,0.8865979313850403,0.929894208908081
1465,22,3913,suppresses_cannot,-0.0010161412646993,0.0010161412646993,0.0010161412646993,0.0009126804070547,0.0,1.0,1.1133593320846558
1466,27,7017,suppresses_cannot,-0.0010154492920264,0.0010154492920264,0.0010154492920264,0.0007313948590308,0.0,1.0,1.388373613357544
1467,17,10618,supports_cannot,0.0010154382325708,0.0010154382325708,0.0010344343027099,0.0010074318852275,0.9639175534248352,0.9639175534248352,1.007947325706482
1468,31,2518,supports_cannot,0.0010154247283935,0.0010154247283935,0.0010154247283935,0.0028200966771692,1.0,1.0,0.3600673377513885
1469,15,11604,supports_cannot,0.0010152772301808,0.0010152772301808,0.0010152772301808,0.0008516013622283,1.0,1.0,1.1921977996826172
1470,26,1748,supports_cannot,0.0010145816486328,0.0010145816486328,0.0010145816486328,0.0009349873871542,1.0,1.0,1.085128664970398
1471,23,10571,suppresses_cannot,-0.0010141282109543,0.0010141282109543,0.0010273149237036,0.000646538042929,0.0154639175161719,0.984536111354828,1.568551540374756
1472,23,7621,suppresses_cannot,-0.0010133526520803,0.0010133526520803,0.0010133526520803,0.0009690423612482,0.0,1.0,1.0457258224487305
1473,15,5019,suppresses_cannot,-0.0010130289010703,0.0010130289010703,0.0010183637496083,0.0019254996441304,0.041237112134695,0.9587628841400146,0.5261121988296509
1474,25,1155,suppresses_cannot,-0.0010128340218216,0.0010128340218216,0.0010128340218216,0.0010860522743314,0.0,1.0,0.9325830936431884
1475,16,5561,suppresses_cannot,-0.0010128190042451,0.0010128190042451,0.0010262853465974,0.0010462582577019,0.041237112134695,0.9587628841400146,0.9680392146110536
1476,28,3382,suppresses_cannot,-0.0010126988636329,0.0010126988636329,0.0010126988636329,0.0008547844481654,0.0,1.0,1.1847418546676636
1477,31,6831,suppresses_cannot,-0.0010123891988769,0.0010123891988769,0.0010123891988769,0.00131311500445,0.0,1.0,0.7709828615188599
1478,19,3056,suppresses_cannot,-0.0010123350657522,0.0010123350657522,0.0010123350657522,0.0008014523773454,0.0,1.0,1.2631256580352783
1479,30,4048,suppresses_cannot,-0.001012074528262,0.001012074528262,0.001012074528262,0.0008410874288529,0.0,1.0,1.2032928466796875
1480,16,7308,suppresses_cannot,-0.0010118684731423,0.0010118684731423,0.0010167449945583,0.0010568402940407,0.0103092780336737,0.9896907210350036,0.9574469327926636
1481,16,12072,supports_cannot,0.0010116469347849,0.0010116469347849,0.0010116469347849,0.0007089021382853,1.0,1.0,1.4270614385604858
1482,31,12601,supports_cannot,0.001011514221318,0.001011514221318,0.001011514221318,0.0010396393481642,1.0,1.0,0.9729472398757936
1483,21,11384,suppresses_cannot,-0.0010112720774486,0.0010112720774486,0.0010225883452221,0.0014237322611734,0.0206185560673475,0.9793814420700072,0.7102965116500854
1484,30,7332,suppresses_cannot,-0.0010112585732713,0.0010112585732713,0.0010112585732713,0.0008146790205501,0.0,1.0,1.241296887397766
1485,26,10723,suppresses_cannot,-0.0010106882546097,0.0010106882546097,0.0010106882546097,0.0008500401163473,0.0,1.0,1.1889889240264893
1486,19,64,suppresses_cannot,-0.0010106342379003,0.0010106342379003,0.0010106342379003,0.0010364553891122,0.0,1.0,0.97508704662323
1487,22,13610,supports_cannot,0.0010098427301272,0.0010098427301272,0.0010098427301272,0.0008517489768564,1.0,1.0,1.1856107711791992
1488,28,11982,supports_cannot,0.0010097592603415,0.0010097592603415,0.0010097592603415,0.000801711983513,1.0,1.0,1.259503722190857
1489,15,13963,suppresses_cannot,-0.0010097420308738,0.0010097420308738,0.0010097420308738,0.0010649877367541,0.0,1.0,0.9481254816055298
1490,27,12194,suppresses_cannot,-0.0010097051272168,0.0010097051272168,0.0010097051272168,0.0008449393790215,0.0,1.0,1.1950030326843262
1491,27,477,supports_cannot,0.0010089726420119,0.0010089726420119,0.0010089726420119,0.0007329867221415,1.0,1.0,1.376522421836853
1492,27,3657,suppresses_cannot,-0.0010083975503221,0.0010083975503221,0.0010083975503221,0.0009216319303959,0.0,1.0,1.0941435098648071
1493,18,2945,suppresses_cannot,-0.001008323743008,0.001008323743008,0.001008323743008,0.0006392521900124,0.0,1.0,1.5773489475250244
1494,15,11492,supports_cannot,0.0010081271175295,0.0010081271175295,0.0010081271175295,0.0008198294090107,1.0,1.0,1.2296791076660156
1495,11,10594,supports_cannot,0.0010079818312078,0.0010079818312078,0.0010087332921102,0.0015532976249232,0.984536111354828,0.984536111354828,0.6489302515983582
1496,28,8714,suppresses_cannot,-0.0010079304920509,0.0010079304920509,0.0010079304920509,0.0007411772385239,0.0,1.0,1.3599047660827637
1497,19,13424,supports_cannot,0.001007575308904,0.001007575308904,0.0010082438820973,0.0010031344136223,0.9948453903198242,0.9948453903198242,1.0044270753860474
1498,26,8070,suppresses_cannot,-0.0010074039455503,0.0010074039455503,0.0011267956579104,0.0021218038164079,0.2783505022525787,0.7216495275497437,0.4747865796089172
1499,16,1662,suppresses_cannot,-0.0010071537690237,0.0010071537690237,0.0010071537690237,0.0007206099107861,0.0,1.0,1.3976407051086426
1500,27,9054,suppresses_cannot,-0.0010070063872262,0.0010070063872262,0.0010070063872262,0.0010137864155694,0.0,1.0,0.9933121800422668
1501,30,3593,supports_cannot,0.0010066966060549,0.0010066966060549,0.0010066966060549,0.0010463759535923,1.0,1.0,0.9620792865753174
1502,31,12861,supports_cannot,0.0010063205845654,0.0010063205845654,0.0011063679121434,0.0011020648526027,0.9948453903198242,0.9948453903198242,0.913122832775116
1503,18,7634,supports_cannot,0.0010060772765427,0.0010060772765427,0.0010060772765427,0.0008337785257026,1.0,1.0,1.2066481113433838
1504,19,7479,supports_cannot,0.0010053266305476,0.0010053266305476,0.0012312700273469,0.0018850120250135,0.7268041372299194,0.7268041372299194,0.5333263874053955
1505,18,4479,suppresses_cannot,-0.0010050351265817,0.0010050351265817,0.0010052563156932,0.0010339239379391,0.0051546390168368,0.9948453903198242,0.9720590710639954
1506,17,4282,suppresses_cannot,-0.0010043667862191,0.0010043667862191,0.0010043760994449,0.000774287735112,0.0051546390168368,0.9948453903198242,1.2971493005752563
1507,23,2132,suppresses_cannot,-0.0010039978660643,0.0010039978660643,0.0010039978660643,0.000894708908163,0.0,1.0,1.1221503019332886
1508,15,12102,suppresses_cannot,-0.0010039665503427,0.0010039665503427,0.0010075292084366,0.001144963898696,0.0567010305821895,0.9432989954948424,0.8768543004989624
1509,26,11380,suppresses_cannot,-0.0010038380278274,0.0010038380278274,0.0010038380278274,0.0010201713303104,0.0,1.0,0.9839896559715272
1510,19,20,suppresses_cannot,-0.0010033790022134,0.0010033790022134,0.0011044476414099,0.0009007247863337,0.0309278350323438,0.969072163105011,1.1139684915542605
1511,18,4299,suppresses_cannot,-0.0010032309219241,0.0010032309219241,0.0010032309219241,0.0013211675686761,0.0,1.0,0.7593517899513245
1512,27,8531,supports_cannot,0.0010028929682448,0.0010028929682448,0.0010028929682448,0.0007529151625931,1.0,1.0,1.3320132493972778
1513,13,9215,suppresses_cannot,-0.0010028693359345,0.0010028693359345,0.0017158619593828,0.0026193822268396,0.3659793734550476,0.6340206265449524,0.3828648328781128
1514,21,464,suppresses_cannot,-0.0010028425604104,0.0010028425604104,0.0010028425604104,0.0008316682651638,0.0,1.0,1.2058204412460327
1515,26,9335,suppresses_cannot,-0.0010027491953223,0.0010027491953223,0.0010027491953223,0.0008683832129463,0.0,1.0,1.1547311544418335
1516,12,3327,supports_cannot,0.0010022118221968,0.0010022118221968,0.0014385239919647,0.0027602040208876,0.7010309100151062,0.7010309100151062,0.3630933761596679
1517,15,12921,suppresses_cannot,-0.0010019153123721,0.0010019153123721,0.0010019153123721,0.0009019491262733,0.0,1.0,1.1108335256576538
1518,17,2591,supports_cannot,0.0010012350976467,0.0010012350976467,0.0010012350976467,0.0008364265086129,1.0,1.0,1.1970388889312744
1519,17,7593,supports_cannot,0.0010002572089433,0.0010002572089433,0.0010158329969272,0.0013223653659224,0.9793814420700072,0.9793814420700072,0.7564151883125305
1520,13,9457,suppresses_cannot,-0.0010000473121181,0.0010000473121181,0.0010106803383678,0.0009631116408854,0.0206185560673475,0.9793814420700072,1.0383503437042236
1521,23,12216,supports_cannot,0.0009998180903494,0.0009998180903494,0.0009998180903494,0.0009367683087475,1.0,1.0,1.0673056840896606
1522,30,8026,supports_cannot,0.0009997775778174,0.0009997775778174,0.0010005690855905,0.0007512353477068,0.9948453903198242,0.9948453903198242,1.3308446407318115
1523,23,10584,supports_cannot,0.0009996767621487,0.0009996767621487,0.0009996767621487,0.0009711921447888,1.0,1.0,1.029329538345337
1524,20,4576,supports_cannot,0.0009995907312259,0.0009995907312259,0.0010007017990574,0.0009185036178678,0.9948453903198242,0.9948453903198242,1.088281750679016
1525,28,735,suppresses_cannot,-0.0009993080748245,0.0009993080748245,0.0009993080748245,0.0008605742477811,0.0,1.0,1.1612107753753662
1526,26,3663,supports_cannot,0.0009991213446483,0.0009991213446483,0.0010047646937891,0.0008786146063357,0.984536111354828,0.984536111354828,1.1371554136276243
1527,22,11066,supports_cannot,0.0009990473045036,0.0009990473045036,0.0009990473045036,0.0011421025265008,1.0,1.0,0.8747439980506897
1528,30,5459,suppresses_cannot,-0.000998560921289,0.000998560921289,0.000998560921289,0.0008498647948727,0.0,1.0,1.174964427947998
1529,15,8240,suppresses_cannot,-0.0009983495110645,0.0009983495110645,0.0009983495110645,0.0010854147840291,0.0,1.0,0.9197861552238464
1530,0,13336,supports_cannot,0.0009983101626858,0.0009983101626858,0.00110153935384,0.0015349369496107,0.92268043756485,0.92268043756485,0.6503916382789612
1531,1,2829,suppresses_cannot,-0.0009976535802707,0.0009976535802707,0.001009109430015,0.0009048302890732,0.0103092780336737,0.9896907210350036,1.1025863885879517
1532,25,4438,suppresses_cannot,-0.0009976342553272,0.0009976342553272,0.0009976342553272,0.000831059529446,0.0,1.0,1.2004365921020508
1533,17,8977,suppresses_cannot,-0.0009974942076951,0.0009974942076951,0.0009974942076951,0.000805327668786,0.0,1.0,1.238619089126587
1534,26,8554,supports_cannot,0.0009969645179808,0.0009969645179808,0.0009969645179808,0.0008946787565946,1.0,1.0,1.11432683467865
1535,7,7198,suppresses_cannot,-0.000996931339614,0.000996931339614,0.000996931339614,0.0009273192845284,0.0,1.0,1.0750679969787598
1536,24,4777,suppresses_cannot,-0.0009968354133889,0.0009968354133889,0.0009968354133889,0.0008249083766713,0.0,1.0,1.2084195613861084
1537,15,4454,suppresses_cannot,-0.0009967825608327,0.0009967825608327,0.0009967825608327,0.0009453353122808,0.0,1.0,1.0544222593307495
1538,13,8818,supports_cannot,0.0009967101505026,0.0009967101505026,0.000997481867671,0.0009395101806148,0.9896907210350036,0.9896907210350036,1.060882806777954
1539,17,8034,suppresses_cannot,-0.0009962799958884,0.0009962799958884,0.0009962799958884,0.0010201868135482,0.0,1.0,0.9765662550926208
1540,27,4672,supports_cannot,0.0009962028125301,0.0009962028125301,0.0015277779893949,0.0018942687893286,0.8659793734550476,0.8659793734550476,0.5259036421775818
1541,23,2217,suppresses_cannot,-0.0009958978043869,0.0009958978043869,0.0009958978043869,0.0008733872673474,0.0,1.0,1.1402705907821655
1542,12,7877,suppresses_cannot,-0.0009955572895705,0.0009955572895705,0.0009955572895705,0.0009525319328531,0.0,1.0,1.045169472694397
1543,24,10067,suppresses_cannot,-0.0009947904618456,0.0009947904618456,0.0009989198297262,0.0011988348560407,0.0051546390168368,0.9948453903198242,0.8297977447509766
1544,28,165,supports_cannot,0.0009944315534085,0.0009944315534085,0.0009944315534085,0.0006727514555677,1.0,1.0,1.4781559705734253
1545,20,2609,supports_cannot,0.0009943972108885,0.0009943972108885,0.000995970214717,0.0012353752972558,0.9948453903198242,0.9948453903198242,0.8049353361129761
1546,15,6520,supports_cannot,0.0009935123380273,0.0009935123380273,0.0009935123380273,0.0011093459324911,1.0,1.0,0.8955838680267334
1547,17,5304,suppresses_cannot,-0.0009933648398146,0.0009933648398146,0.001011524000205,0.0008240525494329,0.0206185560673475,0.9793814420700072,1.20546293258667
1548,19,4897,suppresses_cannot,-0.0009932173416018,0.0009932173416018,0.0009932173416018,0.0010248874314129,0.0,1.0,0.96909898519516
1549,21,1600,supports_cannot,0.0009929740335792,0.0009929740335792,0.0009929740335792,0.0007492513395845,1.0,1.0,1.3252882957458496
1550,22,30,supports_cannot,0.0009926495840772,0.0009926495840772,0.0009926495840772,0.0008293319842778,1.0,1.0,1.1969267129898071
1551,25,5311,suppresses_cannot,-0.0009924160549417,0.0009924160549417,0.0009924160549417,0.0007218127720989,0.0,1.0,1.3748940229415894
1552,19,11630,suppresses_cannot,-0.0009917155839502,0.0009917155839502,0.0009917155839502,0.0007022192003205,0.0,1.0,1.4122593402862549
1553,19,3846,suppresses_cannot,-0.0009912780951708,0.0009912780951708,0.0009918531868606,0.0006178676849231,0.0103092780336737,0.9896907210350036,1.6043533086776731
1554,26,10144,suppresses_cannot,-0.0009910408407449,0.0009910408407449,0.0009910408407449,0.0008918374660424,0.0,1.0,1.1112347841262815
1555,31,9171,suppresses_cannot,-0.0009908406063914,0.0009908406063914,0.0009908406063914,0.0012798313982784,0.0,1.0,0.774196207523346
1556,16,3562,supports_cannot,0.0009906709892675,0.0009906709892675,0.0009906709892675,0.0009285591077059,1.0,1.0,1.0668905973434448
1557,18,5646,suppresses_cannot,-0.0009906267514452,0.0009906267514452,0.0009917672723531,0.0011660316959023,0.0051546390168368,0.9948453903198242,0.8495710492134094
1558,17,13186,supports_cannot,0.0009900860022753,0.0009900860022753,0.0010754865361377,0.001175228273496,0.8917526006698608,0.8917526006698608,0.8424627184867859
1559,20,6638,supports_cannot,0.0009899483993649,0.0009899483993649,0.0009965011849999,0.0009641429060138,0.9793814420700072,0.9793814420700072,1.02676522731781
1560,31,13214,suppresses_cannot,-0.000989933614619,0.000989933614619,0.000989933614619,0.0008312726859003,0.0,1.0,1.1908650398254397
1561,31,7906,suppresses_cannot,-0.0009897422278299,0.0009897422278299,0.001080505317077,0.0020247271750122,0.1855670064687729,0.8144329786300659,0.4888274669647217
1562,17,13143,suppresses_cannot,-0.0009896436240524,0.0009896436240524,0.0009896436240524,0.000899180304259,0.0,1.0,1.1006064414978027
1563,31,6094,suppresses_cannot,-0.00098908750806,0.00098908750806,0.00098908750806,0.0012128872331231,0.0,1.0,0.8154818415641785
1564,18,2218,supports_cannot,0.0009879623539745,0.0009879623539745,0.0009879623539745,0.0010171741014346,1.0,1.0,0.9712814688682556
1565,17,5921,suppresses_cannot,-0.000987398205325,0.000987398205325,0.000987398205325,0.0006897692219354,0.0,1.0,1.4314906597137451
1566,21,3054,suppresses_cannot,-0.0009873479139059,0.0009873479139059,0.0009889799403026,0.0006895613041706,0.0051546390168368,0.9948453903198242,1.4318493604660034
1567,27,1721,suppresses_cannot,-0.0009868636261671,0.0009868636261671,0.0009892134694382,0.0009482903406023,0.0051546390168368,0.9948453903198242,1.0406767129898071
1568,31,7841,supports_cannot,0.0009867923799902,0.0009867923799902,0.0009867923799902,0.0008176871924661,1.0,1.0,1.206809163093567
1569,18,922,suppresses_cannot,-0.0009867831831797,0.0009867831831797,0.0009900582954287,0.0007363841868937,0.0206185560673475,0.9793814420700072,1.340038537979126
1570,23,11475,suppresses_cannot,-0.0009866448817774,0.0009866448817774,0.0009866448817774,0.0012265015393495,0.0,1.0,0.8044383525848389
1571,22,3312,suppresses_cannot,-0.0009863646700978,0.0009863646700978,0.0009863646700978,0.0012535318965092,0.0,1.0,0.7868684530258179
1572,16,7170,supports_cannot,0.0009861779399216,0.0009861779399216,0.0009887145133689,0.0006306178984232,0.9948453903198242,0.9948453903198242,1.5638279914855957
1573,17,2614,suppresses_cannot,-0.0009859616402536,0.0009859616402536,0.00098829169292,0.0009698774665594,0.0051546390168368,0.9948453903198242,1.0165836811065674
1574,29,10116,suppresses_cannot,-0.0009857207769528,0.0009857207769528,0.0010164742125198,0.00090643792646,0.0103092780336737,0.9896907210350036,1.0874663591384888
1575,27,6752,suppresses_cannot,-0.0009857011027634,0.0009857011027634,0.0009857011027634,0.0008381893276236,0.0,1.0,1.1759885549545288
1576,18,5810,suppresses_cannot,-0.0009849317139014,0.0009849317139014,0.0010588131844997,0.0012352941557765,0.0824742242693901,0.9175257682800292,0.7973256707191467
1577,29,13310,suppresses_cannot,-0.0009846736211329,0.0009846736211329,0.0009846736211329,0.001182101550512,0.0,1.0,0.8329856395721436
1578,30,936,supports_cannot,0.0009845556924119,0.0009845556924119,0.0009845556924119,0.0011343968799337,1.0,1.0,0.867911159992218
1579,11,4052,suppresses_cannot,-0.0009833977092057,0.0009833977092057,0.0009870083304122,0.0012046260526403,0.0206185560673475,0.9793814420700072,0.8163509964942932
1580,24,12981,supports_cannot,0.000983297242783,0.000983297242783,0.000983297242783,0.0008922985289245,1.0,1.0,1.101982355117798
1581,11,5147,suppresses_cannot,-0.0009832378709688,0.0009832378709688,0.0010461884085088,0.0011126346653327,0.0876288637518882,0.9123711585998536,0.8837023377418518
1582,28,2924,supports_cannot,0.0009831694187596,0.0009831694187596,0.0009831694187596,0.0007892085704952,1.0,1.0,1.245766282081604
1583,25,7407,supports_cannot,0.000983090722002,0.000983090722002,0.0009854896925389,0.0010756107512861,0.9948453903198242,0.9948453903198242,0.9139837026596068
1584,0,5163,supports_cannot,0.0009829162154346,0.0009829162154346,0.0009849071502685,0.0013515446335077,0.9896907210350036,0.9896907210350036,0.7272539734840393
1585,22,11805,supports_cannot,0.0009825447341427,0.0009825447341427,0.0009826339082792,0.0007320601143874,0.9948453903198242,0.9948453903198242,1.3421640396118164
1586,16,13328,supports_cannot,0.0009824000298976,0.0009824000298976,0.0009824000298976,0.001017386210151,1.0,1.0,0.965611696243286
1587,18,7075,supports_cannot,0.0009823908330872,0.0009823908330872,0.0009826599853113,0.0008814903558231,0.9948453903198242,0.9948453903198242,1.114465832710266
1588,14,11799,suppresses_cannot,-0.0009823493892326,0.0009823493892326,0.0009843230945989,0.0014719458995386,0.0360824726521968,0.9639175534248352,0.6673814654350281
1589,16,8569,supports_cannot,0.0009823349537327,0.0009823349537327,0.0011527967872098,0.0021922041196376,0.8247422575950623,0.8247422575950623,0.4481037855148315
1590,30,13047,suppresses_cannot,-0.0009817419340834,0.0009817419340834,0.0009835055097937,0.0009447397897019,0.0103092780336737,0.9896907210350036,1.0391664505004885
1591,26,12780,supports_cannot,0.0009816897800192,0.0009816897800192,0.0009816897800192,0.0006377891404554,1.0,1.0,1.5392074584960938
1592,31,7687,suppresses_cannot,-0.0009815962985157,0.0009815962985157,0.0009815962985157,0.0009586548549123,0.0,1.0,1.023930907249451
1593,17,11845,supports_cannot,0.0009814980439841,0.0009814980439841,0.0009814980439841,0.0005735215381719,1.0,1.0,1.711353421211243
1594,25,6393,suppresses_cannot,-0.0009811526397243,0.0009811526397243,0.0009811526397243,0.0007069765706546,0.0,1.0,1.3878148794174194
1595,20,8584,suppresses_cannot,-0.0009809031616896,0.0009809031616896,0.0009809031616896,0.0008463826379738,0.0,1.0,1.158935785293579
1596,20,6887,suppresses_cannot,-0.0009808958275243,0.0009808958275243,0.0009808958275243,0.0006567879463545,0.0,1.0,1.4934741258621216
1597,22,6783,supports_cannot,0.000980888493359,0.000980888493359,0.000980888493359,0.0008470811299048,1.0,1.0,1.1579629182815552
1598,12,1577,supports_cannot,0.0009808503091335,0.0009808503091335,0.0009891778463497,0.0008116919198073,0.9793814420700072,0.9793814420700072,1.208402156829834
1599,28,3713,supports_cannot,0.0009807132882997,0.0009807132882997,0.0009807132882997,0.0009911634260788,1.0,1.0,0.9894567131996156
1600,19,413,suppresses_cannot,-0.0009803290013223,0.0009803290013223,0.0010129751171916,0.0007798867882229,0.041237112134695,0.9587628841400146,1.257014513015747
1601,18,1553,supports_cannot,0.0009803114226087,0.0009803114226087,0.0010001389309763,0.0011315090814605,0.938144326210022,0.938144326210022,0.866375207901001
1602,31,4518,supports_cannot,0.0009800675325095,0.0009800675325095,0.0009800675325095,0.0007719658897258,1.0,1.0,1.2695735692977903
1603,25,346,suppresses_cannot,-0.0009799740510061,0.0009799740510061,0.0009799740510061,0.0015765669522807,0.0,1.0,0.621587336063385
1604,30,2094,supports_cannot,0.0009794358629733,0.0009794358629733,0.0009794358629733,0.0011033846531063,1.0,1.0,0.8876649141311646
1605,24,11188,suppresses_cannot,-0.0009793841745704,0.0009793841745704,0.0009793841745704,0.0008379122591577,0.0,1.0,1.168838620185852
1606,14,1938,suppresses_cannot,-0.000979354721494,0.000979354721494,0.0009801191044971,0.0010866211960092,0.0154639175161719,0.984536111354828,0.901284396648407
1607,22,11634,supports_cannot,0.0009792268974706,0.0009792268974706,0.0009792268974706,0.0008694865391589,1.0,1.0,1.1262128353118896
1608,17,8148,suppresses_cannot,-0.0009784501744434,0.0009784501744434,0.0009784501744434,0.0007594894268549,0.0,1.0,1.2882999181747437
1609,13,4048,supports_cannot,0.00097799859941,0.00097799859941,0.001006843522191,0.0014234359841793,0.9536082744598388,0.9536082744598388,0.6870688796043396
1610,28,1642,supports_cannot,0.0009777540108188,0.0009777540108188,0.0009777540108188,0.0008440039819106,1.0,1.0,1.158470869064331
1611,26,4441,supports_cannot,0.0009776464430615,0.0009776464430615,0.0009776464430615,0.0007928202976472,1.0,1.0,1.233124852180481
1612,29,7997,supports_cannot,0.0009774646023288,0.0009774646023288,0.0009774646023288,0.0009460925939492,1.0,1.0,1.0331594944000244
1613,19,845,suppresses_cannot,-0.0009772556368261,0.0009772556368261,0.0009772556368261,0.0008166003972291,0.0,1.0,1.1967366933822632
1614,23,5179,suppresses_cannot,-0.0009760168613865,0.0009760168613865,0.0009760168613865,0.000759745191317,0.0,1.0,1.284663438796997
1615,30,3952,supports_cannot,0.0009758030064404,0.0009758030064404,0.0009758030064404,0.000673231203109,1.0,1.0,1.4494322538375854
1616,28,14182,suppresses_cannot,-0.0009754287893883,0.0009754287893883,0.0009782897541299,0.0007505938410758,0.0103092780336737,0.9896907210350036,1.299542784690857
1617,15,7882,supports_cannot,0.0009744339622557,0.0009744339622557,0.0010710647329688,0.0012828829931095,0.92268043756485,0.92268043756485,0.7595657110214233
1618,21,7051,supports_cannot,0.0009738464723341,0.0009738464723341,0.0009738464723341,0.0007423461647704,1.0,1.0,1.311849594116211
1619,28,1709,supports_cannot,0.0009730049641802,0.0009730049641802,0.0009730854653753,0.0008034611237235,0.9948453903198242,0.9948453903198242,1.2110168933868408
1620,12,3254,supports_cannot,0.0009728191071189,0.0009728191071189,0.0009746649884618,0.0009631916764192,0.984536111354828,0.984536111354828,1.0099953413009644
1621,20,2806,supports_cannot,0.0009725610143505,0.0009725610143505,0.0009725610143505,0.0008143658051267,1.0,1.0,1.1942557096481323
1622,27,2846,suppresses_cannot,-0.0009722512913867,0.0009722512913867,0.0009722512913867,0.0007943825330585,0.0,1.0,1.2239081859588623
1623,30,5799,suppresses_cannot,-0.0009715729393064,0.0009715729393064,0.0009715729393064,0.0005900159012526,0.0,1.0,1.6466894149780271
1624,19,118,suppresses_cannot,-0.0009712386527098,0.0009712386527098,0.0009712386527098,0.0007339124567806,0.0,1.0,1.3233712911605835
1625,28,6862,suppresses_cannot,-0.0009712002356536,0.0009712002356536,0.000973469519522,0.0007664788281545,0.0103092780336737,0.9896907210350036,1.2670934200286863
1626,14,10148,supports_cannot,0.0009711615275591,0.0009711615275591,0.0009933369001373,0.0014937614323571,0.9432989954948424,0.9432989954948424,0.6501449942588806
1627,24,7892,supports_cannot,0.0009710874874144,0.0009710874874144,0.0009743122500367,0.000877047306858,0.9948453903198242,0.9948453903198242,1.107223629951477
1628,25,660,suppresses_cannot,-0.0009710026788525,0.0009710026788525,0.0009710026788525,0.0009355563670396,0.0,1.0,1.0378879308700562
1629,21,12043,supports_cannot,0.000970889639575,0.000970889639575,0.000970889639575,0.0007787760696373,1.0,1.0,1.246686577796936
1630,22,9988,supports_cannot,0.0009698990616016,0.0009698990616016,0.0009699580841697,0.0011482060654088,0.9948453903198242,0.9948453903198242,0.8447082042694092
1631,29,8964,supports_cannot,0.0009694689069874,0.0009694689069874,0.0009694689069874,0.0007890694541856,1.0,1.0,1.2286230325698853
1632,27,1958,suppresses_cannot,-0.0009693878237158,0.0009693878237158,0.0009693878237158,0.0007280943682417,0.0,1.0,1.3314040899276731
1633,16,13272,suppresses_cannot,-0.0009690289734862,0.0009690289734862,0.0009722930844873,0.0009634355665184,0.0051546390168368,0.9948453903198242,1.005805730819702
1634,30,5098,suppresses_cannot,-0.00096881511854,0.00096881511854,0.00096881511854,0.0008625771151855,0.0,1.0,1.1231634616851809
1635,23,13424,suppresses_cannot,-0.0009688003920018,0.0009688003920018,0.0009688003920018,0.0012417058460414,0.0,1.0,0.7802172899246216
1636,18,2646,supports_cannot,0.0009685201803222,0.0009685201803222,0.0009685201803222,0.0007551375310868,1.0,1.0,1.2825745344161987
1637,31,11752,suppresses_cannot,-0.0009683468961156,0.0009683468961156,0.0009683468961156,0.0007962164818309,0.0,1.0,1.216185450553894
1638,25,6687,supports_cannot,0.0009683259995654,0.0009683259995654,0.0009683259995654,0.0015203758375719,1.0,1.0,0.6368991136550903
1639,29,5947,suppresses_cannot,-0.000968289154116,0.000968289154116,0.000968289154116,0.0010359208099544,0.0,1.0,0.9347134828567504
1640,17,232,supports_cannot,0.0009680039947852,0.0009680039947852,0.0009680039947852,0.0007540439837612,1.0,1.0,1.283750057220459
1641,17,4412,suppresses_cannot,-0.000966730818618,0.000966730818618,0.0009860501158982,0.000745918310713,0.0257731955498456,0.9742268323898317,1.2960277795791626
1642,14,6551,supports_cannot,0.0009664554963819,0.0009664554963819,0.0009664554963819,0.00074981310172,1.0,1.0,1.288928508758545
1643,26,7088,suppresses_cannot,-0.0009663719683885,0.0009663719683885,0.0009663719683885,0.0008115523960441,0.0,1.0,1.1907696723937988
1644,26,9463,supports_cannot,0.0009663178934715,0.0009663178934715,0.0009663178934715,0.0008219272713176,1.0,1.0,1.175673246383667
1645,31,11233,supports_cannot,0.0009660475188866,0.0009660475188866,0.0009660475188866,0.0006817587418481,1.0,1.0,1.416993260383606
1646,23,4350,supports_cannot,0.0009655755711719,0.0009655755711719,0.0009655755711719,0.0006996638257987,1.0,1.0,1.3800565004348757
1647,19,10627,supports_cannot,0.0009654870955273,0.0009654870955273,0.0009654870955273,0.0007353129913099,1.0,1.0,1.3130286931991575
1648,29,2594,suppresses_cannot,-0.0009653371525928,0.0009653371525928,0.0009653371525928,0.001181035884656,0.0,1.0,0.8173648118972778
1649,22,12203,suppresses_cannot,-0.0009653298184275,0.0009653298184275,0.0009653298184275,0.0007898018229752,0.0,1.0,1.222243070602417
1650,20,12900,supports_cannot,0.0009638255578465,0.0009638255578465,0.0009638255578465,0.0006352640339173,1.0,1.0,1.5172046422958374
1651,30,583,supports_cannot,0.0009638132760301,0.0009638132760301,0.0009638132760301,0.0009988232050091,1.0,1.0,0.964948832988739
1652,16,9219,suppresses_cannot,-0.0009635883616283,0.0009635883616283,0.0009635883616283,0.0007688030600547,0.0,1.0,1.2533618211746216
1653,30,1891,suppresses_cannot,-0.0009633007575757,0.0009633007575757,0.0009637800976634,0.0007415211293846,0.0051546390168368,0.9948453903198242,1.299087405204773
1654,27,7732,suppresses_cannot,-0.0009626604733057,0.0009626604733057,0.0009626604733057,0.0008712005219422,0.0,1.0,1.104981541633606
1655,30,10685,suppresses_cannot,-0.0009623163496144,0.0009623163496144,0.0009623163496144,0.0006447792984545,0.0,1.0,1.4924739599227903
1656,23,2713,supports_cannot,0.0009620951605029,0.0009620951605029,0.0009620951605029,0.0005894940695725,1.0,1.0,1.6320692300796509
1657,26,9012,supports_cannot,0.0009616969618946,0.0009616969618946,0.0009616969618946,0.0008563384762965,1.0,1.0,1.12303364276886
1658,18,9362,supports_cannot,0.0009613774600438,0.0009613774600438,0.0009613774600438,0.0010178682859987,1.0,1.0,0.9445008635520936
1659,24,2019,suppresses_cannot,-0.0009612988214939,0.0009612988214939,0.0009612988214939,0.0009860110003501,0.0,1.0,0.9749372005462646
1660,28,5239,supports_cannot,0.0009611427085474,0.0009611427085474,0.0010001327609643,0.0008836240158416,0.9432989954948424,0.9432989954948424,1.0877281427383425
1661,28,14127,supports_cannot,0.0009608514374122,0.0009608514374122,0.0009608514374122,0.0007827107910998,1.0,1.0,1.2275944948196411
1662,30,4377,supports_cannot,0.0009597601601853,0.0009597601601853,0.0009597601601853,0.0009273962350562,1.0,1.0,1.0348975658416748
1663,16,12478,supports_cannot,0.0009596439776942,0.0009596439776942,0.0015995386056602,0.0023564668372273,0.7216494679450989,0.7216494679450989,0.4072384834289551
1664,18,2300,suppresses_cannot,-0.0009595634764991,0.0009595634764991,0.0009595634764991,0.0006563380593433,0.0,1.0,1.4619958400726318
1665,15,12333,suppresses_cannot,-0.0009589997353032,0.0009589997353032,0.0009589997353032,0.0012596744345501,0.0,1.0,0.7613075971603394
1666,26,6488,suppresses_cannot,-0.0009587573003955,0.0009587573003955,0.0009587573003955,0.000895652337931,0.0,1.0,1.0704569816589355
1667,29,11582,supports_cannot,0.0009578503086231,0.0009578503086231,0.0009578503086231,0.0006603599758818,1.0,1.0,1.450497269630432
1668,27,12756,supports_cannot,0.0009572653216309,0.0009572653216309,0.0009572653216309,0.0011531250784173,1.0,1.0,0.8301487565040588
1669,31,4107,suppresses_cannot,-0.0009572186390869,0.0009572186390869,0.0009572186390869,0.0009868446504697,0.0,1.0,0.9699790477752686
1670,12,6165,suppresses_cannot,-0.0009572167764417,0.0009572167764417,0.0009572167764417,0.0007611059118062,0.0,1.0,1.2576656341552734
1671,30,10174,suppresses_cannot,-0.0009571227710694,0.0009571227710694,0.0009581993799656,0.0013529970310628,0.0103092780336737,0.9896907210350036,0.7074093818664551
1672,13,2655,suppresses_cannot,-0.0009565070504322,0.0009565070504322,0.0010154751362279,0.0009434082312509,0.0309278350323438,0.969072163105011,1.0138845443725586
1673,29,6665,suppresses_cannot,-0.0009565058280713,0.0009565058280713,0.0009565058280713,0.0009920601733028,0.0,1.0,0.9641610980033876
1674,16,12418,suppresses_cannot,-0.0009560022735968,0.0009560022735968,0.0010372207034379,0.0047002057544887,0.2371134012937545,0.7628865838050842,0.2033958286046981
1675,17,3884,suppresses_cannot,-0.000955955882091,0.000955955882091,0.0010009370744228,0.0010104716056957,0.0567010305821895,0.9432989954948424,0.9460492134094238
1676,21,5862,supports_cannot,0.0009556996519677,0.0009556996519677,0.0009556996519677,0.0007145323907025,1.0,1.0,1.3375176191329956
1677,17,7561,supports_cannot,0.0009555119322612,0.0009555119322612,0.0009596338495612,0.001141681568697,0.9896907210350036,0.9896907210350036,0.8369338512420654
1678,7,14192,suppresses_cannot,-0.0009551079128868,0.0009551079128868,0.0011345910606905,0.0030217000748962,0.1546391695737838,0.8453608155250549,0.3160829544067383
1679,15,8112,supports_cannot,0.0009549828246235,0.0009549828246235,0.0014270823448896,0.0023839185014367,0.7113401889801025,0.7113401889801025,0.4005937278270721
1680,26,11352,suppresses_cannot,-0.0009549327660351,0.0009549327660351,0.0009549327660351,0.0006355745135806,0.0,1.0,1.5024718046188354
1681,19,8664,supports_cannot,0.0009548842208459,0.0009548842208459,0.0010005659423768,0.0012051110388711,0.9329897165298462,0.9329897165298462,0.7923620343208313
1682,30,8098,suppresses_cannot,-0.0009548019152134,0.0009548019152134,0.0009548019152134,0.0009391971980221,0.0,1.0,1.0166149139404297
1683,18,6933,suppresses_cannot,-0.0009547840454615,0.0009547840454615,0.0009565734653733,0.0007312726229429,0.0051546390168368,0.9948453903198242,1.3056471347808838
1684,20,11033,supports_cannot,0.0009541978361085,0.0009541978361085,0.0010334406979382,0.0015753998886793,0.8608247637748718,0.8608247637748718,0.6056861281394958
1685,14,2455,supports_cannot,0.000953868497163,0.000953868497163,0.0009553678100928,0.0006832859944552,0.9896907210350036,0.9896907210350036,1.3960018157958984
1686,16,11873,suppresses_cannot,-0.0009536574361845,0.0009536574361845,0.0009536574361845,0.0008919670362956,0.0,1.0,1.0691622495651243
1687,31,4742,supports_cannot,0.000953605514951,0.000953605514951,0.000953605514951,0.0008778823539614,1.0,1.0,1.0862566232681274
1688,15,10312,suppresses_cannot,-0.0009536017896607,0.0009536017896607,0.0009635121678002,0.0009264920954592,0.0206185560673475,0.9793814420700072,1.0292606353759766
1689,31,7585,supports_cannot,0.0009535366552881,0.0009535366552881,0.0009547951049171,0.0011663087643682,0.9948453903198242,0.9948453903198242,0.8175679445266724
1690,18,10824,suppresses_cannot,-0.0009532712283544,0.0009532712283544,0.0009532712283544,0.0008672382682561,0.0,1.0,1.09920334815979
1691,23,5310,supports_cannot,0.0009528877562843,0.0009528877562843,0.0009528877562843,0.0007843157509341,1.0,1.0,1.2149287462234497
1692,23,13919,suppresses_cannot,-0.0009523814660497,0.0009523814660497,0.0009523814660497,0.0008869118173606,0.0,1.0,1.073817491531372
1693,16,12813,supports_cannot,0.0009522800683043,0.0009522800683043,0.0009523255284875,0.0010225458536297,0.9948453903198242,0.9948453903198242,0.931283473968506
1694,28,11889,supports_cannot,0.000952023838181,0.000952023838181,0.000952023838181,0.0006167684914544,1.0,1.0,1.5435675382614136
1695,22,2472,suppresses_cannot,-0.0009519414743408,0.0009519414743408,0.0009541241452097,0.0006233716849237,0.0051546390168368,0.9948453903198242,1.5270848274230957
1696,18,1121,supports_cannot,0.0009518723236396,0.0009518723236396,0.0009556526201777,0.0010345440823584,0.9793814420700072,0.9793814420700072,0.9200887084007264
1697,20,12009,suppresses_cannot,-0.0009516751160845,0.0009516751160845,0.0009580976329743,0.0018911455990746,0.0721649453043937,0.9278350472450256,0.5032267570495605
1698,19,5894,supports_cannot,0.0009515506681054,0.0009515506681054,0.0009515506681054,0.0007930232677608,1.0,1.0,1.1999025344848633
1699,18,11041,suppresses_cannot,-0.0009514744742773,0.0009514744742773,0.0010240182746201,0.0019947751425206,0.0927835032343864,0.907216489315033,0.4769833087921142
1700,21,12181,suppresses_cannot,-0.0009508772054687,0.0009508772054687,0.0009508772054687,0.0005991855286993,0.0,1.0,1.586949586868286
1701,24,1538,suppresses_cannot,-0.0009508710354566,0.0009508710354566,0.0010850060498341,0.0012422647560015,0.0876288637518882,0.9123711585998536,0.7654334902763367
1702,29,7590,suppresses_cannot,-0.0009506559581495,0.0009506559581495,0.0009506559581495,0.0010606631403788,0.0,1.0,0.8962845206260681
1703,17,10046,supports_cannot,0.0009506363421678,0.0009506363421678,0.0009506363421678,0.0007872561109252,1.0,1.0,1.207531213760376
1704,25,2207,supports_cannot,0.0009505330817773,0.0009505330817773,0.0009505330817773,0.0007374939741566,1.0,1.0,1.2888689041137695
1705,21,13320,supports_cannot,0.0009505146299488,0.0009505146299488,0.0009505355264991,0.0009855872485786,0.9948453903198242,0.9948453903198242,0.9644144773483276
1706,29,12180,suppresses_cannot,-0.0009503085166215,0.0009503085166215,0.0009843457955867,0.001073486637324,0.0206185560673475,0.9793814420700072,0.8852541446685791
1707,17,7605,suppresses_cannot,-0.0009500218438915,0.0009500218438915,0.0009500218438915,0.0005906178848817,0.0,1.0,1.6085219383239746
1708,22,6229,suppresses_cannot,-0.0009498841827735,0.0009498841827735,0.0009498841827735,0.0006833838415332,0.0,1.0,1.3899717330932615
1709,21,9576,suppresses_cannot,-0.0009495480917394,0.0009495480917394,0.0009521633037365,0.0010537675116211,0.0051546390168368,0.9948453903198242,0.9010982513427734
1710,30,459,supports_cannot,0.000948829750996,0.000948829750996,0.000948829750996,0.0010464329971,1.0,1.0,0.90672767162323
1711,15,5540,supports_cannot,0.0009485888876952,0.0009485888876952,0.0009485888876952,0.0010872642742469,1.0,1.0,0.8724547624588013
1712,23,8249,supports_cannot,0.0009484143811278,0.0009484143811278,0.0009487019269727,0.0011742218630388,0.9948453903198242,0.9948453903198242,0.8076960444450378
1713,26,12431,supports_cannot,0.0009482472087256,0.0009482472087256,0.0009482472087256,0.0005792158772237,1.0,1.0,1.6371222734451294
1714,14,11560,suppresses_cannot,-0.0009478871361352,0.0009478871361352,0.0009478871361352,0.0010181022807955,0.0,1.0,0.9310333132743835
1715,19,9505,suppresses_cannot,-0.0009478133870288,0.0009478133870288,0.0009489121148362,0.0005598973948508,0.0103092780336737,0.9896907210350036,1.6928340196609497
1716,19,10301,suppresses_cannot,-0.0009471657103858,0.0009471657103858,0.0009471657103858,0.0007026343373581,0.0,1.0,1.3480207920074463
1717,16,6034,supports_cannot,0.0009467755444347,0.0009467755444347,0.0009539367165416,0.0010547809069976,0.9587628841400146,0.9587628841400146,0.8976039886474609
1718,27,12958,supports_cannot,0.0009462928865104,0.0009462928865104,0.0009517217986285,0.0009129833779297,0.9793814420700072,0.9793814420700072,1.0364842414855957
1719,24,9352,suppresses_cannot,-0.00094625382917,0.00094625382917,0.0009477187413722,0.001013257773593,0.0103092780336737,0.9896907210350036,0.9338727593421936
1720,20,12554,suppresses_cannot,-0.0009459957364015,0.0009459957364015,0.0009459957364015,0.0009629695559851,0.0,1.0,0.9823734760284424
1721,22,2839,suppresses_cannot,-0.0009459318825975,0.0009459318825975,0.0009459318825975,0.0007003555074334,0.0,1.0,1.3506453037261963
1722,21,13997,supports_cannot,0.0009456860716454,0.0009456860716454,0.0009456860716454,0.0008891195757314,1.0,1.0,1.0636208057403564
1723,23,5537,supports_cannot,0.0009456074330955,0.0009456074330955,0.0009456074330955,0.0010017150780186,1.0,1.0,0.9439884424209596
1724,31,11041,suppresses_cannot,-0.0009452681988477,0.0009452681988477,0.0009452681988477,0.000693971873261,0.0,1.0,1.362113118171692
1725,22,2572,supports_cannot,0.000945124134887,0.000945124134887,0.0009452205849811,0.0008966702152974,0.9896907210350036,0.9896907210350036,1.0540375709533691
1726,18,11457,suppresses_cannot,-0.000944995379541,0.000944995379541,0.0009481611778028,0.0007869518594816,0.0051546390168368,0.9948453903198242,1.2008299827575684
1727,18,11099,supports_cannot,0.0009449569624848,0.0009449569624848,0.0011111199855804,0.0011257471051067,0.9175257682800292,0.9175257682800292,0.839404284954071
1728,25,11114,suppresses_cannot,-0.0009449142962694,0.0009449142962694,0.0009449142962694,0.0004819556779693,0.0,1.0,1.9605833292007449
1729,18,10963,suppresses_cannot,-0.0009447066113352,0.0009447066113352,0.0009447066113352,0.0009827811736613,0.0,1.0,0.961258351802826
1730,24,12543,supports_cannot,0.0009446365293115,0.0009446365293115,0.0009446365293115,0.0013693616492673,1.0,1.0,0.6898371577262878
1731,16,12329,supports_cannot,0.0009445259347558,0.0009445259347558,0.0009445259347558,0.0006509734666906,1.0,1.0,1.4509438276290894
1732,17,8747,suppresses_cannot,-0.000944523490034,0.000944523490034,0.000944523490034,0.0008964386070147,0.0,1.0,1.0536398887634275
1733,28,1401,suppresses_cannot,-0.0009443711023777,0.0009443711023777,0.0009443711023777,0.0010060701752081,0.0,1.0,0.938673198223114
1734,26,10440,suppresses_cannot,-0.000944307190366,0.000944307190366,0.000944307190366,0.0008482162375003,0.0,1.0,1.1132858991622925
1735,26,13503,suppresses_cannot,-0.0009442137670703,0.0009442137670703,0.0009442137670703,0.0011143229203298,0.0,1.0,0.8473430275917053
1736,25,13638,supports_cannot,0.0009440146968699,0.0009440146968699,0.0009440146968699,0.0010209404863417,1.0,1.0,0.9246520400047302
1737,17,3110,suppresses_cannot,-0.0009439762798137,0.0009439762798137,0.0009550221730023,0.00069807266118,0.0257731955498456,0.9742268323898317,1.3522608280181885
1738,28,3340,supports_cannot,0.0009434223175048,0.0009434223175048,0.0009434223175048,0.0007826836663298,1.0,1.0,1.2053686380386353
1739,27,6765,suppresses_cannot,-0.0009432164952158,0.0009432164952158,0.0009432164952158,0.0014547485625371,0.0,1.0,0.6483708024024963
1740,24,1076,supports_cannot,0.0009430213831365,0.0009430213831365,0.0009494248661212,0.001059146830812,0.969072163105011,0.969072163105011,0.8903594613075256
1741,28,1579,suppresses_cannot,-0.000943006016314,0.000943006016314,0.0009475746774114,0.0014881044626235,0.0206185560673475,0.9793814420700072,0.6336961388587952
1742,15,7021,supports_cannot,0.0009429430356249,0.0009429430356249,0.0009429430356249,0.0009860987775027,1.0,1.0,0.9562358856201172
1743,17,852,suppresses_cannot,-0.0009428889607079,0.0009428889607079,0.0009428889607079,0.0009733662591315,0.0,1.0,0.9686887860298156
1744,29,5757,supports_cannot,0.0009428840130567,0.0009428840130567,0.0009428840130567,0.0008495380752719,1.0,1.0,1.109878420829773
1745,18,13709,suppresses_cannot,-0.000942263402976,0.000942263402976,0.000942263402976,0.0008967572939582,0.0,1.0,1.050745129585266
1746,23,8466,supports_cannot,0.0009421835420653,0.0009421835420653,0.0009433510131202,0.0010565742850303,0.9896907210350036,0.9896907210350036,0.8917343020439148
1747,21,1471,suppresses_cannot,-0.0009420040878467,0.0009420040878467,0.0009420040878467,0.00106084079016,0.0,1.0,0.887978732585907
1748,28,6940,supports_cannot,0.0009419844136573,0.0009419844136573,0.0009419844136573,0.0007345191552303,1.0,1.0,1.2824504375457764
1749,20,7272,suppresses_cannot,-0.0009419352863915,0.0009419352863915,0.0009450715733692,0.0008514542714692,0.0206185560673475,0.9793814420700072,1.1062664985656738
1750,18,10237,suppresses_cannot,-0.0009405858581885,0.0009405858581885,0.0009405858581885,0.0007803352782502,0.0,1.0,1.205361247062683
1751,4,7053,suppresses_cannot,-0.0009401655406691,0.0009401655406691,0.0009508698130957,0.0009534547571092,0.0103092780336737,0.9896907210350036,0.9860620498657228
1752,29,10482,supports_cannot,0.0009394724620506,0.0009394724620506,0.0009394724620506,0.0006416752585209,1.0,1.0,1.4640933275222778
1753,29,9588,suppresses_cannot,-0.0009391283383592,0.0009391283383592,0.0009391283383592,0.0006606186507269,0.0,1.0,1.4215892553329468
1754,27,8723,suppresses_cannot,-0.0009387006284669,0.0009387006284669,0.0009387006284669,0.0010952643351629,0.0,1.0,0.8570539355278015
1755,25,2639,supports_cannot,0.0009386183228343,0.0009386183228343,0.0009630377753637,0.0008707293891347,0.984536111354828,0.984536111354828,1.077967882156372
1756,31,11695,suppresses_cannot,-0.0009376584785059,0.0009376584785059,0.0009376584785059,0.0009611261775717,0.0,1.0,0.9755831360816956
1757,31,10143,supports_cannot,0.0009375454392284,0.0009375454392284,0.0009375454392284,0.0011018723016604,1.0,1.0,0.8508657813072205
1758,30,8586,supports_cannot,0.0009374323417432,0.0009374323417432,0.0009374323417432,0.0007544967229478,1.0,1.0,1.2424604892730713
1759,29,5003,supports_cannot,0.0009371767519041,0.0009371767519041,0.0009371767519041,0.0007499270723201,1.0,1.0,1.2496905326843262
1760,23,5002,suppresses_cannot,-0.0009366507292725,0.0009366507292725,0.0009431396611034,0.0010804531630128,0.0051546390168368,0.9948453903198242,0.8669054508209229
1761,20,2800,supports_cannot,0.0009358199313282,0.0009358199313282,0.0009358199313282,0.0008188375504687,1.0,1.0,1.1428639888763428
1762,19,9738,supports_cannot,0.0009355249931104,0.0009355249931104,0.0009355249931104,0.0006872654194012,1.0,1.0,1.361228108406067
1763,31,9704,suppresses_cannot,-0.0009355004294775,0.0009355004294775,0.0009355004294775,0.0008432707982137,0.0,1.0,1.109371304512024
1764,18,4698,supports_cannot,0.0009352976339869,0.0009352976339869,0.000935835938435,0.0009421678259968,0.9948453903198242,0.9948453903198242,0.9927080869674684
1765,21,11352,suppresses_cannot,-0.0009352060733363,0.0009352060733363,0.0009353867499157,0.0008836116176098,0.0051546390168368,0.9948453903198242,1.0583903789520264
1766,23,14275,suppresses_cannot,-0.0009350653854198,0.0009350653854198,0.0009367761085741,0.0009800001280382,0.0051546390168368,0.9948453903198242,0.9541482329368592
1767,13,11924,suppresses_cannot,-0.0009350579930469,0.0009350579930469,0.0009350579930469,0.001142723718658,0.0,1.0,0.818271279335022
1768,28,7734,suppresses_cannot,-0.000934267474804,0.000934267474804,0.0009346263250336,0.0009307943983003,0.0051546390168368,0.9948453903198242,1.0037312507629397
1769,17,8999,supports_cannot,0.0009336569928564,0.0009336569928564,0.0009336569928564,0.0010081854416057,1.0,1.0,0.9260766506195068
1770,21,9703,supports_cannot,0.0009334898204542,0.0009334898204542,0.0009334898204542,0.0009558741003274,1.0,1.0,0.976582407951355
1771,17,7445,supports_cannot,0.0009334025671705,0.0009334025671705,0.0009412359795533,0.0008640952291898,0.984536111354828,0.984536111354828,1.0802079439163208
1772,31,10200,supports_cannot,0.0009333866182714,0.0009333866182714,0.0009333866182714,0.0008805085089989,1.0,1.0,1.060054063796997
1773,18,6735,supports_cannot,0.0009330080938525,0.0009330080938525,0.0009330080938525,0.0007521086954511,1.0,1.0,1.2405229806900024
1774,9,592,supports_cannot,0.0009329503518529,0.0009329503518529,0.0011010225862264,0.0017798816552385,0.6958763003349304,0.6958763003349304,0.5241642594337463
1775,10,13540,suppresses_cannot,-0.0009328725864179,0.0009328725864179,0.0009333543712273,0.0016848279628902,0.0051546390168368,0.9948453903198242,0.5536901354789734
1776,17,4527,suppresses_cannot,-0.0009328434243798,0.0009328434243798,0.0009328434243798,0.0012669588904827,0.0,1.0,0.7362854480743408
1777,22,3009,suppresses_cannot,-0.0009324353886768,0.0009324353886768,0.0009324353886768,0.000986413215287,0.0,1.0,0.9452787041664124
1778,25,3295,suppresses_cannot,-0.0009321748511865,0.0009321748511865,0.0009326615254394,0.0008646885398775,0.0103092780336737,0.9896907210350036,1.0780469179153442
1779,28,12346,supports_cannot,0.0009320986573584,0.0009320986573584,0.0009320986573584,0.0010179310338571,1.0,1.0,0.9156795740127563
1780,29,13755,suppresses_cannot,-0.0009318233933299,0.0009318233933299,0.0009318233933299,0.0008381298393942,0.0,1.0,1.1117888689041138
1781,23,6958,suppresses_cannot,-0.0009315542411059,0.0009315542411059,0.0009315542411059,0.0011747423559427,0.0,1.0,0.7929859757423401
1782,16,9050,suppresses_cannot,-0.000931498943828,0.000931498943828,0.000931498943828,0.000859958527144,0.0,1.0,1.0831905603408811
1783,24,2312,suppresses_cannot,-0.0009314645431004,0.0009314645431004,0.0009314645431004,0.0007479939959011,0.0,1.0,1.2452834844589231
1784,26,3524,supports_cannot,0.0009314473136328,0.0009314473136328,0.0009314473136328,0.0008752038702368,1.0,1.0,1.0642632246017456
1785,24,9405,supports_cannot,0.0009312033653259,0.0009312033653259,0.0009312033653259,0.0007316699484363,1.0,1.0,1.272709608078003
1786,28,415,supports_cannot,0.0009310466703027,0.0009310466703027,0.0009310466703027,0.0007121400558389,1.0,1.0,1.3073925971984863
1787,12,5724,supports_cannot,0.0009303953265771,0.0009303953265771,0.0009382790885865,0.0013706656172871,0.969072163105011,0.969072163105011,0.6787908673286438
1788,25,8160,supports_cannot,0.0009302527760155,0.0009302527760155,0.0009302527760155,0.0012093837140128,1.0,1.0,0.7691957354545593
1789,16,9605,suppresses_cannot,-0.0009302355465479,0.0009302355465479,0.0009302355465479,0.0006124330102466,0.0,1.0,1.5189180374145508
1790,23,12931,suppresses_cannot,-0.0009295202908106,0.0009295202908106,0.0009295202908106,0.000904754793737,0.0,1.0,1.0273725986480713
1791,21,9036,suppresses_cannot,-0.0009293457842431,0.0009293457842431,0.0009293457842431,0.0008279785397462,0.0,1.0,1.1224273443222046
1792,12,6062,suppresses_cannot,-0.0009292960166931,0.0009292960166931,0.0009292960166931,0.0008542004507035,0.0,1.0,1.0879132747650146
1793,22,12237,suppresses_cannot,-0.0009292302420362,0.0009292302420362,0.0009292302420362,0.0011531444033607,0.0,1.0,0.8058229684829712
1794,30,11659,suppresses_cannot,-0.0009291958413086,0.0009291958413086,0.0009291958413086,0.000737311085686,0.0,1.0,1.260249376296997
1795,16,11581,suppresses_cannot,-0.0009287559078074,0.0009287559078074,0.0009287559078074,0.0007888010586611,0.0,1.0,1.1774272918701172
1796,21,3857,supports_cannot,0.0009285125415772,0.0009285125415772,0.0009285125415772,0.0006982024642638,1.0,1.0,1.329861402511597
1797,14,12614,supports_cannot,0.0009283816907554,0.0009283816907554,0.0011824633693322,0.0031303868163377,0.6288659572601318,0.6288659572601318,0.2965709269046783
1798,31,5104,supports_cannot,0.0009276547352783,0.0009276547352783,0.0009276547352783,0.0007600940880365,1.0,1.0,1.220447301864624
1799,19,7053,suppresses_cannot,-0.0009276313940063,0.0009276313940063,0.0009276313940063,0.0009547200752422,0.0,1.0,0.9716265797615052
1800,25,5975,supports_cannot,0.0009275957709178,0.0009275957709178,0.0009275957709178,0.0009594061993993,1.0,1.0,0.966843605041504
1801,22,35,suppresses_cannot,-0.0009275278425775,0.0009275278425775,0.0009277195786125,0.0010871813865378,0.0051546390168368,0.9948453903198242,0.8531491160392761
1802,23,8668,supports_cannot,0.0009274199837818,0.0009274199837818,0.0009280173107981,0.0010568959405645,0.9948453903198242,0.9948453903198242,0.8774941563606262
1803,21,2032,suppresses_cannot,-0.0009263618849217,0.0009263618849217,0.0009263618849217,0.000965679239016,0.0,1.0,0.9592852592468262
1804,20,7620,suppresses_cannot,-0.0009262635721825,0.0009262635721825,0.0009262635721825,0.001035094494,0.0,1.0,0.8948589563369751
1805,2,9968,supports_cannot,0.0009262122330255,0.0009262122330255,0.0013887780951336,0.002511509694159,0.7319587469100952,0.7319587469100952,0.3687870502471924
1806,18,3363,suppresses_cannot,-0.0009258629288524,0.0009258629288524,0.0009326467989012,0.0007311101653613,0.0154639175161719,0.984536111354828,1.266379475593567
1807,19,11149,suppresses_cannot,-0.0009255998884327,0.0009255998884327,0.0009444521856494,0.0011446715798228,0.041237112134695,0.9587628841400146,0.8086161017417908
1808,16,8853,suppresses_cannot,-0.000925597443711,0.000925597443711,0.000925597443711,0.0008345873793587,0.0,1.0,1.1090480089187622
1809,29,8961,suppresses_cannot,-0.000925272994209,0.000925272994209,0.000925272994209,0.0009145272779278,0.0,1.0,1.0117499828338623
1810,27,5509,suppresses_cannot,-0.0009251968003809,0.0009251968003809,0.0009251968003809,0.0007434002473019,0.0,1.0,1.2445473670959473
1811,16,9394,suppresses_cannot,-0.0009243365493603,0.0009243365493603,0.0009243365493603,0.0008984626037999,0.0,1.0,1.02879798412323
1812,22,1045,supports_cannot,0.000924096268136,0.000924096268136,0.000924096268136,0.0008827152778394,1.0,1.0,1.0468791723251345
1813,15,10396,supports_cannot,0.0009235155885107,0.0009235155885107,0.0009235155885107,0.0007370772073045,1.0,1.0,1.2529428005218506
1814,19,7133,suppresses_cannot,-0.0009234713506884,0.0009234713506884,0.0009234713506884,0.0006723548285663,0.0,1.0,1.3734880685806274
1815,12,13464,suppresses_cannot,-0.0009234000463038,0.0009234000463038,0.0009251501178368,0.0010306439362466,0.0051546390168368,0.9948453903198242,0.8959447741508484
1816,12,3477,suppresses_cannot,-0.0009233137243427,0.0009233137243427,0.0009914743714034,0.0012472614180296,0.1082474216818809,0.8917526006698608,0.7402728199958801
1817,16,1844,suppresses_cannot,-0.0009229994029738,0.0009229994029738,0.0009307646541856,0.0015735308406874,0.0515463910996913,0.9484536051750184,0.5865785479545593
1818,21,6057,supports_cannot,0.000922979786992,0.000922979786992,0.0009255360346287,0.0007164905546233,0.9896907210350036,0.9896907210350036,1.2881953716278076
1819,17,9787,supports_cannot,0.0009226673282682,0.0009226673282682,0.0009942568140104,0.0009772250195965,0.9484536051750184,0.9484536051750184,0.9441707730293274
1820,31,7633,suppresses_cannot,-0.0009226405527442,0.0009226405527442,0.0009226405527442,0.0008184238104149,0.0,1.0,1.127338409423828
1821,29,11048,supports_cannot,0.0009225152316503,0.0009225152316503,0.0009240981307812,0.000735939363949,0.9948453903198242,0.9948453903198242,1.2535207271575928
1822,16,8993,supports_cannot,0.000922393577639,0.000922393577639,0.000925286556594,0.0007275131647475,0.9896907210350036,0.9896907210350036,1.267871975898743
1823,21,6178,supports_cannot,0.0009223825181834,0.0009223825181834,0.0009313385235145,0.0015800718683749,0.9536082744598388,0.9536082744598388,0.5837598443031311
1824,27,9665,suppresses_cannot,-0.0009223013767041,0.0009223013767041,0.0009223013767041,0.0007169345626607,0.0,1.0,1.28645122051239
1825,26,9238,supports_cannot,0.0009217851911671,0.0009217851911671,0.0009217851911671,0.0009620038326829,1.0,1.0,0.9581928253173828
1826,17,5071,suppresses_cannot,-0.0009212813456542,0.0009212813456542,0.0009212813456542,0.0007942208321765,0.0,1.0,1.159981369972229
1827,12,5972,suppresses_cannot,-0.0009211609140038,0.0009211609140038,0.0011871155584231,0.0021876231767237,0.2268041223287582,0.7731958627700806,0.4210784137248993
1828,16,7717,supports_cannot,0.0009210060816258,0.0009210060816258,0.0009360583499073,0.0009099021553993,0.9742268323898317,0.9742268323898317,1.0122034549713137
1829,16,9184,supports_cannot,0.000920811900869,0.000920811900869,0.000920811900869,0.0006397370598278,1.0,1.0,1.4393599033355713
1830,21,1718,supports_cannot,0.0009205906535498,0.0009205906535498,0.0009205906535498,0.0006610459531657,1.0,1.0,1.3926273584365845
1831,16,13509,supports_cannot,0.0009204628295265,0.0009204628295265,0.0009204628295265,0.0006091670366004,1.0,1.0,1.5110187530517578
1832,16,11727,suppresses_cannot,-0.0009204247617162,0.0009204247617162,0.0024270126596093,0.0044982400722801,0.4793814420700073,0.5206185579299927,0.2046188563108444
1833,15,9635,suppresses_cannot,-0.0009203817462548,0.0009203817462548,0.0028984362725168,0.0049283714033663,0.3298968970775604,0.6701030731201172,0.1867517083883285
1834,25,8265,supports_cannot,0.0009203725494444,0.0009203725494444,0.0009336502407677,0.0006065203924663,0.9742268323898317,0.9742268323898317,1.517463445663452
1835,20,8363,suppresses_cannot,-0.000920349790249,0.000920349790249,0.0009285788983106,0.0007020354969426,0.0154639175161719,0.984536111354828,1.3109732866287231
1836,29,9302,suppresses_cannot,-0.0009198803454637,0.0009198803454637,0.0009198803454637,0.0006538520101457,0.0,1.0,1.4068632125854492
1837,20,11580,supports_cannot,0.0009193432633765,0.0009193432633765,0.0009208966512233,0.0008303298964165,0.9948453903198242,0.9948453903198242,1.107202410697937
1838,27,1363,suppresses_cannot,-0.000919307640288,0.000919307640288,0.000919307640288,0.0007106888806447,0.0,1.0,1.2935444116592407
1839,21,5790,supports_cannot,0.000919199490454,0.000919199490454,0.000919199490454,0.0008108322508633,1.0,1.0,1.1336493492126465
1840,16,3319,suppresses_cannot,-0.0009188593830913,0.0009188593830913,0.000921533559449,0.0009070842061191,0.0051546390168368,0.9948453903198242,1.0129812955856323
1841,20,7,suppresses_cannot,-0.000918737379834,0.000918737379834,0.000918737379834,0.0006547867669723,0.0,1.0,1.4031093120574951
1842,20,4671,suppresses_cannot,-0.0009183097281493,0.0009183097281493,0.0009183097281493,0.0006951782270334,0.0,1.0,1.3209701776504517
1843,17,11137,supports_cannot,0.000918120436836,0.000918120436836,0.000918120436836,0.0007670953636988,1.0,1.0,1.1968791484832764
1844,31,10233,suppresses_cannot,-0.0009176119929179,0.0009176119929179,0.0009256819612346,0.0011994288070127,0.0154639175161719,0.984536111354828,0.7650408148765564
1845,28,624,suppresses_cannot,-0.0009175157756544,0.0009175157756544,0.0009175157756544,0.000828392454423,0.0,1.0,1.107585906982422
1846,27,11445,supports_cannot,0.0009174150181934,0.0009174150181934,0.0009174150181934,0.000741587486118,1.0,1.0,1.2370961904525757
1847,22,10287,suppresses_cannot,-0.0009163679787889,0.0009163679787889,0.0009163679787889,0.0007099359063431,0.0,1.0,1.2907756567001345
1848,24,5627,supports_cannot,0.0009160729823634,0.0009160729823634,0.0009181081550195,0.0006648749113082,0.9948453903198242,0.9948453903198242,1.3778125047683716
1849,20,379,supports_cannot,0.0009158026077784,0.0009158026077784,0.0009158026077784,0.0007019550539553,1.0,1.0,1.3046456575393677
1850,22,9697,supports_cannot,0.0009156932355836,0.0009156932355836,0.0009156932355836,0.0010112887248396,1.0,1.0,0.9054716229438782
1851,31,5766,suppresses_cannot,-0.0009156403830274,0.0009156403830274,0.0009156403830274,0.0008965214947238,0.0,1.0,1.0213255882263184
1852,15,12169,supports_cannot,0.0009156318265013,0.0009156318265013,0.0009156318265013,0.0009299193043261,1.0,1.0,0.9846357703208924
1853,24,9871,suppresses_cannot,-0.0009154364233836,0.0009154364233836,0.0009154364233836,0.0009993622079491,0.0,1.0,0.9160206317901612
1854,23,518,suppresses_cannot,-0.0009153466671705,0.0009153466671705,0.0009191072895191,0.0007524558459408,0.0103092780336737,0.9896907210350036,1.216478943824768
1855,22,13914,supports_cannot,0.0009153196588158,0.0009153196588158,0.0009179938933812,0.0005969034973531,0.9948453903198242,0.9948453903198242,1.5334466695785522
1856,28,12994,suppresses_cannot,-0.0009153159335255,0.0009153159335255,0.0009276006603613,0.0009037003037519,0.0206185560673475,0.9793814420700072,1.0128533840179443
1857,24,864,supports_cannot,0.0009151389822363,0.0009151389822363,0.0009151389822363,0.0005575146642513,1.0,1.0,1.641461730003357
1858,25,13151,suppresses_cannot,-0.0009148944518528,0.0009148944518528,0.0009188990225084,0.0010334767866879,0.0309278350323438,0.969072163105011,0.8852588534355164
1859,17,12398,supports_cannot,0.0009145856602117,0.0009145856602117,0.0009217922925017,0.0009493088000454,0.9793814420700072,0.9793814420700072,0.96342271566391
1860,14,5424,suppresses_cannot,-0.0009145822841674,0.0009145822841674,0.0009282433893531,0.0010883554350584,0.0257731955498456,0.9742268323898317,0.8403341770172119
1861,21,9493,supports_cannot,0.0009137048036791,0.0009137048036791,0.0009137048036791,0.0009112450643442,1.0,1.0,1.002699375152588
1862,16,13302,suppresses_cannot,-0.0009126515942625,0.0009126515942625,0.000917587080039,0.0005918524693697,0.0051546390168368,0.9948453903198242,1.542025446891785
1863,17,9793,suppresses_cannot,-0.0009121058974415,0.0009121058974415,0.0009121058974415,0.0006489070947282,0.0,1.0,1.4056031703948977
1864,17,13422,suppresses_cannot,-0.0009117077570408,0.0009117077570408,0.0009117077570408,0.0006411078502424,0.0,1.0,1.422081708908081
1865,30,12418,supports_cannot,0.0009114975691772,0.0009114975691772,0.0009116524015553,0.0008631665259599,0.9948453903198242,0.9948453903198242,1.0559927225112915
1866,24,4413,supports_cannot,0.0009114201529882,0.0009114201529882,0.0009114201529882,0.000686670653522,1.0,1.0,1.327303171157837
1867,31,4074,supports_cannot,0.0009110993705689,0.0009110993705689,0.0009110993705689,0.0010898112086579,1.0,1.0,0.8360157608985901
1868,31,1834,supports_cannot,0.0009108228841796,0.0009108228841796,0.0009108228841796,0.0008973145158961,1.0,1.0,1.0150542259216309
1869,13,10476,suppresses_cannot,-0.0009106913930736,0.0009106913930736,0.0009106913930736,0.0010944519890472,0.0,1.0,0.8320980668067932
1870,13,11685,suppresses_cannot,-0.0009106360957957,0.0009106360957957,0.0009185604285448,0.0009291280875913,0.0103092780336737,0.9896907210350036,0.980097472667694
1871,25,240,supports_cannot,0.0009103927295655,0.0009103927295655,0.0009103927295655,0.0006830659694969,1.0,1.0,1.33280348777771
1872,14,5011,supports_cannot,0.0009103583288379,0.0009103583288379,0.0009223431698046,0.0011426188284531,0.9639175534248352,0.9639175534248352,0.7967296838760376
1873,20,13707,suppresses_cannot,-0.0009101100731641,0.0009101100731641,0.0009101100731641,0.0008248136145994,0.0,1.0,1.1034129858016968
1874,16,2012,suppresses_cannot,-0.0009097364963963,0.0009097364963963,0.0009097364963963,0.0010465976083651,0.0,1.0,0.8692323565483093
1875,29,10259,suppresses_cannot,-0.0009095791610889,0.0009095791610889,0.0009095791610889,0.0006943016196601,0.0,1.0,1.3100634813308716
1876,10,10752,supports_cannot,0.0009095509303733,0.0009095509303733,0.0009272836032323,0.000882240361534,0.9639175534248352,0.9639175534248352,1.0309559106826782
1877,12,10719,suppresses_cannot,-0.0009092212421819,0.0009092212421819,0.0009275088086724,0.0010166149586439,0.041237112134695,0.9587628841400146,0.8943614363670349
1878,17,13555,supports_cannot,0.0009090359671972,0.0009090359671972,0.0009090359671972,0.0010241185082122,1.0,1.0,0.8876277208328247
1879,30,1885,supports_cannot,0.0009084386983886,0.0009084386983886,0.0009084386983886,0.0007430437253788,1.0,1.0,1.2225911617279053
1880,22,9789,suppresses_cannot,-0.0009082804899662,0.0009082804899662,0.0010562321403995,0.0011229810770601,0.1082474216818809,0.8917526006698608,0.8088119029998779
1881,30,3979,supports_cannot,0.0009082666365429,0.0009082666365429,0.0009082666365429,0.0004779703449457,1.0,1.0,1.9002573490142824
1882,20,12763,supports_cannot,0.0009082515607587,0.0009082515607587,0.0009082515607587,0.0009373620850965,1.0,1.0,0.9689441919326782
1883,17,11142,supports_cannot,0.0009079815354198,0.0009079815354198,0.0009233189630322,0.000926966255065,0.9896907210350036,0.9896907210350036,0.9795194864273072
1884,27,5747,suppresses_cannot,-0.0009077897993847,0.0009077897993847,0.0009077897993847,0.0008563830051571,0.0,1.0,1.060027837753296
1885,28,1430,suppresses_cannot,-0.0009077824070118,0.0009077824070118,0.0009077824070118,0.0008615800761617,0.0,1.0,1.0536251068115234
1886,15,13959,suppresses_cannot,-0.0009077504510059,0.0009077504510059,0.0009077504510059,0.0009658631170168,0.0,1.0,0.9398334622383118
1887,22,3427,suppresses_cannot,-0.0009075980633497,0.0009075980633497,0.0009075980633497,0.0008152912487275,0.0,1.0,1.1132193803787231
1888,22,2443,supports_cannot,0.0009074367699213,0.0009074367699213,0.0009332658955827,0.0013904698425903,0.9020618796348572,0.9020618796348572,0.6526116132736206
1889,30,4075,supports_cannot,0.0009073842666111,0.0009073842666111,0.0009073842666111,0.0007330295047722,1.0,1.0,1.237855076789856
1890,20,3292,supports_cannot,0.000907253997866,0.000907253997866,0.000907253997866,0.0007776331040076,1.0,1.0,1.1666864156723022
1891,27,1683,supports_cannot,0.0009064871119335,0.0009064871119335,0.0009064871119335,0.0009407935431227,1.0,1.0,0.9635345935821532
1892,20,6637,supports_cannot,0.000906306435354,0.000906306435354,0.0009115098509937,0.0007987978751771,0.9793814420700072,0.9793814420700072,1.1345878839492798
1893,15,5132,supports_cannot,0.00090591161279,0.00090591161279,0.0009128755773417,0.0013417478185147,0.9742268323898317,0.9742268323898317,0.6751728057861328
1894,14,7137,supports_cannot,0.000905803812202,0.000905803812202,0.000905803812202,0.0006461911834776,1.0,1.0,1.4017581939697266
1895,17,12976,suppresses_cannot,-0.0009056538692675,0.0009056538692675,0.0009104124037548,0.0008405691478401,0.0051546390168368,0.9948453903198242,1.0774292945861816
1896,17,2097,supports_cannot,0.0009054246474988,0.0009054246474988,0.0010539951035752,0.0014798523625358,0.7835051417350769,0.7835051417350769,0.6118344664573669
1897,28,7973,suppresses_cannot,-0.0009050713269971,0.0009050713269971,0.0009190028649754,0.0006832323269918,0.0154639175161719,0.984536111354828,1.3246904611587524
1898,28,10212,suppresses_cannot,-0.000904923886992,0.000904923886992,0.0009147457312792,0.0009609513217583,0.0103092780336737,0.9896907210350036,0.9416958689689636
1899,31,1977,supports_cannot,0.0009047960629686,0.0009047960629686,0.0009047960629686,0.0007918615010567,1.0,1.0,1.1426191329956057
1900,28,1851,supports_cannot,0.0009047419880516,0.0009047419880516,0.0009047419880516,0.0007560257217846,1.0,1.0,1.1967079639434814
1901,27,2212,suppresses_cannot,-0.0009042946621775,0.0009042946621775,0.0009042946621775,0.0008950632764026,0.0,1.0,1.010313630104065
1902,27,3967,supports_cannot,0.0009042682358995,0.0009042682358995,0.0009042682358995,0.0008542228606529,1.0,1.0,1.0585858821868896
1903,16,1677,supports_cannot,0.0009042418096214,0.0009042418096214,0.0009042418096214,0.000756905239541,1.0,1.0,1.1946566104888916
1904,20,597,suppresses_cannot,-0.0009039505384862,0.0009039505384862,0.0009284117841161,0.0005999025888741,0.0103092780336737,0.9896907210350036,1.5068289041519165
1905,28,3725,supports_cannot,0.0009038620628416,0.0009038620628416,0.0009038620628416,0.0006953036645427,1.0,1.0,1.2999529838562012
1906,28,4285,suppresses_cannot,-0.0009038030402734,0.0009038030402734,0.0009038030402734,0.0008503671269863,0.0,1.0,1.0628386735916138
1907,28,1983,suppresses_cannot,-0.0009037588024511,0.0009037588024511,0.0009037588024511,0.0007594164344482,0.0,1.0,1.1900701522827148
1908,20,10600,suppresses_cannot,-0.0009037219570018,0.0009037219570018,0.0009037219570018,0.0009518187725916,0.0,1.0,0.9494684934616088
1909,26,1039,suppresses_cannot,-0.0009036703268066,0.0009036703268066,0.0009082322358153,0.0008867876022122,0.0051546390168368,0.9948453903198242,1.0190380811691284
1910,24,3541,suppresses_cannot,-0.000903666310478,0.000903666310478,0.0009041947778314,0.0007914138841442,0.0051546390168368,0.9948453903198242,1.1418378353118896
1911,21,8818,suppresses_cannot,-0.0009028039057739,0.0009028039057739,0.0009040648001246,0.0009339427924714,0.0103092780336737,0.9896907210350036,0.966658651828766
1912,22,9892,suppresses_cannot,-0.0009025172330439,0.0009025172330439,0.0009025172330439,0.0008868443546816,0.0,1.0,1.0176726579666138
1913,31,12207,suppresses_cannot,-0.0009025126346386,0.0009025126346386,0.0009025126346386,0.000768146070186,0.0,1.0,1.1749231815338137
1914,15,9388,suppresses_cannot,-0.0009023242746479,0.0009023242746479,0.0009043379686772,0.0011861945968121,0.0103092780336737,0.9896907210350036,0.7606882452964783
1915,21,1917,supports_cannot,0.0009020726429298,0.0009020726429298,0.0009020726429298,0.0009295782656408,1.0,1.0,0.9704106450080872
1916,19,7037,supports_cannot,0.0009020136785693,0.0009020136785693,0.0009020136785693,0.0009153272840194,1.0,1.0,0.985454797744751
1917,29,8099,suppresses_cannot,-0.0009019682183861,0.0009019682183861,0.0009019682183861,0.0006276360945776,0.0,1.0,1.437087893486023
1918,31,14107,supports_cannot,0.0009013570961542,0.0009013570961542,0.0009476127452217,0.0011504107387736,0.9587628841400146,0.9587628841400146,0.7835089564323425
1919,29,4676,supports_cannot,0.0009012664668262,0.0009012664668262,0.0009012664668262,0.0008467110455967,1.0,1.0,1.064432144165039
1920,31,10695,supports_cannot,0.0009012467926368,0.0009012467926368,0.0009012467926368,0.0007518180063925,1.0,1.0,1.1987565755844116
1921,24,12538,suppresses_cannot,-0.0009011657093651,0.0009011657093651,0.0009011657093651,0.0005637297290377,0.0,1.0,1.598577618598938
1922,26,7092,suppresses_cannot,-0.0009010231588035,0.0009010231588035,0.0009010231588035,0.0011702574556693,0.0,1.0,0.7699358463287354
1923,27,73,suppresses_cannot,-0.0009010010398924,0.0009010010398924,0.0009010010398924,0.0006207066471688,0.0,1.0,1.4515730142593384
1924,19,3066,supports_cannot,0.0009008928900584,0.0009008928900584,0.0009008928900584,0.0007352218963205,1.0,1.0,1.225334644317627
1925,24,4628,suppresses_cannot,-0.0009008043562062,0.0009008043562062,0.0009008043562062,0.0010226381709799,0.0,1.0,0.8808632493019104
1926,29,12950,suppresses_cannot,-0.0009005536558106,0.0009005536558106,0.0009005536558106,0.0005808669375255,0.0,1.0,1.550361394882202
1927,21,8719,supports_cannot,0.0009004473686218,0.0009004473686218,0.0009034890681505,0.0012205947423353,0.969072163105011,0.969072163105011,0.7377119660377502
1928,24,10530,supports_cannot,0.0009001899161376,0.0009001899161376,0.0009001899161376,0.0006319111562334,1.0,1.0,1.4245513677597046
1929,13,13321,suppresses_cannot,-0.0008998131961561,0.0008998131961561,0.0011209772201254,0.0016767117194831,0.1185567006468772,0.8814433217048645,0.5366535186767578
1930,15,2675,supports_cannot,0.0008996801916509,0.0008996801916509,0.0009005355532281,0.0013242850545793,0.984536111354828,0.984536111354828,0.6793705224990845
1931,31,9365,suppresses_cannot,-0.0008996246033348,0.0008996246033348,0.0008996246033348,0.0008613601676188,0.0,1.0,1.044423222541809
1932,18,9308,supports_cannot,0.0008995216339826,0.0008995216339826,0.0009024686878547,0.0006617470644414,0.9793814420700072,0.9793814420700072,1.3593133687973022
1933,20,4367,suppresses_cannot,-0.0008992236107587,0.0008992236107587,0.0009644452366046,0.000779835449066,0.041237112134695,0.9587628841400146,1.1530940532684326
1934,22,1118,supports_cannot,0.0008991723298095,0.0008991723298095,0.0008991723298095,0.0009344794088974,1.0,1.0,0.962217390537262
1935,24,970,supports_cannot,0.0008984008454717,0.0008984008454717,0.0009318046504631,0.0012254912871867,0.9432989954948424,0.9432989954948424,0.7330944538116455
1936,31,1940,suppresses_cannot,-0.0008982779690995,0.0008982779690995,0.0010736907133832,0.0015096646966412,0.1185567006468772,0.8814433217048645,0.595018208026886
1937,21,1054,supports_cannot,0.000898037396837,0.000898037396837,0.0009346444858238,0.0016757086850702,0.907216489315033,0.907216489315033,0.535914957523346
1938,15,8403,suppresses_cannot,-0.0008977221441455,0.0008977221441455,0.0008979900740087,0.0009653936722315,0.0051546390168368,0.9948453903198242,0.9299026727676392
1939,28,7393,suppresses_cannot,-0.0008972305804491,0.0008972305804491,0.0008972305804491,0.0009707178687676,0.0,1.0,0.924295961856842
1940,14,1002,supports_cannot,0.0008971872157417,0.0008971872157417,0.0011154379462823,0.0023619728162884,0.7577319741249084,0.7577319741249084,0.3798465430736542
1941,15,8213,supports_cannot,0.0008968643378466,0.0008968643378466,0.0009028505883179,0.0010851023253053,0.9793814420700072,0.9793814420700072,0.8265251517295837
1942,30,11752,suppresses_cannot,-0.0008968593901954,0.0008968593901954,0.0008968593901954,0.0006195331225171,0.0,1.0,1.4476375579833984
1943,17,4843,supports_cannot,0.0008968314505182,0.0008968314505182,0.0009389774641022,0.0016963161760941,0.8505154848098755,0.8505154848098755,0.5286935567855835
1944,19,12201,supports_cannot,0.0008966554305516,0.0008966554305516,0.0008966554305516,0.0007144538103602,1.0,1.0,1.2550222873687744
1945,15,10418,supports_cannot,0.0008965988527052,0.0008965988527052,0.0008965988527052,0.0008624351467005,1.0,1.0,1.039613127708435
1946,18,2036,supports_cannot,0.0008965921006165,0.0008965921006165,0.0010772992391139,0.0011204429902136,0.8814433217048645,0.8814433217048645,0.8002121448516846
1947,17,5313,supports_cannot,0.000896411773283,0.000896411773283,0.000926042033825,0.0009834989905357,0.9536082744598388,0.9536082744598388,0.9114516377449036
1948,30,4830,supports_cannot,0.0008962817955762,0.0008962817955762,0.0008962817955762,0.0010399337625131,1.0,1.0,0.8618643283843994
1949,27,11966,suppresses_cannot,-0.0008962498395703,0.0008962498395703,0.0008972723735496,0.0011264687636867,0.0051546390168368,0.9948453903198242,0.795627772808075
1950,31,9884,suppresses_cannot,-0.0008962326683104,0.0008962326683104,0.0008962326683104,0.000787308847066,0.0,1.0,1.138349533081055
1951,25,7804,suppresses_cannot,-0.0008960796403698,0.0008960796403698,0.0008960796403698,0.0010950196301564,0.0,1.0,0.8183228969573975
1952,24,2756,supports_cannot,0.0008960188133642,0.0008960188133642,0.0008960188133642,0.000828192976769,1.0,1.0,1.081896185874939
1953,28,13666,suppresses_cannot,-0.0008959561237134,0.0008959561237134,0.0008959684055298,0.0015299626393243,0.0051546390168368,0.9948453903198242,0.5856065154075623
1954,15,6693,suppresses_cannot,-0.0008958737598732,0.0008958737598732,0.0008958737598732,0.0007865599473007,0.0,1.0,1.13897705078125
1955,19,6053,suppresses_cannot,-0.0008957705576904,0.0008957705576904,0.0008957705576904,0.0009197978652082,0.0,1.0,0.9738776087760924
1956,24,9751,supports_cannot,0.0008955444209277,0.0008955444209277,0.0008955444209277,0.0009869014611467,1.0,1.0,0.9074304103851318
1957,21,5453,supports_cannot,0.0008950774208642,0.0008950774208642,0.0008950774208642,0.0011568029876798,1.0,1.0,0.7737509608268738
1958,21,3509,supports_cannot,0.0008944186847656,0.0008944186847656,0.0008944186847656,0.0007097531924955,1.0,1.0,1.2601827383041382
1959,21,1117,supports_cannot,0.000894316995982,0.000894316995982,0.0008949136827141,0.0008158856071531,0.984536111354828,0.984536111354828,1.09613037109375
1960,20,5452,suppresses_cannot,-0.000894138473086,0.000894138473086,0.000894138473086,0.0007697925902903,0.0,1.0,1.161531686782837
1961,30,3036,suppresses_cannot,-0.0008940696716308,0.0008940696716308,0.0008940696716308,0.0005763770313933,0.0,1.0,1.5511889457702637
1962,19,5068,supports_cannot,0.0008939811959862,0.0008939811959862,0.0008939811959862,0.0007493193261325,1.0,1.0,1.193057656288147
1963,29,2897,suppresses_cannot,-0.0008938632090575,0.0008938632090575,0.0008938632090575,0.0008839535876177,0.0,1.0,1.011210560798645
1964,29,2997,supports_cannot,0.0008938336977735,0.0008938336977735,0.0008938336977735,0.0007858573226258,1.0,1.0,1.137399435043335
1965,23,3095,suppresses_cannot,-0.0008937427774071,0.0008937427774071,0.0008937427774071,0.000672978523653,0.0,1.0,1.328040599822998
1966,19,12553,supports_cannot,0.0008935338701121,0.0008935338701121,0.0008935338701121,0.000700440024957,1.0,1.0,1.2756750583648682
1967,15,10013,suppresses_cannot,-0.0008933716453611,0.0008933716453611,0.0008955689845606,0.0007939091301523,0.0103092780336737,0.9896907210350036,1.1252819299697876
1968,30,14155,suppresses_cannot,-0.0008933445787988,0.0008933445787988,0.0008933445787988,0.0008243528427556,0.0,1.0,1.083691954612732
1969,18,13439,suppresses_cannot,-0.0008931528427638,0.0008931528427638,0.0008931528427638,0.00070462183794,0.0,1.0,1.2675633430480957
1970,20,11817,supports_cannot,0.0008931442862376,0.0008931442862376,0.0008931442862376,0.0007504628738388,1.0,1.0,1.19012451171875
1971,20,5729,suppresses_cannot,-0.0008926391601562,0.0008926391601562,0.0008926391601562,0.000592186988797,0.0,1.0,1.507360339164734
1972,21,8616,supports_cannot,0.0008922901470214,0.0008922901470214,0.0008980711572803,0.0006255763000808,0.984536111354828,0.984536111354828,1.4263490438461304
1973,31,7497,suppresses_cannot,-0.000892263080459,0.000892263080459,0.000892263080459,0.0009094403358176,0.0,1.0,0.98111230134964
1974,26,9666,suppresses_cannot,-0.0008916707593016,0.0008916707593016,0.0008916707593016,0.0008427436696365,0.0,1.0,1.0580569505691528
1975,28,2962,suppresses_cannot,-0.0008916044025681,0.0008916044025681,0.0008916044025681,0.0010549335274845,0.0,1.0,0.8451759219169617
1976,15,13821,supports_cannot,0.0008912897319532,0.0008912897319532,0.0008947750902734,0.0007400284521281,0.9896907210350036,0.9896907210350036,1.2043992280960083
1977,22,12748,suppresses_cannot,-0.0008912528865039,0.0008912528865039,0.0008912528865039,0.000893682881724,0.0,1.0,0.9972808957099916
1978,24,7018,suppresses_cannot,-0.0008909825119189,0.0008909825119189,0.0008909825119189,0.0007947924314066,0.0,1.0,1.1210254430770874
1979,11,7504,suppresses_cannot,-0.0008906903094612,0.0008906903094612,0.0010045167291536,0.0010858627501875,0.128865972161293,0.8711340427398682,0.8202604651451111
1980,31,10653,suppresses_cannot,-0.0008906089351512,0.0008906089351512,0.0008906089351512,0.0007472801371477,0.0,1.0,1.191800594329834
1981,30,5959,suppresses_cannot,-0.0008903237758204,0.0008903237758204,0.0008903237758204,0.0006844520685262,0.0,1.0,1.3007832765579224
1982,14,14318,suppresses_cannot,-0.0008902669651433,0.0008902669651433,0.0009638209594413,0.0010478539625182,0.0567010305821895,0.9432989954948424,0.8496097922325134
1983,29,13687,supports_cannot,0.0008897425141185,0.0008897425141185,0.0008925445144996,0.0010710891801863,0.9896907210350036,0.9896907210350036,0.8306894898414612
1984,29,11573,supports_cannot,0.0008896454237401,0.0008896454237401,0.0008896454237401,0.0007732241647318,1.0,1.0,1.1505659818649292
1985,23,4349,supports_cannot,0.0008896220824681,0.0008896220824681,0.0009096418507397,0.0008061122498475,0.9742268323898317,0.9742268323898317,1.103595733642578
1986,16,5275,supports_cannot,0.0008895655046217,0.0008895655046217,0.0008895655046217,0.0007324275211431,1.0,1.0,1.2145440578460691
1987,22,2805,suppresses_cannot,-0.0008894954808056,0.0008894954808056,0.0008894954808056,0.0010059871710836,0.0,1.0,0.8842015862464905
1988,27,5054,supports_cannot,0.0008893061894923,0.0008893061894923,0.0008907219744287,0.0007889106636866,0.9948453903198242,0.9948453903198242,1.1272584199905396
1989,25,529,supports_cannot,0.0008890825556591,0.0008890825556591,0.0008890825556591,0.0009076787391677,1.0,1.0,0.9795123934745787
1990,16,3796,supports_cannot,0.0008890816243365,0.0008890816243365,0.0009104501805268,0.0010178200900554,0.9329897165298462,0.9329897165298462,0.8735154867172241
1991,14,1678,suppresses_cannot,-0.0008890434983186,0.0008890434983186,0.000889089598786,0.0008478005765937,0.0051546390168368,0.9948453903198242,1.0486469268798828
1992,20,3253,supports_cannot,0.0008889375021681,0.0008889375021681,0.0008889375021681,0.0007104273536242,1.0,1.0,1.2512714862823486
1993,15,12371,supports_cannot,0.0008886868017725,0.0008886868017725,0.0008886868017725,0.000818426196929,1.0,1.0,1.0858484506607056
1994,30,9244,suppresses_cannot,-0.0008883869741111,0.0008883869741111,0.0008883869741111,0.0005966011085547,0.0,1.0,1.4890803098678589
1995,25,4058,supports_cannot,0.0008881608373485,0.0008881608373485,0.0008881608373485,0.0009502945467829,1.0,1.0,0.9346163868904114
1996,29,8390,supports_cannot,0.0008880477398633,0.0008880477398633,0.0008880477398633,0.0007330561056733,1.0,1.0,1.2114320993423462
1997,28,3639,supports_cannot,0.0008875955245457,0.0008875955245457,0.0008921377593651,0.0008406766573898,0.9948453903198242,0.9948453903198242,1.055810809135437
1998,26,10761,supports_cannot,0.000887164438609,0.000887164438609,0.0009311797330155,0.0014037919463589,0.8556700944900513,0.8556700944900513,0.6319771409034729
1999,18,10229,suppresses_cannot,-0.0008869564626365,0.0008869564626365,0.0008869564626365,0.0009773566853255,0.0,1.0,0.9075053930282592
2000,27,5833,suppresses_cannot,-0.000886810477823,0.000886810477823,0.0009094572160393,0.0015268666902557,0.0876288637518882,0.9123711585998536,0.5808041095733643
2001,3,11012,supports_cannot,0.0008860838715918,0.0008860838715918,0.0010742305312305,0.0013152511091902,0.8711340427398682,0.8711340427398682,0.6736993789672852
2002,12,11481,supports_cannot,0.00088532990776,0.00088532990776,0.0009515789570286,0.0022618628572672,0.8247422575950623,0.8247422575950623,0.3914162516593933
2003,13,7261,supports_cannot,0.0008852604660205,0.0008852604660205,0.0008852604660205,0.0010685102315619,1.0,1.0,0.8284997344017029
2004,2,4380,suppresses_cannot,-0.0008791027357801,0.0008791027357801,0.0013823379995301,0.0026042356621474,0.0876288637518882,0.9123711585998536,0.3375664949417114
2005,10,2277,suppresses_cannot,-0.0008758743060752,0.0008758743060752,0.0010750096989795,0.0021946332417428,0.2525773048400879,0.7474226951599121,0.3990982472896576
2006,13,10963,supports_cannot,0.0008743568323552,0.0008743568323552,0.0008744674269109,0.0007046914543025,0.9896907210350036,0.9896907210350036,1.2407654523849487
2007,11,13939,suppresses_cannot,-0.0008708029636181,0.0008708029636181,0.0008708029636181,0.0007940268842503,0.0,1.0,1.0966920852661133
2008,1,12638,suppresses_cannot,-0.0008707906818017,0.0008707906818017,0.0008821315132081,0.0010091180447489,0.0257731955498456,0.9742268323898317,0.8629224896430969
2009,13,10139,supports_cannot,0.0008699746686033,0.0008699746686033,0.0008709037210792,0.000879238534253,0.9948453903198242,0.9948453903198242,0.989463746547699
2010,2,14246,supports_cannot,0.0008638030849397,0.0008638030849397,0.0008889230666682,0.0009150666883215,0.969072163105011,0.969072163105011,0.9439783096313475
2011,8,4480,suppresses_cannot,-0.0008626097696833,0.0008626097696833,0.0009607638930901,0.0043976875022053,0.0515463910996913,0.9484536051750184,0.1961507648229599
2012,13,2048,supports_cannot,0.0008593929815106,0.0008593929815106,0.0008678261074237,0.0007859336328692,0.969072163105011,0.969072163105011,1.0934675931930542
2013,12,11804,supports_cannot,0.0008551672217436,0.0008551672217436,0.0008780006901361,0.0009072114480659,0.9329897165298462,0.9329897165298462,0.9426327347755432
2014,11,2613,supports_cannot,0.0008530506165698,0.0008530506165698,0.0008589521166868,0.0006875020335428,0.984536111354828,0.984536111354828,1.2407972812652588
2015,10,3056,suppresses_cannot,-0.0008521316340193,0.0008521316340193,0.0009760976536199,0.0009464000468142,0.128865972161293,0.8711340427398682,0.9003926515579224
2016,13,7240,supports_cannot,0.0008510928601026,0.0008510928601026,0.0008620896260254,0.000980905489996,0.9793814420700072,0.9793814420700072,0.867660403251648
2017,13,5427,suppresses_cannot,-0.0008476480725221,0.0008476480725221,0.0008527777972631,0.0007611167966388,0.0257731955498456,0.9742268323898317,1.11368989944458
2018,8,5710,supports_cannot,0.0008424090337939,0.0008424090337939,0.0009221244254149,0.0010715872049331,0.984536111354828,0.984536111354828,0.7861320376396179
2019,12,13973,supports_cannot,0.0008401378872804,0.0008401378872804,0.0008401378872804,0.000649910478387,1.0,1.0,1.2926979064941406
2020,8,5712,suppresses_cannot,-0.0008384794346056,0.0008384794346056,0.0009864538442343,0.0053301071748137,0.1958762854337692,0.8041236996650696,0.1573100537061691
2021,11,3394,suppresses_cannot,-0.0008379165665246,0.0008379165665246,0.000966859224718,0.0012216914910823,0.128865972161293,0.8711340427398682,0.6858659386634827
2022,12,231,supports_cannot,0.000837430532556,0.000837430532556,0.00086820370052,0.0011933513451367,0.9793814420700072,0.9793814420700072,0.7017468214035034
2023,12,12926,supports_cannot,0.0008361137006431,0.0008361137006431,0.0010477900505065,0.0024614040739834,0.7422680258750916,0.7422680258750916,0.3396897315979004
2024,12,2916,supports_cannot,0.0008312236168421,0.0008312236168421,0.0008433805196546,0.00114409357775,0.9484536051750184,0.9484536051750184,0.7265346646308899
2025,13,7787,suppresses_cannot,-0.0008310485281981,0.0008310485281981,0.0014176859986037,0.0025245312135666,0.1752577275037765,0.8247422575950623,0.3291892409324646
2026,13,12569,suppresses_cannot,-0.0008296644082292,0.0008296644082292,0.0010380594758316,0.001905242097564,0.3247422575950622,0.6752577424049377,0.4354640245437622
2027,3,5299,supports_cannot,0.0008289064280688,0.0008289064280688,0.0009879242861643,0.0012127393856644,0.9587628841400146,0.9587628841400146,0.6834992170333862
2028,12,7202,supports_cannot,0.0008260232862085,0.0008260232862085,0.0008262389455921,0.0008491073967888,0.9896907210350036,0.9896907210350036,0.9728136658668518
2029,11,7498,suppresses_cannot,-0.0008259050082415,0.0008259050082415,0.0008355038007721,0.0008178994175978,0.0154639175161719,0.984536111354828,1.0097880363464355
2030,12,10813,supports_cannot,0.0008243039483204,0.0008243039483204,0.0008406909182667,0.0007212448399513,0.969072163105011,0.969072163105011,1.1428905725479126
2031,11,12936,suppresses_cannot,-0.0008236928842961,0.0008236928842961,0.000857901002746,0.0013562783133238,0.1082474216818809,0.8917526006698608,0.6073184609413147
2032,7,3720,supports_cannot,0.0008234842680394,0.0008234842680394,0.0010255059460178,0.0017332645365968,0.8144329786300659,0.8144329786300659,0.4751059412956238
2033,12,12885,supports_cannot,0.0008206616621464,0.0008206616621464,0.0008473565103486,0.0011554429074749,0.8917526006698608,0.8917526006698608,0.7102572321891785
2034,13,1502,suppresses_cannot,-0.0008170629153028,0.0008170629153028,0.0008170629153028,0.0006153024150989,0.0,1.0,1.3279045820236206
2035,13,8022,supports_cannot,0.0008170359069481,0.0008170359069481,0.0008351341821253,0.0013058868935331,0.9020618796348572,0.9020618796348572,0.6256559491157532
2036,10,9940,supports_cannot,0.0008158573182299,0.0008158573182299,0.0008368676644749,0.0008863409166224,0.938144326210022,0.938144326210022,0.9204779863357544
2037,12,3237,suppresses_cannot,-0.0008158232085406,0.0008158232085406,0.0008239245507866,0.0009769148891791,0.0206185560673475,0.9793814420700072,0.8351016044616699
2038,12,513,suppresses_cannot,-0.0008155620307661,0.0008155620307661,0.0008301018970087,0.0009415093809366,0.0257731955498456,0.9742268323898317,0.8662282824516296
2039,12,7997,supports_cannot,0.0008134024683386,0.0008134024683386,0.0008149915374815,0.0010188900632783,0.9742268323898317,0.9742268323898317,0.7983221411705017
2040,8,8632,supports_cannot,0.0008120082202367,0.0008120082202367,0.0018007521284744,0.0035293095279484,0.530927836894989,0.530927836894989,0.2300756573677063
2041,13,11854,supports_cannot,0.0008110490161925,0.0008110490161925,0.0008110490161925,0.0012660634238272,1.0,1.0,0.6406069397926331
2042,0,8727,supports_cannot,0.000807503121905,0.000807503121905,0.0009698508074507,0.0010098038474097,0.8556700944900513,0.8556700944900513,0.7996633648872375
2043,13,7000,suppresses_cannot,-0.0008069961913861,0.0008069961913861,0.0008069961913861,0.0008981694118119,0.0,1.0,0.8984899520874023
2044,10,12642,suppresses_cannot,-0.0008042601984925,0.0008042601984925,0.001785083557479,0.0029291952960193,0.3505154550075531,0.6494845151901245,0.2745669484138489
2045,12,96,suppresses_cannot,-0.0008024871349334,0.0008024871349334,0.0009044031030498,0.0009574468713253,0.1030927821993827,0.8969072103500366,0.8381531834602356
2046,13,8069,suppresses_cannot,-0.000801901507657,0.000801901507657,0.000854663318023,0.0017221273155882,0.1546391695737838,0.8453608155250549,0.4656458795070648
2047,9,5679,suppresses_cannot,-0.0007996771018952,0.0007996771018952,0.0008735911687836,0.0009193631121888,0.0618556700646877,0.938144326210022,0.8698163628578186
2048,3,1072,suppresses_cannot,-0.0007971955346874,0.0007971955346874,0.0008567018667235,0.0010006946977227,0.0206185560673475,0.9793814420700072,0.7966421246528625
2049,13,12467,supports_cannot,0.0007968244026415,0.0007968244026415,0.0007987710414454,0.0010436528827995,0.984536111354828,0.984536111354828,0.7634956240653992
2050,9,11308,supports_cannot,0.0007925559184513,0.0007925559184513,0.0008228166261687,0.001451859017834,0.8865979313850403,0.8865979313850403,0.5458903908729553
2051,6,4125,supports_cannot,0.0007897458854131,0.0007897458854131,0.0008171172812581,0.0013814526610076,0.9948453903198242,0.9948453903198242,0.5716778635978699
2052,6,10980,supports_cannot,0.0007876686286181,0.0007876686286181,0.0007876686286181,0.0007487506372854,1.0,1.0,1.051977276802063
2053,12,10373,suppresses_cannot,-0.000787453551311,0.000787453551311,0.0008547465549781,0.0009041300509124,0.0515463910996913,0.9484536051750184,0.8709516525268555
2054,10,10415,suppresses_cannot,-0.0007867373642511,0.0007867373642511,0.0007955330656841,0.0011261845938861,0.041237112134695,0.9587628841400146,0.6985865235328674
2055,13,12410,suppresses_cannot,-0.000786158547271,0.000786158547271,0.0007861978374421,0.0012149553513154,0.0051546390168368,0.9948453903198242,0.6470678448677063
2056,12,10211,supports_cannot,0.0007847648812457,0.0007847648812457,0.0008960394188761,0.0009412294020876,0.9123711585998536,0.9123711585998536,0.8337658047676086
2057,12,11278,supports_cannot,0.0007815649732947,0.0007815649732947,0.0008530045161023,0.000709064071998,0.9432989954948424,0.9432989954948424,1.1022487878799438
2058,13,4078,suppresses_cannot,-0.0007813281263224,0.0007813281263224,0.0007986263372004,0.0010110645089298,0.0773195847868919,0.92268043756485,0.7727777361869812
2059,12,7597,supports_cannot,0.0007802321924827,0.0007802321924827,0.0007817769655957,0.0011599692516028,0.984536111354828,0.984536111354828,0.6726318001747131
2060,12,13076,suppresses_cannot,-0.0007798775914125,0.0007798775914125,0.0008042295230552,0.0011116282548755,0.0206185560673475,0.9793814420700072,0.70156329870224
2061,12,4926,supports_cannot,0.0007790683303028,0.0007790683303028,0.0010662127751857,0.0013602314284071,0.9123711585998536,0.9123711585998536,0.5727468729019165
2062,13,2482,supports_cannot,0.0007776197162456,0.0007776197162456,0.0008337568142451,0.0011218487052246,0.9484536051750184,0.9484536051750184,0.6931591629981995
2063,13,1358,supports_cannot,0.0007769975345581,0.0007769975345581,0.0010537228081375,0.0018217270262539,0.7216494679450989,0.7216494679450989,0.426516979932785
2064,12,13620,supports_cannot,0.0007747958879917,0.0007747958879917,0.0007899157935753,0.0012274719774723,0.9639175534248352,0.9639175534248352,0.6312127113342285
2065,13,4368,supports_cannot,0.0007739540305919,0.0007739540305919,0.0008383037056773,0.0007246944005601,0.9536082744598388,0.9536082744598388,1.067973017692566
2066,13,12851,suppresses_cannot,-0.0007705851458013,0.0007705851458013,0.0007738492568023,0.0007752683013677,0.0257731955498456,0.9742268323898317,0.9939593076705932
2067,10,5449,suppresses_cannot,-0.0007660662522539,0.0007660662522539,0.000769704580307,0.0011463528499007,0.0360824726521968,0.9639175534248352,0.6682639122009277
2068,13,13614,supports_cannot,0.0007639447576366,0.0007639447576366,0.0007742065936326,0.0007438284810632,0.9793814420700072,0.9793814420700072,1.0270442962646484
2069,1,8823,supports_cannot,0.0007626420701853,0.0007626420701853,0.0008183779427781,0.0009165314841084,0.984536111354828,0.984536111354828,0.8320958614349365
2070,0,11779,supports_cannot,0.0007590301102027,0.0007590301102027,0.0007783002220094,0.0008891719044186,0.9948453903198242,0.9948453903198242,0.8536370992660522
2071,2,138,supports_cannot,0.0007563675753772,0.0007563675753772,0.000813172024209,0.0009152138372883,0.9587628841400146,0.9587628841400146,0.8264380693435669
2072,10,3204,supports_cannot,0.0007458077161572,0.0007458077161572,0.0008869306184351,0.0010515819303691,0.8659793734550476,0.8659793734550476,0.7092245221138
2073,8,7281,supports_cannot,0.0007453137077391,0.0007453137077391,0.0008522419375367,0.0011001748498529,0.92268043756485,0.92268043756485,0.6774502396583557
2074,0,2605,suppresses_cannot,-0.0007447815150953,0.0007447815150953,0.0017208094941452,0.0029558592941612,0.257731944322586,0.7422680854797363,0.2519678473472595
2075,4,2027,suppresses_cannot,-0.0007401529583148,0.0007401529583148,0.0013062397483736,0.0019950207788497,0.1701030880212783,0.8298969268798828,0.3710001111030578
2076,11,7903,supports_cannot,0.0007390207611024,0.0007390207611024,0.0007390207611024,0.0008743570069782,1.0,1.0,0.8452162742614746
2077,8,7903,supports_cannot,0.0007379266899079,0.0007379266899079,0.0007407643715851,0.0007637185626663,0.9896907210350036,0.9896907210350036,0.9662285447120668
2078,10,6985,suppresses_cannot,-0.0007371177198365,0.0007371177198365,0.0007374446140602,0.0007572359754703,0.0051546390168368,0.9948453903198242,0.9734320044517516
2079,11,11553,supports_cannot,0.0007369075901806,0.0007369075901806,0.0007642544223926,0.000774256826844,0.9742268323898317,0.9742268323898317,0.9517611861228944
2080,5,5270,supports_cannot,0.0007357898284681,0.0007357898284681,0.0009735300554893,0.0012796834344044,0.92268043756485,0.92268043756485,0.5749779939651489
2081,2,11898,suppresses_cannot,-0.0007343633333221,0.0007343633333221,0.0007681517745368,0.001110398909077,0.0309278350323438,0.969072163105011,0.6613509058952332
2082,11,9527,suppresses_cannot,-0.0007340588490478,0.0007340588490478,0.0007367723737843,0.0004662908031605,0.0051546390168368,0.9948453903198242,1.5742511749267578
2083,11,8081,suppresses_cannot,-0.0007335205445997,0.0007335205445997,0.0007576469215564,0.0014721966581419,0.128865972161293,0.8711340427398682,0.4982490241527557
2084,6,8149,suppresses_cannot,-0.0007326480117626,0.0007326480117626,0.0007326480117626,0.0007049474515952,0.0,1.0,1.0392944812774658
2085,3,1074,suppresses_cannot,-0.0007309093489311,0.0007309093489311,0.000799226691015,0.0011492108460515,0.1391752511262893,0.8608247637748718,0.6360098123550415
2086,4,2388,suppresses_cannot,-0.0007298333803191,0.0007298333803191,0.0007713071536272,0.0009614537120796,0.0567010305821895,0.9432989954948424,0.7590936422348022
2087,3,2145,supports_cannot,0.0007296247640624,0.0007296247640624,0.0007753851241432,0.0006341338157653,0.969072163105011,0.969072163105011,1.1505848169326782
2088,10,10671,suppresses_cannot,-0.0007242787978611,0.0007242787978611,0.0007242787978611,0.000802164489869,0.0,1.0,0.9029055833816528
2089,8,2253,supports_cannot,0.0007221403648145,0.0007221403648145,0.0007707580807618,0.0008505912846885,0.9278350472450256,0.9278350472450256,0.8489863276481628
2090,10,8892,supports_cannot,0.0007172527839429,0.0007172527839429,0.0007176632643677,0.000576899794396,0.9948453903198242,0.9948453903198242,1.243288278579712
2091,9,6060,supports_cannot,0.0007154849590733,0.0007154849590733,0.0013149454025551,0.002292830729857,0.6288659572601318,0.6288659572601318,0.3120531141757965
2092,7,9983,supports_cannot,0.0007111694430932,0.0007111694430932,0.0008300874615088,0.0016051699640229,0.6958763003349304,0.6958763003349304,0.4430493116378784
2093,1,198,supports_cannot,0.0007090000435709,0.0007090000435709,0.0011221222812309,0.0013692701468244,0.7731958627700806,0.7731958627700806,0.517794132232666
2094,11,2909,suppresses_cannot,-0.0007080589421093,0.0007080589421093,0.0009021033765748,0.0028431394603103,0.3556700944900512,0.6443299055099487,0.2490412294864654
2095,11,1244,suppresses_cannot,-0.0007041256176307,0.0007041256176307,0.0007572082104161,0.0007835269789211,0.0670103058218956,0.9329897165298462,0.8986616134643555
2096,4,2119,supports_cannot,0.0007010956178419,0.0007010956178419,0.0007010956178419,0.0007117809727787,1.0,1.0,0.9849878549575806
2097,9,2142,suppresses_cannot,-0.0007008292595855,0.0007008292595855,0.0010876327287405,0.0023834414314478,0.128865972161293,0.8711340427398682,0.2940408885478973
2098,11,5364,suppresses_cannot,-0.0006990057881921,0.0006990057881921,0.0007421018090099,0.0008967713220044,0.0360824726521968,0.9639175534248352,0.77946937084198
2099,3,749,supports_cannot,0.0006928566726855,0.0006928566726855,0.0007334984256885,0.0009198319748975,0.9793814420700072,0.9793814420700072,0.7532426714897156
2100,4,3869,suppresses_cannot,-0.0006886545452289,0.0006886545452289,0.0008543904987163,0.0010322029702365,0.1649484485387802,0.8350515365600586,0.6671696901321411
2101,9,4665,suppresses_cannot,-0.0006864685565233,0.0006864685565233,0.0006864685565233,0.0007650618790648,0.0,1.0,0.8972719311714172
2102,6,12689,suppresses_cannot,-0.0006812349893152,0.0006812349893152,0.0021768680308014,0.0037597501650452,0.3659793734550476,0.6340206265449524,0.1811915636062622
2103,1,11930,supports_cannot,0.000671956629958,0.000671956629958,0.0006823536823503,0.0007761904271319,0.9587628841400146,0.9587628841400146,0.8657110333442688
2104,6,13894,supports_cannot,0.0006714251358062,0.0006714251358062,0.00090086000273,0.003639462403953,0.6391752362251282,0.6391752362251282,0.1844847053289413
2105,11,9000,supports_cannot,0.000668748456519,0.000668748456519,0.0006707528955303,0.0008535860688425,0.9742268323898317,0.9742268323898317,0.7834575772285461
2106,9,1516,suppresses_cannot,-0.0006686682463623,0.0006686682463623,0.0008754066657274,0.001604220829904,0.2989690601825714,0.701030969619751,0.4168180823326111
2107,6,9066,supports_cannot,0.0006663012900389,0.0006663012900389,0.0008114490192383,0.00175882212352,0.7628865838050842,0.7628865838050842,0.3788338005542755
2108,11,5133,suppresses_cannot,-0.0006514833658002,0.0006514833658002,0.0007247270550578,0.000853513542097,0.128865972161293,0.8711340427398682,0.7632958889007568
2109,10,9322,supports_cannot,0.0006491050007753,0.0006491050007753,0.000740333343856,0.000977725489065,0.8350515365600586,0.8350515365600586,0.6638928651809692
2110,0,2612,suppresses_cannot,-0.000646733737085,0.000646733737085,0.0007171925972215,0.0008853367180563,0.1134020611643791,0.8865979313850403,0.7304946780204773
2111,10,13152,suppresses_cannot,-0.0006434468668885,0.0006434468668885,0.0006509632221423,0.0005575797986239,0.0206185560673475,0.9793814420700072,1.1539995670318604
2112,11,3871,supports_cannot,0.0006429030909202,0.0006429030909202,0.0006488623330369,0.0008780355565249,0.9587628841400146,0.9587628841400146,0.7322062253952026
2113,10,12328,supports_cannot,0.000641627702862,0.000641627702862,0.0006424560560844,0.0009000879945233,0.9896907210350036,0.9896907210350036,0.7128499746322632
2114,9,12428,suppresses_cannot,-0.0006402435828931,0.0006402435828931,0.0006530874525196,0.0019636722281575,0.0618556700646877,0.938144326210022,0.3260440230369568
2115,10,6822,suppresses_cannot,-0.0006397090037353,0.0006397090037353,0.0007675830856896,0.0010590876918286,0.1134020611643791,0.8865979313850403,0.6040189266204834
2116,11,2049,supports_cannot,0.000637030461803,0.000637030461803,0.0006374839576892,0.0007006240775808,0.9896907210350036,0.9896907210350036,0.9092329144477844
2117,7,14299,suppresses_cannot,-0.0006335700163617,0.0006335700163617,0.0006735813221894,0.0009341385448351,0.0876288637518882,0.9123711585998536,0.6782398819923401
2118,10,9238,suppresses_cannot,-0.0006305479910224,0.0006305479910224,0.0006305873394012,0.0009252600721083,0.0051546390168368,0.9948453903198242,0.6814818978309631
2119,10,4148,suppresses_cannot,-0.0006297805230133,0.0006297805230133,0.0007161605753935,0.0010932987788692,0.0773195847868919,0.92268043756485,0.5760369896888733
2120,6,6352,supports_cannot,0.0006295356433838,0.0006295356433838,0.0006295356433838,0.0006578344618901,1.0,1.0,0.9569818377494812
2121,11,8208,suppresses_cannot,-0.0006262318929657,0.0006262318929657,0.0008160008001141,0.0011084319557994,0.159793809056282,0.8402062058448792,0.5649709701538086
2122,11,1797,suppresses_cannot,-0.0006248520803637,0.0006248520803637,0.0006257344502955,0.0006457015988416,0.0103092780336737,0.9896907210350036,0.9677103161811828
2123,1,4798,suppresses_cannot,-0.0006243635434657,0.0006243635434657,0.0006251623854041,0.000771902501583,0.0103092780336737,0.9896907210350036,0.8088632225990295
2124,4,9185,supports_cannot,0.0006212942535057,0.0006212942535057,0.0006762651028111,0.0007854500436224,0.9793814420700072,0.9793814420700072,0.7910041809082031
2125,8,3912,supports_cannot,0.0006194554152898,0.0006194554152898,0.0014879786176607,0.0026172755751758,0.5979381203651428,0.5979381203651428,0.2366794794797897
2126,6,5517,supports_cannot,0.0006193229928612,0.0006193229928612,0.0006193229928612,0.0004831636033486,1.0,1.0,1.2818080186843872
2127,8,4143,suppresses_cannot,-0.0006170641281642,0.0006170641281642,0.0006170641281642,0.0006496332935057,0.0,1.0,0.9498652815818788
2128,11,1792,suppresses_cannot,-0.0006133975693956,0.0006133975693956,0.0006301925168372,0.0008502206183038,0.0309278350323438,0.969072163105011,0.7214569449424744
2129,6,3888,suppresses_cannot,-0.0006133142742328,0.0006133142742328,0.0006944933556951,0.0006747327861376,0.0721649453043937,0.9278350472450256,0.9089735746383668
2130,5,13418,supports_cannot,0.0006107847439125,0.0006107847439125,0.0006197573966346,0.000636453682091,0.9639175534248352,0.9639175534248352,0.9596688151359558
2131,10,1009,suppresses_cannot,-0.0006089898524805,0.0006089898524805,0.0006089898524805,0.0005677687004208,0.0,1.0,1.0726020336151123
2132,9,11959,supports_cannot,0.0006039253203198,0.0006039253203198,0.0008258905727416,0.0009278792422264,0.8814433217048645,0.8814433217048645,0.6508662700653076
2133,10,3769,suppresses_cannot,-0.0006012200610712,0.0006012200610712,0.0006107863155193,0.0005932773929089,0.0257731955498456,0.9742268323898317,1.0133877992630005
2134,6,5760,supports_cannot,0.0006003348971717,0.0006003348971717,0.0008100633858703,0.0038540801033377,0.6597937941551208,0.6597937941551208,0.1557660698890686
2135,11,7052,supports_cannot,0.0005990745848976,0.0005990745848976,0.0006142375641502,0.0006082419422455,0.984536111354828,0.984536111354828,0.9849281311035156
2136,9,1228,suppresses_cannot,-0.0005928428727202,0.0005928428727202,0.0007866279920563,0.0021014581434428,0.3453608155250549,0.6546391844749451,0.2821102440357208
2137,11,8989,supports_cannot,0.0005927270394749,0.0005927270394749,0.0006142068305052,0.0005670662503689,0.9432989954948424,0.9432989954948424,1.0452518463134766
2138,8,3133,suppresses_cannot,-0.0005923331482335,0.0005923331482335,0.0006388026522472,0.0009008079068735,0.0206185560673475,0.9793814420700072,0.6575576663017273
2139,11,6404,suppresses_cannot,-0.000591512187384,0.000591512187384,0.0006142934435047,0.0007980741211213,0.0154639175161719,0.984536111354828,0.7411745190620422
2140,2,1601,supports_cannot,0.0005898457020521,0.0005898457020521,0.0008462415426038,0.0011740839108824,0.8144329786300659,0.8144329786300659,0.5023880004882812
2141,11,7150,supports_cannot,0.0005888877203688,0.0005888877203688,0.0006763529381714,0.0009718107758089,0.9329897165298462,0.9329897165298462,0.6059695482254028
2142,11,13978,suppresses_cannot,-0.0005888585583306,0.0005888585583306,0.0005995732499286,0.0007721886504441,0.041237112134695,0.9587628841400146,0.7625837922096252
2143,9,8690,supports_cannot,0.0005884139682166,0.0005884139682166,0.0005934730288572,0.0007771588861942,0.969072163105011,0.969072163105011,0.757134735584259
2144,11,10096,supports_cannot,0.0005865124985575,0.0005865124985575,0.0014594851527363,0.0025919403415173,0.6134020686149597,0.6134020686149597,0.2262831777334213
2145,11,1568,suppresses_cannot,-0.0005853735492564,0.0005853735492564,0.0005862436373718,0.0007228157483041,0.0051546390168368,0.9948453903198242,0.8098517060279846
2146,11,6266,supports_cannot,0.0005852346657775,0.0005852346657775,0.0006052347598597,0.0011390188010409,0.938144326210022,0.938144326210022,0.5138059854507446
2147,4,11927,suppresses_cannot,-0.0005834431503899,0.0005834431503899,0.0005984893068671,0.0069798030890524,0.1958762854337692,0.8041236996650696,0.0835902020335197
2148,2,4190,suppresses_cannot,-0.0005821235245093,0.0005821235245093,0.0005880421958863,0.0007416931330226,0.0206185560673475,0.9793814420700072,0.7848576307296753
2149,11,4146,supports_cannot,0.0005798991187475,0.0005798991187475,0.0006268792785704,0.0009408569894731,0.907216489315033,0.907216489315033,0.6163520216941833
2150,2,5499,suppresses_cannot,-0.0005780701176263,0.0005780701176263,0.0006181655917316,0.0008084969012998,0.0206185560673475,0.9793814420700072,0.7149935960769653
2151,4,1721,supports_cannot,0.0005768540431745,0.0005768540431745,0.0006282615358941,0.0010605193674564,0.8711340427398682,0.8711340427398682,0.5439354181289673
2152,4,3517,supports_cannot,0.000575742451474,0.000575742451474,0.0007963152602314,0.0013132569147273,0.7474226951599121,0.7474226951599121,0.4384080767631531
2153,11,12117,supports_cannot,0.0005751925054937,0.0005751925054937,0.0006825373857282,0.0010284653399139,0.9329897165298462,0.9329897165298462,0.5592726469039917
2154,11,11291,supports_cannot,0.000573799770791,0.000573799770791,0.000573799770791,0.0004777517169713,1.0,1.0,1.2010418176651
2155,11,10895,suppresses_cannot,-0.0005737782921642,0.0005737782921642,0.0005737782921642,0.0008788691484369,0.0,1.0,0.6528597474098206
2156,0,11579,supports_cannot,0.0005713538266718,0.0005713538266718,0.0007084266981109,0.0013175507774576,0.7577319741249084,0.7577319741249084,0.4336484372615814
2157,4,13204,supports_cannot,0.0005710616824217,0.0005710616824217,0.0008617971325293,0.0016082099173218,0.7061855792999268,0.7061855792999268,0.3550915122032165
2158,11,4114,suppresses_cannot,-0.0005684501375071,0.0005684501375071,0.0005684501375071,0.000634973286651,0.0,1.0,0.8952347040176392
2159,6,2843,suppresses_cannot,-0.0005671741673722,0.0005671741673722,0.0006837595719844,0.0010425359942018,0.2061855643987655,0.7938144207000732,0.5440331697463989
2160,10,4084,supports_cannot,0.0005659027956426,0.0005659027956426,0.0006175166927278,0.0006128109525889,0.9175257682800292,0.9175257682800292,0.9234541058540344
2161,7,5489,supports_cannot,0.0005647936486639,0.0005647936486639,0.0009372833301313,0.0014984307345002,0.6752577424049377,0.6752577424049377,0.3769234418869018
2162,8,7331,suppresses_cannot,-0.0005640129675157,0.0005640129675157,0.0009640461648814,0.0020405508112162,0.257731944322586,0.7422680854797363,0.2764023244380951
2163,6,12140,suppresses_cannot,-0.0005625888588838,0.0005625888588838,0.0006954814307391,0.0009562858031131,0.0567010305821895,0.9432989954948424,0.588306188583374
2164,0,11154,suppresses_cannot,-0.0005621821037493,0.0005621821037493,0.0005897391238249,0.000864329515025,0.1082474216818809,0.8917526006698608,0.6504256725311279
2165,2,13353,suppresses_cannot,-0.000561979948543,0.000561979948543,0.0005724875372834,0.0005672175320796,0.0154639175161719,0.984536111354828,0.990766167640686
2166,11,12227,supports_cannot,0.0005610068910755,0.0005610068910755,0.0010949987918138,0.0014273429987952,0.7628865838050842,0.7628865838050842,0.3930428028106689
2167,6,12809,suppresses_cannot,-0.000560522719752,0.000560522719752,0.0005624890327453,0.0006426972686313,0.0051546390168368,0.9948453903198242,0.8721411228179932
2168,9,6683,supports_cannot,0.0005586921470239,0.0005586921470239,0.0005621578311547,0.0008253116975538,0.938144326210022,0.938144326210022,0.6769468188285828
2169,11,81,supports_cannot,0.0005584491300396,0.0005584491300396,0.0005956749664619,0.0008543004514649,0.8195876479148865,0.8195876479148865,0.6536917090415955
2170,8,11419,suppresses_cannot,-0.0005581154837273,0.0005581154837273,0.0006834032246842,0.0015240563079714,0.3041236996650696,0.6958763003349304,0.3662039935588836
2171,7,11029,suppresses_cannot,-0.0005572628579102,0.0005572628579102,0.0005665206699632,0.0008685122011229,0.0257731955498456,0.9742268323898317,0.6416292786598206
2172,10,12035,suppresses_cannot,-0.0005551315261982,0.0005551315261982,0.0007865130901336,0.0011972860665991,0.0876288637518882,0.9123711585998536,0.4636582136154175
2173,11,4708,supports_cannot,0.0005548743647523,0.0005548743647523,0.0005548743647523,0.0007461725617758,1.0,1.0,0.7436274290084839
2174,5,2988,supports_cannot,0.0005543600418604,0.0005543600418604,0.0005545923486351,0.0007118174107745,0.9948453903198242,0.9948453903198242,0.7787953019142151
2175,11,6464,suppresses_cannot,-0.0005522822029888,0.0005522822029888,0.0005980770220048,0.0013110501458868,0.1134020611643791,0.8865979313850403,0.4212517738342285
2176,10,12492,suppresses_cannot,-0.0005471030599437,0.0005471030599437,0.0007599143427796,0.0013331889640539,0.4020618498325348,0.5979381799697876,0.410371720790863
2177,10,14261,supports_cannot,0.0005453779012896,0.0005453779012896,0.0005791977164335,0.0007809276576153,0.9639175534248352,0.9639175534248352,0.6983718872070312
2178,10,6050,supports_cannot,0.0005449118325486,0.0005449118325486,0.0005483565619215,0.0004136282077524,0.984536111354828,0.984536111354828,1.3173952102661133
2179,9,10930,suppresses_cannot,-0.000543488364201,0.000543488364201,0.0005582611192949,0.0011869053123518,0.0721649453043937,0.9278350472450256,0.4579037129878998
2180,2,3452,supports_cannot,0.0005426452844403,0.0005426452844403,0.0007093164604157,0.0043001729063689,0.3556700944900512,0.6443299055099487,0.12619149684906
2181,1,3400,suppresses_cannot,-0.0005385642289184,0.0005385642289184,0.0006797977257519,0.0013051304267719,0.1340206116437912,0.8659793734550476,0.4126516580581665
2182,10,1973,suppresses_cannot,-0.0005377620109356,0.0005377620109356,0.0007334286929108,0.0009768543532118,0.1546391695737838,0.8453608155250549,0.5505037903785706
2183,0,1698,supports_cannot,0.0005340327043086,0.0005340327043086,0.0005501997075043,0.0006539900787174,0.938144326210022,0.938144326210022,0.8165761828422546
2184,10,8219,supports_cannot,0.0005334320594556,0.0005334320594556,0.0006500507006421,0.0007847904926165,0.8505154848098755,0.8505154848098755,0.67971271276474
2185,10,4263,suppresses_cannot,-0.0005321146454662,0.0005321146454662,0.0005470833857543,0.0004828559467568,0.0309278350323438,0.969072163105011,1.102015256881714
2186,10,8888,supports_cannot,0.0005309689440764,0.0005309689440764,0.0005547333857975,0.0009681092342361,0.9020618796348572,0.9020618796348572,0.5484597682952881
2187,7,9523,suppresses_cannot,-0.0005233518313616,0.0005233518313616,0.0005333260633051,0.0004841093614231,0.0309278350323438,0.969072163105011,1.0810611248016355
2188,8,9963,suppresses_cannot,-0.0005185358459129,0.0005185358459129,0.0005185358459129,0.0004829008830711,0.0,1.0,1.0737935304641724
2189,4,576,suppresses_cannot,-0.000514495302923,0.000514495302923,0.000514495302923,0.0005407058633863,0.0,1.0,0.9515252709388732
2190,5,11276,suppresses_cannot,-0.0005133053637109,0.0005133053637109,0.0005189954536035,0.0005540354759432,0.0154639175161719,0.984536111354828,0.9264846444129944
2191,9,13457,suppresses_cannot,-0.0005104879965074,0.0005104879965074,0.0005659829475916,0.0005612243548966,0.0567010305821895,0.9432989954948424,0.9095970392227172
2192,9,3459,suppresses_cannot,-0.0005102750728838,0.0005102750728838,0.0005103180883452,0.0005146050243638,0.0051546390168368,0.9948453903198242,0.9915858507156372
2193,9,616,supports_cannot,0.0005072340136393,0.0005072340136393,0.0005155645194463,0.0007380616734735,0.9536082744598388,0.9536082744598388,0.6872515082359314
2194,2,7332,suppresses_cannot,-0.0005046193837188,0.0005046193837188,0.0006191635038703,0.0008558586705476,0.1391752511262893,0.8608247637748718,0.589605987071991
2195,10,5510,supports_cannot,0.0005042718839831,0.0005042718839831,0.0005245768115855,0.0006133072893135,0.9484536051750184,0.9484536051750184,0.8222173452377319
2196,10,13914,suppresses_cannot,-0.0005027814768254,0.0005027814768254,0.0006220466457307,0.001018671086058,0.0618556700646877,0.938144326210022,0.4935660660266876
2197,10,5354,suppresses_cannot,-0.0005009500309824,0.0005009500309824,0.0005115436506457,0.0008439537486992,0.0721649453043937,0.9278350472450256,0.5935752391815186
2198,3,3214,supports_cannot,0.0005008894950151,0.0005008894950151,0.0007029786938801,0.0008934411453083,0.938144326210022,0.938144326210022,0.5606295466423035
2199,8,4337,suppresses_cannot,-0.0005006215651519,0.0005006215651519,0.0007001004996709,0.0037617920897901,0.5412371158599854,0.5412371158599854,0.1330806016921997
2200,9,6435,suppresses_cannot,-0.0005005896091461,0.0005005896091461,0.0013718398986384,0.0023100008256733,0.257731944322586,0.7422680854797363,0.2167053818702697
2201,5,12767,suppresses_cannot,-0.0005003653350286,0.0005003653350286,0.0005572005175054,0.0007957643829286,0.1443298906087875,0.8556700944900513,0.6287857890129089
2202,7,6718,suppresses_cannot,-0.0004999293596483,0.0004999293596483,0.0004999293596483,0.0004183764976914,0.0,1.0,1.1949269771575928
2203,10,1918,suppresses_cannot,-0.000499544374179,0.000499544374179,0.0011764417868107,0.001701594563201,0.3711340129375458,0.6288659572601318,0.2935742735862732
2204,10,650,supports_cannot,0.0004993830807507,0.0004993830807507,0.0005618807044811,0.0007317334529943,0.8917526006698608,0.8917526006698608,0.6824658513069153
2205,9,12650,suppresses_cannot,-0.0004968121065758,0.0004968121065758,0.0005314921727403,0.0005477726808749,0.0360824726521968,0.9639175534248352,0.9069676399230956
2206,0,10390,supports_cannot,0.0004965186817571,0.0004965186817571,0.000508009456098,0.0004977608914487,0.969072163105011,0.969072163105011,0.9975044131278992
2207,0,11311,suppresses_cannot,-0.0004947612760588,0.0004947612760588,0.000840707856696,0.0014144589658826,0.2783505022525787,0.7216495275497437,0.3497883677482605
2208,10,7999,suppresses_cannot,-0.0004924286622554,0.0004924286622554,0.0005385454860515,0.0007281287107616,0.1237113401293754,0.876288652420044,0.6762934327125549
2209,7,8496,supports_cannot,0.0004918163758702,0.0004918163758702,0.000743429060094,0.0013538576895371,0.8195876479148865,0.8195876479148865,0.3632703721523285
2210,7,14021,suppresses_cannot,-0.0004911305732093,0.0004911305732093,0.0005177910788916,0.0006746065919287,0.128865972161293,0.8711340427398682,0.7280251383781433
2211,9,388,suppresses_cannot,-0.0004907757393084,0.0004907757393084,0.0006071485695429,0.001661799266003,0.2731958627700805,0.7268041372299194,0.2953279316425323
2212,10,1174,supports_cannot,0.0004906899994239,0.0004906899994239,0.0005148194613866,0.0006521065952256,0.9742268323898317,0.9742268323898317,0.752469003200531
2213,10,7595,suppresses_cannot,-0.0004874799633398,0.0004874799633398,0.0004881632630713,0.0005129754426889,0.0051546390168368,0.9948453903198242,0.9502988457679749
2214,5,13861,supports_cannot,0.0004865911323577,0.0004865911323577,0.0011866175336763,0.0019602477550506,0.6546391844749451,0.6546391844749451,0.2482293993234634
2215,3,5869,supports_cannot,0.000484461634187,0.000484461634187,0.0005818015779368,0.0010131226154044,0.8041236996650696,0.8041236996650696,0.4781865775585174
2216,0,2762,supports_cannot,0.0004844450450036,0.0004844450450036,0.0006492144311778,0.00099703297019,0.9536082744598388,0.9536082744598388,0.4858866930007934
2217,7,2899,suppresses_cannot,-0.0004841669870074,0.0004841669870074,0.0007156321080401,0.0014343330403789,0.1804123669862747,0.8195876479148865,0.3375554978847503
2218,8,14144,supports_cannot,0.0004824353964067,0.0004824353964067,0.0004847655072808,0.000573755824007,0.9948453903198242,0.9948453903198242,0.8408374786376953
2219,7,9046,supports_cannot,0.0004820965114049,0.0004820965114049,0.0005264663486741,0.0008072936325334,0.8917526006698608,0.8917526006698608,0.5971761345863342
2220,4,2577,suppresses_cannot,-0.0004815600696019,0.0004815600696019,0.0005254579591564,0.0005109834601171,0.0463917516171932,0.9536082744598388,0.942418098449707
2221,9,10476,suppresses_cannot,-0.0004813087289221,0.0004813087289221,0.0005174881662242,0.001471949275583,0.1546391695737838,0.8453608155250549,0.3269872963428497
2222,9,6294,supports_cannot,0.0004780913004651,0.0004780913004651,0.0005364983226172,0.0013494350714609,0.7680412530899048,0.7680412530899048,0.3542899489402771
2223,8,12482,suppresses_cannot,-0.000477991765365,0.000477991765365,0.0004798696318175,0.0004051648138556,0.0051546390168368,0.9948453903198242,1.1797465085983276
2224,2,6973,supports_cannot,0.0004776952846441,0.0004776952846441,0.0005011045723222,0.0007344185723923,0.9329897165298462,0.9329897165298462,0.6504400968551636
2225,3,11398,suppresses_cannot,-0.0004775048000738,0.0004775048000738,0.0004782716569025,0.0007217627135105,0.0206185560673475,0.9793814420700072,0.6615813970565796
2226,3,12375,suppresses_cannot,-0.000477401248645,0.000477401248645,0.000477401248645,0.0004776711866725,0.0,1.0,0.9994348883628844
2227,2,10709,suppresses_cannot,-0.0004771511594299,0.0004771511594299,0.0004873650614172,0.0008916450315155,0.0721649453043937,0.9278350472450256,0.535135805606842
2228,10,12385,supports_cannot,0.0004764524928759,0.0004764524928759,0.0006206533289514,0.0008847679127939,0.7731958627700806,0.7731958627700806,0.5385056138038635
2229,9,12015,suppresses_cannot,-0.0004760186711791,0.0004760186711791,0.000476436514873,0.0007175271748565,0.0051546390168368,0.9948453903198242,0.6634155511856079
2230,10,2348,suppresses_cannot,-0.000474799220683,0.000474799220683,0.0004950942820869,0.0005123342270962,0.0876288637518882,0.9123711585998536,0.9267372488975524
2231,9,6431,suppresses_cannot,-0.0004736394039355,0.0004736394039355,0.0004864009388256,0.0004190092149656,0.0309278350323438,0.969072163105011,1.1303794384002686
2232,9,4402,suppresses_cannot,-0.0004735177208203,0.0004735177208203,0.0005903231794945,0.0005548237822949,0.1030927821993827,0.8969072103500366,0.8534560799598694
2233,5,7012,suppresses_cannot,-0.0004730368964374,0.0004730368964374,0.0070368824526667,0.0136125665158033,0.4226804077625274,0.5773196220397949,0.0347500145435333
2234,7,7107,supports_cannot,0.0004705049213953,0.0004705049213953,0.0005509963957592,0.0009328468586318,0.9329897165298462,0.9329897165298462,0.5043752789497375
2235,9,7054,suppresses_cannot,-0.0004703316371887,0.0004703316371887,0.0004716920957434,0.0006963226478546,0.0103092780336737,0.9896907210350036,0.6754507422447205
2236,2,13942,supports_cannot,0.000470009050332,0.000470009050332,0.0006455797702074,0.0009255998302251,0.7886598110198975,0.7886598110198975,0.5077885985374451
2237,9,7318,supports_cannot,0.000469232967589,0.000469232967589,0.0004738477000501,0.000704328471329,0.9793814420700072,0.9793814420700072,0.6662132740020752
2238,7,10620,supports_cannot,0.0004687407636083,0.0004687407636083,0.000564299931284,0.0010199730750173,0.8350515365600586,0.8350515365600586,0.4595619142055511
2239,10,11611,suppresses_cannot,-0.0004668125184252,0.0004668125184252,0.0005120087880641,0.000915479962714,0.1237113401293754,0.876288652420044,0.5099101662635803
2240,8,11129,suppresses_cannot,-0.0004656695818994,0.0004656695818994,0.0005140912835486,0.0006069124792702,0.0567010305821895,0.9432989954948424,0.7672763466835022
2241,1,286,suppresses_cannot,-0.0004649531038012,0.0004649531038012,0.0005159402498975,0.0005586296319961,0.041237112134695,0.9587628841400146,0.832310140132904
2242,4,8232,supports_cannot,0.0004641886916942,0.0004641886916942,0.0004641886916942,0.0004529866855591,1.0,1.0,1.0247292518615725
2243,6,12543,supports_cannot,0.0004637210513465,0.0004637210513465,0.0006034878315404,0.0010565819684416,0.8144329786300659,0.8144329786300659,0.4388879239559173
2244,8,12312,supports_cannot,0.0004627050075214,0.0004627050075214,0.0007545379921793,0.0012290135491639,0.7886598110198975,0.7886598110198975,0.3764848709106445
2245,9,2365,supports_cannot,0.0004610087489709,0.0004610087489709,0.0004639582475647,0.0004676148819271,0.984536111354828,0.984536111354828,0.9858726859092712
2246,5,3463,suppresses_cannot,-0.0004605005669873,0.0004605005669873,0.0004715796676464,0.0007843025377951,0.0360824726521968,0.9639175534248352,0.5871465802192688
2247,5,13839,suppresses_cannot,-0.0004599401727318,0.0004599401727318,0.0004599401727318,0.0005171293159946,0.0,1.0,0.8894103765487671
2248,7,11957,supports_cannot,0.0004594980564434,0.0004594980564434,0.0004683736187871,0.0007403105264529,0.969072163105011,0.969072163105011,0.6206828355789185
2249,6,10831,supports_cannot,0.0004594869969878,0.0004594869969878,0.0005829140427522,0.0009473785175941,0.7731958627700806,0.7731958627700806,0.4850088953971863
2250,9,7463,supports_cannot,0.0004591502365656,0.0004591502365656,0.0004708137130364,0.0004079048230778,0.969072163105011,0.969072163105011,1.1256308555603027
2251,8,1854,suppresses_cannot,-0.0004579489468596,0.0004579489468596,0.0004715216055046,0.0005785986431874,0.0154639175161719,0.984536111354828,0.7914794683456421
2252,7,11354,supports_cannot,0.0004571399767883,0.0004571399767883,0.00063706736546,0.0015225278912112,0.6185566782951355,0.6185566782951355,0.3002506494522095
2253,2,2882,suppresses_cannot,-0.0004562575777526,0.0004562575777526,0.0005063463468104,0.0008490755571983,0.1134020611643791,0.8865979313850403,0.5373580455780029
2254,6,6514,supports_cannot,0.0004518326895777,0.0004518326895777,0.0005287650856189,0.0041574193164706,0.4175257682800293,0.5824742317199707,0.1086810454726219
2255,9,7629,suppresses_cannot,-0.0004507100384216,0.0004507100384216,0.0005269548273645,0.0006749841268174,0.0618556700646877,0.938144326210022,0.6677342653274536
2256,1,88,supports_cannot,0.0004486432299017,0.0004486432299017,0.0004717747506219,0.0005348063423298,0.9432989954948424,0.9432989954948424,0.8388891220092773
2257,2,9805,suppresses_cannot,-0.0004477679030969,0.0004477679030969,0.0006954055279493,0.0015410101041197,0.2989690601825714,0.701030969619751,0.2905677855014801
2258,3,6864,suppresses_cannot,-0.00044640438864,0.00044640438864,0.0004805400094483,0.0003996684681624,0.0154639175161719,0.984536111354828,1.1169366836547852
2259,9,9571,suppresses_cannot,-0.0004462562792468,0.0004462562792468,0.000945875304751,0.0018021583091467,0.4123711287975311,0.5876288414001465,0.2476232349872589
2260,6,8102,suppresses_cannot,-0.0004461490607354,0.0004461490607354,0.0004568735894281,0.0004106602573301,0.0463917516171932,0.9536082744598388,1.086418867111206
2261,7,11484,suppresses_cannot,-0.0004456433525774,0.0004456433525774,0.0005152105586603,0.0005243555642664,0.0927835032343864,0.907216489315033,0.8498877286911011
2262,2,5502,suppresses_cannot,-0.0004445130180101,0.0004445130180101,0.0005155513063073,0.0007095735054463,0.1134020611643791,0.8865979313850403,0.6264509558677673
2263,3,3768,suppresses_cannot,-0.0004444349615368,0.0004444349615368,0.0011328888358548,0.0027135103009641,0.3659793734550476,0.6340206265449524,0.1637859791517257
2264,3,7677,suppresses_cannot,-0.0004443501820787,0.0004443501820787,0.000451263069408,0.0003832229122053,0.0154639175161719,0.984536111354828,1.1595083475112915
2265,9,7310,suppresses_cannot,-0.0004439701151568,0.0004439701151568,0.0005297829629853,0.0013447609962895,0.2010309249162674,0.7989690899848938,0.3301479816436767
2266,0,13463,suppresses_cannot,-0.0004436063463799,0.0004436063463799,0.0012448205379769,0.0021453786175698,0.4226804077625274,0.5773196220397949,0.2067729830741882
2267,9,349,suppresses_cannot,-0.0004428910906426,0.0004428910906426,0.00051200913731,0.000967098691035,0.2628865838050842,0.7371134161949158,0.4579585194587707
2268,5,11302,suppresses_cannot,-0.0004417874733917,0.0004417874733917,0.000467958219815,0.0004453800502233,0.0360824726521968,0.9639175534248352,0.9919337034225464
2269,5,5118,suppresses_cannot,-0.0004412464331835,0.0004412464331835,0.0007643896387889,0.0013043115613982,0.3814432919025421,0.6185567378997803,0.338298350572586
2270,6,2439,suppresses_cannot,-0.0004388109373394,0.0004388109373394,0.0005121129797771,0.001064064563252,0.2731958627700805,0.7268041372299194,0.4123912751674652
2271,7,980,suppresses_cannot,-0.0004383125924505,0.0004383125924505,0.0004442312638275,0.00065250339685,0.0360824726521968,0.9639175534248352,0.671739935874939
2272,4,11701,suppresses_cannot,-0.0004381820035632,0.0004381820035632,0.0005413705366663,0.0005331491702236,0.0824742242693901,0.9175257682800292,0.8218750357627869
2273,5,2625,suppresses_cannot,-0.0004360955499578,0.0004360955499578,0.0004726510087493,0.0009152693673968,0.128865972161293,0.8711340427398682,0.4764668941497803
2274,7,10827,suppresses_cannot,-0.000433379842434,0.000433379842434,0.0004783524782396,0.0006086956709623,0.0567010305821895,0.9432989954948424,0.7119811773300171
2275,8,8481,supports_cannot,0.0004327026836108,0.0004327026836108,0.0004863523936364,0.0005785507964901,0.8505154848098755,0.8505154848098755,0.7479078769683838
2276,4,7096,suppresses_cannot,-0.0004317545390222,0.0004317545390222,0.0005232574767433,0.0014196776319295,0.0360824726521968,0.9639175534248352,0.3041215240955353
2277,9,11943,suppresses_cannot,-0.0004308650677558,0.0004308650677558,0.0005072395433671,0.0019193743355572,0.1752577275037765,0.8247422575950623,0.2244820445775985
2278,3,544,suppresses_cannot,-0.000429694482591,0.000429694482591,0.0005339258350431,0.0012776260264217,0.3865979313850403,0.6134020686149597,0.3363225758075714
2279,4,5014,supports_cannot,0.0004292314697522,0.0004292314697522,0.0004489735292736,0.000641414662823,0.9123711585998536,0.9123711585998536,0.6691949963569641
2280,7,8668,supports_cannot,0.0004291442164685,0.0004291442164685,0.0004312936798669,0.0006356148514896,0.969072163105011,0.969072163105011,0.6751639246940613
2281,6,399,supports_cannot,0.0004291245713829,0.0004291245713829,0.0006111491820774,0.0010533764725551,0.7577319741249084,0.7577319741249084,0.407380074262619
2282,2,14211,suppresses_cannot,-0.000429051433457,0.000429051433457,0.0005055961082689,0.0008823299431242,0.2268041223287582,0.7731958627700806,0.4862709641456604
2283,7,12316,suppresses_cannot,-0.0004288560303393,0.0004288560303393,0.0005937267560511,0.0014626308111473,0.1804123669862747,0.8195876479148865,0.2932086586952209
2284,4,985,suppresses_cannot,-0.0004287153133191,0.0004287153133191,0.0005545272142626,0.0012704924447461,0.2835051417350769,0.7164948582649231,0.3374402821063995
2285,0,13976,suppresses_cannot,-0.0004281165020074,0.0004281165020074,0.0005710416589863,0.0009483610629104,0.2628865838050842,0.7371134161949158,0.4514277577400207
2286,7,9629,supports_cannot,0.0004262235888745,0.0004262235888745,0.0004812061088159,0.0005792164010927,0.8917526006698608,0.8917526006698608,0.7358624339103699
2287,5,6180,supports_cannot,0.0004257716354914,0.0004257716354914,0.0004292649682611,0.0005476403748616,0.969072163105011,0.969072163105011,0.7774657607078552
2288,6,1271,suppresses_cannot,-0.0004254902014508,0.0004254902014508,0.0004312528180889,0.0004654583754017,0.0309278350323438,0.969072163105011,0.9141315817832948
2289,6,319,suppresses_cannot,-0.0004253236984368,0.0004253236984368,0.0004560010274872,0.0005898918607272,0.0360824726521968,0.9639175534248352,0.7210198044776917
2290,3,9762,suppresses_cannot,-0.0004220826085656,0.0004220826085656,0.0004684574960265,0.0004337106074672,0.0360824726521968,0.9639175534248352,0.9731894731521606
2291,9,4728,suppresses_cannot,-0.0004215437220409,0.0004215437220409,0.0004637585370801,0.0014092150377109,0.22164948284626,0.7783505320549011,0.2991337180137634
2292,9,6282,supports_cannot,0.0004214798100292,0.0004214798100292,0.000482979521621,0.0005306331440806,0.9329897165298462,0.9329897165298462,0.7942960262298584
2293,9,8332,suppresses_cannot,-0.0004211608902551,0.0004211608902551,0.0004743976751342,0.0005835309857502,0.128865972161293,0.8711340427398682,0.7217455506324768
2294,7,12910,suppresses_cannot,-0.0004211415362078,0.0004211415362078,0.0007357114809565,0.0012317020446062,0.3298968970775604,0.6701030731201172,0.3419183492660522
2295,8,11254,supports_cannot,0.0004197494126856,0.0004197494126856,0.0005055678193457,0.0007445443770848,0.8092783689498901,0.8092783689498901,0.5637668371200562
2296,6,13713,supports_cannot,0.0004194265056867,0.0004194265056867,0.0004203193529974,0.0005776798934675,0.9793814420700072,0.9793814420700072,0.7260534763336182
2297,9,5555,suppresses_cannot,-0.000418937386712,0.000418937386712,0.0004293196543585,0.0006563993520103,0.0309278350323438,0.969072163105011,0.6382355093955994
2298,9,5853,suppresses_cannot,-0.0004188528982922,0.0004188528982922,0.0005988103803247,0.0012127927038818,0.2371134012937545,0.7628865838050842,0.3453623056411743
2299,2,4786,suppresses_cannot,-0.0004185837460681,0.0004185837460681,0.0044635883532464,0.00790570769459,0.4845360815525055,0.5154639482498169,0.0529470294713974
2300,3,3117,supports_cannot,0.0004175846115685,0.0004175846115685,0.0004820940375793,0.0005728724063374,0.9278350472450256,0.9278350472450256,0.7289312481880188
2301,7,5038,suppresses_cannot,-0.0004170868778601,0.0004170868778601,0.0004482754739001,0.0008284385548904,0.1237113401293754,0.876288652420044,0.503461480140686
2302,9,13009,suppresses_cannot,-0.0004160109383519,0.0004160109383519,0.0009541671024635,0.001565808081068,0.2783505022525787,0.7216495275497437,0.2656845152378082
2303,6,3620,supports_cannot,0.0004158115189056,0.0004158115189056,0.0005024164565838,0.0011150436475872,0.7783505320549011,0.7783505320549011,0.3729105293750763
2304,4,11621,supports_cannot,0.000414170557633,0.000414170557633,0.000414170557633,0.0005132097867317,1.0,1.0,0.8070200085639954
2305,9,11726,suppresses_cannot,-0.0004139852826483,0.0004139852826483,0.0004233223153278,0.0005795442266389,0.0670103058218956,0.9329897165298462,0.7143290638923645
2306,9,12312,supports_cannot,0.0004110674199182,0.0004110674199182,0.0007859265897423,0.0010851416736841,0.6752577424049377,0.6752577424049377,0.3788145184516907
2307,8,6823,suppresses_cannot,-0.0004091447044629,0.0004091447044629,0.0004698554403148,0.0006513804546557,0.0876288637518882,0.9123711585998536,0.6281194090843201
2308,3,5138,suppresses_cannot,-0.000408995692851,0.000408995692851,0.0006508467486128,0.0051101241260766,0.5567010045051575,0.5567010045051575,0.080036349594593
2309,9,4003,suppresses_cannot,-0.000408810126828,0.000408810126828,0.0007035004091449,0.0011101707350462,0.1494845300912857,0.8505154848098755,0.3682407736778259
2310,5,13548,supports_cannot,0.0004084045649506,0.0004084045649506,0.0004153930640313,0.0004227614845149,0.9742268323898317,0.9742268323898317,0.9660401344299316
2311,7,4978,supports_cannot,0.0004059017810504,0.0004059017810504,0.0005062815616838,0.00072373036528,0.8556700944900513,0.8556700944900513,0.5608466863632202
2312,5,12374,suppresses_cannot,-0.0004054280288983,0.0004054280288983,0.0004661706916522,0.0008895787177607,0.1082474216818809,0.8917526006698608,0.4557528495788574
2313,8,9527,supports_cannot,0.0004053810262121,0.0004053810262121,0.0004515549517236,0.0010960154468193,0.8505154848098755,0.8505154848098755,0.3698679804801941
2314,0,5290,supports_cannot,0.0004052329168189,0.0004052329168189,0.0004055303288623,0.0005196655984036,0.9896907210350036,0.9896907210350036,0.7797955274581909
2315,5,12553,supports_cannot,0.0004051524447277,0.0004051524447277,0.0004400082398205,0.00042216014117,0.9278350472450256,0.9278350472450256,0.9597126841545104
2316,8,10712,suppresses_cannot,-0.0004040184139739,0.0004040184139739,0.0004534681502263,0.0007394676795229,0.1134020611643791,0.8865979313850403,0.5463638305664062
2317,7,8627,supports_cannot,0.0004020379274152,0.0004020379274152,0.0004199433024041,0.0004824576317332,0.969072163105011,0.969072163105011,0.8333123922348022
2318,3,13673,suppresses_cannot,-0.0004011195851489,0.0004011195851489,0.0004120930097997,0.0005257082520984,0.0824742242693901,0.9175257682800292,0.7630079388618469
2319,9,4889,suppresses_cannot,-0.0004006181843578,0.0004006181843578,0.0004080607614014,0.0005580125725828,0.0567010305821895,0.9432989954948424,0.7179375886917114
2320,0,3804,supports_cannot,0.0004005991213489,0.0004005991213489,0.0004703021550085,0.0006697756471112,0.8917526006698608,0.8917526006698608,0.5981094241142273
2321,1,8979,supports_cannot,0.0003993806021753,0.0003993806021753,0.0004244090232532,0.0003734323836397,0.9639175534248352,0.9639175534248352,1.0694856643676758
2322,5,6834,suppresses_cannot,-0.0003992948913946,0.0003992948913946,0.0010819481685757,0.001938160858117,0.561855673789978,0.561855673789978,0.2060174196958542
2323,6,13117,supports_cannot,0.0003973399288952,0.0003973399288952,0.0005699014873243,0.0009430545032955,0.8041236996650696,0.8041236996650696,0.4213329553604126
2324,1,12320,supports_cannot,0.0003970938269048,0.0003970938269048,0.0004423067148309,0.0007363256299868,0.8453608155250549,0.8453608155250549,0.5392910838127136
2325,8,8675,suppresses_cannot,-0.0003970800025854,0.0003970800025854,0.0006325097638182,0.0011033503105863,0.3505154550075531,0.6494845151901245,0.3598856925964355
2326,7,8236,suppresses_cannot,-0.0003950479149352,0.0003950479149352,0.0003960538015235,0.0004064021923113,0.0206185560673475,0.9793814420700072,0.9720614552497864
2327,6,3583,supports_cannot,0.0003941731993108,0.0003941731993108,0.0005710170953534,0.0023553594946861,0.7371134161949158,0.7371134161949158,0.1673516035079956
2328,7,3368,supports_cannot,0.0003941249742638,0.0003941249742638,0.0005901142721995,0.0037819964345544,0.4432989656925201,0.5567010641098022,0.1042108237743377
2329,5,12196,supports_cannot,0.0003930683596991,0.0003930683596991,0.0004008771793451,0.0004212678177282,0.9793814420700072,0.9793814420700072,0.9330605268478394
2330,5,458,supports_cannot,0.0003930256643798,0.0003930256643798,0.0003930256643798,0.0003881904121953,1.0,1.0,1.0124558210372925
2331,7,52,suppresses_cannot,-0.0003915346169378,0.0003915346169378,0.0004298604035284,0.0007279876153916,0.2061855643987655,0.7938144207000732,0.5378314256668091
2332,6,7009,suppresses_cannot,-0.0003907145874109,0.0003907145874109,0.0004393821000121,0.0006098972517065,0.0927835032343864,0.907216489315033,0.6406236290931702
2333,8,7261,suppresses_cannot,-0.0003898408031091,0.0003898408031091,0.0007027694955468,0.0010262571740895,0.1649484485387802,0.8350515365600586,0.3798665702342987
2334,5,385,suppresses_cannot,-0.0003887808125,0.0003887808125,0.0004019239568151,0.000356595031917,0.041237112134695,0.9587628841400146,1.0902585983276367
2335,4,7789,suppresses_cannot,-0.0003882738819811,0.0003882738819811,0.000429873005487,0.000406770792324,0.0721649453043937,0.9278350472450256,0.9545274376869202
2336,0,3805,supports_cannot,0.0003876176197081,0.0003876176197081,0.0003979924949817,0.0004404226201586,0.9742268323898317,0.9742268323898317,0.8801037669181824
2337,0,7279,supports_cannot,0.0003873960813507,0.0003873960813507,0.0006172328139655,0.0011705489596351,0.6958763003349304,0.6958763003349304,0.3309524655342102
2338,2,11905,supports_cannot,0.0003867960476782,0.0003867960476782,0.0004099816433154,0.000378069729777,0.984536111354828,0.984536111354828,1.0230811834335327
2339,8,9126,suppresses_cannot,-0.0003867785271722,0.0003867785271722,0.0009095075656659,0.0024976641871035,0.4278350472450256,0.5721649527549744,0.1548561006784439
2340,6,7569,suppresses_cannot,-0.0003867773048114,0.0003867773048114,0.0006672577001154,0.0019324930617585,0.4329896867275238,0.5670102834701538,0.2001442164182663
2341,6,5108,supports_cannot,0.0003864838799927,0.0003864838799927,0.0005571645451709,0.000902984116692,0.7422680258750916,0.7422680258750916,0.4280073940753937
2342,2,4175,supports_cannot,0.0003855996474158,0.0003855996474158,0.0003856568073388,0.000471108360216,0.9948453903198242,0.9948453903198242,0.8184946179389954
2343,2,10405,supports_cannot,0.0003848346241284,0.0003848346241284,0.0004109746369067,0.000494718318805,0.9175257682800292,0.9175257682800292,0.7778863310813904
2344,5,3001,supports_cannot,0.0003845670144073,0.0003845670144073,0.0003883325553033,0.0003633380110841,0.9896907210350036,0.9896907210350036,1.0584276914596558
2345,0,9187,supports_cannot,0.0003834931994788,0.0003834931994788,0.0003878781571984,0.000528187083546,0.9742268323898317,0.9742268323898317,0.7260556221008301
2346,6,5972,suppresses_cannot,-0.0003830987261608,0.0003830987261608,0.000395844283048,0.0003751990734599,0.0257731955498456,0.9742268323898317,1.02105450630188
2347,7,1231,suppresses_cannot,-0.0003827515465673,0.0003827515465673,0.0004160686803516,0.000544290873222,0.0567010305821895,0.9432989954948424,0.7032114267349243
2348,0,309,suppresses_cannot,-0.0003824184823315,0.0003824184823315,0.0003966185322497,0.0005815133918076,0.0463917516171932,0.9536082744598388,0.6576262712478638
2349,4,1115,suppresses_cannot,-0.0003817099786829,0.0003817099786829,0.0004519851063378,0.0005763435619883,0.0927835032343864,0.907216489315033,0.6622958779335022
2350,4,5889,suppresses_cannot,-0.0003811179485637,0.0003811179485637,0.0005147748743183,0.0007424134528264,0.2628865838050842,0.7371134161949158,0.5133500099182129
2351,7,3553,supports_cannot,0.0003809197805821,0.0003809197805821,0.0003829635388683,0.0006075373967178,0.9639175534248352,0.9639175534248352,0.6269898414611816
2352,1,8714,suppresses_cannot,-0.0003788944450207,0.0003788944450207,0.000452990992926,0.0004959976649843,0.0618556700646877,0.938144326210022,0.7639036774635315
2353,0,2215,suppresses_cannot,-0.0003782132989726,0.0003782132989726,0.0004122518294025,0.0006488299695774,0.1134020611643791,0.8865979313850403,0.5829159021377563
2354,4,657,supports_cannot,0.0003782096027862,0.0003782096027862,0.0003819997073151,0.0004493113083299,0.9896907210350036,0.9896907210350036,0.8417540192604065
2355,2,11649,supports_cannot,0.000377554242732,0.000377554242732,0.0003837678814306,0.000446011807071,0.9896907210350036,0.9896907210350036,0.8465117812156677
2356,5,10795,supports_cannot,0.0003771118354052,0.0003771118354052,0.0004874885780736,0.0005115102394483,0.907216489315033,0.907216489315033,0.7372517585754395
2357,3,10591,supports_cannot,0.0003768795577343,0.0003768795577343,0.0003779450780712,0.0003555578005034,0.9896907210350036,0.9896907210350036,1.059967041015625
2358,8,9536,suppresses_cannot,-0.0003765882865991,0.0003765882865991,0.0003781072737183,0.0005029905005358,0.0154639175161719,0.984536111354828,0.7486985921859741
2359,0,10486,supports_cannot,0.0003745875437743,0.0003745875437743,0.0004977860371582,0.0009368627797812,0.7989690899848938,0.7989690899848938,0.3998318016529083
2360,7,4661,suppresses_cannot,-0.0003745561989489,0.0003745561989489,0.0005395222106017,0.0010178989032283,0.1855670064687729,0.8144329786300659,0.3679699301719665
2361,8,8079,supports_cannot,0.0003743042761925,0.0003743042761925,0.0003791181079577,0.0006000748253427,0.984536111354828,0.984536111354828,0.6237626671791077
2362,5,217,suppresses_cannot,-0.0003739577077794,0.0003739577077794,0.0003739577077794,0.0003174308221787,0.0,1.0,1.1780762672424316
2363,1,5573,supports_cannot,0.0003736317157745,0.0003736317157745,0.0004507552075665,0.0006856027757748,0.8608247637748718,0.8608247637748718,0.5449681878089905
2364,4,8742,supports_cannot,0.0003735969949048,0.0003735969949048,0.0004445418890099,0.0006791297346353,0.8814433217048645,0.8814433217048645,0.5501113533973694
2365,8,5762,supports_cannot,0.0003717483195941,0.0003717483195941,0.0003717483195941,0.00036942269071,1.0,1.0,1.0062953233718872
2366,8,991,suppresses_cannot,-0.0003714758204296,0.0003714758204296,0.000437839742517,0.0011954942019656,0.3608247339725494,0.639175295829773,0.3107299208641052
2367,4,13775,suppresses_cannot,-0.0003713762562256,0.0003713762562256,0.0003729591553565,0.0004490571736823,0.0051546390168368,0.9948453903198242,0.8270133137702942
2368,0,10282,supports_cannot,0.000371034926502,0.000371034926502,0.0003784093132708,0.0004984140396118,0.9484536051750184,0.9484536051750184,0.7444311380386353
2369,1,4634,supports_cannot,0.0003700238012243,0.0003700238012243,0.0003740179236046,0.0003847499028779,0.9896907210350036,0.9896907210350036,0.9617255330085754
2370,8,11258,suppresses_cannot,-0.0003693208273034,0.0003693208273034,0.0004399259050842,0.0025431697722524,0.469072163105011,0.530927836894989,0.1452206671237945
2371,8,3440,supports_cannot,0.0003687588905449,0.0003687588905449,0.0003963503113482,0.0005891835899092,0.9123711585998536,0.9123711585998536,0.6258811354637146
2372,5,7190,suppresses_cannot,-0.0003687134012579,0.0003687134012579,0.0003687134012579,0.000420232739998,0.0,1.0,0.8774028420448303
2373,2,13831,supports_cannot,0.0003681293455883,0.0003681293455883,0.0003778160316869,0.0003340857219882,0.9793814420700072,0.9793814420700072,1.1019008159637451
2374,5,13620,supports_cannot,0.0003671520098578,0.0003671520098578,0.0003900549490936,0.0005296858726069,0.9793814420700072,0.9793814420700072,0.6931504607200623
2375,5,9185,suppresses_cannot,-0.0003665378317236,0.0003665378317236,0.0003665378317236,0.0004043900989927,0.0,1.0,0.9063966274261476
2376,4,11580,supports_cannot,0.00036609111703,0.00036609111703,0.0003910242812708,0.0004175094363745,0.9793814420700072,0.9793814420700072,0.876845121383667
2377,2,11154,suppresses_cannot,-0.0003647748962976,0.0003647748962976,0.0003934305859729,0.0003466691996436,0.041237112134695,0.9587628841400146,1.0522276163101196
2378,8,941,suppresses_cannot,-0.0003638553316704,0.0003638553316704,0.0004392484552226,0.0005118084955029,0.0463917516171932,0.9536082744598388,0.7109208703041077
2379,2,8872,suppresses_cannot,-0.0003629689454101,0.0003629689454101,0.0003636915644165,0.0004203485150355,0.0051546390168368,0.9948453903198242,0.8634952306747437
2380,6,9776,supports_cannot,0.0003620717907324,0.0003620717907324,0.0003620717907324,0.0002630099479574,1.0,1.0,1.3766467571258545
2381,5,4510,suppresses_cannot,-0.000360955891665,0.000360955891665,0.0003714254125952,0.0004240378912072,0.0515463910996913,0.9484536051750184,0.8512349724769592
2382,8,13044,supports_cannot,0.0003604255907703,0.0003604255907703,0.000525951385498,0.0008464719285257,0.8505154848098755,0.8505154848098755,0.4257974624633789
2383,3,6425,suppresses_cannot,-0.0003599039046093,0.0003599039046093,0.0003601349599193,0.0005274444702081,0.0103092780336737,0.9896907210350036,0.6823540925979614
2384,0,1494,supports_cannot,0.0003577320312615,0.0003577320312615,0.0003904107434209,0.0005089077167212,0.9587628841400146,0.9587628841400146,0.7029408812522888
2385,8,8590,suppresses_cannot,-0.0003576223389245,0.0003576223389245,0.0004071353760082,0.0009973210981115,0.0979381427168846,0.9020618796348572,0.3585829436779022
2386,7,10948,supports_cannot,0.0003575402952264,0.0003575402952264,0.0003598403127398,0.0004084563697688,0.9742268323898317,0.9742268323898317,0.8753451108932495
2387,8,3354,suppresses_cannot,-0.0003561730845831,0.0003561730845831,0.0003740458632819,0.0003868525091093,0.0721649453043937,0.9278350472450256,0.9206947684288024
2388,3,10835,supports_cannot,0.000354566524038,0.000354566524038,0.000365578016499,0.0007502388325519,0.9175257682800292,0.9175257682800292,0.4726048707962036
2389,7,7382,supports_cannot,0.0003544900100678,0.0003544900100678,0.0003736292710527,0.0003449502401053,0.9278350472450256,0.9278350472450256,1.0276554822921753
2390,6,12236,suppresses_cannot,-0.0003527123189996,0.0003527123189996,0.0003614557790569,0.0008424958214163,0.1134020611643791,0.8865979313850403,0.4186517000198364
2391,8,11499,supports_cannot,0.0003526653163135,0.0003526653163135,0.0003565451479516,0.0004506996483542,0.9639175534248352,0.9639175534248352,0.7824841141700745
2392,8,11758,suppresses_cannot,-0.0003524044877849,0.0003524044877849,0.0003921386378351,0.0005430085584521,0.041237112134695,0.9587628841400146,0.6489851474761963
2393,8,5337,supports_cannot,0.0003519669699016,0.0003519669699016,0.0003611030697356,0.0003303378471173,0.9639175534248352,0.9639175534248352,1.0654758214950562
2394,8,2762,suppresses_cannot,-0.0003519408346619,0.0003519408346619,0.0005655589629895,0.0010298157576471,0.3505154550075531,0.6494845151901245,0.3417512476444244
2395,2,11506,suppresses_cannot,-0.0003515589341986,0.0003515589341986,0.0003910110681317,0.0006733844638802,0.1340206116437912,0.8659793734550476,0.5220775604248047
2396,5,720,suppresses_cannot,-0.0003494383709039,0.0003494383709039,0.0005620868760161,0.005643431097269,0.8505154848098755,0.8505154848098755,0.0619194880127906
2397,4,8203,suppresses_cannot,-0.0003493468102533,0.0003493468102533,0.000351992144715,0.000360426492989,0.0309278350323438,0.969072163105011,0.96925950050354
2398,7,11968,supports_cannot,0.0003488401707727,0.0003488401707727,0.0003909204388037,0.0005993672530166,0.8505154848098755,0.8505154848098755,0.5820140838623047
2399,3,12225,supports_cannot,0.0003486779460217,0.0003486779460217,0.0003570170665625,0.0004705656028818,0.9742268323898317,0.9742268323898317,0.7409762740135193
2400,5,4283,suppresses_cannot,-0.0003486625791992,0.0003486625791992,0.0003500285965856,0.0004170534666627,0.0257731955498456,0.9742268323898317,0.8360140919685364
2401,6,9652,suppresses_cannot,-0.0003467128553893,0.0003467128553893,0.0004947548150084,0.000796939828433,0.1185567006468772,0.8814433217048645,0.4350552558898926
2402,8,1258,suppresses_cannot,-0.0003444149915594,0.0003444149915594,0.0003455345868133,0.0004630987823475,0.0360824726521968,0.9639175534248352,0.7437182068824768
2403,6,6202,supports_cannot,0.0003438195562921,0.0003438195562921,0.0003602139186114,0.0007385787903331,0.8969072103500366,0.8969072103500366,0.4655150771141052
2404,5,6955,supports_cannot,0.0003436880651861,0.0003436880651861,0.0003857628034893,0.0004019228799734,0.8969072103500366,0.8969072103500366,0.855109453201294
2405,6,13439,suppresses_cannot,-0.0003411379584576,0.0003411379584576,0.0005648477235808,0.0006339976680465,0.2422680407762527,0.7577319741249084,0.5380744934082031
2406,7,9570,suppresses_cannot,-0.0003408304182812,0.0003408304182812,0.0003543047641869,0.0003302769036963,0.0515463910996913,0.9484536051750184,1.0319535732269287
2407,8,314,supports_cannot,0.0003394582890905,0.0003394582890905,0.0003561426710803,0.0004491013824008,0.9536082744598388,0.9536082744598388,0.7558611631393433
2408,0,2867,supports_cannot,0.0003393854713067,0.0003393854713067,0.0003846960607916,0.0006917405989952,0.876288652420044,0.876288652420044,0.4906253516674042
2409,6,10840,supports_cannot,0.0003389734483789,0.0003389734483789,0.0003727256553247,0.0008180536678992,0.8556700944900513,0.8556700944900513,0.4143657684326172
2410,8,1375,suppresses_cannot,-0.000338716286933,0.000338716286933,0.0003528856032062,0.0005231426330283,0.0721649453043937,0.9278350472450256,0.6474645137786865
2411,7,12683,supports_cannot,0.0003379853733349,0.0003379853733349,0.0004294035315979,0.0006208266131579,0.9432989954948424,0.9432989954948424,0.544411838054657
2412,5,3187,supports_cannot,0.0003377346729394,0.0003377346729394,0.0003639748319983,0.0005092396168038,0.9432989954948424,0.9432989954948424,0.6632136702537537
2413,5,11434,suppresses_cannot,-0.0003376775130163,0.0003376775130163,0.0003539797035045,0.0018415165832266,0.159793809056282,0.8402062058448792,0.1833692491054535
2414,2,13146,suppresses_cannot,-0.0003370393824297,0.0003370393824297,0.0004859237815253,0.0008047091541811,0.1340206116437912,0.8659793734550476,0.4188337922096252
2415,4,11010,suppresses_cannot,-0.0003369972982909,0.0003369972982909,0.0003736486251,0.0004150339518673,0.1134020611643791,0.8865979313850403,0.8119752407073975
2416,7,7489,supports_cannot,0.0003368464240338,0.0003368464240338,0.000344880769262,0.0003811793285422,0.9432989954948424,0.9432989954948424,0.8836954236030579
2417,4,4009,supports_cannot,0.0003364835865795,0.0003364835865795,0.0003574889851734,0.0003840554272755,0.9329897165298462,0.9329897165298462,0.8761329054832458
2418,6,4966,suppresses_cannot,-0.000336387718562,0.000336387718562,0.0004404918290674,0.0005546347238123,0.1340206116437912,0.8659793734550476,0.6065031886100769
2419,8,5144,supports_cannot,0.0003360196424182,0.0003360196424182,0.000409383123042,0.0009322764235548,0.7628865838050842,0.7628865838050842,0.3604291975498199
2420,7,12811,supports_cannot,0.0003355231601744,0.0003355231601744,0.0003891673404723,0.000954330957029,0.8865979313850403,0.8865979313850403,0.3515794575214386
2421,7,3800,supports_cannot,0.000335399643518,0.000335399643518,0.0003497428551781,0.0004010304110124,0.9536082744598388,0.9536082744598388,0.8363446593284607
2422,5,3133,suppresses_cannot,-0.000333103002049,0.000333103002049,0.0003661461232695,0.0004722020239569,0.1443298906087875,0.8556700944900513,0.7054247856140137
2423,5,7473,suppresses_cannot,-0.0003325152501929,0.0003325152501929,0.0004336827842053,0.0011764687951654,0.1134020611643791,0.8865979313850403,0.2826384007930755
2424,8,7545,suppresses_cannot,-0.0003324786957819,0.0003324786957819,0.0003648151468951,0.000603578693699,0.1030927821993827,0.8969072103500366,0.5508456230163574
2425,4,5812,suppresses_cannot,-0.0003318835806567,0.0003318835806567,0.0003400850400794,0.0004329830990172,0.041237112134695,0.9587628841400146,0.76650470495224
2426,4,4547,supports_cannot,0.0003312402113806,0.0003312402113806,0.0004731877706944,0.0007846960215829,0.8350515365600586,0.8350515365600586,0.4221255183219909
2427,5,1367,supports_cannot,0.0003310472820885,0.0003310472820885,0.0003934926644433,0.002358945319429,0.5515463948249817,0.5515463948249817,0.1403369903564453
2428,5,7382,suppresses_cannot,-0.0003303535340819,0.0003303535340819,0.0003749967727344,0.0006225247052498,0.1082474216818809,0.8917526006698608,0.5306673645973206
2429,5,1242,supports_cannot,0.0003301215474493,0.0003301215474493,0.0004743807658087,0.000848360126838,0.8298969268798828,0.8298969268798828,0.3891290128231048
2430,4,2617,suppresses_cannot,-0.0003281527606304,0.0003281527606304,0.000339321559295,0.0003898823924828,0.0206185560673475,0.9793814420700072,0.8416711688041687
2431,1,10124,supports_cannot,0.0003278863732703,0.0003278863732703,0.0004505232500378,0.0006492806132882,0.8608247637748718,0.8608247637748718,0.5049994587898254
2432,4,3884,supports_cannot,0.0003277155628893,0.0003277155628893,0.0003379454428795,0.0003620831703301,0.9896907210350036,0.9896907210350036,0.9050836563110352
2433,6,13757,supports_cannot,0.0003269858716521,0.0003269858716521,0.0003515282296575,0.0004794369451701,0.9329897165298462,0.9329897165298462,0.6820206046104431
2434,6,5430,suppresses_cannot,-0.0003268070577178,0.0003268070577178,0.0004440112970769,0.0006278955843299,0.1443298906087875,0.8556700944900513,0.5204799175262451
2435,3,5530,supports_cannot,0.0003260883968323,0.0003260883968323,0.0003661070950329,0.0004073946038261,0.9175257682800292,0.9175257682800292,0.8004239201545715
2436,7,5405,supports_cannot,0.0003257246280554,0.0003257246280554,0.0005516428500413,0.0011803258676081,0.5773195624351501,0.5773195624351501,0.2759616076946258
2437,7,2623,suppresses_cannot,-0.0003256539639551,0.0003256539639551,0.0004046442627441,0.0006056422134861,0.1340206116437912,0.8659793734550476,0.5377002358436584
2438,0,5343,suppresses_cannot,-0.0003254063485655,0.0003254063485655,0.0003473801771178,0.0003869935462716,0.041237112134695,0.9587628841400146,0.8408573269844055
2439,6,10487,supports_cannot,0.0003246075066272,0.0003246075066272,0.0003247015119995,0.0003751511976588,0.9948453903198242,0.9948453903198242,0.8652711510658264
2440,7,3399,suppresses_cannot,-0.0003236811899114,0.0003236811899114,0.0003265028644818,0.0005302734789438,0.0206185560673475,0.9793814420700072,0.6104042530059814
2441,4,2435,suppresses_cannot,-0.000323570886394,0.000323570886394,0.0005143696325831,0.0015037626726552,0.2113402038812637,0.7886598110198975,0.2151741683483123
2442,7,1185,suppresses_cannot,-0.0003233880852349,0.0003233880852349,0.0003567888052202,0.0009629489504732,0.1443298906087875,0.8556700944900513,0.3358309864997864
2443,6,11481,suppresses_cannot,-0.0003228436398785,0.0003228436398785,0.0003521556209307,0.0006213241722434,0.128865972161293,0.8711340427398682,0.519605815410614
2444,6,4701,supports_cannot,0.0003227072302252,0.0003227072302252,0.0003886994090862,0.0004745114711113,0.8453608155250549,0.8453608155250549,0.6800830960273743
2445,5,13404,suppresses_cannot,-0.0003223932289984,0.0003223932289984,0.0004143103433307,0.0007670300547033,0.1752577275037765,0.8247422575950623,0.420313686132431
2446,5,13419,supports_cannot,0.0003218100755475,0.0003218100755475,0.0003509450762066,0.0003851410874631,0.92268043756485,0.92268043756485,0.835564136505127
2447,5,7435,suppresses_cannot,-0.0003216816694475,0.0003216816694475,0.0003653884632512,0.0005398214561864,0.1649484485387802,0.8350515365600586,0.5959038138389587
2448,2,13335,supports_cannot,0.000320863793604,0.000320863793604,0.000423470424721,0.0023800544440746,0.6958763003349304,0.6958763003349304,0.1348136365413665
2449,5,11080,suppresses_cannot,-0.0003207897534593,0.0003207897534593,0.0003207897534593,0.0002382757083978,0.0,1.0,1.3462965488433838
2450,0,7433,suppresses_cannot,-0.0003206763649359,0.0003206763649359,0.001258966512978,0.0026930253952741,0.4226804077625274,0.5773196220397949,0.1190766245126724
2451,6,5697,suppresses_cannot,-0.0003202231891918,0.0003202231891918,0.0003417134284973,0.0004223154392093,0.0824742242693901,0.9175257682800292,0.7582559585571289
2452,1,9581,supports_cannot,0.0003199740312993,0.0003199740312993,0.0003322390548419,0.0004674304800573,0.984536111354828,0.984536111354828,0.6845382452011108
2453,5,3741,suppresses_cannot,-0.0003197374462615,0.0003197374462615,0.0005668373778462,0.0011212803656235,0.1546391695737838,0.8453608155250549,0.285153865814209
2454,5,309,supports_cannot,0.0003196630859747,0.0003196630859747,0.0003430668148212,0.0004485945100896,0.8917526006698608,0.8917526006698608,0.7125880718231201
2455,3,11396,supports_cannot,0.0003196581674274,0.0003196581674274,0.0003404042799957,0.0003952717233914,0.9484536051750184,0.9484536051750184,0.8087048530578613
2456,3,2866,suppresses_cannot,-0.0003191954747308,0.0003191954747308,0.0003265600244048,0.0003459344152361,0.0257731955498456,0.9742268323898317,0.9227051734924316
2457,1,2341,suppresses_cannot,-0.0003187263209838,0.0003187263209838,0.0003316187357995,0.0004058387421537,0.0773195847868919,0.92268043756485,0.7853521108627319
2458,6,8959,suppresses_cannot,-0.0003186206158716,0.0003186206158716,0.000349211943103,0.000714736233931,0.128865972161293,0.8711340427398682,0.4457876980304718
2459,6,3245,suppresses_cannot,-0.0003183554799761,0.0003183554799761,0.0003545354993548,0.0003548729291651,0.1030927821993827,0.8969072103500366,0.897097110748291
2460,6,11682,supports_cannot,0.0003180300991516,0.0003180300991516,0.0003238308127038,0.0002856927749235,0.984536111354828,0.984536111354828,1.1131891012191772
2461,7,879,suppresses_cannot,-0.00031782334554,0.00031782334554,0.0003411975631024,0.0005332127329893,0.0309278350323438,0.969072163105011,0.5960535407066345
2462,5,2845,supports_cannot,0.0003175293095409,0.0003175293095409,0.0003366617893334,0.0003040258598048,0.9020618796348572,0.9020618796348572,1.0444154739379885
2463,5,12083,suppresses_cannot,-0.0003171547723468,0.0003171547723468,0.0003982361522503,0.0005371900042518,0.1494845300912857,0.8505154848098755,0.5903958678245544
2464,6,8938,suppresses_cannot,-0.0003170432464685,0.0003170432464685,0.000425902835559,0.001072997925803,0.3711340129375458,0.6288659572601318,0.2954742312431335
2465,6,12790,suppresses_cannot,-0.0003170109994243,0.0003170109994243,0.0006178454495966,0.0011349179549142,0.2422680407762527,0.7577319741249084,0.2793250381946563
2466,7,10594,supports_cannot,0.0003169341944158,0.0003169341944158,0.000490351114422,0.0010161844547837,0.7422680258750916,0.7422680258750916,0.3118864893913269
2467,5,7571,supports_cannot,0.0003156305465381,0.0003156305465381,0.0003156305465381,0.0002522748836781,1.0,1.0,1.251137375831604
2468,0,7375,suppresses_cannot,-0.0003147764364257,0.0003147764364257,0.000434433663031,0.0005604433827102,0.1546391695737838,0.8453608155250549,0.5616560578346252
2469,5,4176,supports_cannot,0.0003108360688202,0.0003108360688202,0.0003334575740154,0.0004646209126804,0.9175257682800292,0.9175257682800292,0.6690100431442261
2470,3,6682,suppresses_cannot,-0.0003105229989159,0.0003105229989159,0.0003528140368871,0.0004237099783495,0.0257731955498456,0.9742268323898317,0.7328668832778931
2471,0,3467,suppresses_cannot,-0.0003102676710113,0.0003102676710113,0.0005917717935517,0.0012779925018548,0.3350515365600586,0.6649484634399414,0.2427773773670196
2472,4,10072,suppresses_cannot,-0.0003089929232373,0.0003089929232373,0.0003366077144164,0.0003826057945843,0.041237112134695,0.9587628841400146,0.807601273059845
2473,4,8280,suppresses_cannot,-0.0003055079141631,0.0003055079141631,0.000339190068189,0.0003487480571493,0.0618556700646877,0.938144326210022,0.8760132193565369
2474,0,10734,suppresses_cannot,-0.0003052114334423,0.0003052114334423,0.0004937261692248,0.0006731317844241,0.2989690601825714,0.701030969619751,0.4534200429916382
2475,4,11277,supports_cannot,0.0003040571173187,0.0003040571173187,0.0004091388836968,0.0010539105860516,0.7268041372299194,0.7268041372299194,0.2885037064552307
2476,5,7381,supports_cannot,0.0003037160786334,0.0003037160786334,0.0004714785900432,0.0006279173539951,0.7835051417350769,0.7835051417350769,0.4836879968643188
2477,5,12506,supports_cannot,0.0003037139249499,0.0003037139249499,0.0003074069682043,0.0003548652748577,0.9793814420700072,0.9793814420700072,0.8558570146560669
2478,1,3973,suppresses_cannot,-0.0003018160932697,0.0003018160932697,0.0003130494442302,0.0005869632586836,0.0515463910996913,0.9484536051750184,0.5141993165016174
2479,4,1996,supports_cannot,0.0002981621073558,0.0002981621073558,0.0003564234939403,0.0005169950891286,0.8608247637748718,0.8608247637748718,0.5767213702201843
2480,0,3692,supports_cannot,0.0002973515947815,0.0002973515947815,0.0002973515947815,0.0002953183720819,1.0,1.0,1.0068848133087158
2481,0,42,suppresses_cannot,-0.0002972744696307,0.0002972744696307,0.0004118069482501,0.0005021147662773,0.1752577275037765,0.8247422575950623,0.5920448899269104
2482,4,4988,suppresses_cannot,-0.0002957216929644,0.0002957216929644,0.0003648452402558,0.0004058040503878,0.1237113401293754,0.876288652420044,0.7287302613258362
2483,0,6119,suppresses_cannot,-0.0002954768133349,0.0002954768133349,0.0003277641080785,0.0036439124960452,0.5103092789649963,0.5103092789649963,0.0810877904295921
2484,2,5843,suppresses_cannot,-0.0002954734372906,0.0002954734372906,0.00035946915159,0.0006535683060064,0.2371134012937545,0.7628865838050842,0.4520926773548126
2485,0,10834,suppresses_cannot,-0.0002954633091576,0.0002954633091576,0.0003498510050121,0.0004577377112582,0.1391752511262893,0.8608247637748718,0.645486056804657
2486,2,3301,supports_cannot,0.0002948119363281,0.0002948119363281,0.0004068213747814,0.0009366350714117,0.8917526006698608,0.8917526006698608,0.3147564530372619
2487,4,2975,supports_cannot,0.0002927221066784,0.0002927221066784,0.0003889215295203,0.0005463861161842,0.8969072103500366,0.8969072103500366,0.5357422232627869
2488,0,8693,suppresses_cannot,-0.0002918526006396,0.0002918526006396,0.000311066803988,0.0003241093945689,0.0309278350323438,0.969072163105011,0.9004756212234497
2489,2,8465,suppresses_cannot,-0.0002906525332946,0.0002906525332946,0.0002927061286754,0.0003708710719365,0.0103092780336737,0.9896907210350036,0.7837023735046387
2490,4,11943,suppresses_cannot,-0.0002897861122619,0.0002897861122619,0.000324439140968,0.0004412240814417,0.0515463910996913,0.9484536051750184,0.6567776203155518
2491,0,10357,suppresses_cannot,-0.0002896607620641,0.0002896607620641,0.0003125550865661,0.0003183140361215,0.0618556700646877,0.938144326210022,0.9099842309951782
2492,4,10516,suppresses_cannot,-0.0002885058347601,0.0002885058347601,0.0002908642054535,0.0003294124617241,0.0257731955498456,0.9742268323898317,0.8758194446563721
2493,4,8207,suppresses_cannot,-0.0002875441859941,0.0002875441859941,0.0002947323664557,0.0003769935574382,0.0515463910996913,0.9484536051750184,0.7627297043800354
2494,0,11180,suppresses_cannot,-0.0002874572237487,0.0002874572237487,0.0003032985550817,0.0003519106248859,0.0154639175161719,0.984536111354828,0.8168472647666931
2495,3,10654,suppresses_cannot,-0.0002874258789233,0.0002874258789233,0.0003271496098022,0.0006867114570923,0.0618556700646877,0.938144326210022,0.4185540676116943
2496,3,12958,supports_cannot,0.00028693000786,0.00028693000786,0.0003162364300806,0.00062310899375,0.8247422575950623,0.8247422575950623,0.4604812562465668
2497,0,2234,supports_cannot,0.000286247319309,0.000286247319309,0.0003380996640771,0.0004183609853498,0.969072163105011,0.969072163105011,0.6842113137245178
2498,3,5557,suppresses_cannot,-0.0002856033388525,0.0002856033388525,0.0002877564693335,0.0003251779999118,0.0051546390168368,0.9948453903198242,0.8782984614372253
2499,4,7513,supports_cannot,0.000283180444967,0.000283180444967,0.000284500332782,0.000235709361732,0.9742268323898317,0.9742268323898317,1.2013967037200928
2500,4,13651,suppresses_cannot,-0.0002823066606651,0.0002823066606651,0.0002927823225036,0.0003317399532534,0.0103092780336737,0.9896907210350036,0.8509878516197205
2501,0,12271,suppresses_cannot,-0.0002797196793835,0.0002797196793835,0.0002816688211169,0.0004002851201221,0.0154639175161719,0.984536111354828,0.6988011002540588
2502,2,714,supports_cannot,0.0002786987170111,0.0002786987170111,0.0004838880267925,0.0009072122047655,0.6752577424049377,0.6752577424049377,0.3072034418582916
2503,0,6100,supports_cannot,0.0002743767690844,0.0002743767690844,0.0002767431433312,0.0003078022273257,0.9793814420700072,0.9793814420700072,0.8914060592651367
2504,3,4677,suppresses_cannot,-0.0002742004289757,0.0002742004289757,0.0002757427573669,0.000416094699176,0.0360824726521968,0.9639175534248352,0.6589856147766113
2505,1,6412,suppresses_cannot,-0.0002725293452385,0.0002725293452385,0.0004624199063982,0.0008356610778719,0.3814432919025421,0.6185567378997803,0.3261242508888244
2506,1,12657,suppresses_cannot,-0.0002722758508753,0.0002722758508753,0.0003020634467247,0.0005488267634063,0.1494845300912857,0.8505154848098755,0.496105283498764
2507,1,3452,suppresses_cannot,-0.000270782969892,0.000270782969892,0.0002756766916718,0.0004752975364681,0.0670103058218956,0.9329897165298462,0.5697125196456909
2508,3,430,supports_cannot,0.0002704978687688,0.0002704978687688,0.0002716782910283,0.000407370069297,0.9896907210350036,0.9896907210350036,0.6640101671218872
2509,3,2459,suppresses_cannot,-0.0002697537129279,0.0002697537129279,0.0002728568506427,0.0003142032655887,0.0257731955498456,0.9742268323898317,0.8585324883460999
2510,0,1090,supports_cannot,0.0002689321700017,0.0002689321700017,0.0002830947050824,0.0003305094433017,0.9175257682800292,0.9175257682800292,0.8136898279190063
2511,0,13214,suppresses_cannot,-0.0002675846044439,0.0002675846044439,0.0003017196431756,0.0002806384291034,0.0360824726521968,0.9639175534248352,0.9534852504730223
2512,0,9394,supports_cannot,0.0002660493191797,0.0002660493191797,0.0003098446177318,0.0005311393178999,0.8556700944900513,0.8556700944900513,0.5009030699729919
2513,3,1905,suppresses_cannot,-0.0002654198033269,0.0002654198033269,0.0002856909122783,0.000288439769065,0.0567010305821895,0.9432989954948424,0.9201914072036744
2514,1,12767,suppresses_cannot,-0.0002650735259521,0.0002650735259521,0.000272594159469,0.0004172754997853,0.041237112134695,0.9587628841400146,0.6352482438087463
2515,1,8776,suppresses_cannot,-0.0002645911590661,0.0002645911590661,0.0002849882293958,0.0002965417224913,0.0515463910996913,0.9484536051750184,0.8922560811042786
2516,2,1499,supports_cannot,0.0002626346540637,0.0002626346540637,0.0002707777603063,0.0002386444684816,0.9742268323898317,0.9742268323898317,1.1005269289016724
2517,2,9808,supports_cannot,0.0002618127909954,0.0002618127909954,0.0002763686061371,0.0005463132984004,0.907216489315033,0.907216489315033,0.4792356193065643
2518,2,6216,suppresses_cannot,-0.0002592669916339,0.0002592669916339,0.0002828894939739,0.0029799786861985,0.3195876181125641,0.6804124116897583,0.087002970278263
2519,3,7797,supports_cannot,0.0002565952308941,0.0002565952308941,0.0003548009553924,0.0006664280663244,0.8247422575950623,0.8247422575950623,0.3850306570529938
2520,1,11000,suppresses_cannot,-0.0002554498496465,0.0002554498496465,0.0003097472072113,0.0004444454971235,0.0515463910996913,0.9484536051750184,0.5747607946395874
2521,3,3682,supports_cannot,0.0002553622762206,0.0002553622762206,0.0003657101478893,0.0008318751933984,0.5721649527549744,0.5721649527549744,0.3069718480110168
2522,2,1683,suppresses_cannot,-0.0002537965774536,0.0002537965774536,0.0002656984433997,0.0003350826737005,0.0463917516171932,0.9536082744598388,0.7574148178100586
2523,2,8252,suppresses_cannot,-0.0002534767263568,0.0002534767263568,0.000273946323432,0.0003232104936614,0.0257731955498456,0.9742268323898317,0.784246563911438
2524,3,4072,supports_cannot,0.0002512271166779,0.0002512271166779,0.0002961468999274,0.0004625541332643,0.907216489315033,0.907216489315033,0.5431302189826965
2525,2,13951,suppresses_cannot,-0.0002502153802197,0.0002502153802197,0.0002889104653149,0.000364326435374,0.0360824726521968,0.9639175534248352,0.6867889761924744
2526,3,12241,supports_cannot,0.0002497892419341,0.0002497892419341,0.0002498414833098,0.0002351564908167,0.9896907210350036,0.9896907210350036,1.062225580215454
2527,1,5083,supports_cannot,0.0002485233999323,0.0002485233999323,0.0002698827593121,0.0003622167569119,0.938144326210022,0.938144326210022,0.6861178874969482
2528,3,3171,supports_cannot,0.0002476803492754,0.0002476803492754,0.0002481842238921,0.0003309947787784,0.9896907210350036,0.9896907210350036,0.7482907772064209
2529,1,3500,supports_cannot,0.0002449959865771,0.0002449959865771,0.0003128027310594,0.0004477664479054,0.8865979313850403,0.8865979313850403,0.5471512675285339
2530,1,2081,supports_cannot,0.0002441882388666,0.0002441882388666,0.0002718497125897,0.0004237139073666,0.9484536051750184,0.9484536051750184,0.5763044953346252
2531,2,8451,suppresses_cannot,-0.000242035719566,0.000242035719566,0.0003776547091547,0.0010898192413151,0.4639175236225128,0.5360825061798096,0.222087949514389
2532,2,6850,supports_cannot,0.0002420019300188,0.0002420019300188,0.0002730688429437,0.0003449919167906,0.9329897165298462,0.9329897165298462,0.7014713287353516
2533,1,2696,supports_cannot,0.0002417078940197,0.0002417078940197,0.0002576069673523,0.0004127290449105,0.8865979313850403,0.8865979313850403,0.5856333374977112
2534,2,5997,suppresses_cannot,-0.0002411143068457,0.0002411143068457,0.0002427181025268,0.0003482361789792,0.0154639175161719,0.984536111354828,0.6923872828483582
2535,1,10614,suppresses_cannot,-0.0002404893748462,0.0002404893748462,0.0002457407244946,0.0003385482123121,0.0618556700646877,0.938144326210022,0.7103548645973206
2536,1,7650,suppresses_cannot,-0.0002403833786956,0.0002403833786956,0.0002483882126398,0.0002846453280653,0.0360824726521968,0.9639175534248352,0.8445013761520386
2537,2,14074,supports_cannot,0.0002403581893304,0.0002403581893304,0.0003203943197149,0.0007939825300127,0.7835051417350769,0.7835051417350769,0.3027247786521911
2538,1,5760,suppresses_cannot,-0.0002397160569671,0.0002397160569671,0.0002397775097051,0.0002299151965416,0.0051546390168368,0.9948453903198242,1.0426281690597534
2539,2,4287,supports_cannot,0.0002396561467321,0.0002396561467321,0.0002451268665026,0.000267678842647,0.9742268323898317,0.9742268323898317,0.8953122496604919
2540,2,7876,supports_cannot,0.000238885579165,0.000238885579165,0.000238885579165,0.000216555679799,1.0,1.0,1.103113889694214
2541,3,6058,supports_cannot,0.0002350613649468,0.0002350613649468,0.0003003462625201,0.000384225801099,0.8195876479148865,0.8195876479148865,0.6117792129516602
2542,3,10818,supports_cannot,0.0002347572008147,0.0002347572008147,0.0003516726137604,0.000579499232117,0.7474226951599121,0.7474226951599121,0.4051035642623901
2543,3,11569,suppresses_cannot,-0.0002338499180041,0.0002338499180041,0.0002964433806482,0.0004255432286299,0.1494845300912857,0.8505154848098755,0.5495327115058899
2544,2,3885,supports_cannot,0.0002337995247216,0.0002337995247216,0.0002671664406079,0.0003890921361744,0.8814433217048645,0.8814433217048645,0.600884735584259
2545,2,3796,supports_cannot,0.0002328409318579,0.0002328409318579,0.0003758970124181,0.0014127233298495,0.5,0.5,0.1648170799016952
2546,2,13093,supports_cannot,0.0002311594143975,0.0002311594143975,0.0002402008831268,0.0003288259613327,0.9742268323898317,0.9742268323898317,0.702984094619751
2547,3,352,suppresses_cannot,-0.0002303584333276,0.0002303584333276,0.0002908319584093,0.0003472365206107,0.0979381427168846,0.9020618796348572,0.6634049415588379
2548,3,4007,supports_cannot,0.0002291386917931,0.0002291386917931,0.0002330713614355,0.0003028231440111,0.9948453903198242,0.9948453903198242,0.7566749453544617
2549,3,9217,supports_cannot,0.0002282725763507,0.0002282725763507,0.0002845319977495,0.000359715137165,0.8041236996650696,0.8041236996650696,0.6345926523208618
2550,3,2537,supports_cannot,0.0002250911056762,0.0002250911056762,0.0002266101073473,0.0003291495377197,0.984536111354828,0.984536111354828,0.6838566660881042
2551,1,1476,suppresses_cannot,-0.0002240907342638,0.0002240907342638,0.0002302724024048,0.0002920498664025,0.041237112134695,0.9587628841400146,0.7673029899597168
2552,3,161,supports_cannot,0.0002221919858129,0.0002221919858129,0.0003480038722045,0.0005774585879407,0.7680412530899048,0.7680412530899048,0.3847756087779999
2553,1,13136,supports_cannot,0.0002220420428784,0.0002220420428784,0.0003002660814672,0.0004288072232156,0.7628865838050842,0.7628865838050842,0.5178132057189941
2554,3,3761,suppresses_cannot,-0.0002214619744336,0.0002214619744336,0.0002214619744336,0.0002771923609543,0.0,1.0,0.7989469170570374
2555,1,8671,suppresses_cannot,-0.0002199285372626,0.0002199285372626,0.000260913191596,0.000306948844809,0.1804123669862747,0.8195876479148865,0.7164989709854126
2556,1,4263,supports_cannot,0.0002193792024627,0.0002193792024627,0.0002293688157806,0.0003539951576385,0.938144326210022,0.938144326210022,0.6197237372398376
2557,1,4670,supports_cannot,0.0002191767271142,0.0002191767271142,0.0002210441307397,0.0002460346440784,0.984536111354828,0.984536111354828,0.8908368349075317
2558,3,7913,suppresses_cannot,-0.0002191275707446,0.0002191275707446,0.0002191275707446,0.000220490648644,0.0,1.0,0.9938179850578308
2559,1,3739,supports_cannot,0.0002168576756957,0.0002168576756957,0.000225551353651,0.0001519110664958,0.969072163105011,0.969072163105011,1.4275304079055786
2560,1,7906,supports_cannot,0.0002147367922589,0.0002147367922589,0.0002278676402056,0.0002943842846434,0.8711340427398682,0.8711340427398682,0.7294437885284424
2561,1,3049,supports_cannot,0.0002145481412298,0.0002145481412298,0.0002350871654925,0.0003114379651378,0.9587628841400146,0.9587628841400146,0.6888952851295471
2562,1,13868,suppresses_cannot,-0.0002080309641314,0.0002080309641314,0.0002091818896587,0.0002495705848559,0.0154639175161719,0.984536111354828,0.8335556387901306
2563,1,4568,supports_cannot,0.0002079034602502,0.0002079034602502,0.0002208345977123,0.0002112606161972,0.9896907210350036,0.9896907210350036,0.9841089248657228
2564,1,5911,supports_cannot,0.0002059282123809,0.0002059282123809,0.0002772847947198,0.0004926787223666,0.7525773048400879,0.7525773048400879,0.4179766774177551
2565,1,7711,supports_cannot,0.0002043118147412,0.0002043118147412,0.0002357787743676,0.0002947634202428,0.8865979313850403,0.8865979313850403,0.6931383013725281
2566,1,6288,suppresses_cannot,-0.0002024275163421,0.0002024275163421,0.0002099186531268,0.0002225276693934,0.0463917516171932,0.9536082744598388,0.9096734523773192
2567,1,13683,suppresses_cannot,-0.0002011284959735,0.0002011284959735,0.0002028336893999,0.0002214417909272,0.0257731955498456,0.9742268323898317,0.9082680344581604
2568,1,9715,suppresses_cannot,-0.0002011048491112,0.0002011048491112,0.0002163734607165,0.0003495865676086,0.0257731955498456,0.9742268323898317,0.5752648115158081
2569,1,12823,suppresses_cannot,-0.000200600043172,0.000200600043172,0.0002010492316912,0.0001513743482064,0.0154639175161719,0.984536111354828,1.3251917362213137
2570,1,1740,supports_cannot,0.0001986493734875,0.0001986493734875,0.000200095862965,0.0002437389484839,0.984536111354828,0.984536111354828,0.8150087594985962
