rank,layer,neuron,direction,mean_ig,abs_mean_ig,mean_abs_ig,std_g,positive_fraction,sign_consistency,snr
1,31,9936,supports_cannot,0.0034556984901428223,0.0034556984901428223,0.0034556984901428223,0.0022051455453038216,1.0,1.0,1.5671067237854004
2,30,5341,suppresses_cannot,-0.0030252933502197266,0.0030252933502197266,0.0030252933502197266,0.002632499672472477,0.0,1.0,1.1492093801498413
3,11,11321,supports_cannot,0.0017544031143188477,0.0017544031143188477,0.0017544031143188477,0.0007985046249814332,1.0,1.0,2.197110891342163
4,16,1241,supports_cannot,0.0017249584197998047,0.0017249584197998047,0.0017249584197998047,0.0002208135847467929,1.0,1.0,7.811830997467041
5,13,4208,supports_cannot,0.0014586448669433594,0.0014586448669433594,0.0014586448669433594,0.0008899080567061901,1.0,1.0,1.6390961408615112
6,25,8701,supports_cannot,0.0012286901473999023,0.0012286901473999023,0.0012286901473999023,0.00019340064318384975,1.0,1.0,6.353082180023193
7,27,6070,suppresses_cannot,-0.0009661018848419189,0.0009661018848419189,0.0009661018848419189,0.0005570154753513634,0.0,1.0,1.7344255447387695
8,20,2204,supports_cannot,0.0009500980377197266,0.0009500980377197266,0.0009500980377197266,0.0002189551159972325,1.0,1.0,4.339236736297607
9,7,6673,supports_cannot,0.0009468197822570801,0.0009468197822570801,0.0009468197822570801,0.000682726560626179,1.0,1.0,1.3868213891983032
10,12,13860,supports_cannot,0.0009052753448486328,0.0009052753448486328,0.0009052753448486328,0.00025955133605748415,1.0,1.0,3.487847089767456
11,20,5425,suppresses_cannot,-0.0008945465087890625,0.0008945465087890625,0.0008945465087890625,0.0002548889897298068,0.0,1.0,3.5095534324645996
12,30,13853,suppresses_cannot,-0.0008320808410644531,0.0008320808410644531,0.0008320808410644531,0.00025034291320480406,0.0,1.0,3.3237643241882324
13,24,5326,suppresses_cannot,-0.0008189678192138672,0.0008189678192138672,0.0008189678192138672,0.0006998202879913151,0.0,1.0,1.1702544689178467
14,22,4821,supports_cannot,0.0007593631744384766,0.0007593631744384766,0.0007593631744384766,0.00029266392812132835,1.0,1.0,2.5946593284606934
15,20,6356,suppresses_cannot,-0.0007529258728027344,0.0007529258728027344,0.0007529258728027344,0.00021409404871519655,0.0,1.0,3.5167996883392334
16,22,12959,suppresses_cannot,-0.0007303804159164429,0.0007303804159164429,0.0007303804159164429,0.0005002761608920991,0.0,1.0,1.4599545001983643
17,16,2432,suppresses_cannot,-0.000729680061340332,0.000729680061340332,0.000729680061340332,0.00033721799263730645,0.0,1.0,2.163823127746582
18,31,13076,supports_cannot,0.0007150769233703613,0.0007150769233703613,0.0007150769233703613,0.00030275495373643935,1.0,1.0,2.3619000911712646
19,18,7148,supports_cannot,0.0006688833236694336,0.0006688833236694336,0.0006688833236694336,0.00047378704766742885,1.0,1.0,1.4117804765701294
20,9,4255,supports_cannot,0.0006521940231323242,0.0006521940231323242,0.0006521940231323242,0.00025527412071824074,1.0,1.0,2.554877281188965
21,16,6310,supports_cannot,0.0006474852561950684,0.0006474852561950684,0.0006474852561950684,0.00034854147816076875,1.0,1.0,1.8576992750167847
22,15,5679,supports_cannot,0.0006380081176757812,0.0006380081176757812,0.0006380081176757812,0.0003025508194696158,1.0,1.0,2.1087634563446045
23,23,7812,suppresses_cannot,-0.0006354153156280518,0.0006354153156280518,0.0006687343120574951,0.00043251289753243327,0.25,0.75,1.4691245555877686
24,22,8514,suppresses_cannot,-0.0006123930215835571,0.0006123930215835571,0.0006310790777206421,0.00047951427404768765,0.25,0.75,1.2771111726760864
25,31,5041,suppresses_cannot,-0.000609278678894043,0.000609278678894043,0.000609278678894043,0.00023997836979106069,0.0,1.0,2.5388898849487305
26,10,9064,suppresses_cannot,-0.0005788803100585938,0.0005788803100585938,0.0005788803100585938,0.0005933148204348981,0.0,1.0,0.9756714105606079
27,30,5905,suppresses_cannot,-0.0005748867988586426,0.0005748867988586426,0.0005748867988586426,0.00025469507090747356,0.0,1.0,2.25715708732605
28,24,12782,suppresses_cannot,-0.000571027398109436,0.000571027398109436,0.000571027398109436,0.0005285629304125905,0.0,1.0,1.0803394317626953
29,12,1481,suppresses_cannot,-0.0005681365728378296,0.0005681365728378296,0.0005681365728378296,0.00032943300902843475,0.0,1.0,1.7245891094207764
30,31,14073,supports_cannot,0.0005634427070617676,0.0005634427070617676,0.0005634427070617676,0.0002591659431345761,1.0,1.0,2.1740615367889404
31,26,529,supports_cannot,0.0005374550819396973,0.0005374550819396973,0.0005374550819396973,0.00026857186458073556,1.0,1.0,2.001159191131592
32,10,1084,suppresses_cannot,-0.0005231201648712158,0.0005231201648712158,0.0005585849285125732,0.0004302830493543297,0.25,0.75,1.215758204460144
33,6,5866,supports_cannot,0.0005045086145401001,0.0005045086145401001,0.0006315857172012329,0.0005940028349868953,0.75,0.75,0.8493370413780212
34,20,1168,supports_cannot,0.0005035996437072754,0.0005035996437072754,0.0005035996437072754,8.047048322623596e-05,1.0,1.0,6.258191108703613
35,31,714,suppresses_cannot,-0.0004901289939880371,0.0004901289939880371,0.0004901289939880371,6.25535030849278e-05,0.0,1.0,7.83535623550415
36,18,5964,supports_cannot,0.0004807412624359131,0.0004807412624359131,0.0004807412624359131,0.00021359782840590924,1.0,1.0,2.2506842613220215
37,16,12528,supports_cannot,0.0004627108573913574,0.0004627108573913574,0.0004627108573913574,0.00021572186960838735,1.0,1.0,2.144941806793213
38,26,592,supports_cannot,0.0004526972770690918,0.0004526972770690918,0.0004526972770690918,9.082955511985347e-05,1.0,1.0,4.984030723571777
39,31,9678,suppresses_cannot,-0.0004519820213317871,0.0004519820213317871,0.0004519820213317871,0.0001339927694061771,0.0,1.0,3.3731820583343506
40,16,11277,supports_cannot,0.00045108795166015625,0.00045108795166015625,0.00045108795166015625,0.0001298771967412904,1.0,1.0,3.4731881618499756
41,17,5245,suppresses_cannot,-0.00045037269592285156,0.00045037269592285156,0.00045037269592285156,0.00019103428348898888,0.0,1.0,2.357548952102661
42,28,5152,suppresses_cannot,-0.0004368424415588379,0.0004368424415588379,0.0004368424415588379,0.00013262228458188474,0.0,1.0,3.293884038925171
43,16,6950,suppresses_cannot,-0.00043079257011413574,0.00043079257011413574,0.000517040491104126,0.000420229829614982,0.25,0.75,1.0251356363296509
44,16,4974,supports_cannot,0.00043007731437683105,0.00043007731437683105,0.00043007731437683105,0.00012580868497025222,1.0,1.0,3.4185025691986084
45,9,7310,suppresses_cannot,-0.0004142969846725464,0.0004142969846725464,0.0004142969846725464,0.0006460506119765341,0.0,1.0,0.6412763595581055
46,19,8952,supports_cannot,0.00041371583938598633,0.00041371583938598633,0.00041371583938598633,0.00015579329920001328,1.0,1.0,2.655543327331543
47,31,11999,supports_cannot,0.000406116247177124,0.000406116247177124,0.000406116247177124,0.00020306705846451223,1.0,1.0,1.9999120235443115
48,28,4130,supports_cannot,0.0004004836082458496,0.0004004836082458496,0.0004004836082458496,4.505586912273429e-05,1.0,1.0,8.88860034942627
49,20,9623,suppresses_cannot,-0.0003916621208190918,0.0003916621208190918,0.00041925907135009766,0.0004255616804584861,0.25,0.75,0.9203416109085083
50,30,12394,supports_cannot,0.0003820359706878662,0.0003820359706878662,0.0003820359706878662,0.00012977028382010758,1.0,1.0,2.9439404010772705
51,31,5099,supports_cannot,0.0003758072853088379,0.0003758072853088379,0.0003758072853088379,0.00016511199646629393,1.0,1.0,2.2760748863220215
52,21,13085,suppresses_cannot,-0.0003711581230163574,0.0003711581230163574,0.0003711581230163574,0.00017120242409873754,0.0,1.0,2.1679489612579346
53,31,8591,supports_cannot,0.0003681182861328125,0.0003681182861328125,0.0003681182861328125,0.00013527434202842414,1.0,1.0,2.7212719917297363
54,31,10712,suppresses_cannot,-0.00036725401878356934,0.00036725401878356934,0.00036725401878356934,0.0001422865898348391,0.0,1.0,2.5810866355895996
55,17,8517,suppresses_cannot,-0.00036460161209106445,0.00036460161209106445,0.00036460161209106445,0.0002573428791947663,0.0,1.0,1.4167931079864502
56,22,7399,supports_cannot,0.00036385655403137207,0.00036385655403137207,0.00036385655403137207,9.808578761294484e-05,1.0,1.0,3.7095746994018555
57,24,3804,suppresses_cannot,-0.0003573894500732422,0.0003573894500732422,0.0003573894500732422,9.180988126900047e-05,0.0,1.0,3.892712354660034
58,10,11570,supports_cannot,0.00035381317138671875,0.00035381317138671875,0.00047391653060913086,0.0004876476596109569,0.75,0.75,0.7255508303642273
59,27,4251,suppresses_cannot,-0.00035318732261657715,0.00035318732261657715,0.00035318732261657715,9.064796176971868e-05,0.0,1.0,3.896252155303955
60,30,11970,suppresses_cannot,-0.0003522038459777832,0.0003522038459777832,0.0003522038459777832,8.221784082707018e-05,0.0,1.0,4.283788681030273
61,11,4258,supports_cannot,0.00035127997398376465,0.00035127997398376465,0.00043782591819763184,0.00046432105591520667,0.75,0.75,0.7565454244613647
62,30,12336,suppresses_cannot,-0.00035050511360168457,0.00035050511360168457,0.00035050511360168457,0.00018507234926801175,0.0,1.0,1.8938815593719482
63,27,1686,supports_cannot,0.000347137451171875,0.000347137451171875,0.000347137451171875,7.040618220344186e-05,1.0,1.0,4.930496692657471
64,17,7878,suppresses_cannot,-0.00034224987030029297,0.00034224987030029297,0.00034224987030029297,0.0002186511264881119,0.0,1.0,1.5652782917022705
65,26,12639,suppresses_cannot,-0.000341564416885376,0.000341564416885376,0.000341564416885376,0.00013760675210505724,0.0,1.0,2.482177734375
66,26,13447,suppresses_cannot,-0.0003406107425689697,0.0003406107425689697,0.0003406107425689697,0.00016481828060932457,0.0,1.0,2.0665836334228516
67,20,9424,suppresses_cannot,-0.0003400444984436035,0.0003400444984436035,0.0003400444984436035,0.0004210266924928874,0.0,1.0,0.8076554536819458
68,12,1889,suppresses_cannot,-0.0003369152545928955,0.0003369152545928955,0.0003369152545928955,0.00014843855751678348,0.0,1.0,2.269728660583496
69,28,12743,supports_cannot,0.0003349781036376953,0.0003349781036376953,0.0003349781036376953,8.164974860846996e-05,1.0,1.0,4.1026225090026855
70,17,4374,suppresses_cannot,-0.00033277273178100586,0.00033277273178100586,0.00047832727432250977,0.0004355717683210969,0.25,0.75,0.763990581035614
71,27,8839,suppresses_cannot,-0.0003314018249511719,0.0003314018249511719,0.0003314018249511719,0.00011372928565833718,0.0,1.0,2.9139533042907715
72,31,3387,suppresses_cannot,-0.00033026933670043945,0.00033026933670043945,0.00033026933670043945,0.00012468053319025785,0.0,1.0,2.6489245891571045
73,19,12151,supports_cannot,0.0003269016742706299,0.0003269016742706299,0.0003269016742706299,0.0001925716787809506,1.0,1.0,1.6975584030151367
74,28,4074,suppresses_cannot,-0.0003268122673034668,0.0003268122673034668,0.0003268122673034668,0.00016454971046186984,0.0,1.0,1.9861005544662476
75,20,13715,suppresses_cannot,-0.00032582879066467285,0.00032582879066467285,0.00032582879066467285,9.645900718169287e-05,0.0,1.0,3.377899169921875
76,31,11276,suppresses_cannot,-0.00032508373260498047,0.00032508373260498047,0.00032508373260498047,0.0001311433588853106,0.0,1.0,2.4788424968719482
77,29,841,suppresses_cannot,-0.0003230273723602295,0.0003230273723602295,0.0003230273723602295,0.00015779533714521676,0.0,1.0,2.047128677368164
78,17,1632,supports_cannot,0.0003223121166229248,0.0003223121166229248,0.0003223121166229248,0.0002185193879995495,1.0,1.0,1.4749817848205566
79,18,3236,supports_cannot,0.0003216564655303955,0.0003216564655303955,0.0003216564655303955,8.998312841868028e-05,1.0,1.0,3.5746307373046875
80,16,3884,supports_cannot,0.00032126903533935547,0.00032126903533935547,0.00032126903533935547,0.00019696452363859862,1.0,1.0,1.6311010122299194
81,23,2343,supports_cannot,0.0003198981285095215,0.0003198981285095215,0.0003198981285095215,0.00018750340677797794,1.0,1.0,1.706092357635498
82,20,9928,suppresses_cannot,-0.0003183633089065552,0.0003183633089065552,0.0003183633089065552,0.0002508201287128031,0.0,1.0,1.269289255142212
83,20,10080,suppresses_cannot,-0.00031819939613342285,0.00031819939613342285,0.00031819939613342285,9.507893264526501e-05,0.0,1.0,3.346686601638794
84,27,11269,suppresses_cannot,-0.0003177821636199951,0.0003177821636199951,0.0003177821636199951,9.094857523450628e-05,0.0,1.0,3.494086265563965
85,29,10790,suppresses_cannot,-0.00031769275665283203,0.00031769275665283203,0.00031769275665283203,6.56273914501071e-05,0.0,1.0,4.840856075286865
86,27,8140,supports_cannot,0.0003116875886917114,0.0003116875886917114,0.0003116875886917114,0.00012598477769643068,1.0,1.0,2.4740099906921387
87,18,11215,supports_cannot,0.0003111511468887329,0.0003111511468887329,0.0003111511468887329,0.00019609826267696917,1.0,1.0,1.5867103338241577
88,30,11618,supports_cannot,0.00031048059463500977,0.00031048059463500977,0.00031048059463500977,4.376665674499236e-05,1.0,1.0,7.093998432159424
89,10,4789,supports_cannot,0.0003084540367126465,0.0003084540367126465,0.0003084540367126465,0.00013899183250032365,1.0,1.0,2.219224214553833
90,18,8592,supports_cannot,0.0003072023391723633,0.0003072023391723633,0.0003072023391723633,0.00010293533705407754,1.0,1.0,2.9844205379486084
91,24,13102,supports_cannot,0.00030663609504699707,0.00030663609504699707,0.00030663609504699707,7.788629591232166e-05,1.0,1.0,3.9369711875915527
92,16,12860,supports_cannot,0.0003059506416320801,0.0003059506416320801,0.0003059506416320801,0.00013619413948617876,1.0,1.0,2.2464303970336914
93,28,7137,supports_cannot,0.0002987384796142578,0.0002987384796142578,0.0002987384796142578,3.5274671972729266e-05,1.0,1.0,8.46892261505127
94,17,4802,supports_cannot,0.00029584765434265137,0.00029584765434265137,0.00029584765434265137,0.00016121086082421243,1.0,1.0,1.8351595401763916
95,31,12446,supports_cannot,0.00029546022415161133,0.00029546022415161133,0.00029546022415161133,3.182034197379835e-05,1.0,1.0,9.285262107849121
96,23,4769,supports_cannot,0.0002935826778411865,0.0002935826778411865,0.0002935826778411865,8.439955854555592e-05,1.0,1.0,3.4784858226776123
97,31,10075,suppresses_cannot,-0.0002931952476501465,0.0002931952476501465,0.0002931952476501465,8.491139305988327e-05,0.0,1.0,3.4529552459716797
98,31,7944,suppresses_cannot,-0.0002918839454650879,0.0002918839454650879,0.0002918839454650879,2.50194007094251e-05,0.0,1.0,11.666303634643555
99,13,13879,supports_cannot,0.0002912282943725586,0.0002912282943725586,0.0005549192428588867,0.0006772399647161365,0.75,0.75,0.43002229928970337
100,31,7267,supports_cannot,0.0002910494804382324,0.0002910494804382324,0.0002910494804382324,0.00010225522419204935,1.0,1.0,2.846304178237915
101,28,3057,supports_cannot,0.0002899169921875,0.0002899169921875,0.0002899169921875,5.5479085858678445e-05,1.0,1.0,5.225698947906494
102,17,9255,suppresses_cannot,-0.00028967857360839844,0.00028967857360839844,0.00028967857360839844,8.936165977502242e-05,0.0,1.0,3.241642713546753
103,15,11853,supports_cannot,0.00028818845748901367,0.00028818845748901367,0.00028818845748901367,0.00013876846060156822,1.0,1.0,2.0767576694488525
104,25,12935,suppresses_cannot,-0.00028783082962036133,0.00028783082962036133,0.00028783082962036133,6.125324580352753e-05,0.0,1.0,4.699029922485352
105,14,8131,suppresses_cannot,-0.00028654932975769043,0.00028654932975769043,0.00028654932975769043,0.00021500352886505425,0.0,1.0,1.3327656984329224
106,2,4786,supports_cannot,0.0002845078706741333,0.0002845078706741333,0.0002983659505844116,0.0002498355752322823,0.75,0.75,1.1387804746627808
107,31,10850,supports_cannot,0.00028076767921447754,0.00028076767921447754,0.00028076767921447754,9.811900235945359e-05,1.0,1.0,2.861501455307007
108,30,7545,supports_cannot,0.00028073787689208984,0.00028073787689208984,0.00028073787689208984,9.735542698763311e-05,1.0,1.0,2.883638620376587
109,9,10216,suppresses_cannot,-0.000279843807220459,0.000279843807220459,0.0006088614463806152,0.0007268523331731558,0.25,0.75,0.3850077986717224
110,28,9628,supports_cannot,0.00027936697006225586,0.00027936697006225586,0.00027936697006225586,7.233565702335909e-05,1.0,1.0,3.8620920181274414
111,14,3917,suppresses_cannot,-0.0002791285514831543,0.0002791285514831543,0.0004355311393737793,0.0003649822319857776,0.25,0.75,0.7647730112075806
112,28,11275,supports_cannot,0.00027629733085632324,0.00027629733085632324,0.00027629733085632324,0.00014309953257907182,1.0,1.0,1.9308052062988281
113,0,12829,suppresses_cannot,-0.00027626752853393555,0.00027626752853393555,0.00027626752853393555,9.228710405295715e-05,0.0,1.0,2.993565797805786
114,23,1498,supports_cannot,0.00027501583099365234,0.00027501583099365234,0.00027501583099365234,6.973193376325071e-05,1.0,1.0,3.9439008235931396
115,15,8697,suppresses_cannot,-0.000274658203125,0.000274658203125,0.000274658203125,0.0002773706510197371,0.0,1.0,0.990220844745636
116,20,5237,supports_cannot,0.0002743452787399292,0.0002743452787399292,0.0002743452787399292,0.00016359807341359556,1.0,1.0,1.6769468784332275
117,31,3611,suppresses_cannot,-0.00027358531951904297,0.00027358531951904297,0.00027358531951904297,0.00015990168321877718,0.0,1.0,1.710959553718567
118,24,9569,supports_cannot,0.0002693682909011841,0.0002693682909011841,0.0002693682909011841,0.00013525380927603692,1.0,1.0,1.9915763139724731
119,18,11782,suppresses_cannot,-0.000269085168838501,0.000269085168838501,0.000269085168838501,0.00015984586207196116,0.0,1.0,1.6834040880203247
120,22,9265,suppresses_cannot,-0.0002688169479370117,0.0002688169479370117,0.0002688169479370117,0.0001121593450079672,0.0,1.0,2.3967413902282715
121,19,14046,supports_cannot,0.00026804208755493164,0.00026804208755493164,0.00026804208755493164,0.0001736164267640561,1.0,1.0,1.5438750982284546
122,17,13031,suppresses_cannot,-0.0002676844596862793,0.0002676844596862793,0.0002676844596862793,0.0001265930332010612,0.0,1.0,2.114527463912964
123,19,900,supports_cannot,0.0002669692039489746,0.0002669692039489746,0.0002669692039489746,5.766757749370299e-05,1.0,1.0,4.629450798034668
124,29,911,supports_cannot,0.00026676058769226074,0.00026676058769226074,0.00026676058769226074,0.00014619468129239976,1.0,1.0,1.8246941566467285
125,17,12927,supports_cannot,0.00026601552963256836,0.00026601552963256836,0.00026601552963256836,0.00012309374869801104,1.0,1.0,2.161080837249756
126,18,3876,supports_cannot,0.0002658665180206299,0.0002658665180206299,0.0002658665180206299,3.907541395165026e-05,1.0,1.0,6.803933620452881
127,16,9495,suppresses_cannot,-0.000265270471572876,0.000265270471572876,0.000265270471572876,9.618769399821758e-05,0.0,1.0,2.7578420639038086
128,21,4502,suppresses_cannot,-0.0002650618553161621,0.0002650618553161621,0.0002650618553161621,8.575675019528717e-05,0.0,1.0,3.0908570289611816
129,15,5080,supports_cannot,0.00026363134384155273,0.00026363134384155273,0.00026363134384155273,0.00024666922399774194,1.0,1.0,1.0687646865844727
130,28,7737,supports_cannot,0.00026276707649230957,0.00026276707649230957,0.00026276707649230957,3.8924925320316106e-05,1.0,1.0,6.750612258911133
131,20,5512,suppresses_cannot,-0.000262528657913208,0.000262528657913208,0.000262528657913208,8.137815166264772e-05,0.0,1.0,3.2260336875915527
132,14,12563,supports_cannot,0.00026166439056396484,0.00026166439056396484,0.00026166439056396484,7.10333843016997e-05,1.0,1.0,3.6836819648742676
133,9,592,supports_cannot,0.00026138126850128174,0.00026138126850128174,0.00026331841945648193,0.00036409319727681577,0.75,0.75,0.717896580696106
134,15,12099,suppresses_cannot,-0.0002606809139251709,0.0002606809139251709,0.0002606809139251709,0.000234807186643593,0.0,1.0,1.1101913452148438
135,15,1832,suppresses_cannot,-0.00026029348373413086,0.00026029348373413086,0.00026029348373413086,9.230596333509311e-05,0.0,1.0,2.819898843765259
136,28,13790,supports_cannot,0.0002588927745819092,0.0002588927745819092,0.0002588927745819092,6.689544534310699e-05,1.0,1.0,3.8701107501983643
137,18,7152,suppresses_cannot,-0.00025787949562072754,0.00025787949562072754,0.00025787949562072754,0.00011277152952970937,0.0,1.0,2.286742925643921
138,26,11941,supports_cannot,0.0002574622631072998,0.0002574622631072998,0.0002707540988922119,0.00019329502538312227,0.75,0.75,1.3319653272628784
139,25,5676,suppresses_cannot,-0.00025656819343566895,0.00025656819343566895,0.00025656819343566895,5.998374035698362e-05,0.0,1.0,4.2772955894470215
140,31,287,supports_cannot,0.0002563297748565674,0.0002563297748565674,0.0002563297748565674,0.00010486157407285646,1.0,1.0,2.444458484649658
141,31,2153,supports_cannot,0.0002560913562774658,0.0002560913562774658,0.0002560913562774658,8.286659431178123e-05,1.0,1.0,3.090405225753784
142,31,5369,suppresses_cannot,-0.0002554357051849365,0.0002554357051849365,0.0002554357051849365,9.957741713151336e-05,0.0,1.0,2.565197229385376
143,17,5191,suppresses_cannot,-0.00025513768196105957,0.00025513768196105957,0.00025513768196105957,0.00012910251098219305,0.0,1.0,1.9762409925460815
144,18,3031,suppresses_cannot,-0.0002550482749938965,0.0002550482749938965,0.0002550482749938965,6.750533066224307e-05,0.0,1.0,3.7781946659088135
145,28,6596,suppresses_cannot,-0.00025343894958496094,0.00025343894958496094,0.00025343894958496094,8.744563820073381e-05,0.0,1.0,2.8982458114624023
146,30,3382,supports_cannot,0.00025340914726257324,0.00025340914726257324,0.00025340914726257324,0.00016795253031887114,1.0,1.0,1.5088140964508057
147,31,5603,supports_cannot,0.0002533644437789917,0.0002533644437789917,0.0002533644437789917,0.0001443138171453029,1.0,1.0,1.755649209022522
148,19,11716,suppresses_cannot,-0.0002530217170715332,0.0002530217170715332,0.0002530217170715332,7.987095887074247e-05,0.0,1.0,3.1678812503814697
149,18,9220,suppresses_cannot,-0.0002529025077819824,0.0002529025077819824,0.0002529025077819824,7.293921225937083e-05,0.0,1.0,3.4673051834106445
150,15,630,suppresses_cannot,-0.0002526789903640747,0.0002526789903640747,0.0002526789903640747,0.0001714191894279793,0.0,1.0,1.47404146194458
151,23,9380,supports_cannot,0.00025226175785064697,0.00025226175785064697,0.00025226175785064697,0.00013385858619585633,1.0,1.0,1.884539246559143
152,31,10715,suppresses_cannot,-0.00025093555450439453,0.00025093555450439453,0.00025093555450439453,6.99451775290072e-05,0.0,1.0,3.5876033306121826
153,19,6804,supports_cannot,0.00025078654289245605,0.00025078654289245605,0.00025078654289245605,7.607777661178261e-05,1.0,1.0,3.2964494228363037
154,15,10757,supports_cannot,0.0002498924732208252,0.0002498924732208252,0.00032851099967956543,0.00024214110453613102,0.75,0.75,1.0320117473602295
155,17,6950,supports_cannot,0.0002485811710357666,0.0002485811710357666,0.0002485811710357666,8.739989425521344e-05,1.0,1.0,2.844181537628174
156,29,8508,supports_cannot,0.0002484321594238281,0.0002484321594238281,0.0002484321594238281,6.961148756090552e-05,1.0,1.0,3.568838596343994
157,30,3843,suppresses_cannot,-0.000247955322265625,0.000247955322265625,0.000247955322265625,9.705331467557698e-05,0.0,1.0,2.5548362731933594
158,28,10351,supports_cannot,0.00024449825286865234,0.00024449825286865234,0.00024449825286865234,5.707642048946582e-05,1.0,1.0,4.283699989318848
159,31,2085,suppresses_cannot,-0.00024393200874328613,0.00024393200874328613,0.00024393200874328613,0.00010856852895813063,0.0,1.0,2.2468020915985107
160,12,6358,supports_cannot,0.00024390220642089844,0.00024390220642089844,0.00024390220642089844,0.000101352998171933,1.0,1.0,2.4064626693725586
161,15,5862,suppresses_cannot,-0.00024296343326568604,0.00024296343326568604,0.00024296343326568604,0.00017636391567066312,0.0,1.0,1.377625584602356
162,14,7642,supports_cannot,0.00024271011352539062,0.00024271011352539062,0.00024271011352539062,0.00013732234947383404,1.0,1.0,1.7674480676651
163,18,13165,suppresses_cannot,-0.00024262070655822754,0.00024262070655822754,0.00024262070655822754,7.034476584522054e-05,0.0,1.0,3.4490227699279785
164,17,13012,suppresses_cannot,-0.00024236738681793213,0.00024236738681793213,0.00024236738681793213,0.0001915252214530483,0.0,1.0,1.265459418296814
165,18,4164,supports_cannot,0.00024113059043884277,0.00024113059043884277,0.00024113059043884277,2.4515033146599308e-05,1.0,1.0,9.836029052734375
166,28,6033,suppresses_cannot,-0.00024062395095825195,0.00024062395095825195,0.00024062395095825195,0.00010447340901009738,0.0,1.0,2.3032076358795166
167,30,2049,supports_cannot,0.00024005770683288574,0.00024005770683288574,0.00024005770683288574,4.512857776717283e-05,1.0,1.0,5.319416522979736
168,26,3004,suppresses_cannot,-0.00023943185806274414,0.00023943185806274414,0.00023943185806274414,2.689490793272853e-05,0.0,1.0,8.902497291564941
169,29,9595,suppresses_cannot,-0.00023931264877319336,0.00023931264877319336,0.00023931264877319336,7.929799176054075e-05,0.0,1.0,3.017890453338623
170,29,4265,suppresses_cannot,-0.00023919343948364258,0.00023919343948364258,0.00023919343948364258,8.057849481701851e-05,0.0,1.0,2.9684524536132812
171,20,4035,supports_cannot,0.00023896992206573486,0.00023896992206573486,0.00023896992206573486,0.00010739372373791412,1.0,1.0,2.2251758575439453
172,25,11921,supports_cannot,0.00023728609085083008,0.00023728609085083008,0.00023728609085083008,0.00016089610289782286,1.0,1.0,1.474778413772583
173,19,6090,suppresses_cannot,-0.00023499131202697754,0.00023499131202697754,0.00023499131202697754,7.079182250890881e-05,0.0,1.0,3.319469690322876
174,7,10909,suppresses_cannot,-0.0002336949110031128,0.0002336949110031128,0.00024245679378509521,0.0004145977145526558,0.5,0.5,0.5636666417121887
175,31,5441,suppresses_cannot,-0.00023350119590759277,0.00023350119590759277,0.00023350119590759277,7.162094698287547e-05,0.0,1.0,3.2602360248565674
176,30,1754,supports_cannot,0.00023323297500610352,0.00023323297500610352,0.00023323297500610352,5.9663536376319826e-05,1.0,1.0,3.909137725830078
177,23,12181,supports_cannot,0.00023217499256134033,0.00023217499256134033,0.00023217499256134033,0.00016471502021886408,1.0,1.0,1.4095556735992432
178,31,4995,supports_cannot,0.00023186206817626953,0.00023186206817626953,0.00023186206817626953,7.14962588972412e-05,1.0,1.0,3.2429957389831543
179,31,124,suppresses_cannot,-0.00023177266120910645,0.00023177266120910645,0.00023177266120910645,5.347877959138714e-05,0.0,1.0,4.33391809463501
180,31,5178,supports_cannot,0.00023096799850463867,0.00023096799850463867,0.00023096799850463867,8.861711103236303e-05,1.0,1.0,2.6063590049743652
181,29,2252,suppresses_cannot,-0.0002307593822479248,0.0002307593822479248,0.0002307593822479248,6.879163265693933e-05,0.0,1.0,3.354468822479248
182,15,6918,supports_cannot,0.00023058056831359863,0.00023058056831359863,0.00023058056831359863,0.00010109679715242237,1.0,1.0,2.280790090560913
183,28,2570,suppresses_cannot,-0.00023046135902404785,0.00023046135902404785,0.00023046135902404785,7.289623317774385e-05,0.0,1.0,3.161498785018921
184,22,5804,suppresses_cannot,-0.0002304166555404663,0.0002304166555404663,0.0002304166555404663,7.414248102577403e-05,0.0,1.0,3.107754945755005
185,18,730,supports_cannot,0.00023025274276733398,0.00023025274276733398,0.00023025274276733398,0.0001245610328624025,1.0,1.0,1.8485134840011597
186,31,10014,supports_cannot,0.00022917985916137695,0.00022917985916137695,0.00022917985916137695,6.015059625497088e-05,1.0,1.0,3.810101270675659
187,30,669,suppresses_cannot,-0.0002279728651046753,0.0002279728651046753,0.0002279728651046753,0.00016470544505864382,0.0,1.0,1.3841246366500854
188,16,2995,supports_cannot,0.00022721290588378906,0.00022721290588378906,0.00022721290588378906,6.968800153117627e-05,1.0,1.0,3.2604308128356934
189,14,1559,suppresses_cannot,-0.0002270042896270752,0.0002270042896270752,0.0003052651882171631,0.000235898929531686,0.25,0.75,0.9622946977615356
190,18,290,supports_cannot,0.00022685527801513672,0.00022685527801513672,0.00022685527801513672,0.0001465973473386839,1.0,1.0,1.5474718809127808
191,21,8760,suppresses_cannot,-0.00022643804550170898,0.00022643804550170898,0.00022643804550170898,0.00012310569582041353,0.0,1.0,1.839379072189331
192,24,8765,supports_cannot,0.0002262890338897705,0.0002262890338897705,0.0002262890338897705,5.501494888449088e-05,1.0,1.0,4.1132283210754395
193,24,5048,suppresses_cannot,-0.00022608041763305664,0.00022608041763305664,0.00022608041763305664,9.81382981990464e-05,0.0,1.0,2.303692102432251
194,25,13289,supports_cannot,0.00022596120834350586,0.00022596120834350586,0.00022596120834350586,9.27458459045738e-05,1.0,1.0,2.4363486766815186
195,20,133,supports_cannot,0.0002253502607345581,0.0002253502607345581,0.0002253502607345581,0.00011681998876156285,1.0,1.0,1.9290385246276855
196,14,5718,suppresses_cannot,-0.00022445619106292725,0.00022445619106292725,0.00022445619106292725,0.00011749820259865373,0.0,1.0,1.9102946519851685
197,18,6431,supports_cannot,0.0002238750457763672,0.0002238750457763672,0.0002238750457763672,5.406867421697825e-05,1.0,1.0,4.140568256378174
198,21,13134,supports_cannot,0.0002237260341644287,0.0002237260341644287,0.0002237260341644287,0.00011555763194337487,1.0,1.0,1.9360558986663818
199,6,8252,suppresses_cannot,-0.00022260844707489014,0.00022260844707489014,0.00023381412029266357,0.00039627740625292063,0.5,0.5,0.5617490410804749
200,29,90,supports_cannot,0.0002225041389465332,0.0002225041389465332,0.0002225041389465332,5.915192741667852e-05,1.0,1.0,3.761570453643799
201,20,13625,supports_cannot,0.00022232532501220703,0.00022232532501220703,0.00022232532501220703,7.258813275257125e-05,1.0,1.0,3.062833070755005
202,20,4772,supports_cannot,0.00022140145301818848,0.00022140145301818848,0.00022140145301818848,6.90098968334496e-05,1.0,1.0,3.208256483078003
203,26,2589,suppresses_cannot,-0.00022137165069580078,0.00022137165069580078,0.00022137165069580078,1.8570841348264366e-05,0.0,1.0,11.920387268066406
204,16,654,supports_cannot,0.00022116303443908691,0.00022116303443908691,0.00022116303443908691,0.00014420553634408861,1.0,1.0,1.5336652994155884
205,30,10669,supports_cannot,0.00022104382514953613,0.00022104382514953613,0.00022104382514953613,9.795102960197255e-05,1.0,1.0,2.2566769123077393
206,24,8362,suppresses_cannot,-0.00022079050540924072,0.00022079050540924072,0.00022079050540924072,0.00010128955182153732,0.0,1.0,2.179795503616333
207,31,11861,suppresses_cannot,-0.00022071599960327148,0.00022071599960327148,0.00022071599960327148,7.15113928890787e-05,0.0,1.0,3.0864453315734863
208,30,2226,suppresses_cannot,-0.0002206861972808838,0.0002206861972808838,0.0002206861972808838,4.625315705197863e-05,0.0,1.0,4.771267890930176
209,24,8613,suppresses_cannot,-0.00021880865097045898,0.00021880865097045898,0.00021880865097045898,4.146620267420076e-05,0.0,1.0,5.276794910430908
210,18,9102,suppresses_cannot,-0.00021880865097045898,0.00021880865097045898,0.00021880865097045898,8.466719737043604e-05,0.0,1.0,2.5843379497528076
211,16,10855,suppresses_cannot,-0.0002186894416809082,0.0002186894416809082,0.0002250075340270996,0.00015732234169263393,0.25,0.75,1.3900723457336426
212,20,5771,supports_cannot,0.0002186298370361328,0.0002186298370361328,0.0002186298370361328,7.22317781765014e-05,1.0,1.0,3.0267817974090576
213,14,4589,supports_cannot,0.00021854043006896973,0.00021854043006896973,0.00021854043006896973,0.0001900179049698636,1.0,1.0,1.1501044034957886
214,15,13318,suppresses_cannot,-0.00021830201148986816,0.00021830201148986816,0.00021830201148986816,3.9906757592689246e-05,0.0,1.0,5.470302104949951
215,23,13369,supports_cannot,0.00021773576736450195,0.00021773576736450195,0.00021773576736450195,9.158383181784302e-05,1.0,1.0,2.3774476051330566
216,29,142,suppresses_cannot,-0.00021733343601226807,0.00021733343601226807,0.00021733343601226807,7.876192103140056e-05,0.0,1.0,2.7593719959259033
217,27,5995,supports_cannot,0.00021710991859436035,0.00021710991859436035,0.00021710991859436035,0.0001224862935487181,1.0,1.0,1.7725242376327515
218,22,2958,supports_cannot,0.00021639466285705566,0.00021639466285705566,0.00021639466285705566,4.353819531388581e-05,1.0,1.0,4.970225811004639
219,22,6781,suppresses_cannot,-0.00021633505821228027,0.00021633505821228027,0.00021633505821228027,3.168539114994928e-05,0.0,1.0,6.827596187591553
220,19,1520,suppresses_cannot,-0.00021620094776153564,0.00021620094776153564,0.00021620094776153564,0.0003237244382034987,0.0,1.0,0.667854905128479
221,19,6569,suppresses_cannot,-0.00021570920944213867,0.00021570920944213867,0.00021570920944213867,0.0001300149451708421,0.0,1.0,1.6591109037399292
222,29,8873,supports_cannot,0.00021564960479736328,0.00021564960479736328,0.00021564960479736328,6.288462463999167e-05,1.0,1.0,3.4292898178100586
223,31,7104,supports_cannot,0.00021523237228393555,0.00021523237228393555,0.00021523237228393555,8.75524856382981e-05,1.0,1.0,2.4583239555358887
224,26,10933,suppresses_cannot,-0.00021499395370483398,0.00021499395370483398,0.00021499395370483398,7.180776447057724e-05,0.0,1.0,2.994020938873291
225,30,3175,supports_cannot,0.00021469593048095703,0.00021469593048095703,0.00021469593048095703,6.718472286593169e-05,1.0,1.0,3.1956064701080322
226,27,6091,suppresses_cannot,-0.00021466612815856934,0.00021466612815856934,0.00021466612815856934,5.364003300201148e-05,0.0,1.0,4.001976013183594
227,27,932,supports_cannot,0.0002146214246749878,0.0002146214246749878,0.0002146214246749878,9.701200906420127e-05,1.0,1.0,2.212318181991577
228,9,12002,supports_cannot,0.00021420419216156006,0.00021420419216156006,0.00022245943546295166,0.00017761235358193517,0.75,0.75,1.2060208320617676
229,31,14304,supports_cannot,0.00021401047706604004,0.00021401047706604004,0.00021401047706604004,2.089300141960848e-05,1.0,1.0,10.243165016174316
230,30,1443,supports_cannot,0.0002135932445526123,0.0002135932445526123,0.0002135932445526123,3.1659143132856116e-05,1.0,1.0,6.746652603149414
231,15,9635,suppresses_cannot,-0.00021329522132873535,0.00021329522132873535,0.0004130899906158447,0.0004940203507430851,0.25,0.75,0.43175390362739563
232,16,5547,supports_cannot,0.00021314620971679688,0.00021314620971679688,0.00021314620971679688,3.7363603041740134e-05,1.0,1.0,5.704648017883301
233,16,14185,suppresses_cannot,-0.00021280348300933838,0.00021280348300933838,0.00021280348300933838,9.594524453859776e-05,0.0,1.0,2.217967987060547
234,18,12745,suppresses_cannot,-0.0002123713493347168,0.0002123713493347168,0.0002123713493347168,0.000103887272416614,0.0,1.0,2.044248104095459
235,25,8010,suppresses_cannot,-0.00021204352378845215,0.00021204352378845215,0.0002160966396331787,0.0001669667544774711,0.25,0.75,1.2699744701385498
236,25,8519,supports_cannot,0.00021141767501831055,0.00021141767501831055,0.00021141767501831055,0.0001719514693832025,1.0,1.0,1.2295194864273071
237,16,6901,suppresses_cannot,-0.000211372971534729,0.000211372971534729,0.000211372971534729,0.00017353745352011174,0.0,1.0,1.2180250883102417
238,15,764,supports_cannot,0.0002113133668899536,0.0002113133668899536,0.0002113133668899536,0.00020451370801310986,1.0,1.0,1.033247947692871
239,16,11992,supports_cannot,0.0002113133668899536,0.0002113133668899536,0.0002119690179824829,0.000283287517959252,0.75,0.75,0.7459325194358826
240,30,12764,supports_cannot,0.00021126866340637207,0.00021126866340637207,0.00021126866340637207,5.7751847634790465e-05,1.0,1.0,3.658214807510376
241,23,5722,suppresses_cannot,-0.00020971894264221191,0.00020971894264221191,0.00020971894264221191,2.718708674365189e-05,0.0,1.0,7.713916778564453
242,18,4534,suppresses_cannot,-0.0002091526985168457,0.0002091526985168457,0.0002384781837463379,0.00015473057283088565,0.25,0.75,1.3517218828201294
243,31,7791,supports_cannot,0.00020845234394073486,0.00020845234394073486,0.00020845234394073486,0.00011488591553643346,1.0,1.0,1.8144290447235107
244,18,13570,supports_cannot,0.00020839273929595947,0.00020839273929595947,0.00020839273929595947,0.0001931092847371474,1.0,1.0,1.0791441202163696
245,0,10902,supports_cannot,0.00020813941955566406,0.00020813941955566406,0.00020813941955566406,0.00015485896437894553,1.0,1.0,1.3440579175949097
246,31,3402,suppresses_cannot,-0.00020766258239746094,0.00020766258239746094,0.00020766258239746094,6.538697198266163e-05,0.0,1.0,3.175901412963867
247,31,3691,supports_cannot,0.00020748376846313477,0.00020748376846313477,0.00020748376846313477,5.43132409802638e-05,1.0,1.0,3.820132255554199
248,28,10999,supports_cannot,0.0002073347568511963,0.0002073347568511963,0.0002073347568511963,9.12986506591551e-05,1.0,1.0,2.27095103263855
249,27,14327,supports_cannot,0.00020709633827209473,0.00020709633827209473,0.00020709633827209473,7.427295349771157e-05,1.0,1.0,2.7883143424987793
250,18,4228,suppresses_cannot,-0.00020684301853179932,0.00020684301853179932,0.00020684301853179932,7.982927490957081e-05,0.0,1.0,2.591067314147949
251,26,7419,suppresses_cannot,-0.00020657479763031006,0.00020657479763031006,0.00020657479763031006,0.00010626326547935605,0.0,1.0,1.943990707397461
252,25,6384,suppresses_cannot,-0.00020645558834075928,0.00020645558834075928,0.00020645558834075928,0.00011109685874544084,0.0,1.0,1.858338713645935
253,26,6423,suppresses_cannot,-0.00020641088485717773,0.00020641088485717773,0.00020641088485717773,9.784321446204558e-05,0.0,1.0,2.1096086502075195
254,28,3182,supports_cannot,0.00020554661750793457,0.00020554661750793457,0.00020554661750793457,3.37923520419281e-05,1.0,1.0,6.082637310028076
255,20,88,supports_cannot,0.00020429491996765137,0.00020429491996765137,0.00020429491996765137,4.786459976457991e-05,1.0,1.0,4.268184185028076
256,7,11861,supports_cannot,0.00020366907119750977,0.00020366907119750977,0.00020366907119750977,0.0003424562164582312,1.0,1.0,0.5947302579879761
257,18,3261,suppresses_cannot,-0.00020363926887512207,0.00020363926887512207,0.00022044777870178223,0.00021129428932908922,0.25,0.75,0.9637708067893982
258,29,5764,supports_cannot,0.00020360946655273438,0.00020360946655273438,0.00020360946655273438,4.9690403102431446e-05,1.0,1.0,4.097561359405518
259,31,7450,supports_cannot,0.00020356476306915283,0.00020356476306915283,0.00020356476306915283,9.108825906878337e-05,1.0,1.0,2.2348079681396484
260,28,8219,suppresses_cannot,-0.0002035200595855713,0.0002035200595855713,0.0002035200595855713,9.109997336054221e-05,0.0,1.0,2.234029769897461
261,31,3743,suppresses_cannot,-0.000202864408493042,0.000202864408493042,0.000202864408493042,4.887089380645193e-05,0.0,1.0,4.151027202606201
262,20,8323,supports_cannot,0.0002027451992034912,0.0002027451992034912,0.0002027451992034912,8.599252032581717e-05,1.0,1.0,2.3577072620391846
263,26,9692,suppresses_cannot,-0.00020244717597961426,0.00020244717597961426,0.00020244717597961426,3.122696216451004e-05,0.0,1.0,6.483088970184326
264,15,12971,supports_cannot,0.00020229816436767578,0.00020229816436767578,0.00020229816436767578,4.438701580511406e-05,1.0,1.0,4.557597637176514
265,20,3876,supports_cannot,0.0002022385597229004,0.0002022385597229004,0.0002022385597229004,4.120759331271984e-05,1.0,1.0,4.9077982902526855
266,21,5287,suppresses_cannot,-0.00020191073417663574,0.00020191073417663574,0.00020191073417663574,4.386297587188892e-05,0.0,1.0,4.60321569442749
267,22,377,supports_cannot,0.00020137429237365723,0.00020137429237365723,0.00020137429237365723,8.216151036322117e-05,1.0,1.0,2.4509565830230713
268,25,4565,supports_cannot,0.0002009272575378418,0.0002009272575378418,0.00020575523376464844,0.00013687460159417242,0.75,0.75,1.4679659605026245
269,13,2776,suppresses_cannot,-0.00020080804824829102,0.00020080804824829102,0.00020080804824829102,9.930246596923098e-05,0.0,1.0,2.022185802459717
270,28,1870,supports_cannot,0.00020019710063934326,0.00020019710063934326,0.00020019710063934326,6.556550943059847e-05,1.0,1.0,3.0533905029296875
271,28,4077,suppresses_cannot,-0.00020004808902740479,0.00020004808902740479,0.00020004808902740479,7.56241352064535e-05,0.0,1.0,2.645294189453125
272,15,3580,suppresses_cannot,-0.00019994378089904785,0.00019994378089904785,0.00040903687477111816,0.0003932667023036629,0.25,0.75,0.5084177851676941
273,28,547,supports_cannot,0.00019945204257965088,0.00019945204257965088,0.00019945204257965088,9.830465569393709e-05,1.0,1.0,2.0289175510406494
274,24,7928,supports_cannot,0.00019913911819458008,0.00019913911819458008,0.00019913911819458008,0.00012024993338854983,1.0,1.0,1.656043529510498
275,30,11984,suppresses_cannot,-0.00019840896129608154,0.00019840896129608154,0.00019840896129608154,9.20525926630944e-05,0.0,1.0,2.1553869247436523
276,28,9883,supports_cannot,0.00019827485084533691,0.00019827485084533691,0.00019827485084533691,3.400677451281808e-05,1.0,1.0,5.830451488494873
277,23,5473,suppresses_cannot,-0.00019794702529907227,0.00019794702529907227,0.00019794702529907227,4.4800297473557293e-05,0.0,1.0,4.418431282043457
278,26,8722,supports_cannot,0.0001977980136871338,0.0001977980136871338,0.0001977980136871338,3.490760354907252e-05,1.0,1.0,5.666330337524414
279,27,13519,supports_cannot,0.00019758939743041992,0.00019758939743041992,0.00019758939743041992,0.00011738957255147398,1.0,1.0,1.6831938028335571
280,16,3598,suppresses_cannot,-0.00019729137420654297,0.00019729137420654297,0.00019729137420654297,1.5084097867656965e-05,0.0,1.0,13.079427719116211
281,19,4762,supports_cannot,0.00019724667072296143,0.00019724667072296143,0.00021170079708099365,0.00014822048251517117,0.75,0.75,1.3307652473449707
282,21,10170,suppresses_cannot,-0.00019621849060058594,0.00019621849060058594,0.0004730224609375,0.00043707116856239736,0.25,0.75,0.4489394426345825
283,27,4672,supports_cannot,0.00019596517086029053,0.00019596517086029053,0.00019596517086029053,8.918620005715638e-05,1.0,1.0,2.197258949279785
284,16,8987,suppresses_cannot,-0.0001958906650543213,0.0001958906650543213,0.0001958906650543213,8.186074410332367e-05,0.0,1.0,2.392974376678467
285,30,8562,supports_cannot,0.0001952052116394043,0.0001952052116394043,0.0001952052116394043,4.082126179127954e-05,1.0,1.0,4.781949520111084
286,16,14256,supports_cannot,0.00019519031047821045,0.00019519031047821045,0.00019519031047821045,0.00013222626876085997,1.0,1.0,1.4761840105056763
287,28,5784,supports_cannot,0.00019419193267822266,0.00019419193267822266,0.00019419193267822266,3.3721378713380545e-05,1.0,1.0,5.758718490600586
288,26,7068,supports_cannot,0.00019410252571105957,0.00019410252571105957,0.00019410252571105957,5.441315806820057e-05,1.0,1.0,3.5671982765197754
289,29,166,suppresses_cannot,-0.00019344687461853027,0.00019344687461853027,0.00019344687461853027,0.00016601230890955776,0.0,1.0,1.1652562618255615
290,23,1043,suppresses_cannot,-0.0001933574676513672,0.0001933574676513672,0.0001933574676513672,5.057221278548241e-05,0.0,1.0,3.8233933448791504
291,18,13518,suppresses_cannot,-0.00019328296184539795,0.00019328296184539795,0.00019328296184539795,0.00011896965588675812,0.0,1.0,1.6246408224105835
292,31,10100,suppresses_cannot,-0.0001932680606842041,0.0001932680606842041,0.0001932680606842041,3.85746025131084e-05,0.0,1.0,5.0102410316467285
293,31,10459,supports_cannot,0.0001932084560394287,0.0001932084560394287,0.0001932084560394287,6.985879736021161e-05,1.0,1.0,2.765699625015259
294,27,4121,supports_cannot,0.00019294023513793945,0.00019294023513793945,0.00019294023513793945,7.80242116888985e-05,1.0,1.0,2.472825288772583
295,30,5612,supports_cannot,0.0001929253339767456,0.0001929253339767456,0.0001929253339767456,0.00010807975195348263,1.0,1.0,1.7850275039672852
296,19,29,suppresses_cannot,-0.00019265711307525635,0.00019265711307525635,0.00019265711307525635,6.808912439737469e-05,0.0,1.0,2.829484462738037
297,19,413,suppresses_cannot,-0.0001926422119140625,0.0001926422119140625,0.0001926422119140625,4.068400085088797e-05,0.0,1.0,4.7350850105285645
298,29,8993,suppresses_cannot,-0.00019237399101257324,0.00019237399101257324,0.00019237399101257324,1.3746948752668686e-05,0.0,1.0,13.993940353393555
299,31,4096,supports_cannot,0.00019231438636779785,0.00019231438636779785,0.00019231438636779785,5.6569322623545304e-05,1.0,1.0,3.399623394012451
300,31,5883,suppresses_cannot,-0.00019228458404541016,0.00019228458404541016,0.00019228458404541016,7.131715392461047e-05,0.0,1.0,2.6961898803710938
301,21,7892,supports_cannot,0.0001919865608215332,0.0001919865608215332,0.0001919865608215332,3.7286932638380677e-05,1.0,1.0,5.14889669418335
302,25,1907,suppresses_cannot,-0.00019183754920959473,0.00019183754920959473,0.00019183754920959473,4.751072629005648e-05,0.0,1.0,4.037773609161377
303,25,4868,suppresses_cannot,-0.0001917332410812378,0.0001917332410812378,0.0001917332410812378,4.97890287078917e-05,0.0,1.0,3.8509135246276855
304,26,12922,suppresses_cannot,-0.00019158422946929932,0.00019158422946929932,0.00019158422946929932,8.500011608703062e-05,0.0,1.0,2.2539291381835938
305,31,13812,suppresses_cannot,-0.0001913905143737793,0.0001913905143737793,0.0001913905143737793,5.9473401051945984e-05,0.0,1.0,3.218086004257202
306,16,2756,suppresses_cannot,-0.00019116699695587158,0.00019116699695587158,0.00019116699695587158,0.00018623267533257604,0.0,1.0,1.0264954566955566
307,31,11222,suppresses_cannot,-0.00019112229347229004,0.00019112229347229004,0.00019112229347229004,3.616085450630635e-05,0.0,1.0,5.285336971282959
308,31,12850,suppresses_cannot,-0.00019109249114990234,0.00019109249114990234,0.00019109249114990234,5.119549678056501e-05,0.0,1.0,3.7326035499572754
309,21,5297,suppresses_cannot,-0.00019069015979766846,0.00019069015979766846,0.00019069015979766846,5.342301301425323e-05,0.0,1.0,3.5694384574890137
310,28,8272,supports_cannot,0.00019064545631408691,0.00019064545631408691,0.00019064545631408691,6.523686170112342e-05,1.0,1.0,2.9223577976226807
311,6,9667,supports_cannot,0.00019064545631408691,0.00019064545631408691,0.0001938343048095703,0.00033317224006168544,0.5,0.5,0.5722129344940186
312,29,13885,supports_cannot,0.00018960237503051758,0.00018960237503051758,0.00018960237503051758,7.305426697712392e-05,1.0,1.0,2.5953633785247803
313,15,5367,supports_cannot,0.00018852949142456055,0.00018852949142456055,0.00018852949142456055,3.371352795511484e-05,1.0,1.0,5.59210205078125
314,31,11817,suppresses_cannot,-0.00018776953220367432,0.00018776953220367432,0.00018776953220367432,5.7613775425124913e-05,0.0,1.0,3.259108304977417
315,14,8913,supports_cannot,0.0001874864101409912,0.0001874864101409912,0.0001874864101409912,9.64894934440963e-05,1.0,1.0,1.9430758953094482
316,31,13271,supports_cannot,0.00018638372421264648,0.00018638372421264648,0.00018638372421264648,5.09633646288421e-05,1.0,1.0,3.657209873199463
317,19,9793,supports_cannot,0.0001862049102783203,0.0001862049102783203,0.0001862049102783203,0.00013060496712569147,1.0,1.0,1.4257107973098755
318,31,13599,supports_cannot,0.00018599629402160645,0.00018599629402160645,0.00018599629402160645,8.851851453073323e-05,1.0,1.0,2.1012134552001953
319,29,4017,supports_cannot,0.00018596649169921875,0.00018596649169921875,0.00018596649169921875,6.294684862950817e-05,1.0,1.0,2.9543416500091553
320,24,1956,supports_cannot,0.00018593668937683105,0.00018593668937683105,0.00018593668937683105,7.438642205670476e-05,1.0,1.0,2.499605178833008
321,22,10842,supports_cannot,0.00018554925918579102,0.00018554925918579102,0.00018554925918579102,9.287197462981567e-05,1.0,1.0,1.9979037046432495
322,17,10757,suppresses_cannot,-0.00018545985221862793,0.00018545985221862793,0.00018545985221862793,5.9812267863890156e-05,0.0,1.0,3.1006991863250732
323,19,13010,suppresses_cannot,-0.00018523633480072021,0.00018523633480072021,0.00018523633480072021,0.00012469154899008572,0.0,1.0,1.4855564832687378
324,26,13873,suppresses_cannot,-0.00018447637557983398,0.00018447637557983398,0.00018447637557983398,9.97235911199823e-05,0.0,1.0,1.8498769998550415
325,15,6063,suppresses_cannot,-0.0001844167709350586,0.0001844167709350586,0.0001844167709350586,4.76922832604032e-05,0.0,1.0,3.8668053150177
326,16,6772,supports_cannot,0.0001843273639678955,0.0001843273639678955,0.00022813677787780762,0.00015962711768224835,0.75,0.75,1.154737114906311
327,31,12358,supports_cannot,0.00018420815467834473,0.00018420815467834473,0.00018420815467834473,3.831938010989688e-05,1.0,1.0,4.807179927825928
328,24,6813,supports_cannot,0.00018391013145446777,0.00018391013145446777,0.00018391013145446777,0.00010174711496802047,1.0,1.0,1.8075218200683594
329,31,3935,suppresses_cannot,-0.0001837611198425293,0.0001837611198425293,0.0001837611198425293,6.713534094160423e-05,0.0,1.0,2.7371740341186523
330,31,10716,suppresses_cannot,-0.00018356740474700928,0.00018356740474700928,0.00018356740474700928,4.9259342631557956e-05,0.0,1.0,3.7265501022338867
331,16,7051,suppresses_cannot,-0.00018310546875,0.00018310546875,0.00018310546875,6.816045788582414e-05,0.0,1.0,2.6863884925842285
332,24,1222,suppresses_cannot,-0.0001828223466873169,0.0001828223466873169,0.0001828223466873169,0.0001200575425173156,0.0,1.0,1.5227893590927124
333,31,8345,supports_cannot,0.00018224120140075684,0.00018224120140075684,0.00018224120140075684,4.2927873437292874e-05,1.0,1.0,4.245288372039795
334,31,8254,supports_cannot,0.00018152594566345215,0.00018152594566345215,0.00018152594566345215,4.520134098129347e-05,1.0,1.0,4.015941619873047
335,17,2299,supports_cannot,0.00018149614334106445,0.00018149614334106445,0.00018149614334106445,8.84990586200729e-05,1.0,1.0,2.050825595855713
336,31,8489,supports_cannot,0.00018131732940673828,0.00018131732940673828,0.00018131732940673828,2.767671503534075e-05,1.0,1.0,6.551258563995361
337,28,12278,supports_cannot,0.00018130242824554443,0.00018130242824554443,0.00018130242824554443,6.434249371523038e-05,1.0,1.0,2.8177711963653564
338,15,6692,supports_cannot,0.00018127262592315674,0.00018127262592315674,0.00018127262592315674,0.000110071778181009,1.0,1.0,1.6468583345413208
339,16,104,supports_cannot,0.00018098950386047363,0.00018098950386047363,0.00018098950386047363,6.984257197473198e-05,1.0,1.0,2.5913922786712646
340,4,11627,suppresses_cannot,-0.0001808255910873413,0.0001808255910873413,0.00018106400966644287,0.00031103461515158415,0.25,0.75,0.581368088722229
341,29,4104,suppresses_cannot,-0.00018037855625152588,0.00018037855625152588,0.00018037855625152588,7.624825229868293e-05,0.0,1.0,2.3656747341156006
342,20,8083,supports_cannot,0.00018033385276794434,0.00018033385276794434,0.00018033385276794434,4.971080124960281e-05,1.0,1.0,3.627659320831299
343,28,435,suppresses_cannot,-0.00018018484115600586,0.00018018484115600586,0.00018018484115600586,3.862247467623092e-05,0.0,1.0,4.665284633636475
344,20,10540,supports_cannot,0.00018018484115600586,0.00018018484115600586,0.00018018484115600586,1.7799447959987447e-05,1.0,1.0,10.123056411743164
345,25,12046,supports_cannot,0.00018003582954406738,0.00018003582954406738,0.00018003582954406738,0.00011627033381955698,1.0,1.0,1.548424482345581
346,24,4379,suppresses_cannot,-0.0001800060272216797,0.0001800060272216797,0.0001800060272216797,9.886170300887898e-05,0.0,1.0,1.8207862377166748
347,30,2614,supports_cannot,0.00017981231212615967,0.00017981231212615967,0.00017981231212615967,7.80804839450866e-05,1.0,1.0,2.3029098510742188
348,19,10624,supports_cannot,0.00017976760864257812,0.00017976760864257812,0.00017976760864257812,5.143055386724882e-05,1.0,1.0,3.4953465461730957
349,21,5307,suppresses_cannot,-0.00017972290515899658,0.00017972290515899658,0.00017972290515899658,4.141582394368015e-05,0.0,1.0,4.339474201202393
350,29,10815,supports_cannot,0.00017970800399780273,0.00017970800399780273,0.00017970800399780273,5.990438876324333e-05,1.0,1.0,2.9999139308929443
351,16,5924,suppresses_cannot,-0.00017964839935302734,0.00017964839935302734,0.00017964839935302734,0.00013682626013178378,0.0,1.0,1.312967300415039
352,31,4786,suppresses_cannot,-0.00017961859703063965,0.00017961859703063965,0.00017961859703063965,1.369516394333914e-05,0.0,1.0,13.11547565460205
353,16,1575,supports_cannot,0.00017938017845153809,0.00017938017845153809,0.00017938017845153809,6.04470660618972e-05,1.0,1.0,2.9675581455230713
354,30,1384,supports_cannot,0.00017905235290527344,0.00017905235290527344,0.00017905235290527344,5.1003888074774295e-05,1.0,1.0,3.5105628967285156
355,20,12254,suppresses_cannot,-0.00017850100994110107,0.00017850100994110107,0.00017850100994110107,7.253837975440547e-05,0.0,1.0,2.460780143737793
356,27,13732,supports_cannot,0.0001780688762664795,0.0001780688762664795,0.0001780688762664795,4.974416515324265e-05,1.0,1.0,3.5796937942504883
357,8,6528,suppresses_cannot,-0.00017717480659484863,0.00017717480659484863,0.00025221705436706543,0.00039555312832817435,0.75,0.75,0.44791659712791443
358,25,11171,suppresses_cannot,-0.0001771301031112671,0.0001771301031112671,0.0001771301031112671,6.0182046581758186e-05,0.0,1.0,2.9432382583618164
359,29,6141,suppresses_cannot,-0.00017684698104858398,0.00017684698104858398,0.00017684698104858398,1.1654042282316368e-05,0.0,1.0,15.174732208251953
360,19,11795,supports_cannot,0.00017684698104858398,0.00017684698104858398,0.00017684698104858398,2.5364210159750655e-05,1.0,1.0,6.97230339050293
361,31,1157,suppresses_cannot,-0.0001767277717590332,0.0001767277717590332,0.0001767277717590332,3.671844388009049e-05,0.0,1.0,4.813051700592041
362,30,1529,suppresses_cannot,-0.00017660856246948242,0.00017660856246948242,0.00017660856246948242,0.00014139765698928386,0.0,1.0,1.2490204572677612
363,22,3766,suppresses_cannot,-0.00017617642879486084,0.00017617642879486084,0.00021947920322418213,0.00016287833568640053,0.25,0.75,1.0816442966461182
364,27,4309,supports_cannot,0.00017614662647247314,0.00017614662647247314,0.00017614662647247314,0.00012500770390033722,1.0,1.0,1.4090862274169922
365,15,5095,supports_cannot,0.00017598271369934082,0.00017598271369934082,0.00017598271369934082,8.310347038786858e-05,1.0,1.0,2.117633819580078
366,24,10631,supports_cannot,0.00017574429512023926,0.00017574429512023926,0.00017574429512023926,4.7201563575072214e-05,1.0,1.0,3.7232728004455566
367,19,6427,suppresses_cannot,-0.00017555058002471924,0.00017555058002471924,0.00017555058002471924,5.6750028306851164e-05,0.0,1.0,3.093400716781616
368,31,1997,suppresses_cannot,-0.00017537176609039307,0.00017537176609039307,0.00017537176609039307,6.26630280748941e-05,0.0,1.0,2.7986481189727783
369,25,4322,suppresses_cannot,-0.00017535686492919922,0.00017535686492919922,0.00017535686492919922,8.905735739972442e-05,0.0,1.0,1.969032883644104
370,27,12821,supports_cannot,0.00017529726028442383,0.00017529726028442383,0.00017529726028442383,4.708121923613362e-05,1.0,1.0,3.723294734954834
371,30,13943,supports_cannot,0.00017517805099487305,0.00017517805099487305,0.00017517805099487305,3.322984412079677e-05,1.0,1.0,5.2717084884643555
372,19,12390,suppresses_cannot,-0.0001750737428665161,0.0001750737428665161,0.0001750737428665161,8.081305713858455e-05,0.0,1.0,2.1664042472839355
373,31,2549,supports_cannot,0.00017505884170532227,0.00017505884170532227,0.00017505884170532227,5.9679074183804914e-05,1.0,1.0,2.9333369731903076
374,31,10514,supports_cannot,0.0001748800277709961,0.0001748800277709961,0.0001748800277709961,6.103335181251168e-05,1.0,1.0,2.865319013595581
375,4,4391,supports_cannot,0.00017465651035308838,0.00017465651035308838,0.00017465651035308838,6.174432201078162e-05,1.0,1.0,2.8287055492401123
376,29,12400,suppresses_cannot,-0.0001742839813232422,0.0001742839813232422,0.0001742839813232422,2.358235724386759e-05,0.0,1.0,7.390439033508301
377,19,10772,supports_cannot,0.0001741647720336914,0.0001741647720336914,0.0001741647720336914,7.772523531457409e-05,1.0,1.0,2.2407751083374023
378,15,13269,suppresses_cannot,-0.00017414987087249756,0.00017414987087249756,0.00017414987087249756,0.00010417165321996436,0.0,1.0,1.671758770942688
379,19,2606,suppresses_cannot,-0.00017371773719787598,0.00017371773719787598,0.00017371773719787598,6.806862802477553e-05,0.0,1.0,2.5520968437194824
380,25,9489,supports_cannot,0.0001735687255859375,0.0001735687255859375,0.0001735687255859375,3.095886131632142e-05,1.0,1.0,5.606431007385254
381,28,11641,supports_cannot,0.00017336010932922363,0.00017336010932922363,0.00017336010932922363,0.00010201984696323052,1.0,1.0,1.6992782354354858
382,29,6444,suppresses_cannot,-0.00017267465591430664,0.00017267465591430664,0.00017267465591430664,2.5569976060069166e-05,0.0,1.0,6.753023147583008
383,18,14012,supports_cannot,0.00017249584197998047,0.00017249584197998047,0.00017249584197998047,6.188931729411706e-05,1.0,1.0,2.7871665954589844
384,17,11833,supports_cannot,0.00017236173152923584,0.00017236173152923584,0.00017236173152923584,7.934753375593573e-05,1.0,1.0,2.1722381114959717
385,18,5765,suppresses_cannot,-0.0001722574234008789,0.0001722574234008789,0.0001722574234008789,8.331313438247889e-05,0.0,1.0,2.0675902366638184
386,31,9628,suppresses_cannot,-0.00017210841178894043,0.00017210841178894043,0.00017210841178894043,1.4889563317410648e-05,0.0,1.0,11.558996200561523
387,31,5553,supports_cannot,0.00017184019088745117,0.00017184019088745117,0.00017184019088745117,6.0195645346539095e-05,1.0,1.0,2.8546946048736572
388,15,1706,supports_cannot,0.00017157196998596191,0.00017157196998596191,0.00017157196998596191,3.152915451209992e-05,1.0,1.0,5.44169282913208
389,16,6213,supports_cannot,0.00017154216766357422,0.00017154216766357422,0.00017154216766357422,2.4621986085548997e-05,1.0,1.0,6.967031478881836
390,16,8827,supports_cannot,0.00017130374908447266,0.00017130374908447266,0.00017130374908447266,7.516261393902823e-05,1.0,1.0,2.2791085243225098
391,9,4237,suppresses_cannot,-0.00017115473747253418,0.00017115473747253418,0.00017115473747253418,0.00028991224826313555,0.0,1.0,0.5903673768043518
392,17,12441,supports_cannot,0.00017113983631134033,0.00017113983631134033,0.00017113983631134033,4.7754096158314496e-05,1.0,1.0,3.583772897720337
393,20,13350,suppresses_cannot,-0.0001710355281829834,0.0001710355281829834,0.0001710355281829834,9.198846237268299e-05,0.0,1.0,1.859315037727356
394,24,10897,suppresses_cannot,-0.00017057359218597412,0.00017057359218597412,0.00017057359218597412,5.858248914591968e-05,0.0,1.0,2.91168212890625
395,31,3493,supports_cannot,0.0001704096794128418,0.0001704096794128418,0.0001704096794128418,5.651215178659186e-05,1.0,1.0,3.0154519081115723
396,23,5263,suppresses_cannot,-0.00017036497592926025,0.00017036497592926025,0.00017036497592926025,0.00010681575076887384,0.0,1.0,1.5949424505233765
397,27,3739,suppresses_cannot,-0.00017018616199493408,0.00017018616199493408,0.00017018616199493408,6.934258999535814e-05,0.0,1.0,2.454280376434326
398,19,9739,supports_cannot,0.00017014145851135254,0.00017014145851135254,0.00017014145851135254,7.681359420530498e-05,1.0,1.0,2.214991569519043
399,24,6314,supports_cannot,0.00016964972019195557,0.00016964972019195557,0.00016964972019195557,4.586453360388987e-05,1.0,1.0,3.698930501937866
400,29,13822,suppresses_cannot,-0.00016959011554718018,0.00016959011554718018,0.00016959011554718018,8.445716957794502e-05,0.0,1.0,2.0080013275146484
401,16,11949,supports_cannot,0.00016930699348449707,0.00016930699348449707,0.00016930699348449707,4.318654828239232e-05,1.0,1.0,3.9203641414642334
402,27,8242,supports_cannot,0.00016927719116210938,0.00016927719116210938,0.00016927719116210938,1.9337459889356978e-05,1.0,1.0,8.753847122192383
403,18,2401,supports_cannot,0.0001691281795501709,0.0001691281795501709,0.0001691281795501709,3.068468504352495e-05,1.0,1.0,5.511810779571533
404,24,5457,suppresses_cannot,-0.00016888976097106934,0.00016888976097106934,0.00016888976097106934,0.00010020125046139583,0.0,1.0,1.6855055093765259
405,18,2016,supports_cannot,0.0001687556505203247,0.0001687556505203247,0.0001687556505203247,7.33277847757563e-05,1.0,1.0,2.3013875484466553
406,31,11691,supports_cannot,0.0001684725284576416,0.0001684725284576416,0.0001684725284576416,3.0820428946753964e-05,1.0,1.0,5.466261863708496
407,19,10070,suppresses_cannot,-0.00016823410987854004,0.00016823410987854004,0.00016823410987854004,4.836749940295704e-05,0.0,1.0,3.4782469272613525
408,17,7426,supports_cannot,0.0001678168773651123,0.0001678168773651123,0.0001678168773651123,8.803894888842478e-05,1.0,1.0,1.9061663150787354
409,27,2478,suppresses_cannot,-0.00016775727272033691,0.00016775727272033691,0.00016775727272033691,4.1354662243975326e-05,0.0,1.0,4.0565505027771
410,27,7424,suppresses_cannot,-0.00016720592975616455,0.00016720592975616455,0.00016720592975616455,7.718338019913062e-05,0.0,1.0,2.166346311569214
411,23,3252,supports_cannot,0.0001671314239501953,0.0001671314239501953,0.0001671314239501953,2.862177643692121e-05,1.0,1.0,5.8393096923828125
412,21,1011,suppresses_cannot,-0.00016708672046661377,0.00016708672046661377,0.00021998584270477295,0.00016151896852534264,0.25,0.75,1.0344711542129517
413,24,6529,supports_cannot,0.00016680359840393066,0.00016680359840393066,0.00016680359840393066,9.982781921280548e-05,1.0,1.0,1.6709129810333252
414,27,14126,suppresses_cannot,-0.00016617774963378906,0.00016617774963378906,0.00016617774963378906,3.99758355342783e-05,0.0,1.0,4.156955242156982
415,23,12110,supports_cannot,0.00016611814498901367,0.00016611814498901367,0.00016611814498901367,3.285665297880769e-05,1.0,1.0,5.055844783782959
416,30,5974,supports_cannot,0.00016608834266662598,0.00016608834266662598,0.00016608834266662598,7.784044282743707e-05,1.0,1.0,2.133702516555786
417,21,1653,supports_cannot,0.00016586482524871826,0.00016586482524871826,0.00016586482524871826,6.0208352806512266e-05,1.0,1.0,2.754847526550293
418,31,39,suppresses_cannot,-0.00016582012176513672,0.00016582012176513672,0.00016582012176513672,5.633298133034259e-05,0.0,1.0,2.943570852279663
419,28,14332,supports_cannot,0.00016576051712036133,0.00016576051712036133,0.00016576051712036133,0.00012647129187826067,1.0,1.0,1.310657262802124
420,31,12222,supports_cannot,0.00016574561595916748,0.00016574561595916748,0.00016574561595916748,5.62992827326525e-05,1.0,1.0,2.944009304046631
421,30,3786,suppresses_cannot,-0.0001655369997024536,0.0001655369997024536,0.0001655369997024536,5.526706081582233e-05,0.0,1.0,2.9952199459075928
422,17,11818,supports_cannot,0.00016549229621887207,0.00016549229621887207,0.00016549229621887207,2.2591555534745567e-05,1.0,1.0,7.325404644012451
423,23,13376,supports_cannot,0.00016544759273529053,0.00016544759273529053,0.00016544759273529053,9.88080573733896e-05,1.0,1.0,1.6744341850280762
424,21,3593,suppresses_cannot,-0.0001653730869293213,0.0001653730869293213,0.0001653730869293213,2.0127734387642704e-05,0.0,1.0,8.216178894042969
425,26,4692,suppresses_cannot,-0.0001650303602218628,0.0001650303602218628,0.0001650303602218628,7.434077269863337e-05,0.0,1.0,2.2199172973632812
426,29,10165,suppresses_cannot,-0.00016482174396514893,0.00016482174396514893,0.00016482174396514893,5.184116162126884e-05,0.0,1.0,3.1793606281280518
427,31,12889,suppresses_cannot,-0.0001640617847442627,0.0001640617847442627,0.0001640617847442627,6.679307989543304e-05,0.0,1.0,2.4562692642211914
428,16,2831,supports_cannot,0.0001637488603591919,0.0001637488603591919,0.0001637488603591919,4.586594513966702e-05,1.0,1.0,3.570162057876587
429,15,3726,suppresses_cannot,-0.00016348063945770264,0.00016348063945770264,0.00016348063945770264,4.730599175672978e-05,0.0,1.0,3.455812454223633
430,22,7652,supports_cannot,0.00016336143016815186,0.00016336143016815186,0.00016336143016815186,7.062641816446558e-05,1.0,1.0,2.313035726547241
431,30,7433,supports_cannot,0.00016328692436218262,0.00016328692436218262,0.00016328692436218262,2.007418152061291e-05,1.0,1.0,8.134175300598145
432,27,6455,suppresses_cannot,-0.0001630336046218872,0.0001630336046218872,0.0001630336046218872,7.421206100843847e-05,0.0,1.0,2.1968612670898438
433,30,12996,suppresses_cannot,-0.00016298890113830566,0.00016298890113830566,0.00016298890113830566,2.5877805455820635e-05,0.0,1.0,6.298404693603516
434,25,3650,supports_cannot,0.0001627504825592041,0.0001627504825592041,0.0001627504825592041,3.196191755705513e-05,1.0,1.0,5.092012405395508
435,18,10716,suppresses_cannot,-0.0001627504825592041,0.0001627504825592041,0.00017216801643371582,0.00010872309940168634,0.25,0.75,1.4969264268875122
436,28,10181,supports_cannot,0.000162467360496521,0.000162467360496521,0.000162467360496521,5.534448428079486e-05,1.0,1.0,2.93556547164917
437,15,4768,suppresses_cannot,-0.00016225874423980713,0.00016225874423980713,0.00023247301578521729,0.00023734115529805422,0.25,0.75,0.6836519241333008
438,26,8456,supports_cannot,0.00016224384307861328,0.00016224384307861328,0.00016224384307861328,2.884556852222886e-05,1.0,1.0,5.624567031860352
439,28,4372,suppresses_cannot,-0.00016216933727264404,0.00016216933727264404,0.00016216933727264404,7.4350020440761e-05,0.0,1.0,2.1811606884002686
440,31,2012,supports_cannot,0.00016213953495025635,0.00016213953495025635,0.00016213953495025635,6.399679841706529e-05,1.0,1.0,2.5335569381713867
441,12,5006,supports_cannot,0.00016207993030548096,0.00016207993030548096,0.00019691884517669678,0.00014550797641277313,0.75,0.75,1.113890290260315
442,24,12919,supports_cannot,0.00016191601753234863,0.00016191601753234863,0.00016191601753234863,2.1289353753672913e-05,1.0,1.0,7.605491638183594
443,16,11405,suppresses_cannot,-0.00016190111637115479,0.00016190111637115479,0.00016190111637115479,5.312469875207171e-05,0.0,1.0,3.04756760597229
444,17,3258,supports_cannot,0.0001615583896636963,0.0001615583896636963,0.0001615583896636963,0.00011227051436435431,1.0,1.0,1.4390100240707397
445,24,5163,suppresses_cannot,-0.00016133487224578857,0.00016133487224578857,0.00016133487224578857,6.791570922359824e-05,0.0,1.0,2.375516176223755
446,27,13710,supports_cannot,0.00016127526760101318,0.00016127526760101318,0.00016127526760101318,4.738442657981068e-05,1.0,1.0,3.403550148010254
447,31,12917,suppresses_cannot,-0.00016126036643981934,0.00016126036643981934,0.00016126036643981934,6.639055209234357e-05,0.0,1.0,2.4289655685424805
448,18,4408,suppresses_cannot,-0.00016123056411743164,0.00016123056411743164,0.00016123056411743164,6.975620635785162e-05,0.0,1.0,2.3113436698913574
449,27,5147,supports_cannot,0.00016120076179504395,0.00016120076179504395,0.00016120076179504395,1.2513107321865391e-05,1.0,1.0,12.882551193237305
450,13,8310,supports_cannot,0.00016097724437713623,0.00016097724437713623,0.0001917630434036255,0.00016351138765458018,0.75,0.75,0.9845017194747925
451,19,11092,supports_cannot,0.000160902738571167,0.000160902738571167,0.000160902738571167,3.6986817576689646e-05,1.0,1.0,4.3502726554870605
452,21,3002,suppresses_cannot,-0.00016088783740997314,0.00016088783740997314,0.00016088783740997314,5.555215830099769e-05,0.0,1.0,2.896158218383789
453,29,13368,supports_cannot,0.00016048550605773926,0.00016048550605773926,0.00016048550605773926,2.3043710825731978e-05,1.0,1.0,6.964394569396973
454,12,4926,supports_cannot,0.00016029179096221924,0.00016029179096221924,0.00016029179096221924,0.0001230205234605819,1.0,1.0,1.30296790599823
455,24,684,supports_cannot,0.00015991926193237305,0.00015991926193237305,0.00015991926193237305,7.36810807211441e-06,1.0,1.0,21.704248428344727
456,27,6678,supports_cannot,0.00015985965728759766,0.00015985965728759766,0.00015985965728759766,5.63812063774094e-05,1.0,1.0,2.8353359699249268
457,20,8363,suppresses_cannot,-0.00015963613986968994,0.00015963613986968994,0.00015963613986968994,3.504541018628515e-05,0.0,1.0,4.555122375488281
458,31,12930,supports_cannot,0.00015960633754730225,0.00015960633754730225,0.00015960633754730225,2.8935042791999876e-05,1.0,1.0,5.516021728515625
459,24,5249,supports_cannot,0.00015917420387268066,0.00015917420387268066,0.00015917420387268066,1.9474831788102165e-05,1.0,1.0,8.173328399658203
460,27,2647,suppresses_cannot,-0.00015915930271148682,0.00015915930271148682,0.00015915930271148682,7.103766256477684e-05,0.0,1.0,2.2404918670654297
461,20,436,supports_cannot,0.00015866756439208984,0.00015866756439208984,0.00015866756439208984,0.00012312970648054034,1.0,1.0,1.2886213064193726
462,29,10085,supports_cannot,0.00015860795974731445,0.00015860795974731445,0.00015860795974731445,3.787981768255122e-05,1.0,1.0,4.187136173248291
463,25,8858,suppresses_cannot,-0.00015848875045776367,0.00015848875045776367,0.00015848875045776367,8.990635978989303e-05,0.0,1.0,1.7628202438354492
464,25,2849,suppresses_cannot,-0.00015839934349060059,0.00015839934349060059,0.00015839934349060059,1.3367762221605517e-05,0.0,1.0,11.849352836608887
465,26,5326,suppresses_cannot,-0.0001582503318786621,0.0001582503318786621,0.0001582503318786621,9.037006384460256e-05,0.0,1.0,1.7511366605758667
466,18,4318,suppresses_cannot,-0.00015813112258911133,0.00015813112258911133,0.00015813112258911133,1.3157784451323096e-05,0.0,1.0,12.018065452575684
467,14,1406,supports_cannot,0.00015810132026672363,0.00015810132026672363,0.00016173720359802246,0.00011567897308850661,0.75,0.75,1.3667248487472534
468,12,7966,supports_cannot,0.00015807151794433594,0.00015807151794433594,0.00015807151794433594,0.00010280796414008364,1.0,1.0,1.5375415086746216
469,4,3757,suppresses_cannot,-0.00015798211097717285,0.00015798211097717285,0.00016131997108459473,0.0002752321888692677,0.5,0.5,0.5739957690238953
470,19,7128,supports_cannot,0.00015783309936523438,0.00015783309936523438,0.00015783309936523438,5.552671063924208e-05,1.0,1.0,2.8424715995788574
471,19,7437,suppresses_cannot,-0.00015783309936523438,0.00015783309936523438,0.00015783309936523438,3.1555693567497656e-05,0.0,1.0,5.0017313957214355
472,25,1476,supports_cannot,0.00015772879123687744,0.00015772879123687744,0.00015772879123687744,7.125667616492137e-05,1.0,1.0,2.2135300636291504
473,27,9238,supports_cannot,0.00015752017498016357,0.00015752017498016357,0.00015752017498016357,9.042752935783938e-05,1.0,1.0,1.7419493198394775
474,12,13954,supports_cannot,0.00015717744827270508,0.00015717744827270508,0.00015717744827270508,8.440836245426908e-05,1.0,1.0,1.862107515335083
475,25,14266,supports_cannot,0.0001570284366607666,0.0001570284366607666,0.0001570284366607666,1.954748404386919e-05,1.0,1.0,8.033178329467773
476,30,2450,supports_cannot,0.0001566857099533081,0.0001566857099533081,0.0001566857099533081,6.157222378533334e-05,1.0,1.0,2.5447466373443604
477,7,5920,suppresses_cannot,-0.00015658140182495117,0.00015658140182495117,0.00017952919006347656,0.0002974440867546946,0.5,0.5,0.5264229774475098
478,22,4544,suppresses_cannot,-0.00015649199485778809,0.00015649199485778809,0.00015649199485778809,9.289514855481684e-05,0.0,1.0,1.6846089363098145
479,31,1418,suppresses_cannot,-0.000156402587890625,0.000156402587890625,0.000156402587890625,4.253834413248114e-05,0.0,1.0,3.676743745803833
480,19,2059,supports_cannot,0.00015635788440704346,0.00015635788440704346,0.00015635788440704346,3.61226630047895e-05,1.0,1.0,4.328526020050049
481,7,13587,supports_cannot,0.0001563429832458496,0.0001563429832458496,0.00015991926193237305,0.00027206141385249794,0.75,0.75,0.5746606588363647
482,30,13029,suppresses_cannot,-0.00015604496002197266,0.00015604496002197266,0.00015604496002197266,1.1017028555215802e-05,0.0,1.0,14.16397762298584
483,15,7441,suppresses_cannot,-0.00015582144260406494,0.00015582144260406494,0.00015582144260406494,0.00012063563917763531,0.0,1.0,1.2916700839996338
484,30,6296,supports_cannot,0.000155717134475708,0.000155717134475708,0.000155717134475708,2.1730347725679167e-05,1.0,1.0,7.165882587432861
485,21,9236,suppresses_cannot,-0.00015570223331451416,0.00015570223331451416,0.00015570223331451416,4.804390118806623e-05,0.0,1.0,3.2408323287963867
486,19,5488,suppresses_cannot,-0.00015559792518615723,0.00015559792518615723,0.00015559792518615723,5.9274796512909234e-05,0.0,1.0,2.6250267028808594
487,17,1858,suppresses_cannot,-0.00015528500080108643,0.00015528500080108643,0.00015528500080108643,6.0490834584925324e-05,0.0,1.0,2.5670831203460693
488,13,9457,suppresses_cannot,-0.00015485286712646484,0.00015485286712646484,0.00015485286712646484,0.00013288222544360906,0.0,1.0,1.1653392314910889
489,17,5150,supports_cannot,0.000154837965965271,0.000154837965965271,0.000154837965965271,4.6926390496082604e-05,1.0,1.0,3.2995924949645996
490,19,14292,suppresses_cannot,-0.00015482306480407715,0.00015482306480407715,0.00017827749252319336,0.00017780174675863236,0.25,0.75,0.8707623481750488
491,21,14329,supports_cannot,0.00015468895435333252,0.00015468895435333252,0.00015468895435333252,2.9688599170185626e-05,1.0,1.0,5.210381984710693
492,31,9360,suppresses_cannot,-0.00015461444854736328,0.00015461444854736328,0.00015461444854736328,2.772852712951135e-05,0.0,1.0,5.576005935668945
493,19,7010,suppresses_cannot,-0.0001545548439025879,0.0001545548439025879,0.0001545548439025879,1.658048677199986e-05,0.0,1.0,9.321489334106445
494,29,5440,suppresses_cannot,-0.00015413761138916016,0.00015413761138916016,0.00015413761138916016,2.392619899183046e-05,0.0,1.0,6.4422101974487305
495,29,6468,supports_cannot,0.00015407800674438477,0.00015407800674438477,0.00015407800674438477,6.575672887265682e-05,1.0,1.0,2.3431520462036133
496,27,12493,supports_cannot,0.00015394389629364014,0.00015394389629364014,0.00015394389629364014,7.374225970124826e-05,1.0,1.0,2.0875940322875977
497,17,8131,supports_cannot,0.00015363097190856934,0.00015363097190856934,0.00015363097190856934,2.1506026314455085e-05,1.0,1.0,7.1436238288879395
498,27,6752,suppresses_cannot,-0.00015343725681304932,0.00015343725681304932,0.00015343725681304932,0.0001098685825127177,0.0,1.0,1.396552562713623
499,18,13565,suppresses_cannot,-0.00015342235565185547,0.00015342235565185547,0.00015342235565185547,2.369882531638723e-05,0.0,1.0,6.473837375640869
500,31,3034,suppresses_cannot,-0.00015336275100708008,0.00015336275100708008,0.00015336275100708008,3.473171454970725e-05,0.0,1.0,4.415639877319336
501,23,11026,supports_cannot,0.00015336275100708008,0.00015336275100708008,0.00017637014389038086,0.00018227421969641,0.5,0.5,0.841384768486023
502,21,2449,suppresses_cannot,-0.00015333294868469238,0.00015333294868469238,0.00015333294868469238,5.995014726067893e-05,0.0,1.0,2.5576741695404053
503,20,243,supports_cannot,0.00015331804752349854,0.00015331804752349854,0.00015331804752349854,3.9329454011749476e-05,1.0,1.0,3.898300886154175
504,31,13738,supports_cannot,0.00015309453010559082,0.00015309453010559082,0.00015309453010559082,0.00010790384840220213,1.0,1.0,1.4188051223754883
505,25,627,supports_cannot,0.0001529008150100708,0.0001529008150100708,0.0001529008150100708,7.649407052667812e-05,1.0,1.0,1.9988584518432617
506,28,6953,supports_cannot,0.00015281140804290771,0.00015281140804290771,0.00015281140804290771,5.000230157747865e-05,1.0,1.0,3.0560874938964844
507,26,13641,suppresses_cannot,-0.0001526176929473877,0.0001526176929473877,0.0001526176929473877,5.79456718696747e-05,0.0,1.0,2.6338067054748535
508,28,10332,suppresses_cannot,-0.00015248358249664307,0.00015248358249664307,0.00015248358249664307,2.5059283871087246e-05,0.0,1.0,6.08491325378418
509,28,3341,suppresses_cannot,-0.00015236437320709229,0.00015236437320709229,0.00015400350093841553,0.00010193388152401894,0.25,0.75,1.4947372674942017
510,16,12032,suppresses_cannot,-0.0001523047685623169,0.0001523047685623169,0.0001523047685623169,5.86787864449434e-05,0.0,1.0,2.5955677032470703
511,26,8671,suppresses_cannot,-0.00015212595462799072,0.00015212595462799072,0.00015212595462799072,7.951918814796954e-05,0.0,1.0,1.9130722284317017
512,25,4812,suppresses_cannot,-0.000151902437210083,0.000151902437210083,0.000151902437210083,3.125323200947605e-05,0.0,1.0,4.86037540435791
513,31,8214,suppresses_cannot,-0.00015184283256530762,0.00015184283256530762,0.00015184283256530762,4.031798380310647e-05,0.0,1.0,3.766131639480591
514,19,9047,suppresses_cannot,-0.000151708722114563,0.000151708722114563,0.000151708722114563,2.6959471142617986e-05,0.0,1.0,5.627288341522217
515,21,8624,supports_cannot,0.00015087425708770752,0.00015087425708770752,0.00015087425708770752,2.5629698939155787e-05,1.0,1.0,5.886695861816406
516,27,3365,supports_cannot,0.00015081465244293213,0.00015081465244293213,0.00015081465244293213,6.250629667192698e-05,1.0,1.0,2.4127912521362305
517,21,1874,suppresses_cannot,-0.00015056133270263672,0.00015056133270263672,0.00015056133270263672,8.767200779402629e-05,0.0,1.0,1.71732497215271
518,14,6382,supports_cannot,0.00015032291412353516,0.00015032291412353516,0.00015032291412353516,3.938996815122664e-05,1.0,1.0,3.8162741661071777
519,30,11097,suppresses_cannot,-0.00015032291412353516,0.00015032291412353516,0.00015032291412353516,3.698880027513951e-05,0.0,1.0,4.064011573791504
520,25,2181,suppresses_cannot,-0.0001500844955444336,0.0001500844955444336,0.0001500844955444336,5.732543286285363e-05,0.0,1.0,2.6181135177612305
521,14,4484,supports_cannot,0.0001500844955444336,0.0001500844955444336,0.0001500844955444336,0.00010431521513964981,1.0,1.0,1.438759446144104
522,16,8569,supports_cannot,0.0001500844955444336,0.0001500844955444336,0.00015747547149658203,0.00020948580640833825,0.75,0.75,0.7164422869682312
523,27,7985,suppresses_cannot,-0.0001500546932220459,0.0001500546932220459,0.0001500546932220459,9.07970461412333e-05,0.0,1.0,1.6526384353637695
524,26,8427,suppresses_cannot,-0.00014990568161010742,0.00014990568161010742,0.00014990568161010742,5.346756006474607e-05,0.0,1.0,2.803675413131714
525,12,4319,supports_cannot,0.00014981627464294434,0.00014981627464294434,0.0001728832721710205,0.00015324793639592826,0.75,0.75,0.9776071310043335
526,30,1124,supports_cannot,0.00014978647232055664,0.00014978647232055664,0.00014978647232055664,3.8510552258230746e-05,1.0,1.0,3.889491558074951
527,22,7977,supports_cannot,0.00014957785606384277,0.00014957785606384277,0.00014957785606384277,5.531474016606808e-05,1.0,1.0,2.704123020172119
528,30,2137,supports_cannot,0.00014950335025787354,0.00014950335025787354,0.00014950335025787354,6.998796743573621e-05,1.0,1.0,2.136129379272461
529,10,9940,supports_cannot,0.00014925003051757812,0.00014925003051757812,0.00014925003051757812,0.0001619838731130585,1.0,1.0,0.9213882088661194
530,14,2248,suppresses_cannot,-0.00014913082122802734,0.00014913082122802734,0.00014913082122802734,5.237483128439635e-05,0.0,1.0,2.8473756313323975
531,17,9331,suppresses_cannot,-0.00014904141426086426,0.00014904141426086426,0.00014904141426086426,1.8362172340857796e-05,0.0,1.0,8.1167631149292
532,23,3123,suppresses_cannot,-0.0001490265130996704,0.0001490265130996704,0.0001490265130996704,6.447765917982906e-05,0.0,1.0,2.311289072036743
533,20,5957,supports_cannot,0.00014886260032653809,0.00014886260032653809,0.00014886260032653809,2.6910209271591157e-05,1.0,1.0,5.531826019287109
534,25,4293,supports_cannot,0.00014881789684295654,0.00014881789684295654,0.00014881789684295654,9.194324229611084e-05,1.0,1.0,1.618584394454956
535,31,4852,supports_cannot,0.00014878809452056885,0.00014878809452056885,0.00014878809452056885,3.5192300856579095e-05,1.0,1.0,4.227859020233154
536,22,8713,supports_cannot,0.000148773193359375,0.000148773193359375,0.000148773193359375,3.965702489949763e-05,1.0,1.0,3.7514965534210205
537,22,2851,suppresses_cannot,-0.0001487433910369873,0.0001487433910369873,0.0001487433910369873,1.0301218935637735e-05,0.0,1.0,14.439395904541016
538,14,5424,suppresses_cannot,-0.00014860928058624268,0.00014860928058624268,0.00014860928058624268,6.852592196082696e-05,0.0,1.0,2.1686577796936035
539,16,6127,supports_cannot,0.0001481473445892334,0.0001481473445892334,0.0001481473445892334,2.8902706617373042e-05,1.0,1.0,5.125725269317627
540,16,10444,suppresses_cannot,-0.00014810264110565186,0.00014810264110565186,0.00014810264110565186,4.5033062633592635e-05,0.0,1.0,3.2887535095214844
541,29,1101,suppresses_cannot,-0.00014784932136535645,0.00014784932136535645,0.00014784932136535645,5.58694991923403e-05,0.0,1.0,2.6463334560394287
542,18,8652,supports_cannot,0.0001478344202041626,0.0001478344202041626,0.0001478344202041626,6.049566582078114e-05,1.0,1.0,2.4437191486358643
543,20,10996,supports_cannot,0.00014778971672058105,0.00014778971672058105,0.00014778971672058105,2.1316036509233527e-05,1.0,1.0,6.933263778686523
544,17,4581,supports_cannot,0.0001477748155593872,0.0001477748155593872,0.0001477748155593872,0.00015192816499620676,1.0,1.0,0.9726623892784119
545,13,10963,supports_cannot,0.00014771521091461182,0.00014771521091461182,0.00014771521091461182,0.00010561566887190565,1.0,1.0,1.3986107110977173
546,28,6412,supports_cannot,0.00014765560626983643,0.00014765560626983643,0.00014765560626983643,6.195752212079242e-05,1.0,1.0,2.3831748962402344
547,30,309,suppresses_cannot,-0.00014761090278625488,0.00014761090278625488,0.00014761090278625488,0.00010742212907643989,0.0,1.0,1.3741201162338257
548,17,7285,supports_cannot,0.0001475811004638672,0.0001475811004638672,0.0001475811004638672,2.5467998057138175e-05,1.0,1.0,5.794765949249268
549,27,9862,supports_cannot,0.00014732778072357178,0.00014732778072357178,0.00014732778072357178,3.7846799386898056e-05,1.0,1.0,3.8927407264709473
550,19,8097,supports_cannot,0.00014695525169372559,0.00014695525169372559,0.00014695525169372559,5.045936268288642e-05,1.0,1.0,2.912348508834839
551,24,6847,supports_cannot,0.00014670193195343018,0.00014670193195343018,0.00014670193195343018,2.0151896023890004e-05,1.0,1.0,7.279807090759277
552,29,14092,supports_cannot,0.00014668703079223633,0.00014668703079223633,0.00014668703079223633,5.638522270601243e-05,1.0,1.0,2.601515531539917
553,17,4209,suppresses_cannot,-0.00014662742614746094,0.00014662742614746094,0.00018832087516784668,0.0001975394261535257,0.25,0.75,0.7422691583633423
554,20,11425,suppresses_cannot,-0.00014650821685791016,0.00014650821685791016,0.00014650821685791016,3.938609006581828e-05,0.0,1.0,3.7197959423065186
555,29,5,supports_cannot,0.0001462697982788086,0.0001462697982788086,0.0001462697982788086,7.63331408961676e-05,1.0,1.0,1.9162030220031738
556,19,3009,supports_cannot,0.00014613568782806396,0.00014613568782806396,0.00014613568782806396,0.00013960571959614754,1.0,1.0,1.0467743873596191
557,20,1788,suppresses_cannot,-0.00014588236808776855,0.00014588236808776855,0.00014588236808776855,1.2599687579495367e-05,0.0,1.0,11.578251838684082
558,18,10365,suppresses_cannot,-0.0001458674669265747,0.0001458674669265747,0.0001458674669265747,2.9475066185113974e-05,0.0,1.0,4.948842525482178
559,29,8437,suppresses_cannot,-0.00014574825763702393,0.00014574825763702393,0.00014574825763702393,5.884103666176088e-05,0.0,1.0,2.476983070373535
560,30,12248,supports_cannot,0.00014570355415344238,0.00014570355415344238,0.00014570355415344238,1.0748479326139204e-05,1.0,1.0,13.55573558807373
561,23,12583,supports_cannot,0.00014556944370269775,0.00014556944370269775,0.00014556944370269775,3.760425897780806e-05,1.0,1.0,3.871089220046997
562,25,1685,supports_cannot,0.00014543533325195312,0.00014543533325195312,0.00014543533325195312,2.013702214753721e-05,1.0,1.0,7.222285270690918
563,15,13260,suppresses_cannot,-0.00014519691467285156,0.00014519691467285156,0.00014519691467285156,7.896393071860075e-05,0.0,1.0,1.8387751579284668
564,28,459,suppresses_cannot,-0.00014497339725494385,0.00014497339725494385,0.00014497339725494385,3.420476787141524e-05,0.0,1.0,4.238397121429443
565,25,1216,suppresses_cannot,-0.0001449286937713623,0.0001449286937713623,0.0001449286937713623,1.9971981600974686e-05,0.0,1.0,7.2565999031066895
566,23,11466,suppresses_cannot,-0.00014480948448181152,0.00014480948448181152,0.00014480948448181152,5.324120502336882e-05,0.0,1.0,2.7198760509490967
567,27,2723,supports_cannot,0.0001447051763534546,0.0001447051763534546,0.0001447051763534546,5.796413461212069e-05,1.0,1.0,2.4964606761932373
568,25,13151,suppresses_cannot,-0.00014463067054748535,0.00014463067054748535,0.00014463067054748535,3.735726932063699e-05,0.0,1.0,3.871553659439087
569,18,7417,suppresses_cannot,-0.00014463067054748535,0.00014463067054748535,0.0003903210163116455,0.0005375315085984766,0.5,0.5,0.2690645456314087
570,20,11241,supports_cannot,0.00014460086822509766,0.00014460086822509766,0.00014460086822509766,1.82218718691729e-05,1.0,1.0,7.93556547164917
571,23,9544,suppresses_cannot,-0.0001443624496459961,0.0001443624496459961,0.0001443624496459961,4.309263385948725e-05,0.0,1.0,3.3500492572784424
572,29,7959,supports_cannot,0.00014434754848480225,0.00014434754848480225,0.00014434754848480225,2.8002272301819175e-05,1.0,1.0,5.154850959777832
573,23,4985,supports_cannot,0.00014421343803405762,0.00014421343803405762,0.00014421343803405762,6.890185613883659e-05,1.0,1.0,2.093026876449585
574,24,5463,suppresses_cannot,-0.00014418363571166992,0.00014418363571166992,0.00014418363571166992,6.001419751555659e-05,0.0,1.0,2.402492046356201
575,31,12423,supports_cannot,0.00014412403106689453,0.00014412403106689453,0.00014412403106689453,3.582303543225862e-05,1.0,1.0,4.023221969604492
576,19,7180,suppresses_cannot,-0.000144079327583313,0.000144079327583313,0.000144079327583313,7.719083805568516e-05,0.0,1.0,1.8665339946746826
577,26,12294,suppresses_cannot,-0.00014406442642211914,0.00014406442642211914,0.00014406442642211914,4.8798588977660984e-05,0.0,1.0,2.9522252082824707
578,29,11680,suppresses_cannot,-0.0001439303159713745,0.0001439303159713745,0.0001439303159713745,3.144079528283328e-05,0.0,1.0,4.577820301055908
579,28,2344,supports_cannot,0.00014391541481018066,0.00014391541481018066,0.00014391541481018066,2.1520063455682248e-05,1.0,1.0,6.687499046325684
580,27,3387,suppresses_cannot,-0.00014385581016540527,0.00014385581016540527,0.00014385581016540527,3.549068787833676e-05,0.0,1.0,4.05333948135376
581,21,763,supports_cannot,0.0001437664031982422,0.0001437664031982422,0.0001437664031982422,4.926872861688025e-05,1.0,1.0,2.9180052280426025
582,25,3071,suppresses_cannot,-0.00014363229274749756,0.00014363229274749756,0.00014363229274749756,7.069751882227138e-05,0.0,1.0,2.0316455364227295
583,11,2963,suppresses_cannot,-0.00014355778694152832,0.00014355778694152832,0.00014713406562805176,0.00015418845578096807,0.25,0.75,0.9310540556907654
584,31,6266,suppresses_cannot,-0.00014334917068481445,0.00014334917068481445,0.00014334917068481445,6.596652383450419e-05,0.0,1.0,2.1730592250823975
585,26,1810,suppresses_cannot,-0.0001429915428161621,0.0001429915428161621,0.0001429915428161621,2.940563535958063e-05,0.0,1.0,4.862725734710693
586,25,8692,suppresses_cannot,-0.00014296174049377441,0.00014296174049377441,0.00014296174049377441,1.5586900190101005e-05,0.0,1.0,9.171915054321289
587,31,12606,supports_cannot,0.0001426786184310913,0.0001426786184310913,0.0001426786184310913,2.9894517865614034e-05,1.0,1.0,4.772735118865967
588,29,3311,suppresses_cannot,-0.0001426488161087036,0.0001426488161087036,0.0001426488161087036,3.15302204398904e-05,0.0,1.0,4.524193286895752
589,19,1391,suppresses_cannot,-0.00014249980449676514,0.00014249980449676514,0.00014249980449676514,4.75325905426871e-05,0.0,1.0,2.997938871383667
590,23,4077,supports_cannot,0.00014232099056243896,0.00014232099056243896,0.00014232099056243896,7.054871821310371e-05,1.0,1.0,2.017343282699585
591,21,9230,suppresses_cannot,-0.00014229118824005127,0.00014229118824005127,0.00014229118824005127,5.5823471484472975e-05,0.0,1.0,2.5489490032196045
592,29,12090,supports_cannot,0.00014221668243408203,0.00014221668243408203,0.00014221668243408203,3.07912087009754e-05,1.0,1.0,4.618742942810059
593,22,1570,suppresses_cannot,-0.00014221668243408203,0.00014221668243408203,0.00014221668243408203,5.135797255206853e-05,0.0,1.0,2.7691256999969482
594,17,3428,suppresses_cannot,-0.0001420825719833374,0.0001420825719833374,0.0001420825719833374,5.3399315220303833e-05,0.0,1.0,2.6607563495635986
595,25,8904,supports_cannot,0.00014206767082214355,0.00014206767082214355,0.00014206767082214355,2.2057000023778528e-05,1.0,1.0,6.4409332275390625
596,29,3783,suppresses_cannot,-0.00014203786849975586,0.00014203786849975586,0.00014203786849975586,2.394271177763585e-05,0.0,1.0,5.9324049949646
597,31,9922,suppresses_cannot,-0.00014199316501617432,0.00014199316501617432,0.00014199316501617432,2.918882637459319e-05,0.0,1.0,4.864640712738037
598,8,11350,suppresses_cannot,-0.00014196336269378662,0.00014196336269378662,0.00014765560626983643,0.0002498368558008224,0.5,0.5,0.5682242512702942
599,31,12776,suppresses_cannot,-0.00014168024063110352,0.00014168024063110352,0.00014168024063110352,3.5811084671877325e-05,0.0,1.0,3.9563236236572266
600,30,5183,suppresses_cannot,-0.00014162063598632812,0.00014162063598632812,0.00014162063598632812,1.937105116667226e-05,0.0,1.0,7.310941696166992
601,20,14291,suppresses_cannot,-0.00014153122901916504,0.00014153122901916504,0.00014153122901916504,6.902854511281475e-05,0.0,1.0,2.0503289699554443
602,15,1236,supports_cannot,0.0001414865255355835,0.0001414865255355835,0.0001459568738937378,0.00012671099102590233,0.75,0.75,1.1166081428527832
603,28,9431,suppresses_cannot,-0.0001414567232131958,0.0001414567232131958,0.0001414567232131958,5.772766598965973e-05,0.0,1.0,2.4504146575927734
604,31,10620,suppresses_cannot,-0.00014112889766693115,0.00014112889766693115,0.00014112889766693115,5.69988478673622e-05,0.0,1.0,2.4759955406188965
605,22,12624,supports_cannot,0.00014096498489379883,0.00014096498489379883,0.00014096498489379883,5.559893179452047e-05,1.0,1.0,2.5353901386260986
606,30,2087,suppresses_cannot,-0.00014093518257141113,0.00014093518257141113,0.00014093518257141113,1.63345812325133e-05,0.0,1.0,8.628024101257324
607,17,3526,suppresses_cannot,-0.00014090538024902344,0.00014090538024902344,0.00014090538024902344,8.020761015359312e-05,0.0,1.0,1.756758213043213
608,25,7837,suppresses_cannot,-0.00014090538024902344,0.00014090538024902344,0.00014090538024902344,3.5737844882532954e-05,0.0,1.0,3.9427497386932373
609,28,10304,suppresses_cannot,-0.0001408606767654419,0.0001408606767654419,0.0001408606767654419,3.462263703113422e-05,0.0,1.0,4.068456172943115
610,31,8680,supports_cannot,0.00014071166515350342,0.00014071166515350342,0.00014071166515350342,1.6234436770901084e-05,1.0,1.0,8.667479515075684
611,30,5689,supports_cannot,0.00014068186283111572,0.00014068186283111572,0.00014068186283111572,2.347955341974739e-05,1.0,1.0,5.991674900054932
612,30,13251,supports_cannot,0.0001405477523803711,0.0001405477523803711,0.0001405477523803711,1.876836540759541e-05,1.0,1.0,7.488544464111328
613,15,3758,supports_cannot,0.00014039874076843262,0.00014039874076843262,0.00014039874076843262,3.0532868549926206e-05,1.0,1.0,4.5982818603515625
614,19,11694,supports_cannot,0.00014029443264007568,0.00014029443264007568,0.00014029443264007568,7.365210331045091e-05,1.0,1.0,1.9048259258270264
615,21,4010,supports_cannot,0.00014016032218933105,0.00014016032218933105,0.00014016032218933105,4.4936241465620697e-05,1.0,1.0,3.119093179702759
616,23,2240,supports_cannot,0.00014016032218933105,0.00014016032218933105,0.00014016032218933105,4.197296220809221e-05,1.0,1.0,3.3393001556396484
617,17,4,suppresses_cannot,-0.00014013051986694336,0.00014013051986694336,0.00014013051986694336,6.837963155703619e-05,0.0,1.0,2.049302101135254
618,17,5313,supports_cannot,0.00014002621173858643,0.00014002621173858643,0.00014002621173858643,3.885247861035168e-05,1.0,1.0,3.604048252105713
619,14,1441,supports_cannot,0.00013977289199829102,0.00013977289199829102,0.00013977289199829102,4.8010533646447584e-05,1.0,1.0,2.9112963676452637
620,25,13395,supports_cannot,0.00013968348503112793,0.00013968348503112793,0.00013968348503112793,2.8202934117871337e-05,1.0,1.0,4.952799320220947
621,30,2549,supports_cannot,0.0001396089792251587,0.0001396089792251587,0.0001396089792251587,4.901059583062306e-05,1.0,1.0,2.8485469818115234
622,17,9729,supports_cannot,0.0001394897699356079,0.0001394897699356079,0.0001394897699356079,7.325144542846829e-05,1.0,1.0,1.9042596817016602
623,27,4641,suppresses_cannot,-0.00013875961303710938,0.00013875961303710938,0.00013875961303710938,3.915467095794156e-05,0.0,1.0,3.543884038925171
624,31,5565,suppresses_cannot,-0.00013856589794158936,0.00013856589794158936,0.00013856589794158936,2.4499589926563203e-05,0.0,1.0,5.6558451652526855
625,19,1450,suppresses_cannot,-0.00013849139213562012,0.00013849139213562012,0.00013849139213562012,2.895146462833509e-05,0.0,1.0,4.783570766448975
626,16,12849,supports_cannot,0.00013844668865203857,0.00013844668865203857,0.00013844668865203857,6.688023131573573e-05,1.0,1.0,2.070068836212158
627,8,2253,supports_cannot,0.00013838708400726318,0.00013838708400726318,0.00013838708400726318,0.00012661346409004182,1.0,1.0,1.0929887294769287
628,23,4089,suppresses_cannot,-0.0001382380723953247,0.0001382380723953247,0.0001382380723953247,5.904467252548784e-05,0.0,1.0,2.341245412826538
629,24,4380,suppresses_cannot,-0.00013819336891174316,0.00013819336891174316,0.00013819336891174316,5.2131348638795316e-05,0.0,1.0,2.6508688926696777
630,31,13741,suppresses_cannot,-0.00013807415962219238,0.00013807415962219238,0.0001474618911743164,0.00011516643280629069,0.25,0.75,1.1989097595214844
631,27,8531,supports_cannot,0.00013802945613861084,0.00013802945613861084,0.00013802945613861084,7.720497524132952e-05,1.0,1.0,1.7878310680389404
632,28,5239,supports_cannot,0.00013794004917144775,0.00013794004917144775,0.00013934075832366943,9.491258970228955e-05,0.75,0.75,1.4533377885818481
633,25,11654,supports_cannot,0.00013780593872070312,0.00013780593872070312,0.00013780593872070312,3.4353997762082145e-05,1.0,1.0,4.011350631713867
634,20,3796,suppresses_cannot,-0.00013768672943115234,0.00013768672943115234,0.00013768672943115234,2.6796282327268273e-05,0.0,1.0,5.138277053833008
635,29,430,suppresses_cannot,-0.00013768672943115234,0.00013768672943115234,0.00013768672943115234,2.117097938025836e-05,0.0,1.0,6.503559112548828
636,30,10348,suppresses_cannot,-0.00013740360736846924,0.00013740360736846924,0.00013740360736846924,3.103259950876236e-05,0.0,1.0,4.427718162536621
637,21,11574,supports_cannot,0.00013734400272369385,0.00013734400272369385,0.00013734400272369385,4.3077016016468406e-05,1.0,1.0,3.188336133956909
638,24,6802,suppresses_cannot,-0.00013731420040130615,0.00013731420040130615,0.00013731420040130615,5.554286690312438e-05,0.0,1.0,2.4722201824188232
639,31,11085,supports_cannot,0.00013718008995056152,0.00013718008995056152,0.00013718008995056152,9.566985681885853e-05,1.0,1.0,1.433890461921692
640,22,7467,supports_cannot,0.00013700127601623535,0.00013700127601623535,0.00013700127601623535,7.048426778055727e-05,1.0,1.0,1.9437142610549927
641,22,7694,supports_cannot,0.0001369267702102661,0.0001369267702102661,0.0001369267702102661,8.043060370255262e-05,1.0,1.0,1.7024213075637817
642,19,484,supports_cannot,0.00013689696788787842,0.00013689696788787842,0.00013689696788787842,2.59501193795586e-05,1.0,1.0,5.275388240814209
643,29,1567,suppresses_cannot,-0.00013655424118041992,0.00013655424118041992,0.00013655424118041992,5.342629810911603e-05,0.0,1.0,2.555936813354492
644,24,9705,supports_cannot,0.00013653934001922607,0.00013653934001922607,0.00013653934001922607,4.6853750973241404e-05,1.0,1.0,2.9141602516174316
645,16,10631,suppresses_cannot,-0.00013653934001922607,0.00013653934001922607,0.00013653934001922607,7.949858263600618e-05,0.0,1.0,1.7175066471099854
646,30,12598,supports_cannot,0.00013640522956848145,0.00013640522956848145,0.00013640522956848145,3.968813325627707e-05,1.0,1.0,3.436927318572998
647,27,2874,suppresses_cannot,-0.00013634562492370605,0.00013634562492370605,0.00013634562492370605,3.655756154330447e-05,0.0,1.0,3.7296149730682373
648,22,344,suppresses_cannot,-0.00013628602027893066,0.00013628602027893066,0.00013628602027893066,5.103608418721706e-05,0.0,1.0,2.6703855991363525
649,20,1620,suppresses_cannot,-0.00013625621795654297,0.00013625621795654297,0.00013625621795654297,4.179898678557947e-05,0.0,1.0,3.2597970962524414
650,17,9707,supports_cannot,0.00013624131679534912,0.00013624131679534912,0.00013624131679534912,3.910024679498747e-05,1.0,1.0,3.4844107627868652
651,16,4836,supports_cannot,0.00013606250286102295,0.00013606250286102295,0.00013606250286102295,4.146584615227766e-05,1.0,1.0,3.2813150882720947
652,24,6363,supports_cannot,0.00013606250286102295,0.00013606250286102295,0.00013606250286102295,5.911851258133538e-05,1.0,1.0,2.301521062850952
653,8,1261,suppresses_cannot,-0.00013597309589385986,0.00013597309589385986,0.00013597309589385986,6.24713720753789e-05,0.0,1.0,2.1765666007995605
654,23,518,suppresses_cannot,-0.00013589859008789062,0.00013589859008789062,0.00013589859008789062,8.327439718414098e-05,0.0,1.0,1.6319372653961182
655,24,1484,suppresses_cannot,-0.0001357346773147583,0.0001357346773147583,0.0001357346773147583,2.119024247804191e-05,0.0,1.0,6.405526638031006
656,24,11848,supports_cannot,0.0001357048749923706,0.0001357048749923706,0.0001357048749923706,1.6295160094159655e-05,1.0,1.0,8.327924728393555
657,22,2572,supports_cannot,0.00013549625873565674,0.00013549625873565674,0.00013549625873565674,1.2957902981725056e-05,1.0,1.0,10.456649780273438
658,11,3621,supports_cannot,0.00013543665409088135,0.00013543665409088135,0.00013543665409088135,4.051367432111874e-05,1.0,1.0,3.3429861068725586
659,23,1983,suppresses_cannot,-0.0001353621482849121,0.0001353621482849121,0.0001353621482849121,4.109216024517082e-05,0.0,1.0,3.2941112518310547
660,17,6842,suppresses_cannot,-0.00013525784015655518,0.00013525784015655518,0.00013525784015655518,4.6000448492122814e-05,0.0,1.0,2.940359115600586
661,11,5147,suppresses_cannot,-0.00013525784015655518,0.00013525784015655518,0.00013525784015655518,7.063891825964674e-05,0.0,1.0,1.9147778749465942
662,19,8947,supports_cannot,0.00013522803783416748,0.00013522803783416748,0.00013522803783416748,9.750308527145535e-05,1.0,1.0,1.386910319328308
663,19,2567,suppresses_cannot,-0.00013521313667297363,0.00013521313667297363,0.00013521313667297363,8.91625095391646e-05,0.0,1.0,1.516479730606079
664,19,7322,suppresses_cannot,-0.00013512372970581055,0.00013512372970581055,0.00013512372970581055,7.290296343853697e-05,0.0,1.0,1.8534737825393677
665,28,1016,supports_cannot,0.00013509392738342285,0.00013509392738342285,0.00013509392738342285,4.612416523741558e-05,1.0,1.0,2.9289186000823975
666,21,5101,supports_cannot,0.00013493001461029053,0.00013493001461029053,0.00013493001461029053,7.767214992782101e-05,1.0,1.0,1.7371736764907837
667,20,3972,supports_cannot,0.0001348257064819336,0.0001348257064819336,0.0007477998733520508,0.0008159250719472766,0.5,0.5,0.1652427613735199
668,29,12938,supports_cannot,0.0001347064971923828,0.0001347064971923828,0.0001347064971923828,5.836405762238428e-05,1.0,1.0,2.3080384731292725
669,22,6366,suppresses_cannot,-0.00013460218906402588,0.00013460218906402588,0.00013460218906402588,3.258669312344864e-05,0.0,1.0,4.130587577819824
670,19,13125,supports_cannot,0.00013458728790283203,0.00013458728790283203,0.00013458728790283203,9.608261461835355e-05,1.0,1.0,1.4007455110549927
671,20,9634,suppresses_cannot,-0.00013443827629089355,0.00013443827629089355,0.00013443827629089355,4.71055755042471e-05,0.0,1.0,2.853977918624878
672,16,12008,suppresses_cannot,-0.00013418495655059814,0.00013418495655059814,0.00013418495655059814,3.183014632668346e-05,0.0,1.0,4.215656280517578
673,20,10731,suppresses_cannot,-0.00013403594493865967,0.00013403594493865967,0.00013403594493865967,4.090271613677032e-05,0.0,1.0,3.276944875717163
674,16,11065,supports_cannot,0.00013397634029388428,0.00013397634029388428,0.00013397634029388428,5.334070374374278e-05,1.0,1.0,2.511709213256836
675,17,5610,supports_cannot,0.00013394653797149658,0.00013394653797149658,0.00013394653797149658,4.130725210416131e-05,1.0,1.0,3.2426881790161133
676,16,3096,suppresses_cannot,-0.0001338571310043335,0.0001338571310043335,0.0001338571310043335,2.6181654902757145e-05,0.0,1.0,5.112630367279053
677,22,13657,supports_cannot,0.00013372302055358887,0.00013372302055358887,0.00013372302055358887,4.755258123623207e-05,1.0,1.0,2.8121085166931152
678,29,7001,supports_cannot,0.00013358891010284424,0.00013358891010284424,0.00013358891010284424,2.818239045154769e-05,1.0,1.0,4.740155220031738
679,24,13724,supports_cannot,0.00013342499732971191,0.00013342499732971191,0.00013342499732971191,3.3780259400373325e-05,1.0,1.0,3.94979190826416
680,17,5345,supports_cannot,0.00013342499732971191,0.00013342499732971191,0.00013592839241027832,0.00010296713298885152,0.75,0.75,1.2958017587661743
681,24,6081,suppresses_cannot,-0.00013339519500732422,0.00013339519500732422,0.00013339519500732422,4.675216041505337e-05,0.0,1.0,2.853241205215454
682,19,10637,supports_cannot,0.00013336539268493652,0.00013336539268493652,0.00013336539268493652,0.00010217888484476134,1.0,1.0,1.305214762687683
683,24,5857,suppresses_cannot,-0.00013332068920135498,0.00013332068920135498,0.00013332068920135498,5.42787165613845e-05,0.0,1.0,2.456223964691162
684,26,5979,supports_cannot,0.00013330578804016113,0.00013330578804016113,0.00013330578804016113,2.6329656975576654e-05,1.0,1.0,5.062951564788818
685,30,3364,suppresses_cannot,-0.00013329088687896729,0.00013329088687896729,0.00013329088687896729,3.324209319544025e-05,0.0,1.0,4.009702205657959
686,14,9411,suppresses_cannot,-0.0001331716775894165,0.0001331716775894165,0.0001331716775894165,5.7750046835280955e-05,0.0,1.0,2.3060011863708496
687,28,2807,supports_cannot,0.00013300776481628418,0.00013300776481628418,0.00013300776481628418,0.00011383172386558726,1.0,1.0,1.1684595346450806
688,19,6217,suppresses_cannot,-0.00013297796249389648,0.00013297796249389648,0.00013297796249389648,7.138281216612086e-05,0.0,1.0,1.8628848791122437
689,27,2827,supports_cannot,0.00013287365436553955,0.00013287365436553955,0.00013287365436553955,2.11139049497433e-05,1.0,1.0,6.293181896209717
690,19,1479,supports_cannot,0.00013273954391479492,0.00013273954391479492,0.00013273954391479492,0.00010905725503107533,1.0,1.0,1.217154622077942
691,14,5439,supports_cannot,0.00013259053230285645,0.00013259053230285645,0.00013259053230285645,3.562197889550589e-05,1.0,1.0,3.7221550941467285
692,25,6915,suppresses_cannot,-0.0001325458288192749,0.0001325458288192749,0.0001325458288192749,3.299428863101639e-05,0.0,1.0,4.01723575592041
693,13,1358,supports_cannot,0.00013253092765808105,0.00013253092765808105,0.00013253092765808105,5.75945814489387e-05,1.0,1.0,2.301100730895996
694,16,12072,supports_cannot,0.00013239681720733643,0.00013239681720733643,0.00013239681720733643,3.636057590483688e-05,1.0,1.0,3.641218900680542
695,30,10521,supports_cannot,0.00013235211372375488,0.00013235211372375488,0.00013235211372375488,7.995435589691624e-05,1.0,1.0,1.6553459167480469
696,31,570,supports_cannot,0.0001322925090789795,0.0001322925090789795,0.0001322925090789795,3.759183528018184e-05,1.0,1.0,3.519181966781616
697,27,4114,suppresses_cannot,-0.0001322627067565918,0.0001322627067565918,0.0001322627067565918,3.103021299466491e-05,0.0,1.0,4.26238489151001
698,14,12639,supports_cannot,0.00013214349746704102,0.00013214349746704102,0.00013214349746704102,4.5497712562792e-05,1.0,1.0,2.9043986797332764
699,26,2776,supports_cannot,0.00013199448585510254,0.00013199448585510254,0.00013199448585510254,1.8397884559817612e-05,1.0,1.0,7.174437522888184
700,17,7337,suppresses_cannot,-0.00013193488121032715,0.00013193488121032715,0.00013193488121032715,4.8820616939337924e-05,0.0,1.0,2.702441930770874
701,16,7454,supports_cannot,0.0001318901777267456,0.0001318901777267456,0.0001318901777267456,5.175120531930588e-05,1.0,1.0,2.5485432147979736
702,29,2740,supports_cannot,0.00013180077075958252,0.00013180077075958252,0.00013180077075958252,1.55664802150568e-05,1.0,1.0,8.466958999633789
703,30,5025,suppresses_cannot,-0.00013172626495361328,0.00013172626495361328,0.00013172626495361328,2.167430102417711e-05,0.0,1.0,6.077531814575195
704,31,1123,suppresses_cannot,-0.00013171136379241943,0.00013171136379241943,0.00013171136379241943,4.335762423579581e-05,0.0,1.0,3.037790060043335
705,7,6062,suppresses_cannot,-0.00013168156147003174,0.00013168156147003174,0.00013168156147003174,0.00022433158301282674,0.0,1.0,0.5869951844215393
706,14,5932,supports_cannot,0.00013165175914764404,0.00013165175914764404,0.00013165175914764404,2.2804964828537777e-05,1.0,1.0,5.772942543029785
707,17,12932,suppresses_cannot,-0.0001316070556640625,0.0001316070556640625,0.0001316070556640625,5.719915861845948e-05,0.0,1.0,2.300856590270996
708,27,10884,supports_cannot,0.00013150274753570557,0.00013150274753570557,0.00013150274753570557,7.536210614489391e-05,1.0,1.0,1.7449452877044678
709,17,1143,supports_cannot,0.00013150274753570557,0.00013150274753570557,0.00013150274753570557,4.724389873445034e-05,1.0,1.0,2.7834863662719727
710,18,5590,supports_cannot,0.00013145804405212402,0.00013145804405212402,0.00013145804405212402,2.894287354138214e-05,1.0,1.0,4.541982650756836
711,27,5658,supports_cannot,0.00013145804405212402,0.00013145804405212402,0.00013145804405212402,2.3576989406137727e-05,1.0,1.0,5.575692176818848
712,18,9308,supports_cannot,0.0001313537359237671,0.0001313537359237671,0.0001313537359237671,8.339200576301664e-05,1.0,1.0,1.5751358270645142
713,27,2302,supports_cannot,0.00013114511966705322,0.00013114511966705322,0.00013114511966705322,2.8255253710085526e-05,1.0,1.0,4.641441822052002
714,30,8891,suppresses_cannot,-0.00013114511966705322,0.00013114511966705322,0.00013114511966705322,1.2891588994534686e-05,0.0,1.0,10.172920227050781
715,31,12946,supports_cannot,0.00013090670108795166,0.00013090670108795166,0.00013090670108795166,3.24712491419632e-05,1.0,1.0,4.03146505355835
716,21,2485,supports_cannot,0.00013087689876556396,0.00013087689876556396,0.00013087689876556396,2.7146115826326422e-05,1.0,1.0,4.821201324462891
717,15,6996,suppresses_cannot,-0.00013087689876556396,0.00013087689876556396,0.00013087689876556396,0.00010528627171879634,0.0,1.0,1.2430576086044312
718,19,629,supports_cannot,0.00013087689876556396,0.00013087689876556396,0.00013087689876556396,8.258707384811714e-05,1.0,1.0,1.5847140550613403
719,15,9221,supports_cannot,0.00013087689876556396,0.00013087689876556396,0.00013087689876556396,8.990670903585851e-05,1.0,1.0,1.455696702003479
720,23,5948,suppresses_cannot,-0.00013074278831481934,0.00013074278831481934,0.00013074278831481934,5.6326745834667236e-05,0.0,1.0,2.3211493492126465
721,23,3040,suppresses_cannot,-0.00013062357902526855,0.00013062357902526855,0.00013062357902526855,6.123910134192556e-05,0.0,1.0,2.133009433746338
722,25,10718,suppresses_cannot,-0.0001306086778640747,0.0001306086778640747,0.0001306086778640747,4.9856236728373915e-05,0.0,1.0,2.61970591545105
723,22,10995,supports_cannot,0.00013053417205810547,0.00013053417205810547,0.00013053417205810547,7.854640716686845e-05,1.0,1.0,1.6618732213974
724,22,12322,suppresses_cannot,-0.00013047456741333008,0.00013047456741333008,0.00013047456741333008,7.52104606362991e-05,0.0,1.0,1.7347928285598755
725,29,12911,suppresses_cannot,-0.00013031065464019775,0.00013031065464019775,0.00013031065464019775,3.053545515285805e-05,0.0,1.0,4.267519474029541
726,21,7208,supports_cannot,0.00013025104999542236,0.00013025104999542236,0.00013025104999542236,4.178058952675201e-05,1.0,1.0,3.1175014972686768
727,12,8951,suppresses_cannot,-0.0001296699047088623,0.0001296699047088623,0.0001296699047088623,0.0001377815642626956,0.0,1.0,0.9411266446113586
728,27,14038,suppresses_cannot,-0.00012956559658050537,0.00012956559658050537,0.00012956559658050537,7.952761370688677e-05,0.0,1.0,1.6291900873184204
729,26,12789,suppresses_cannot,-0.00012943148612976074,0.00012943148612976074,0.00012943148612976074,2.079021214740351e-05,0.0,1.0,6.2255964279174805
730,29,11947,supports_cannot,0.00012943148612976074,0.00012943148612976074,0.00012943148612976074,3.588965773815289e-05,1.0,1.0,3.606372833251953
731,28,14310,supports_cannot,0.00012934207916259766,0.00012934207916259766,0.00012934207916259766,3.226838816772215e-05,1.0,1.0,4.008321762084961
732,29,2914,supports_cannot,0.00012928247451782227,0.00012928247451782227,0.0002192854881286621,0.00018703214300330728,0.75,0.75,0.6912313103675842
733,26,13357,supports_cannot,0.0001291334629058838,0.0001291334629058838,0.0001291334629058838,2.8646139980992302e-05,1.0,1.0,4.507883071899414
734,30,10308,suppresses_cannot,-0.0001290738582611084,0.0001290738582611084,0.0001290738582611084,3.846690378850326e-05,0.0,1.0,3.355452299118042
735,28,5712,suppresses_cannot,-0.00012902915477752686,0.00012902915477752686,0.00012902915477752686,5.835933188791387e-05,0.0,1.0,2.2109429836273193
736,23,9335,supports_cannot,0.00012899935245513916,0.00012899935245513916,0.00012899935245513916,2.5276669475715607e-05,1.0,1.0,5.103494644165039
737,19,9759,supports_cannot,0.00012895464897155762,0.00012895464897155762,0.00012895464897155762,2.0205776309012435e-05,1.0,1.0,6.382068157196045
738,15,2500,suppresses_cannot,-0.00012889504432678223,0.00012889504432678223,0.00012889504432678223,5.4855925554875284e-05,0.0,1.0,2.349701404571533
739,9,2374,suppresses_cannot,-0.00012883543968200684,0.00012883543968200684,0.00018346309661865234,0.00026339449686929584,0.5,0.5,0.48913490772247314
740,15,2753,suppresses_cannot,-0.0001287013292312622,0.0001287013292312622,0.0001287013292312622,3.493761323625222e-05,0.0,1.0,3.6837470531463623
741,0,8092,supports_cannot,0.00012865662574768066,0.00012865662574768066,0.00012865662574768066,2.8360334908938967e-05,1.0,1.0,4.536498546600342
742,21,6216,supports_cannot,0.00012861192226409912,0.00012861192226409912,0.00012861192226409912,1.4907500371919014e-05,1.0,1.0,8.627328872680664
743,30,8465,supports_cannot,0.00012846291065216064,0.00012846291065216064,0.00012846291065216064,4.4637836253969e-05,1.0,1.0,2.8778929710388184
744,18,8746,suppresses_cannot,-0.00012828409671783447,0.00012828409671783447,0.00012828409671783447,4.56816705991514e-05,0.0,1.0,2.808218240737915
745,7,5370,suppresses_cannot,-0.00012826919555664062,0.00012826919555664062,0.00012895464897155762,0.0002183256729040295,0.25,0.75,0.5875130891799927
746,21,4675,supports_cannot,0.00012820959091186523,0.00012820959091186523,0.00012820959091186523,2.5261893824790604e-05,1.0,1.0,5.075216770172119
747,31,3430,suppresses_cannot,-0.0001281946897506714,0.0001281946897506714,0.0001281946897506714,3.372662831679918e-05,0.0,1.0,3.8009934425354004
748,31,6424,suppresses_cannot,-0.0001281648874282837,0.0001281648874282837,0.0001281648874282837,3.6762932722922415e-05,0.0,1.0,3.486253023147583
749,19,12738,suppresses_cannot,-0.000128135085105896,0.000128135085105896,0.000128135085105896,6.101659164414741e-05,0.0,1.0,2.100003957748413
750,15,283,supports_cannot,0.0001278519630432129,0.0001278519630432129,0.0001278519630432129,8.645185880595818e-05,1.0,1.0,1.4788804054260254
751,20,2651,suppresses_cannot,-0.00012770295143127441,0.00012770295143127441,0.00012770295143127441,2.223351111751981e-05,0.0,1.0,5.743714332580566
752,26,3280,suppresses_cannot,-0.00012756884098052979,0.00012756884098052979,0.00012756884098052979,3.363013092894107e-05,0.0,1.0,3.793290138244629
753,12,6776,suppresses_cannot,-0.0001274794340133667,0.0001274794340133667,0.0001274794340133667,1.189537397294771e-05,0.0,1.0,10.71672248840332
754,24,6041,supports_cannot,0.00012737512588500977,0.00012737512588500977,0.00012737512588500977,2.2192547476151958e-05,1.0,1.0,5.73954439163208
755,30,670,supports_cannot,0.00012736022472381592,0.00012736022472381592,0.00012736022472381592,3.017900962731801e-05,1.0,1.0,4.22015905380249
756,25,9961,supports_cannot,0.00012731552124023438,0.00012731552124023438,0.00012731552124023438,2.6650808649719693e-05,1.0,1.0,4.777172565460205
757,23,13157,supports_cannot,0.00012730062007904053,0.00012730062007904053,0.00012730062007904053,2.747710641415324e-05,1.0,1.0,4.632969856262207
758,17,2519,suppresses_cannot,-0.0001271367073059082,0.0001271367073059082,0.0001271367073059082,5.0094469770556316e-05,0.0,1.0,2.5379390716552734
759,13,2655,suppresses_cannot,-0.00012712180614471436,0.00012712180614471436,0.00012712180614471436,4.875651575275697e-05,0.0,1.0,2.607278347015381
760,22,3418,supports_cannot,0.0001268833875656128,0.0001268833875656128,0.0001268833875656128,5.716295709135011e-05,1.0,1.0,2.2196784019470215
761,31,11299,suppresses_cannot,-0.0001268535852432251,0.0001268535852432251,0.0001268535852432251,1.933637395268306e-05,0.0,1.0,6.560359954833984
762,22,12258,suppresses_cannot,-0.000126764178276062,0.000126764178276062,0.000126764178276062,4.0949245885713026e-05,0.0,1.0,3.0956413745880127
763,26,6361,supports_cannot,0.00012673437595367432,0.00012673437595367432,0.00012673437595367432,1.4872664905851707e-05,1.0,1.0,8.521295547485352
764,27,8122,supports_cannot,0.00012649595737457275,0.00012649595737457275,0.00012649595737457275,3.4668810258153826e-05,1.0,1.0,3.648696184158325
765,14,3537,supports_cannot,0.00012643635272979736,0.00012643635272979736,0.00012643635272979736,3.681390080600977e-05,1.0,1.0,3.4344730377197266
766,7,1531,suppresses_cannot,-0.00012631714344024658,0.00012631714344024658,0.00012631714344024658,0.0002120253338944167,0.0,1.0,0.5957643985748291
767,30,12257,suppresses_cannot,-0.0001261979341506958,0.0001261979341506958,0.0001261979341506958,4.4432243157643825e-05,0.0,1.0,2.840233325958252
768,19,6125,supports_cannot,0.0001261979341506958,0.0001261979341506958,0.0001261979341506958,7.266717148013413e-05,1.0,1.0,1.7366567850112915
769,14,3534,suppresses_cannot,-0.00012610852718353271,0.00012610852718353271,0.00012610852718353271,9.526867506792769e-05,0.0,1.0,1.3237144947052002
770,18,6532,supports_cannot,0.00012601912021636963,0.00012601912021636963,0.00012601912021636963,2.737353861448355e-05,1.0,1.0,4.6036834716796875
771,23,600,supports_cannot,0.00012601912021636963,0.00012601912021636963,0.00012601912021636963,5.420652450993657e-05,1.0,1.0,2.324796199798584
772,16,3796,supports_cannot,0.00012600421905517578,0.00012600421905517578,0.00012600421905517578,8.51903241709806e-05,1.0,1.0,1.479090690612793
773,26,8035,suppresses_cannot,-0.0001259148120880127,0.0001259148120880127,0.0001259148120880127,1.91464332601754e-05,0.0,1.0,6.576410293579102
774,27,40,supports_cannot,0.00012584030628204346,0.00012584030628204346,0.00012584030628204346,1.4951464436308015e-05,1.0,1.0,8.416586875915527
775,23,4802,suppresses_cannot,-0.00012584030628204346,0.00012584030628204346,0.00012584030628204346,4.375109710963443e-05,0.0,1.0,2.8762776851654053
776,19,13544,supports_cannot,0.00012575089931488037,0.00012575089931488037,0.00012575089931488037,1.3474761544784997e-05,1.0,1.0,9.332327842712402
777,19,1038,supports_cannot,0.00012573599815368652,0.00012573599815368652,0.00012573599815368652,8.889241144061089e-05,1.0,1.0,1.4144738912582397
778,29,314,supports_cannot,0.00012572109699249268,0.00012572109699249268,0.00012572109699249268,2.0388071789056994e-05,1.0,1.0,6.166403770446777
779,21,12033,supports_cannot,0.00012567639350891113,0.00012567639350891113,0.00012567639350891113,2.6604395316098817e-05,1.0,1.0,4.72389554977417
780,23,8266,supports_cannot,0.0001256316900253296,0.0001256316900253296,0.0001256316900253296,6.0765356465708464e-05,1.0,1.0,2.067488670349121
781,26,3426,suppresses_cannot,-0.00012558698654174805,0.00012558698654174805,0.00012558698654174805,2.8980763090658e-05,0.0,1.0,4.333459854125977
782,22,4396,suppresses_cannot,-0.00012530386447906494,0.00012530386447906494,0.00012530386447906494,9.677040361566469e-05,0.0,1.0,1.2948572635650635
783,27,5443,supports_cannot,0.00012530386447906494,0.00012530386447906494,0.00012530386447906494,2.755083733063657e-05,1.0,1.0,4.548096179962158
784,31,4983,supports_cannot,0.0001252293586730957,0.0001252293586730957,0.0001252293586730957,7.0336798671633e-05,1.0,1.0,1.7804244756698608
785,26,10343,supports_cannot,0.00012499094009399414,0.00012499094009399414,0.00012499094009399414,2.686579682631418e-05,1.0,1.0,4.652418613433838
786,14,8357,supports_cannot,0.0001249462366104126,0.0001249462366104126,0.0001249462366104126,3.686734999064356e-05,1.0,1.0,3.389075517654419
787,19,10739,suppresses_cannot,-0.00012484192848205566,0.00012484192848205566,0.00012484192848205566,6.561478221556172e-05,0.0,1.0,1.9026494026184082
788,26,1515,suppresses_cannot,-0.00012482702732086182,0.00012482702732086182,0.00012482702732086182,2.9960046958876774e-05,0.0,1.0,4.166449546813965
789,16,11987,supports_cannot,0.00012470781803131104,0.00012470781803131104,0.00012470781803131104,7.713970262557268e-05,1.0,1.0,1.6166489124298096
790,24,7804,suppresses_cannot,-0.00012467801570892334,0.00012467801570892334,0.00012467801570892334,3.072711479035206e-05,0.0,1.0,4.057589530944824
791,20,6783,supports_cannot,0.0001246631145477295,0.0001246631145477295,0.0001246631145477295,5.5821594287408516e-05,1.0,1.0,2.2332417964935303
792,17,8459,supports_cannot,0.00012461841106414795,0.00012461841106414795,0.00012461841106414795,9.059060175786726e-06,1.0,1.0,13.756217002868652
793,26,3674,suppresses_cannot,-0.00012452900409698486,0.00012452900409698486,0.00012452900409698486,1.8578939489088953e-05,0.0,1.0,6.702696323394775
794,1,2829,suppresses_cannot,-0.00012443959712982178,0.00012443959712982178,0.00012443959712982178,4.2534175008768216e-05,0.0,1.0,2.92563796043396
795,31,12258,suppresses_cannot,-0.00012442469596862793,0.00012442469596862793,0.00012442469596862793,3.5939512599725276e-05,0.0,1.0,3.4620585441589355
796,23,11273,supports_cannot,0.00012415647506713867,0.00012415647506713867,0.00012415647506713867,3.25843648170121e-05,1.0,1.0,3.8103082180023193
797,22,12913,supports_cannot,0.00012409687042236328,0.00012409687042236328,0.00012409687042236328,2.716585913731251e-05,1.0,1.0,4.568118572235107
798,14,174,supports_cannot,0.00012409687042236328,0.00012409687042236328,0.00012409687042236328,5.8333978813607246e-05,1.0,1.0,2.1273512840270996
799,19,7922,supports_cannot,0.00012402236461639404,0.00012402236461639404,0.00012402236461639404,4.252137296134606e-05,1.0,1.0,2.9167065620422363
800,23,8851,suppresses_cannot,-0.0001240074634552002,0.0001240074634552002,0.0001240074634552002,2.5960047423723154e-05,0.0,1.0,4.776857852935791
801,24,1538,suppresses_cannot,-0.00012396275997161865,0.00012396275997161865,0.00013174116611480713,0.00011756832100218162,0.25,0.75,1.0543891191482544
802,14,9164,suppresses_cannot,-0.0001239180564880371,0.0001239180564880371,0.0001239180564880371,6.817175744799897e-05,0.0,1.0,1.8177330493927002
803,21,7609,suppresses_cannot,-0.00012375414371490479,0.00012375414371490479,0.00012375414371490479,2.486768971721176e-05,0.0,1.0,4.976502895355225
804,18,5810,suppresses_cannot,-0.0001236945390701294,0.0001236945390701294,0.0001236945390701294,7.575630297651514e-05,0.0,1.0,1.6327953338623047
805,22,1612,suppresses_cannot,-0.0001236945390701294,0.0001236945390701294,0.0001236945390701294,7.52198466216214e-05,0.0,1.0,1.6444401741027832
806,29,699,suppresses_cannot,-0.00012364983558654785,0.00012364983558654785,0.00012364983558654785,4.403096318128519e-05,0.0,1.0,2.8082473278045654
807,18,10836,supports_cannot,0.0001235753297805786,0.0001235753297805786,0.0001388639211654663,0.00010579922673059627,0.75,0.75,1.1680172681808472
808,16,13510,suppresses_cannot,-0.00012342631816864014,0.00012342631816864014,0.00012342631816864014,0.00011644844926195219,0.0,1.0,1.0599223375320435
809,19,118,suppresses_cannot,-0.0001234114170074463,0.0001234114170074463,0.0001234114170074463,6.460808799602091e-05,0.0,1.0,1.9101543426513672
810,31,1252,supports_cannot,0.0001234114170074463,0.0001234114170074463,0.0001234114170074463,6.620791828026995e-05,1.0,1.0,1.8639978170394897
811,19,20,suppresses_cannot,-0.00012336671352386475,0.00012336671352386475,0.00012336671352386475,1.597050686541479e-05,0.0,1.0,7.7246575355529785
812,3,3271,supports_cannot,0.00012336671352386475,0.00012336671352386475,0.00012336671352386475,3.327232479932718e-05,1.0,1.0,3.70778751373291
813,20,1617,supports_cannot,0.00012330710887908936,0.00012330710887908936,0.00012330710887908936,3.310493048047647e-05,1.0,1.0,3.7247354984283447
814,19,7875,suppresses_cannot,-0.00012323260307312012,0.00012323260307312012,0.00024005770683288574,0.00022809379152022302,0.25,0.75,0.5402716398239136
815,17,12034,supports_cannot,0.00012315809726715088,0.00012315809726715088,0.00012315809726715088,3.696512430906296e-05,1.0,1.0,3.331737756729126
816,27,2886,suppresses_cannot,-0.000122949481010437,0.000122949481010437,0.000122949481010437,5.242240149527788e-05,0.0,1.0,2.3453614711761475
817,16,5496,suppresses_cannot,-0.00012290477752685547,0.00012290477752685547,0.00012290477752685547,3.3044205338228494e-05,0.0,1.0,3.719404935836792
818,30,2361,suppresses_cannot,-0.00012286007404327393,0.00012286007404327393,0.00012286007404327393,4.2722673242678866e-05,0.0,1.0,2.875758171081543
819,20,4367,suppresses_cannot,-0.00012284517288208008,0.00012284517288208008,0.00012284517288208008,5.5115848226705566e-05,0.0,1.0,2.228853940963745
820,26,9441,supports_cannot,0.00012284517288208008,0.00012284517288208008,0.00012284517288208008,8.733874710742384e-05,1.0,1.0,1.4065369367599487
821,25,9166,supports_cannot,0.00012284517288208008,0.00012284517288208008,0.00012284517288208008,1.1402261407056358e-05,1.0,1.0,10.773754119873047
822,29,11482,supports_cannot,0.00012277066707611084,0.00012277066707611084,0.00012277066707611084,3.6541787267196923e-05,1.0,1.0,3.3597335815429688
823,23,2359,supports_cannot,0.00012277066707611084,0.00012277066707611084,0.00012277066707611084,4.81583847431466e-05,1.0,1.0,2.5493102073669434
824,20,8898,supports_cannot,0.0001226663589477539,0.0001226663589477539,0.0001226663589477539,2.707406019908376e-05,1.0,1.0,4.530770301818848
825,23,4176,suppresses_cannot,-0.00012265145778656006,0.00012265145778656006,0.00012265145778656006,6.6129767219536e-05,0.0,1.0,1.8547087907791138
826,25,8265,supports_cannot,0.00012259185314178467,0.00012259185314178467,0.00012259185314178467,3.318746166769415e-05,1.0,1.0,3.693920850753784
827,16,5905,supports_cannot,0.00012257695198059082,0.00012257695198059082,0.00012731552124023438,9.75731381913647e-05,0.75,0.75,1.256257176399231
828,31,4364,suppresses_cannot,-0.00012256205081939697,0.00012256205081939697,0.00012256205081939697,0.00011262104817433283,0.0,1.0,1.0882694721221924
829,21,8140,supports_cannot,0.00012254714965820312,0.00012254714965820312,0.00012254714965820312,8.1101999967359e-05,1.0,1.0,1.5110249519348145
830,21,5972,supports_cannot,0.00012253224849700928,0.00012253224849700928,0.00012253224849700928,2.6139214241993614e-05,1.0,1.0,4.687678813934326
831,29,11848,suppresses_cannot,-0.0001224726438522339,0.0001224726438522339,0.0001224726438522339,3.9481754356529564e-05,0.0,1.0,3.102006196975708
832,29,3852,suppresses_cannot,-0.0001223534345626831,0.0001223534345626831,0.0001223534345626831,3.71906571672298e-05,0.0,1.0,3.2898969650268555
833,16,10676,suppresses_cannot,-0.00012221932411193848,0.00012221932411193848,0.00012221932411193848,3.233631650800817e-05,0.0,1.0,3.779630422592163
834,29,643,suppresses_cannot,-0.00012217462062835693,0.00012217462062835693,0.00012217462062835693,3.362257848493755e-05,0.0,1.0,3.6337077617645264
835,17,11053,suppresses_cannot,-0.00012205541133880615,0.00012205541133880615,0.00012205541133880615,6.432223017327487e-05,0.0,1.0,1.8975619077682495
836,16,1038,suppresses_cannot,-0.00012201070785522461,0.00012201070785522461,0.00012201070785522461,0.00012076647544745356,0.0,1.0,1.0103027820587158
837,21,7760,supports_cannot,0.00012198090553283691,0.00012198090553283691,0.00012198090553283691,5.827933273394592e-05,1.0,1.0,2.09303879737854
838,26,5911,supports_cannot,0.00012189149856567383,0.00012189149856567383,0.00012189149856567383,7.629807805642486e-05,1.0,1.0,1.5975697040557861
839,20,4836,supports_cannot,0.00012184679508209229,0.00012184679508209229,0.00012184679508209229,7.609268504893407e-05,1.0,1.0,1.6012945175170898
840,29,6863,suppresses_cannot,-0.00012163817882537842,0.00012163817882537842,0.00012163817882537842,1.687976691755466e-05,0.0,1.0,7.206151962280273
841,30,11752,suppresses_cannot,-0.00012157857418060303,0.00012157857418060303,0.00012157857418060303,5.5107619118643925e-05,0.0,1.0,2.206202745437622
842,21,3626,suppresses_cannot,-0.00012138485908508301,0.00012138485908508301,0.00012138485908508301,3.3469095797045156e-05,0.0,1.0,3.626774311065674
843,22,10324,suppresses_cannot,-0.00012138485908508301,0.00012138485908508301,0.00012138485908508301,2.0366895114420913e-05,0.0,1.0,5.959909439086914
844,16,9219,suppresses_cannot,-0.00012131035327911377,0.00012131035327911377,0.00012131035327911377,9.06258137547411e-05,0.0,1.0,1.3385850191116333
845,26,5578,supports_cannot,0.00012128055095672607,0.00012128055095672607,0.00012128055095672607,2.2020079995854758e-05,1.0,1.0,5.507724761962891
846,23,10584,supports_cannot,0.00012117624282836914,0.00012117624282836914,0.00012117624282836914,5.2691029850393534e-05,1.0,1.0,2.299750804901123
847,15,7021,supports_cannot,0.00012111663818359375,0.00012111663818359375,0.00012111663818359375,2.492290332156699e-05,1.0,1.0,4.859651565551758
848,23,4916,supports_cannot,0.00012111663818359375,0.00012111663818359375,0.00012111663818359375,4.493012238526717e-05,1.0,1.0,2.695666790008545
849,24,9303,supports_cannot,0.00012107193470001221,0.00012107193470001221,0.00012107193470001221,4.965162224834785e-05,1.0,1.0,2.4384286403656006
850,25,5652,supports_cannot,0.00012107193470001221,0.00012107193470001221,0.00012107193470001221,5.979503475828096e-05,1.0,1.0,2.024782419204712
851,6,435,suppresses_cannot,-0.00012105703353881836,0.00012105703353881836,0.0001329481601715088,0.00022228583111427724,0.5,0.5,0.544600784778595
852,24,970,supports_cannot,0.00012089312076568604,0.00012089312076568604,0.00012089312076568604,7.698008994339034e-05,1.0,1.0,1.5704466104507446
853,31,2474,supports_cannot,0.00012087821960449219,0.00012087821960449219,0.00012087821960449219,6.57238851999864e-05,1.0,1.0,1.8391824960708618
854,30,2779,supports_cannot,0.00012086331844329834,0.00012086331844329834,0.00012086331844329834,5.960381531622261e-05,1.0,1.0,2.027778148651123
855,15,11604,supports_cannot,0.00012080371379852295,0.00012080371379852295,0.00012080371379852295,3.109652971033938e-05,1.0,1.0,3.8847973346710205
856,19,13282,suppresses_cannot,-0.00012080371379852295,0.00012080371379852295,0.00012080371379852295,6.361727719195187e-05,0.0,1.0,1.8989136219024658
857,15,8452,suppresses_cannot,-0.00012077391147613525,0.00012077391147613525,0.00012077391147613525,5.6887824030127376e-05,0.0,1.0,2.123018741607666
858,24,5627,supports_cannot,0.00012053549289703369,0.00012053549289703369,0.00012053549289703369,5.257761949906126e-05,1.0,1.0,2.292524814605713
859,28,9040,suppresses_cannot,-0.00012041628360748291,0.00012041628360748291,0.00014953315258026123,0.00012252498709131032,0.25,0.75,0.9827895760536194
860,17,12398,supports_cannot,0.00012031197547912598,0.00012031197547912598,0.00012031197547912598,2.1389536414062604e-05,1.0,1.0,5.624804496765137
861,1,2427,supports_cannot,0.00012020766735076904,0.00012020766735076904,0.00012020766735076904,9.334946662420407e-05,1.0,1.0,1.2877167463302612
862,30,4799,suppresses_cannot,-0.00012020766735076904,0.00012020766735076904,0.00012020766735076904,2.669893547135871e-05,0.0,1.0,4.502338886260986
863,17,11845,supports_cannot,0.00012014806270599365,0.00012014806270599365,0.00012014806270599365,2.5504394216113724e-05,1.0,1.0,4.71087646484375
864,20,8105,supports_cannot,0.00012001395225524902,0.00012001395225524902,0.00012001395225524902,5.489251998369582e-05,1.0,1.0,2.1863443851470947
865,26,13342,suppresses_cannot,-0.00011998414993286133,0.00011998414993286133,0.00011998414993286133,4.6048495278228074e-05,0.0,1.0,2.6056041717529297
866,9,12078,suppresses_cannot,-0.00011998414993286133,0.00011998414993286133,0.0001259148120880127,0.00019230534962844104,0.25,0.75,0.6239252090454102
867,22,8465,supports_cannot,0.00011993944644927979,0.00011993944644927979,0.00011993944644927979,3.427102274145e-05,1.0,1.0,3.4997334480285645
868,24,1600,suppresses_cannot,-0.00011983513832092285,0.00011983513832092285,0.00011983513832092285,5.0802504119928926e-05,0.0,1.0,2.3588430881500244
869,30,3695,suppresses_cannot,-0.00011980533599853516,0.00011980533599853516,0.00011980533599853516,0.00011837881902465597,0.0,1.0,1.0120503902435303
870,24,968,suppresses_cannot,-0.00011979043483734131,0.00011979043483734131,0.00011979043483734131,0.00010952963202726096,0.0,1.0,1.0936806201934814
871,14,8658,supports_cannot,0.00011979043483734131,0.00011979043483734131,0.00011979043483734131,3.9323764212895185e-05,1.0,1.0,3.0462605953216553
872,27,9494,suppresses_cannot,-0.00011973083019256592,0.00011973083019256592,0.00011973083019256592,2.469018909323495e-05,0.0,1.0,4.84932804107666
873,17,6949,suppresses_cannot,-0.00011971592903137207,0.00011971592903137207,0.00011971592903137207,1.9779292415478267e-05,0.0,1.0,6.05258846282959
874,26,9795,suppresses_cannot,-0.00011970102787017822,0.00011970102787017822,0.00011970102787017822,2.6514902856433764e-05,0.0,1.0,4.5144805908203125
875,22,6451,suppresses_cannot,-0.00011967122554779053,0.00011967122554779053,0.00011967122554779053,3.730928074219264e-05,0.0,1.0,3.207545757293701
876,16,1754,supports_cannot,0.00011962652206420898,0.00011962652206420898,0.00011962652206420898,7.356361311394721e-05,1.0,1.0,1.6261643171310425
877,15,7732,supports_cannot,0.00011959671974182129,0.00011959671974182129,0.00011959671974182129,4.8969948693411425e-05,1.0,1.0,2.442247152328491
878,22,10194,suppresses_cannot,-0.00011959671974182129,0.00011959671974182129,0.00011959671974182129,8.02363283582963e-05,0.0,1.0,1.490555763244629
879,21,2568,suppresses_cannot,-0.00011958181858062744,0.00011958181858062744,0.00011958181858062744,3.265701889176853e-05,0.0,1.0,3.6617493629455566
880,31,3730,supports_cannot,0.00011958181858062744,0.00011958181858062744,0.0001433640718460083,0.00013432250125333667,0.75,0.75,0.8902590274810791
881,14,8006,supports_cannot,0.00011944770812988281,0.00011944770812988281,0.00011944770812988281,6.499065784737468e-05,1.0,1.0,1.8379212617874146
882,27,2270,supports_cannot,0.00011941790580749512,0.00011941790580749512,0.00011941790580749512,1.9120623619528487e-05,1.0,1.0,6.24550199508667
883,13,5017,suppresses_cannot,-0.00011932849884033203,0.00011932849884033203,0.00011932849884033203,7.540771912317723e-05,0.0,1.0,1.5824440717697144
884,22,9789,suppresses_cannot,-0.0001192241907119751,0.0001192241907119751,0.00012446939945220947,0.00010951474541798234,0.25,0.75,1.0886588096618652
885,16,12125,suppresses_cannot,-0.00011916458606719971,0.00011916458606719971,0.00011916458606719971,5.190040610614233e-05,0.0,1.0,2.2960240840911865
886,28,10907,suppresses_cannot,-0.00011898577213287354,0.00011898577213287354,0.00011898577213287354,4.85782693431247e-05,0.0,1.0,2.44936203956604
887,28,12031,suppresses_cannot,-0.00011898577213287354,0.00011898577213287354,0.00011898577213287354,4.6420049329753965e-05,0.0,1.0,2.5632410049438477
888,31,11077,supports_cannot,0.00011880695819854736,0.00011880695819854736,0.00011880695819854736,4.32365523010958e-05,1.0,1.0,2.747836112976074
889,20,14234,supports_cannot,0.00011868774890899658,0.00011868774890899658,0.00011868774890899658,5.293988579069264e-05,1.0,1.0,2.241934299468994
890,18,11099,supports_cannot,0.00011864304542541504,0.00011864304542541504,0.00011864304542541504,4.241190981701948e-05,1.0,1.0,2.7973992824554443
891,26,1396,supports_cannot,0.00011862814426422119,0.00011862814426422119,0.00011862814426422119,3.82323341909796e-05,1.0,1.0,3.1028225421905518
892,19,9738,supports_cannot,0.00011858344078063965,0.00011858344078063965,0.00011858344078063965,3.07943373627495e-05,1.0,1.0,3.8508195877075195
893,31,1981,suppresses_cannot,-0.00011855363845825195,0.00011855363845825195,0.00011855363845825195,3.452776218182407e-05,0.0,1.0,3.4335744380950928
894,30,717,suppresses_cannot,-0.0001185387372970581,0.0001185387372970581,0.0001185387372970581,2.5010856916196644e-05,0.0,1.0,4.739490985870361
895,24,9306,supports_cannot,0.00011852383613586426,0.00011852383613586426,0.00011852383613586426,4.47217098553665e-05,1.0,1.0,2.6502528190612793
896,31,14197,suppresses_cannot,-0.00011847913265228271,0.00011847913265228271,0.00011847913265228271,2.076519922411535e-05,0.0,1.0,5.705657958984375
897,19,2811,suppresses_cannot,-0.00011841952800750732,0.00011841952800750732,0.00012181699275970459,0.00010588415170786902,0.25,0.75,1.1183876991271973
898,30,1127,suppresses_cannot,-0.00011833012104034424,0.00011833012104034424,0.00011833012104034424,2.643085827003233e-05,0.0,1.0,4.476968288421631
899,28,3382,suppresses_cannot,-0.00011831521987915039,0.00011831521987915039,0.00011831521987915039,2.815425250446424e-05,0.0,1.0,4.202392101287842
900,25,660,suppresses_cannot,-0.000118255615234375,0.000118255615234375,0.000118255615234375,5.646870704367757e-05,0.0,1.0,2.094179630279541
901,30,3935,suppresses_cannot,-0.000118255615234375,0.000118255615234375,0.000118255615234375,6.268094875849783e-05,0.0,1.0,1.8866276741027832
902,19,3480,suppresses_cannot,-0.0001182258129119873,0.0001182258129119873,0.0001182258129119873,8.476235962007195e-05,0.0,1.0,1.3947914838790894
903,18,14009,supports_cannot,0.00011821091175079346,0.00011821091175079346,0.00011821091175079346,6.643318192800507e-05,1.0,1.0,1.779395580291748
904,26,12832,suppresses_cannot,-0.00011819601058959961,0.00011819601058959961,0.00011819601058959961,4.3970274418825284e-05,0.0,1.0,2.688088893890381
905,26,5437,suppresses_cannot,-0.00011816620826721191,0.00011816620826721191,0.00011816620826721191,3.352936255396344e-05,0.0,1.0,3.5242605209350586
906,21,5536,supports_cannot,0.00011812150478363037,0.00011812150478363037,0.00011812150478363037,1.170699397334829e-05,1.0,1.0,10.089822769165039
907,22,336,supports_cannot,0.00011810660362243652,0.00011810660362243652,0.00011810660362243652,8.199923468055204e-05,1.0,1.0,1.440337896347046
908,29,254,suppresses_cannot,-0.00011803209781646729,0.00011803209781646729,0.00011803209781646729,6.313814810710028e-05,0.0,1.0,1.8694260120391846
909,25,4109,suppresses_cannot,-0.00011795759201049805,0.00011795759201049805,0.00011795759201049805,6.343147106235847e-05,0.0,1.0,1.8596067428588867
910,13,13321,suppresses_cannot,-0.00011773407459259033,0.00011773407459259033,0.00011773407459259033,6.757047231076285e-05,0.0,1.0,1.742389440536499
911,12,1577,supports_cannot,0.00011758506298065186,0.00011758506298065186,0.00011758506298065186,7.340535375988111e-05,1.0,1.0,1.601859450340271
912,19,10040,suppresses_cannot,-0.00011746585369110107,0.00011746585369110107,0.00011746585369110107,5.187739952816628e-05,0.0,1.0,2.2642972469329834
913,27,10102,supports_cannot,0.00011746585369110107,0.00011746585369110107,0.00011746585369110107,3.104404822806828e-05,1.0,1.0,3.783844470977783
914,15,10816,supports_cannot,0.00011746585369110107,0.00011746585369110107,0.00011746585369110107,3.468794238870032e-05,1.0,1.0,3.386359691619873
915,17,4093,supports_cannot,0.00011742115020751953,0.00011742115020751953,0.00011742115020751953,3.8432473957072943e-05,1.0,1.0,3.0552587509155273
916,30,4614,suppresses_cannot,-0.00011740624904632568,0.00011740624904632568,0.00011740624904632568,1.8409557014820166e-05,0.0,1.0,6.3774614334106445
917,20,10660,supports_cannot,0.00011736154556274414,0.00011736154556274414,0.00011736154556274414,2.913969183282461e-05,1.0,1.0,4.0275492668151855
918,26,9463,supports_cannot,0.00011722743511199951,0.00011722743511199951,0.00011722743511199951,5.306369348545559e-05,1.0,1.0,2.20918345451355
919,17,12117,suppresses_cannot,-0.00011715292930603027,0.00011715292930603027,0.00011715292930603027,5.431946556200273e-05,0.0,1.0,2.1567394733428955
920,16,10820,supports_cannot,0.00011709332466125488,0.00011709332466125488,0.00011709332466125488,5.218495425651781e-05,1.0,1.0,2.243813991546631
921,21,14234,supports_cannot,0.00011709332466125488,0.00011709332466125488,0.00011709332466125488,3.5362223570700735e-05,1.0,1.0,3.3112545013427734
922,23,10571,suppresses_cannot,-0.00011701881885528564,0.00011701881885528564,0.00011701881885528564,2.7961166779277846e-05,0.0,1.0,4.185047626495361
923,16,5657,suppresses_cannot,-0.0001170039176940918,0.0001170039176940918,0.0001170039176940918,6.0231519455555826e-05,0.0,1.0,1.942569613456726
924,22,11009,suppresses_cannot,-0.00011698901653289795,0.00011698901653289795,0.00011698901653289795,3.596416354412213e-05,0.0,1.0,3.2529330253601074
925,31,13814,suppresses_cannot,-0.00011695921421051025,0.00011695921421051025,0.00011695921421051025,3.341478077345528e-05,0.0,1.0,3.5002238750457764
926,30,9250,supports_cannot,0.00011691451072692871,0.00011691451072692871,0.00011691451072692871,3.4132925065932795e-05,1.0,1.0,3.4252707958221436
927,3,4345,suppresses_cannot,-0.00011686980724334717,0.00011686980724334717,0.00011800229549407959,0.00020369903359096497,0.5,0.5,0.5737376809120178
928,6,9066,supports_cannot,0.00011681020259857178,0.00011681020259857178,0.0001198798418045044,0.00019486676319502294,0.5,0.5,0.5994362831115723
929,31,11443,supports_cannot,0.00011673569679260254,0.00011673569679260254,0.00011673569679260254,4.1328621591674164e-05,1.0,1.0,2.824572801589966
930,18,6422,suppresses_cannot,-0.00011672079563140869,0.00011672079563140869,0.00011672079563140869,0.000116399307444226,0.0,1.0,1.002761960029602
931,24,12981,supports_cannot,0.00011667609214782715,0.00011667609214782715,0.00011667609214782715,8.408766734646633e-05,1.0,1.0,1.3875529766082764
932,22,6812,suppresses_cannot,-0.0001166611909866333,0.0001166611909866333,0.0001166611909866333,4.26799088018015e-05,0.0,1.0,2.7333984375
933,24,9260,supports_cannot,0.0001166313886642456,0.0001166313886642456,0.0001166313886642456,6.676201155642048e-05,1.0,1.0,1.7469723224639893
934,30,13145,supports_cannot,0.00011661648750305176,0.00011661648750305176,0.00011661648750305176,2.75353613687912e-05,1.0,1.0,4.2351531982421875
935,17,7103,suppresses_cannot,-0.00011654198169708252,0.00011654198169708252,0.00011654198169708252,7.114749314496294e-05,0.0,1.0,1.6380335092544556
936,22,7005,supports_cannot,0.00011648237705230713,0.00011648237705230713,0.00011648237705230713,9.708848665468395e-05,1.0,1.0,1.1997548341751099
937,12,13464,suppresses_cannot,-0.00011645257472991943,0.00011645257472991943,0.00011645257472991943,7.022839417913929e-05,0.0,1.0,1.6581978797912598
938,29,9302,suppresses_cannot,-0.0001163780689239502,0.0001163780689239502,0.0001163780689239502,5.207840513321571e-05,0.0,1.0,2.234670400619507
939,31,3616,supports_cannot,0.00011624395847320557,0.00011624395847320557,0.00011624395847320557,5.823189712828025e-05,1.0,1.0,1.9962248802185059
940,27,14202,suppresses_cannot,-0.00011605024337768555,0.00011605024337768555,0.00011605024337768555,4.5370979933068156e-05,0.0,1.0,2.557807683944702
941,20,8388,suppresses_cannot,-0.00011602044105529785,0.00011602044105529785,0.00011602044105529785,2.53165253525367e-05,0.0,1.0,4.582794666290283
942,30,1777,suppresses_cannot,-0.000116005539894104,0.000116005539894104,0.000116005539894104,7.7377277193591e-05,0.0,1.0,1.4992197751998901
943,29,3237,suppresses_cannot,-0.00011599063873291016,0.00011599063873291016,0.00011599063873291016,1.2532009350252338e-05,0.0,1.0,9.255549430847168
944,14,7687,supports_cannot,0.00011596083641052246,0.00011596083641052246,0.0001550614833831787,0.00013344523904379457,0.75,0.75,0.8689769506454468
945,20,619,supports_cannot,0.00011593103408813477,0.00011593103408813477,0.00011593103408813477,3.063258191104978e-05,1.0,1.0,3.7845661640167236
946,19,11420,suppresses_cannot,-0.00011582672595977783,0.00011582672595977783,0.00011582672595977783,3.425450995564461e-05,0.0,1.0,3.381356954574585
947,20,10890,supports_cannot,0.00011578202247619629,0.00011578202247619629,0.00011578202247619629,4.962480306858197e-05,1.0,1.0,2.333148241043091
948,21,9036,suppresses_cannot,-0.0001157224178314209,0.0001157224178314209,0.0001157224178314209,5.6849312386475503e-05,0.0,1.0,2.0355992317199707
949,16,3215,suppresses_cannot,-0.00011570751667022705,0.00011570751667022705,0.00011570751667022705,2.2686885131406598e-05,0.0,1.0,5.100193500518799
950,28,5216,suppresses_cannot,-0.00011563301086425781,0.00011563301086425781,0.00011563301086425781,3.42797975463327e-05,0.0,1.0,3.373211622238159
951,22,476,suppresses_cannot,-0.00011555850505828857,0.00011555850505828857,0.00011555850505828857,6.007833871990442e-05,0.0,1.0,1.9234637022018433
952,17,2244,suppresses_cannot,-0.00011552870273590088,0.00011552870273590088,0.00011552870273590088,2.4719993234612048e-05,0.0,1.0,4.673491954803467
953,13,4368,supports_cannot,0.00011551380157470703,0.00011551380157470703,0.00011551380157470703,6.81041055941023e-05,1.0,1.0,1.6961356401443481
954,19,1040,supports_cannot,0.00011549890041351318,0.00011549890041351318,0.00011549890041351318,5.2038958529010415e-05,1.0,1.0,2.2194697856903076
955,22,12691,supports_cannot,0.00011548399925231934,0.00011548399925231934,0.00011548399925231934,2.9782810088363476e-05,1.0,1.0,3.8775384426116943
956,29,5947,suppresses_cannot,-0.00011546909809112549,0.00011546909809112549,0.00011546909809112549,5.745212911278941e-05,0.0,1.0,2.009831428527832
957,31,13452,suppresses_cannot,-0.00011543929576873779,0.00011543929576873779,0.00011543929576873779,4.282321606297046e-05,0.0,1.0,2.6957175731658936
958,27,7629,supports_cannot,0.00011542439460754395,0.00011542439460754395,0.00011542439460754395,3.0396162401302718e-05,1.0,1.0,3.7973341941833496
959,19,8345,suppresses_cannot,-0.00011536478996276855,0.00011536478996276855,0.00011536478996276855,4.972675378667191e-05,0.0,1.0,2.319974184036255
960,31,1159,supports_cannot,0.00011526048183441162,0.00011526048183441162,0.00011526048183441162,3.283329715486616e-05,1.0,1.0,3.5104753971099854
961,30,9672,supports_cannot,0.0001150667667388916,0.0001150667667388916,0.0001150667667388916,4.759455259772949e-05,1.0,1.0,2.4176456928253174
962,16,10882,supports_cannot,0.00011502206325531006,0.00011502206325531006,0.00011502206325531006,3.420648135943338e-05,1.0,1.0,3.3625810146331787
963,31,3260,supports_cannot,0.00011500716209411621,0.00011500716209411621,0.00011500716209411621,6.282448885031044e-05,1.0,1.0,1.8306103944778442
964,18,6335,suppresses_cannot,-0.00011496245861053467,0.00011496245861053467,0.00011496245861053467,3.70765665138606e-05,0.0,1.0,3.100677013397217
965,16,789,supports_cannot,0.00011494755744934082,0.00011494755744934082,0.00011494755744934082,7.494414603570476e-05,1.0,1.0,1.5337762832641602
966,29,10116,suppresses_cannot,-0.00011493265628814697,0.00011493265628814697,0.00011493265628814697,4.333877222961746e-05,0.0,1.0,2.651959180831909
967,18,13301,supports_cannot,0.00011488795280456543,0.00011488795280456543,0.00011488795280456543,3.20660401484929e-05,1.0,1.0,3.5828545093536377
968,22,8042,supports_cannot,0.00011479854583740234,0.00011479854583740234,0.00011479854583740234,2.1590707547147758e-05,1.0,1.0,5.3170342445373535
969,8,7281,supports_cannot,0.0001147240400314331,0.0001147240400314331,0.0001147240400314331,0.00011908057058462873,1.0,1.0,0.963415265083313
970,23,8597,suppresses_cannot,-0.00011458992958068848,0.00011458992958068848,0.00011458992958068848,1.2689246432273649e-05,0.0,1.0,9.030474662780762
971,24,7661,suppresses_cannot,-0.00011458992958068848,0.00011458992958068848,0.00011458992958068848,4.29197825724259e-05,0.0,1.0,2.669862747192383
972,15,254,suppresses_cannot,-0.00011457502841949463,0.00011457502841949463,0.00011457502841949463,6.941439642105252e-05,0.0,1.0,1.6505945920944214
973,14,12198,suppresses_cannot,-0.00011457502841949463,0.00011457502841949463,0.00011457502841949463,5.231261457083747e-05,0.0,1.0,2.1901988983154297
974,31,5766,suppresses_cannot,-0.00011450052261352539,0.00011450052261352539,0.00011450052261352539,5.8418663684278727e-05,0.0,1.0,1.9599989652633667
975,8,3912,suppresses_cannot,-0.00011448562145233154,0.00011448562145233154,0.00016416609287261963,0.00017211207887157798,0.5,0.5,0.6651806235313416
976,23,2713,supports_cannot,0.00011445581912994385,0.00011445581912994385,0.00011445581912994385,5.334944216883741e-05,1.0,1.0,2.1453986167907715
977,16,12478,supports_cannot,0.00011445581912994385,0.00011445581912994385,0.00017939507961273193,0.00018608449317980558,0.5,0.5,0.6150744557380676
978,13,3822,suppresses_cannot,-0.0001144111156463623,0.0001144111156463623,0.00011488795280456543,8.733129652682692e-05,0.25,0.75,1.3100814819335938
979,28,8714,suppresses_cannot,-0.00011430680751800537,0.00011430680751800537,0.00011430680751800537,2.0342409698059782e-05,0.0,1.0,5.619137287139893
980,30,4677,suppresses_cannot,-0.00011430680751800537,0.00011430680751800537,0.00011430680751800537,2.958331606350839e-05,0.0,1.0,3.863893985748291
981,31,636,suppresses_cannot,-0.00011417269706726074,0.00011417269706726074,0.00011417269706726074,4.360413731774315e-05,0.0,1.0,2.618391275405884
982,29,13152,suppresses_cannot,-0.00011417269706726074,0.00011417269706726074,0.00011417269706726074,3.760751860681921e-05,0.0,1.0,3.035900831222534
983,23,7055,supports_cannot,0.00011414289474487305,0.00011414289474487305,0.00011414289474487305,3.078962254221551e-05,1.0,1.0,3.7071871757507324
984,30,7826,suppresses_cannot,-0.00011411309242248535,0.00011411309242248535,0.00011411309242248535,6.434990791603923e-05,0.0,1.0,1.7733217477798462
985,29,3716,supports_cannot,0.00011402368545532227,0.00011402368545532227,0.00011402368545532227,4.438155156094581e-05,1.0,1.0,2.5691685676574707
986,16,6363,supports_cannot,0.00011402368545532227,0.00011402368545532227,0.00011402368545532227,5.08162383994204e-06,1.0,1.0,22.438430786132812
987,30,5042,suppresses_cannot,-0.00011393427848815918,0.00011393427848815918,0.00011393427848815918,3.322814518469386e-05,0.0,1.0,3.4288485050201416
988,15,256,supports_cannot,0.00011369585990905762,0.00011369585990905762,0.00011369585990905762,9.04766347957775e-05,1.0,1.0,1.2566323280334473
989,17,10747,suppresses_cannot,-0.00011366605758666992,0.00011366605758666992,0.0001347064971923828,0.00010935418686131015,0.25,0.75,1.0394303798675537
990,5,14319,suppresses_cannot,-0.00011359155178070068,0.00011359155178070068,0.00011359155178070068,7.749378710286692e-05,0.0,1.0,1.4658149480819702
991,30,8730,supports_cannot,0.00011354684829711914,0.00011354684829711914,0.00011354684829711914,4.431373963598162e-05,1.0,1.0,2.5623395442962646
992,18,12138,supports_cannot,0.0001135021448135376,0.0001135021448135376,0.0001135021448135376,2.932204370154068e-05,1.0,1.0,3.8708808422088623
993,18,8284,suppresses_cannot,-0.00011348724365234375,0.00011348724365234375,0.00011348724365234375,0.00010475236922502518,0.0,1.0,1.083385944366455
994,31,740,supports_cannot,0.00011341273784637451,0.00011341273784637451,0.00011341273784637451,2.865738861146383e-05,1.0,1.0,3.9575388431549072
995,28,10816,supports_cannot,0.00011339783668518066,0.00011339783668518066,0.00011339783668518066,2.5888923119055107e-05,1.0,1.0,4.3801679611206055
996,27,7525,supports_cannot,0.00011333823204040527,0.00011333823204040527,0.00011333823204040527,4.718377749668434e-05,1.0,1.0,2.402059316635132
997,23,9356,suppresses_cannot,-0.00011330842971801758,0.00011330842971801758,0.00011330842971801758,7.32585322111845e-05,0.0,1.0,1.5466926097869873
998,18,2646,supports_cannot,0.00011324882507324219,0.00011324882507324219,0.00011324882507324219,2.0012210370623507e-05,1.0,1.0,5.658985614776611
999,9,4435,supports_cannot,0.00011321902275085449,0.00011321902275085449,0.0001480579376220703,0.00020930317987222224,0.75,0.75,0.5409331321716309
1000,26,8392,supports_cannot,0.0001131892204284668,0.0001131892204284668,0.0001131892204284668,2.33814753300976e-05,1.0,1.0,4.840978145599365
1001,24,10738,suppresses_cannot,-0.00011317431926727295,0.00011317431926727295,0.00011317431926727295,4.59014845546335e-05,0.0,1.0,2.4655916690826416
1002,15,683,supports_cannot,0.00011314451694488525,0.00011314451694488525,0.00011314451694488525,7.503129018004984e-05,1.0,1.0,1.5079644918441772
1003,29,5684,suppresses_cannot,-0.00011311471462249756,0.00011311471462249756,0.00011311471462249756,4.708948836196214e-05,0.0,1.0,2.4021224975585938
1004,24,12261,supports_cannot,0.00011307001113891602,0.00011307001113891602,0.00011307001113891602,6.113242852734402e-05,1.0,1.0,1.8495913743972778
1005,16,6731,supports_cannot,0.00011295080184936523,0.00011295080184936523,0.00011295080184936523,3.458782521192916e-05,1.0,1.0,3.265623092651367
1006,31,1760,suppresses_cannot,-0.00011293590068817139,0.00011293590068817139,0.00011293590068817139,3.090106838499196e-05,0.0,1.0,3.654757261276245
1007,24,2372,supports_cannot,0.00011275708675384521,0.00011275708675384521,0.00011275708675384521,1.486776727688266e-05,1.0,1.0,7.583995342254639
1008,21,5133,suppresses_cannot,-0.00011274218559265137,0.00011274218559265137,0.00011274218559265137,1.3862180821888614e-05,0.0,1.0,8.133076667785645
1009,28,2510,suppresses_cannot,-0.00011271238327026367,0.00011271238327026367,0.00011271238327026367,3.728905358002521e-05,0.0,1.0,3.0226666927337646
1010,15,12921,suppresses_cannot,-0.00011271238327026367,0.00011271238327026367,0.00011271238327026367,2.407581268926151e-05,0.0,1.0,4.681560516357422
1011,19,2418,supports_cannot,0.00011268258094787598,0.00011268258094787598,0.00011268258094787598,3.084379204665311e-05,1.0,1.0,3.6533310413360596
1012,31,5831,supports_cannot,0.00011265277862548828,0.00011265277862548828,0.00011265277862548828,4.2404255509609357e-05,1.0,1.0,2.6566386222839355
1013,15,8329,supports_cannot,0.00011259317398071289,0.00011259317398071289,0.0001302659511566162,0.00010484654194442555,0.75,0.75,1.073885440826416
1014,22,1132,supports_cannot,0.0001125633716583252,0.0001125633716583252,0.0001125633716583252,5.91132884437684e-05,1.0,1.0,1.9041974544525146
1015,20,4645,suppresses_cannot,-0.00011254847049713135,0.00011254847049713135,0.00011254847049713135,4.71201456093695e-05,0.0,1.0,2.388542413711548
1016,16,8439,supports_cannot,0.00011241436004638672,0.00011241436004638672,0.00011241436004638672,4.427040403243154e-05,1.0,1.0,2.539266586303711
1017,24,8380,suppresses_cannot,-0.00011235475540161133,0.00011235475540161133,0.00011235475540161133,2.006358226935845e-05,0.0,1.0,5.5999345779418945
1018,21,1832,supports_cannot,0.00011233985424041748,0.00011233985424041748,0.00011233985424041748,3.352339626871981e-05,1.0,1.0,3.351088047027588
1019,16,1662,suppresses_cannot,-0.00011232495307922363,0.00011232495307922363,0.00011232495307922363,3.448247298365459e-05,0.0,1.0,3.257450580596924
1020,30,2507,supports_cannot,0.00011228024959564209,0.00011228024959564209,0.00011228024959564209,5.0960617954842746e-05,1.0,1.0,2.203274965286255
1021,21,993,supports_cannot,0.00011226534843444824,0.00011226534843444824,0.00011226534843444824,3.5990189644508064e-05,1.0,1.0,3.1193318367004395
1022,20,12953,supports_cannot,0.000112190842628479,0.000112190842628479,0.000112190842628479,4.615863872459158e-05,1.0,1.0,2.430549144744873
1023,31,2406,suppresses_cannot,-0.00011213123798370361,0.00011213123798370361,0.00011213123798370361,4.925164103042334e-05,0.0,1.0,2.276700496673584
1024,27,635,suppresses_cannot,-0.00011210143566131592,0.00011210143566131592,0.00011210143566131592,1.659373265283648e-05,0.0,1.0,6.755648612976074
1025,24,4777,suppresses_cannot,-0.00011210143566131592,0.00011210143566131592,0.00011210143566131592,7.967700366862118e-05,0.0,1.0,1.406948447227478
1026,13,8818,supports_cannot,0.00011208653450012207,0.00011208653450012207,0.00011208653450012207,2.6540954422671348e-05,1.0,1.0,4.223153591156006
1027,1,198,supports_cannot,0.00011208653450012207,0.00011208653450012207,0.00013130903244018555,0.00014627208292949945,0.75,0.75,0.7662879228591919
1028,25,8371,suppresses_cannot,-0.00011202692985534668,0.00011202692985534668,0.00011202692985534668,3.754244607989676e-05,0.0,1.0,2.9840071201324463
1029,29,2070,supports_cannot,0.0001119375228881836,0.0001119375228881836,0.0001119375228881836,3.0934410460758954e-05,1.0,1.0,3.618543863296509
1030,29,11990,suppresses_cannot,-0.00011189281940460205,0.00011189281940460205,0.00011189281940460205,1.0169657798542175e-05,0.0,1.0,11.002613067626953
1031,28,7098,supports_cannot,0.00011183321475982666,0.00011183321475982666,0.00011183321475982666,2.2903559511178173e-05,1.0,1.0,4.882787227630615
1032,10,14295,suppresses_cannot,-0.00011180341243743896,0.00011180341243743896,0.00011180341243743896,5.3626303269993514e-05,0.0,1.0,2.0848615169525146
1033,30,11928,supports_cannot,0.00011177361011505127,0.00011177361011505127,0.00011177361011505127,3.708336953422986e-05,1.0,1.0,3.0141167640686035
1034,16,12043,suppresses_cannot,-0.00011163949966430664,0.00011163949966430664,0.00011163949966430664,0.0001714371028356254,0.0,1.0,0.6511980295181274
1035,27,1312,supports_cannot,0.00011157989501953125,0.00011157989501953125,0.00011157989501953125,1.5488551071030088e-05,1.0,1.0,7.204023361206055
1036,26,11380,suppresses_cannot,-0.00011147558689117432,0.00011147558689117432,0.00011147558689117432,4.780904873769032e-06,0.0,1.0,23.31683349609375
1037,25,12076,suppresses_cannot,-0.00011141598224639893,0.00011141598224639893,0.00011141598224639893,3.674587424029596e-05,0.0,1.0,3.0320677757263184
1038,24,1816,suppresses_cannot,-0.00011140108108520508,0.00011140108108520508,0.00011140108108520508,6.245284021133557e-05,0.0,1.0,1.7837632894515991
1039,23,9907,supports_cannot,0.00011138617992401123,0.00011138617992401123,0.00011138617992401123,7.053903391351923e-05,1.0,1.0,1.5790715217590332
1040,27,1592,suppresses_cannot,-0.00011135637760162354,0.00011135637760162354,0.00011135637760162354,1.8422771972836927e-05,0.0,1.0,6.044495582580566
1041,26,1751,suppresses_cannot,-0.00011135637760162354,0.00011135637760162354,0.00011135637760162354,4.556622661766596e-05,0.0,1.0,2.443835735321045
1042,29,10844,supports_cannot,0.00011132657527923584,0.00011132657527923584,0.00011132657527923584,5.933974534855224e-05,1.0,1.0,1.8760879039764404
1043,19,3982,suppresses_cannot,-0.00011132657527923584,0.00011132657527923584,0.00011132657527923584,5.417003558250144e-05,0.0,1.0,2.0551321506500244
1044,22,2472,suppresses_cannot,-0.00011132657527923584,0.00011132657527923584,0.00011132657527923584,1.1757865649997257e-05,0.0,1.0,9.468263626098633
1045,29,11182,suppresses_cannot,-0.00011131167411804199,0.00011131167411804199,0.00011131167411804199,4.512521263677627e-05,0.0,1.0,2.466729164123535
1046,20,10009,supports_cannot,0.00011129677295684814,0.00011129677295684814,0.00011129677295684814,2.566343027865514e-05,1.0,1.0,4.336784362792969
1047,24,9812,supports_cannot,0.0001112222671508789,0.0001112222671508789,0.0001112222671508789,4.246233947924338e-05,1.0,1.0,2.6193156242370605
1048,29,3319,suppresses_cannot,-0.00011119246482849121,0.00011119246482849121,0.00011119246482849121,3.2040406949818134e-05,0.0,1.0,3.4703824520111084
1049,23,8668,supports_cannot,0.00011117756366729736,0.00011117756366729736,0.00011117756366729736,6.001447036396712e-05,1.0,1.0,1.8525125980377197
1050,21,2249,supports_cannot,0.00011116266250610352,0.00011116266250610352,0.00011116266250610352,9.160388435702771e-05,1.0,1.0,1.2135146856307983
1051,14,12421,suppresses_cannot,-0.00011114776134490967,0.00011114776134490967,0.00011114776134490967,4.8155063268495724e-05,0.0,1.0,2.308121919631958
1052,24,5024,suppresses_cannot,-0.00011108815670013428,0.00011108815670013428,0.00011108815670013428,6.31720176897943e-05,0.0,1.0,1.7585026025772095
1053,28,165,supports_cannot,0.00011107325553894043,0.00011107325553894043,0.00011107325553894043,4.275760875316337e-05,1.0,1.0,2.5977425575256348
1054,24,425,suppresses_cannot,-0.00011095404624938965,0.00011095404624938965,0.00011095404624938965,4.810254540643655e-05,0.0,1.0,2.306614875793457
1055,25,11114,suppresses_cannot,-0.00011092424392700195,0.00011092424392700195,0.00011092424392700195,3.887084312736988e-05,0.0,1.0,2.8536620140075684
1056,24,12538,suppresses_cannot,-0.0001109093427658081,0.0001109093427658081,0.0001109093427658081,6.963436317164451e-05,0.0,1.0,1.5927386283874512
1057,24,4066,supports_cannot,0.00011084973812103271,0.00011084973812103271,0.00011084973812103271,4.1347935621161014e-05,1.0,1.0,2.680901288986206
1058,21,3635,supports_cannot,0.00011083483695983887,0.00011083483695983887,0.00011083483695983887,6.612073048017919e-05,1.0,1.0,1.676249384880066
1059,23,13662,suppresses_cannot,-0.00011081993579864502,0.00011081993579864502,0.00011081993579864502,8.218459697673097e-06,0.0,1.0,13.484269142150879
1060,29,5400,suppresses_cannot,-0.00011080503463745117,0.00011080503463745117,0.00011080503463745117,3.504806227283552e-05,0.0,1.0,3.1615166664123535
1061,18,13697,suppresses_cannot,-0.00011079013347625732,0.00011079013347625732,0.00011079013347625732,1.4110533811617643e-05,0.0,1.0,7.851590156555176
1062,16,9987,suppresses_cannot,-0.00011079013347625732,0.00011079013347625732,0.00011079013347625732,6.439188291551545e-05,0.0,1.0,1.7205605506896973
1063,13,3523,suppresses_cannot,-0.00011074542999267578,0.00011074542999267578,0.00011074542999267578,0.000104614591691643,0.0,1.0,1.0586040019989014
1064,21,11352,suppresses_cannot,-0.00011068582534790039,0.00011068582534790039,0.00011068582534790039,5.366195910028182e-05,0.0,1.0,2.062649726867676
1065,17,5304,suppresses_cannot,-0.0001106560230255127,0.0001106560230255127,0.0001106560230255127,1.2037592568958644e-05,0.0,1.0,9.192537307739258
1066,19,10301,suppresses_cannot,-0.0001106560230255127,0.0001106560230255127,0.0001106560230255127,1.4466471839114092e-05,0.0,1.0,7.649136543273926
1067,16,1139,supports_cannot,0.000110626220703125,0.000110626220703125,0.000110626220703125,7.537439523730427e-05,1.0,1.0,1.4676896333694458
1068,31,10867,suppresses_cannot,-0.0001105964183807373,0.0001105964183807373,0.0001105964183807373,1.5162237104959786e-05,0.0,1.0,7.294201374053955
1069,31,1332,supports_cannot,0.00011050701141357422,0.00011050701141357422,0.00011050701141357422,3.666773409349844e-05,1.0,1.0,3.013739824295044
1070,22,13610,supports_cannot,0.00011049211025238037,0.00011049211025238037,0.00011049211025238037,4.768256621900946e-05,1.0,1.0,2.3172433376312256
1071,4,2361,supports_cannot,0.00011049211025238037,0.00011049211025238037,0.00011049211025238037,0.00018317739886697382,1.0,1.0,0.6031972765922546
1072,22,11293,supports_cannot,0.00011043250560760498,0.00011043250560760498,0.00011043250560760498,8.730643457965925e-06,1.0,1.0,12.64883804321289
1073,30,8716,supports_cannot,0.00011040270328521729,0.00011040270328521729,0.00011040270328521729,6.39691497781314e-05,1.0,1.0,1.7258741855621338
1074,28,808,suppresses_cannot,-0.00011038780212402344,0.00011038780212402344,0.00011038780212402344,3.550826295395382e-05,0.0,1.0,3.1087920665740967
1075,18,1065,supports_cannot,0.00011038780212402344,0.00011038780212402344,0.00011038780212402344,3.132165875285864e-05,1.0,1.0,3.5243279933929443
1076,28,10927,suppresses_cannot,-0.00011037290096282959,0.00011037290096282959,0.00011037290096282959,2.657499680935871e-05,0.0,1.0,4.153260707855225
1077,18,1702,suppresses_cannot,-0.0001103132963180542,0.0001103132963180542,0.0001103132963180542,4.7349905798910186e-05,0.0,1.0,2.329746961593628
1078,16,8840,supports_cannot,0.00011026859283447266,0.00011026859283447266,0.00011026859283447266,7.631257176399231e-05,1.0,1.0,1.4449597597122192
1079,1,4053,supports_cannot,0.00011022388935089111,0.00011022388935089111,0.00015513598918914795,0.00011825475667137653,0.75,0.75,0.9320884346961975
1080,20,8427,suppresses_cannot,-0.00011019408702850342,0.00011019408702850342,0.00011019408702850342,2.6449066353961825e-05,0.0,1.0,4.1662750244140625
1081,16,12329,supports_cannot,0.00011019408702850342,0.00011019408702850342,0.00011019408702850342,3.787637979257852e-05,1.0,1.0,2.909308910369873
1082,23,4617,suppresses_cannot,-0.00011017918586730957,0.00011017918586730957,0.00011017918586730957,2.8947506507392973e-05,0.0,1.0,3.8061716556549072
1083,27,840,suppresses_cannot,-0.00011016428470611572,0.00011016428470611572,0.00011016428470611572,5.5346888984786347e-05,0.0,1.0,1.9904332160949707
1084,3,203,suppresses_cannot,-0.00011008977890014648,0.00011008977890014648,0.00011083483695983887,0.00019054586300626397,0.25,0.75,0.5777599811553955
1085,8,9454,supports_cannot,0.00011008977890014648,0.00011008977890014648,0.00011873245239257812,0.00019946484826505184,0.5,0.5,0.5519257187843323
1086,22,12411,suppresses_cannot,-0.00011001527309417725,0.00011001527309417725,0.00011001527309417725,7.240865670610219e-05,0.0,1.0,1.5193662643432617
1087,22,8372,suppresses_cannot,-0.00010988116264343262,0.00010988116264343262,0.00010988116264343262,4.291297591407783e-05,0.0,1.0,2.5605580806732178
1088,28,14182,suppresses_cannot,-0.00010986626148223877,0.00010986626148223877,0.00010986626148223877,6.59626812193892e-06,0.0,1.0,16.655818939208984
1089,13,12855,suppresses_cannot,-0.00010986626148223877,0.00010986626148223877,0.0001540929079055786,0.00015195502783171833,0.25,0.75,0.7230182886123657
1090,25,13973,suppresses_cannot,-0.00010971724987030029,0.00010971724987030029,0.00010971724987030029,5.183564280741848e-05,0.0,1.0,2.1166372299194336
1091,15,2012,suppresses_cannot,-0.00010971724987030029,0.00010971724987030029,0.00010971724987030029,5.230220631347038e-05,0.0,1.0,2.0977556705474854
1092,17,7259,suppresses_cannot,-0.00010962784290313721,0.00010962784290313721,0.00010962784290313721,4.288613854441792e-05,0.0,1.0,2.556253433227539
1093,31,10951,suppresses_cannot,-0.00010961294174194336,0.00010961294174194336,0.00010961294174194336,2.7183672500541434e-05,0.0,1.0,4.0323076248168945
1094,30,10657,suppresses_cannot,-0.00010956823825836182,0.00010956823825836182,0.00010956823825836182,4.504625394474715e-05,0.0,1.0,2.432349681854248
1095,29,4928,supports_cannot,0.00010949373245239258,0.00010949373245239258,0.00010949373245239258,1.9492859792080708e-05,1.0,1.0,5.617119312286377
1096,25,13462,suppresses_cannot,-0.00010943412780761719,0.00010943412780761719,0.00010943412780761719,3.002973971888423e-05,0.0,1.0,3.6441915035247803
1097,20,6776,supports_cannot,0.00010943412780761719,0.00010943412780761719,0.00010943412780761719,7.234157237689942e-05,1.0,1.0,1.5127419233322144
1098,27,9054,suppresses_cannot,-0.0001093745231628418,0.0001093745231628418,0.0001093745231628418,5.0278664275538176e-05,0.0,1.0,2.1753666400909424
1099,28,12867,suppresses_cannot,-0.00010927021503448486,0.00010927021503448486,0.00010927021503448486,2.514430889277719e-05,0.0,1.0,4.3457231521606445
1100,15,3816,supports_cannot,0.00010927021503448486,0.00010927021503448486,0.00010927021503448486,8.131040522130206e-05,1.0,1.0,1.3438650369644165
1101,30,10840,supports_cannot,0.00010925531387329102,0.00010925531387329102,0.00010925531387329102,4.399483077577315e-05,1.0,1.0,2.4833669662475586
1102,13,7283,suppresses_cannot,-0.00010918080806732178,0.00010918080806732178,0.00010918080806732178,3.7040255847387016e-05,0.0,1.0,2.9476256370544434
1103,22,6329,supports_cannot,0.00010916590690612793,0.00010916590690612793,0.00010916590690612793,5.8995992731070146e-05,1.0,1.0,1.8503953218460083
1104,18,2036,supports_cannot,0.00010915100574493408,0.00010915100574493408,0.00010915100574493408,8.058031380642205e-05,1.0,1.0,1.354561686515808
1105,30,9415,suppresses_cannot,-0.00010907649993896484,0.00010907649993896484,0.00010907649993896484,2.660614700289443e-05,0.0,1.0,4.099672794342041
1106,27,8723,suppresses_cannot,-0.00010904669761657715,0.00010904669761657715,0.00010904669761657715,2.6643925593816675e-05,0.0,1.0,4.092741012573242
1107,21,9554,suppresses_cannot,-0.0001090019941329956,0.0001090019941329956,0.0001090019941329956,4.2138617573073134e-05,0.0,1.0,2.5867481231689453
1108,28,10407,suppresses_cannot,-0.00010898709297180176,0.00010898709297180176,0.00010898709297180176,4.029947376693599e-05,0.0,1.0,2.7044296264648438
1109,16,6074,supports_cannot,0.00010892748832702637,0.00010892748832702637,0.00010892748832702637,6.86582425259985e-05,1.0,1.0,1.586517333984375
1110,31,7096,supports_cannot,0.00010885298252105713,0.00010885298252105713,0.00010885298252105713,5.100331691210158e-05,1.0,1.0,2.1342334747314453
1111,15,1046,suppresses_cannot,-0.00010885298252105713,0.00010885298252105713,0.00010885298252105713,2.3618349587195553e-05,0.0,1.0,4.608830451965332
1112,23,5679,supports_cannot,0.00010873377323150635,0.00010873377323150635,0.00015588104724884033,0.00016091353609226644,0.75,0.75,0.6757279634475708
1113,21,5862,supports_cannot,0.0001087188720703125,0.0001087188720703125,0.0001087188720703125,3.583530633477494e-05,1.0,1.0,3.0338480472564697
1114,8,9373,supports_cannot,0.0001086890697479248,0.0001086890697479248,0.0001086890697479248,0.00013648449385073036,1.0,1.0,0.7963473796844482
1115,25,7407,supports_cannot,0.00010862946510314941,0.00010862946510314941,0.00010862946510314941,3.739424209925346e-05,1.0,1.0,2.9049782752990723
1116,29,7997,supports_cannot,0.00010861456394195557,0.00010861456394195557,0.00010861456394195557,4.098282806808129e-05,1.0,1.0,2.6502456665039062
1117,28,10427,suppresses_cannot,-0.00010852515697479248,0.00010852515697479248,0.00010852515697479248,6.65827828925103e-05,0.0,1.0,1.6299282312393188
1118,20,3416,supports_cannot,0.00010852515697479248,0.00010852515697479248,0.00010852515697479248,2.568031231930945e-05,1.0,1.0,4.226006031036377
1119,29,4148,suppresses_cannot,-0.00010851025581359863,0.00010851025581359863,0.00010851025581359863,1.6689007679815404e-05,0.0,1.0,6.501899242401123
1120,16,13124,suppresses_cannot,-0.00010851025581359863,0.00010851025581359863,0.00010851025581359863,4.6126937377266586e-05,0.0,1.0,2.3524270057678223
1121,23,13675,suppresses_cannot,-0.00010849535465240479,0.00010849535465240479,0.00010849535465240479,3.918583388440311e-05,0.0,1.0,2.7687392234802246
1122,29,14206,supports_cannot,0.00010845065116882324,0.00010845065116882324,0.00010845065116882324,6.191781722009182e-05,1.0,1.0,1.7515257596969604
1123,29,7859,supports_cannot,0.00010845065116882324,0.00010845065116882324,0.00010845065116882324,5.102823342895135e-05,1.0,1.0,2.1253068447113037
1124,29,5869,suppresses_cannot,-0.0001084059476852417,0.0001084059476852417,0.0001084059476852417,1.9658302335301414e-05,0.0,1.0,5.514511585235596
1125,24,4211,suppresses_cannot,-0.0001084059476852417,0.0001084059476852417,0.0001084059476852417,4.151927350903861e-05,0.0,1.0,2.610978841781616
1126,29,10482,supports_cannot,0.00010833144187927246,0.00010833144187927246,0.00010833144187927246,2.276759005326312e-05,1.0,1.0,4.758142471313477
1127,17,5149,suppresses_cannot,-0.00010827183723449707,0.00010827183723449707,0.00010827183723449707,9.823153231991455e-05,0.0,1.0,1.1022106409072876
1128,21,13320,supports_cannot,0.00010824203491210938,0.00010824203491210938,0.00010824203491210938,4.8024405259639025e-05,1.0,1.0,2.253896474838257
1129,21,3382,supports_cannot,0.00010822713375091553,0.00010822713375091553,0.00010822713375091553,2.939676596724894e-05,1.0,1.0,3.6815998554229736
1130,21,1443,suppresses_cannot,-0.00010819733142852783,0.00010819733142852783,0.00010819733142852783,3.5134180507157e-05,0.0,1.0,3.0795462131500244
1131,14,1217,suppresses_cannot,-0.00010818243026733398,0.00010818243026733398,0.00010818243026733398,7.059735798975453e-05,0.0,1.0,1.5323864221572876
1132,16,723,suppresses_cannot,-0.00010815262794494629,0.00010815262794494629,0.00010815262794494629,4.4573167542694137e-05,0.0,1.0,2.4264066219329834
1133,23,11168,suppresses_cannot,-0.00010813772678375244,0.00010813772678375244,0.00010813772678375244,8.308330143336207e-05,0.0,1.0,1.3015578985214233
1134,26,445,suppresses_cannot,-0.0001081228256225586,0.0001081228256225586,0.0001081228256225586,2.036320984188933e-05,0.0,1.0,5.309713840484619
1135,20,4576,supports_cannot,0.0001081228256225586,0.0001081228256225586,0.0001081228256225586,5.04647396155633e-05,1.0,1.0,2.1425421237945557
1136,14,6551,supports_cannot,0.00010804831981658936,0.00010804831981658936,0.00010804831981658936,1.793467890820466e-05,1.0,1.0,6.0245466232299805
1137,22,10575,supports_cannot,0.00010795891284942627,0.00010795891284942627,0.00010795891284942627,1.899076232803054e-05,1.0,1.0,5.684811592102051
1138,24,2874,suppresses_cannot,-0.00010792911052703857,0.00010792911052703857,0.00010792911052703857,1.3140584997017868e-05,0.0,1.0,8.213417053222656
1139,31,47,supports_cannot,0.00010785460472106934,0.00010785460472106934,0.00010785460472106934,1.653255458222702e-05,1.0,1.0,6.523770332336426
1140,16,9605,suppresses_cannot,-0.00010780990123748779,0.00010780990123748779,0.00010780990123748779,4.9508849770063534e-05,0.0,1.0,2.17758846282959
1141,28,8774,supports_cannot,0.00010779500007629395,0.00010779500007629395,0.00010779500007629395,4.169702879153192e-05,1.0,1.0,2.5851962566375732
1142,30,14296,suppresses_cannot,-0.00010776519775390625,0.00010776519775390625,0.00010776519775390625,3.067245415877551e-05,0.0,1.0,3.5134193897247314
1143,30,38,supports_cannot,0.00010773539543151855,0.00010773539543151855,0.00010773539543151855,1.3208683412813116e-05,1.0,1.0,8.15640640258789
1144,24,2756,supports_cannot,0.00010770559310913086,0.00010770559310913086,0.00010770559310913086,4.3139210902154446e-05,1.0,1.0,2.4966983795166016
1145,30,9249,supports_cannot,0.00010766088962554932,0.00010766088962554932,0.00010766088962554932,3.973226193920709e-05,1.0,1.0,2.7096590995788574
1146,29,9028,suppresses_cannot,-0.00010766088962554932,0.00010766088962554932,0.00010766088962554932,5.115569001645781e-05,0.0,1.0,2.1045730113983154
1147,28,11889,supports_cannot,0.00010760128498077393,0.00010760128498077393,0.00010760128498077393,5.291222987580113e-05,1.0,1.0,2.0335805416107178
1148,29,11192,suppresses_cannot,-0.00010755658149719238,0.00010755658149719238,0.00010755658149719238,3.831722278846428e-05,0.0,1.0,2.8070034980773926
1149,29,10544,suppresses_cannot,-0.00010752677917480469,0.00010752677917480469,0.00010752677917480469,2.7393993150326423e-05,0.0,1.0,3.9251952171325684
1150,19,3264,suppresses_cannot,-0.00010752677917480469,0.00010752677917480469,0.00010752677917480469,0.00011748502583941445,0.0,1.0,0.9152381420135498
1151,24,1934,supports_cannot,0.0001074671745300293,0.0001074671745300293,0.0001074671745300293,3.1721963750896975e-05,1.0,1.0,3.387784481048584
1152,31,3023,suppresses_cannot,-0.00010745227336883545,0.00010745227336883545,0.00010745227336883545,1.1074791473220102e-05,0.0,1.0,9.702418327331543
1153,30,5950,suppresses_cannot,-0.00010739266872406006,0.00010739266872406006,0.00010739266872406006,1.6308944395859726e-05,0.0,1.0,6.584893226623535
1154,24,10938,suppresses_cannot,-0.00010733306407928467,0.00010733306407928467,0.00010733306407928467,1.64431803568732e-05,0.0,1.0,6.5275115966796875
1155,18,7634,supports_cannot,0.00010730326175689697,0.00010730326175689697,0.00010730326175689697,5.789385249954648e-05,1.0,1.0,1.8534482717514038
1156,25,240,supports_cannot,0.00010716915130615234,0.00010716915130615234,0.00010716915130615234,2.3171875000116415e-05,1.0,1.0,4.624966144561768
1157,23,7833,supports_cannot,0.00010699033737182617,0.00010699033737182617,0.00010699033737182617,6.117354496382177e-05,1.0,1.0,1.7489641904830933
1158,26,7351,supports_cannot,0.00010696053504943848,0.00010696053504943848,0.00010696053504943848,8.16878819023259e-05,1.0,1.0,1.3093806505203247
1159,29,5951,suppresses_cannot,-0.00010685622692108154,0.00010685622692108154,0.00010685622692108154,4.4031767174601555e-05,0.0,1.0,2.4267985820770264
1160,26,9335,suppresses_cannot,-0.0001068115234375,0.0001068115234375,0.0001068115234375,2.6228346541756764e-05,0.0,1.0,4.072369575500488
1161,27,6048,supports_cannot,0.0001068115234375,0.0001068115234375,0.0001068115234375,1.9055782104260288e-05,1.0,1.0,5.6052021980285645
1162,18,12254,suppresses_cannot,-0.00010676681995391846,0.00010676681995391846,0.00010676681995391846,1.7073238268494606e-05,0.0,1.0,6.253459930419922
1163,25,7849,suppresses_cannot,-0.00010676681995391846,0.00010676681995391846,0.00011627376079559326,7.800765160936862e-05,0.25,0.75,1.368671178817749
1164,29,11608,supports_cannot,0.00010672211647033691,0.00010672211647033691,0.00010672211647033691,4.784635530086234e-05,1.0,1.0,2.2305171489715576
1165,31,13597,suppresses_cannot,-0.00010670721530914307,0.00010670721530914307,0.00010670721530914307,3.311338150524534e-05,0.0,1.0,3.222480058670044
1166,20,10266,supports_cannot,0.00010661780834197998,0.00010661780834197998,0.00010661780834197998,5.6885248341131955e-05,1.0,1.0,1.8742611408233643
1167,18,272,suppresses_cannot,-0.0001065284013748169,0.0001065284013748169,0.0001065284013748169,2.8845612177974544e-05,0.0,1.0,3.693053722381592
1168,16,1999,suppresses_cannot,-0.00010651350021362305,0.00010651350021362305,0.00010651350021362305,4.800570604857057e-05,0.0,1.0,2.2187674045562744
1169,19,2292,suppresses_cannot,-0.0001064687967300415,0.0001064687967300415,0.0001064687967300415,4.211384293739684e-05,0.0,1.0,2.528118848800659
1170,15,13821,supports_cannot,0.00010642409324645996,0.00010642409324645996,0.00012227892875671387,0.00010074790770886466,0.75,0.75,1.0563404560089111
1171,13,4642,supports_cannot,0.00010640919208526611,0.00010640919208526611,0.00010640919208526611,5.5625114327995107e-05,1.0,1.0,1.9129703044891357
1172,23,2132,suppresses_cannot,-0.00010640919208526611,0.00010640919208526611,0.00010640919208526611,1.829082793847192e-05,0.0,1.0,5.817625045776367
1173,27,13129,supports_cannot,0.00010636448860168457,0.00010636448860168457,0.00010636448860168457,3.0582192266592756e-05,1.0,1.0,3.477987766265869
1174,24,2504,supports_cannot,0.00010627508163452148,0.00010627508163452148,0.00010627508163452148,4.788607111549936e-05,1.0,1.0,2.219331741333008
1175,31,13062,supports_cannot,0.00010623037815093994,0.00010623037815093994,0.00010623037815093994,3.08234230033122e-05,1.0,1.0,3.4464173316955566
1176,21,6243,suppresses_cannot,-0.0001062154769897461,0.0001062154769897461,0.0001062154769897461,2.862186920538079e-05,0.0,1.0,3.7109899520874023
1177,30,7675,supports_cannot,0.00010620057582855225,0.00010620057582855225,0.00010620057582855225,2.316591053386219e-05,1.0,1.0,4.584346771240234
1178,21,4473,suppresses_cannot,-0.0001061856746673584,0.0001061856746673584,0.0001061856746673584,6.102177576394752e-05,0.0,1.0,1.7401275634765625
1179,30,559,suppresses_cannot,-0.00010617077350616455,0.00010617077350616455,0.00010617077350616455,2.6156640160479583e-05,0.0,1.0,4.059036731719971
1180,31,13245,supports_cannot,0.0001061558723449707,0.0001061558723449707,0.0001061558723449707,1.9480372429825366e-05,1.0,1.0,5.449375629425049
1181,26,9907,supports_cannot,0.00010614097118377686,0.00010614097118377686,0.00010614097118377686,3.5577515518525615e-05,1.0,1.0,2.983372211456299
1182,17,5071,suppresses_cannot,-0.00010597705841064453,0.00010597705841064453,0.00010597705841064453,4.355804776423611e-05,0.0,1.0,2.4330074787139893
1183,28,3340,supports_cannot,0.00010591745376586914,0.00010591745376586914,0.00010591745376586914,4.223149880999699e-05,1.0,1.0,2.5080201625823975
1184,25,13336,suppresses_cannot,-0.00010582804679870605,0.00010582804679870605,0.00010582804679870605,2.7433503419160843e-05,0.0,1.0,3.8576202392578125
1185,14,3001,suppresses_cannot,-0.00010582804679870605,0.00010582804679870605,0.00011789798736572266,9.586024680174887e-05,0.25,0.75,1.1039825677871704
1186,15,8354,suppresses_cannot,-0.00010581314563751221,0.00010581314563751221,0.00019241869449615479,0.0002475005167070776,0.25,0.75,0.42752698063850403
1187,12,9114,suppresses_cannot,-0.00010578334331512451,0.00010578334331512451,0.00010578334331512451,4.168503073742613e-05,0.0,1.0,2.537681818008423
1188,22,14117,supports_cannot,0.00010578334331512451,0.00010578334331512451,0.00010578334331512451,8.179368160199374e-05,1.0,1.0,1.2932947874069214
1189,24,4234,suppresses_cannot,-0.00010576844215393066,0.00010576844215393066,0.00010576844215393066,3.526239379425533e-05,0.0,1.0,2.9994685649871826
1190,21,12164,suppresses_cannot,-0.00010570883750915527,0.00010570883750915527,0.00010570883750915527,3.288957304903306e-05,0.0,1.0,3.214053153991699
1191,15,13963,suppresses_cannot,-0.00010566413402557373,0.00010566413402557373,0.00010566413402557373,7.633395398443099e-06,0.0,1.0,13.8423490524292
1192,27,3831,supports_cannot,0.00010563433170318604,0.00010563433170318604,0.00010563433170318604,3.50841146428138e-05,1.0,1.0,3.010887861251831
1193,18,7014,suppresses_cannot,-0.00010561943054199219,0.00010561943054199219,0.00010561943054199219,9.946120371751022e-06,0.0,1.0,10.619157791137695
1194,13,7554,supports_cannot,0.00010560452938079834,0.00010560452938079834,0.00010560452938079834,4.4349246309138834e-05,1.0,1.0,2.381202459335327
1195,17,13404,suppresses_cannot,-0.00010557472705841064,0.00010557472705841064,0.00010557472705841064,5.8516725403023884e-05,0.0,1.0,1.804180383682251
1196,12,5760,supports_cannot,0.0001055002212524414,0.0001055002212524414,0.0002638101577758789,0.0002513652143534273,0.75,0.75,0.41970890760421753
1197,27,2621,supports_cannot,0.00010547041893005371,0.00010547041893005371,0.00010547041893005371,7.093507156241685e-05,1.0,1.0,1.486858606338501
1198,19,2902,suppresses_cannot,-0.00010547041893005371,0.00010547041893005371,0.00010547041893005371,5.910152322030626e-05,0.0,1.0,1.784563422203064
1199,26,9073,supports_cannot,0.00010545551776885986,0.00010545551776885986,0.00010545551776885986,5.791626244899817e-05,1.0,1.0,1.8208273649215698
1200,17,10066,supports_cannot,0.00010542571544647217,0.00010542571544647217,0.00010542571544647217,4.648505637305789e-05,1.0,1.0,2.267948627471924
1201,17,14085,suppresses_cannot,-0.00010538101196289062,0.00010538101196289062,0.00010538101196289062,1.79491653398145e-05,0.0,1.0,5.8710808753967285
1202,19,3931,supports_cannot,0.00010536611080169678,0.00010536611080169678,0.00010536611080169678,1.575702481204644e-05,1.0,1.0,6.686928749084473
1203,31,1209,supports_cannot,0.00010535120964050293,0.00010535120964050293,0.00010535120964050293,3.668067802209407e-05,1.0,1.0,2.872117280960083
1204,31,12835,suppresses_cannot,-0.00010523200035095215,0.00010523200035095215,0.00010523200035095215,2.1821264454047196e-05,0.0,1.0,4.822451591491699
1205,26,9583,supports_cannot,0.0001051872968673706,0.0001051872968673706,0.0001051872968673706,4.72035571874585e-05,1.0,1.0,2.2283763885498047
1206,26,8554,supports_cannot,0.00010515749454498291,0.00010515749454498291,0.00010515749454498291,1.4536836715706158e-05,1.0,1.0,7.233863353729248
1207,13,1814,suppresses_cannot,-0.00010515749454498291,0.00010515749454498291,0.00010515749454498291,5.4068055760581046e-05,0.0,1.0,1.9449098110198975
1208,26,3944,suppresses_cannot,-0.00010515749454498291,0.00010515749454498291,0.00010515749454498291,1.9677179807331413e-05,0.0,1.0,5.3441338539123535
1209,18,8435,suppresses_cannot,-0.00010511279106140137,0.00010511279106140137,0.00010511279106140137,1.3375798516790383e-05,0.0,1.0,7.8584303855896
1210,22,2425,suppresses_cannot,-0.00010506808757781982,0.00010506808757781982,0.00010506808757781982,5.1915532822022215e-05,0.0,1.0,2.02382755279541
1211,24,9587,suppresses_cannot,-0.00010503828525543213,0.00010503828525543213,0.00010503828525543213,4.5423908886732534e-05,0.0,1.0,2.3124008178710938
1212,26,8882,supports_cannot,0.00010503828525543213,0.00010503828525543213,0.00010503828525543213,4.447274113772437e-05,1.0,1.0,2.3618576526641846
1213,17,10712,supports_cannot,0.00010503828525543213,0.00010503828525543213,0.000146523118019104,0.0001224780862685293,0.75,0.75,0.8576087951660156
1214,28,7973,suppresses_cannot,-0.00010500848293304443,0.00010500848293304443,0.00010500848293304443,1.909314414660912e-05,0.0,1.0,5.499799728393555
1215,20,12159,suppresses_cannot,-0.00010494887828826904,0.00010494887828826904,0.00010494887828826904,2.0911096726194955e-05,0.0,1.0,5.01881217956543
1216,30,10945,supports_cannot,0.00010491907596588135,0.00010491907596588135,0.00010491907596588135,2.4646731617394835e-05,1.0,1.0,4.256916046142578
1217,29,12268,suppresses_cannot,-0.0001049041748046875,0.0001049041748046875,0.0001049041748046875,5.042533666710369e-05,0.0,1.0,2.080386161804199
1218,28,1839,supports_cannot,0.00010488927364349365,0.00010488927364349365,0.00010488927364349365,3.7779951526317745e-05,1.0,1.0,2.7763209342956543
1219,20,2443,suppresses_cannot,-0.00010482966899871826,0.00010482966899871826,0.00010482966899871826,6.2871422414900735e-06,0.0,1.0,16.673656463623047
1220,29,13274,supports_cannot,0.00010471045970916748,0.00010471045970916748,0.00010471045970916748,4.712808004114777e-05,1.0,1.0,2.221827507019043
1221,27,12638,suppresses_cannot,-0.00010468065738677979,0.00010468065738677979,0.00010468065738677979,2.3432903617504053e-05,0.0,1.0,4.467250347137451
1222,20,11263,suppresses_cannot,-0.00010466575622558594,0.00010466575622558594,0.00010466575622558594,2.3163940568338148e-05,0.0,1.0,4.518477439880371
1223,15,13598,suppresses_cannot,-0.00010463595390319824,0.00010463595390319824,0.00010463595390319824,0.00010436167940497398,0.0,1.0,1.0026280879974365
1224,12,513,suppresses_cannot,-0.0001046210527420044,0.0001046210527420044,0.0001046210527420044,3.2597021345281973e-05,0.0,1.0,3.2095279693603516
1225,27,5773,supports_cannot,0.00010460615158081055,0.00010460615158081055,0.00010460615158081055,5.585936378338374e-05,1.0,1.0,1.8726699352264404
1226,21,2704,supports_cannot,0.0001045912504196167,0.0001045912504196167,0.0001045912504196167,5.0394861318636686e-05,1.0,1.0,2.075434923171997
1227,25,12633,suppresses_cannot,-0.00010447204113006592,0.00010447204113006592,0.00010447204113006592,5.470348332892172e-05,0.0,1.0,1.9097877740859985
1228,31,4518,supports_cannot,0.00010442733764648438,0.00010442733764648438,0.00010442733764648438,5.182237509870902e-05,1.0,1.0,2.015101432800293
1229,25,10056,suppresses_cannot,-0.00010442733764648438,0.00010442733764648438,0.00010442733764648438,6.308304728008807e-05,0.0,1.0,1.6553946733474731
1230,13,2048,supports_cannot,0.00010433793067932129,0.00010433793067932129,0.00010433793067932129,7.981899398146197e-05,1.0,1.0,1.307181715965271
1231,31,1042,supports_cannot,0.0001043081283569336,0.0001043081283569336,0.0001043081283569336,6.314176425803453e-05,1.0,1.0,1.6519672870635986
1232,20,5729,suppresses_cannot,-0.00010426342487335205,0.00010426342487335205,0.00010426342487335205,1.3368550753511954e-05,0.0,1.0,7.799156188964844
1233,24,6230,supports_cannot,0.00010423362255096436,0.00010423362255096436,0.00010423362255096436,1.798418270482216e-05,1.0,1.0,5.795849323272705
1234,25,2639,supports_cannot,0.00010421872138977051,0.00010421872138977051,0.00010421872138977051,1.8115326383849606e-05,1.0,1.0,5.753068447113037
1235,29,10537,supports_cannot,0.00010420382022857666,0.00010420382022857666,0.00010420382022857666,2.870074604288675e-05,1.0,1.0,3.6307005882263184
1236,23,4291,suppresses_cannot,-0.00010415911674499512,0.00010415911674499512,0.00010415911674499512,1.7293694327236153e-05,0.0,1.0,6.022953033447266
1237,30,11709,supports_cannot,0.00010414421558380127,0.00010414421558380127,0.00010414421558380127,3.2697302231099457e-05,1.0,1.0,3.185101270675659
1238,20,10000,suppresses_cannot,-0.00010412931442260742,0.00010412931442260742,0.00013259053230285645,0.00013277445395942777,0.25,0.75,0.784257173538208
1239,18,11450,supports_cannot,0.00010411441326141357,0.00010411441326141357,0.00010411441326141357,2.0469416995183565e-05,1.0,1.0,5.086339473724365
1240,14,1625,suppresses_cannot,-0.00010405480861663818,0.00010405480861663818,0.00010405480861663818,5.336680624168366e-05,0.0,1.0,1.9498039484024048
1241,17,9407,suppresses_cannot,-0.00010403990745544434,0.00010403990745544434,0.00010403990745544434,4.311349766794592e-05,0.0,1.0,2.413163185119629
1242,31,8245,suppresses_cannot,-0.00010402500629425049,0.00010402500629425049,0.00010402500629425049,3.705106792040169e-05,0.0,1.0,2.8076114654541016
1243,31,3320,suppresses_cannot,-0.00010402500629425049,0.00010402500629425049,0.00010402500629425049,8.083608554443344e-05,0.0,1.0,1.2868634462356567
1244,28,4234,supports_cannot,0.00010401010513305664,0.00010401010513305664,0.00010401010513305664,2.0588466213666834e-05,1.0,1.0,5.0518622398376465
1245,20,2989,supports_cannot,0.00010392069816589355,0.00010392069816589355,0.00010392069816589355,1.0798192306538112e-05,1.0,1.0,9.623896598815918
1246,29,13755,suppresses_cannot,-0.00010389089584350586,0.00010389089584350586,0.00010389089584350586,3.775929508265108e-05,0.0,1.0,2.751399278640747
1247,26,10873,suppresses_cannot,-0.00010389089584350586,0.00010389089584350586,0.00010389089584350586,3.0350560336955823e-05,0.0,1.0,3.423030376434326
1248,23,5310,supports_cannot,0.00010386109352111816,0.00010386109352111816,0.00010386109352111816,6.271805614233017e-05,1.0,1.0,1.6559998989105225
1249,20,11879,suppresses_cannot,-0.00010386109352111816,0.00010386109352111816,0.00012511014938354492,9.135541768046096e-05,0.25,0.75,1.1368904113769531
1250,16,11446,suppresses_cannot,-0.00010383129119873047,0.00010383129119873047,0.00010383129119873047,4.057796104461886e-05,0.0,1.0,2.558809995651245
1251,28,735,suppresses_cannot,-0.00010380148887634277,0.00010380148887634277,0.00010380148887634277,3.307798760943115e-05,0.0,1.0,3.1380834579467773
1252,20,12370,supports_cannot,0.00010380148887634277,0.00010380148887634277,0.00010380148887634277,3.9227295928867534e-05,1.0,1.0,2.6461546421051025
1253,29,5060,suppresses_cannot,-0.00010378658771514893,0.00010378658771514893,0.00010378658771514893,3.1241204851539806e-05,0.0,1.0,3.322105884552002
1254,28,1851,supports_cannot,0.00010368227958679199,0.00010368227958679199,0.00010368227958679199,5.54868092876859e-05,1.0,1.0,1.8685933351516724
1255,14,10026,suppresses_cannot,-0.00010368227958679199,0.00010368227958679199,0.00010368227958679199,3.573817957658321e-05,0.0,1.0,2.90116286277771
1256,26,6675,suppresses_cannot,-0.00010366737842559814,0.00010366737842559814,0.00010366737842559814,7.156193896662444e-05,0.0,1.0,1.4486384391784668
1257,20,12794,supports_cannot,0.00010366737842559814,0.00010366737842559814,0.00010366737842559814,3.131137418677099e-05,1.0,1.0,3.3108537197113037
1258,17,3110,suppresses_cannot,-0.0001036524772644043,0.0001036524772644043,0.0001036524772644043,2.774751374090556e-05,0.0,1.0,3.7355587482452393
1259,23,7665,supports_cannot,0.0001035928726196289,0.0001035928726196289,0.0001035928726196289,6.73680697218515e-05,1.0,1.0,1.5377147197723389
1260,21,8050,suppresses_cannot,-0.00010354816913604736,0.00010354816913604736,0.00010354816913604736,5.195681660552509e-05,0.0,1.0,1.9929660558700562
1261,14,12647,supports_cannot,0.00010353326797485352,0.00010353326797485352,0.00013250112533569336,0.00017495690553914756,0.5,0.5,0.5917643904685974
1262,17,8936,supports_cannot,0.00010350346565246582,0.00010350346565246582,0.00010350346565246582,5.1703867939068004e-05,1.0,1.0,2.0018515586853027
1263,15,4929,suppresses_cannot,-0.00010347366333007812,0.00010347366333007812,0.00010347366333007812,2.3264716219273396e-05,0.0,1.0,4.447664737701416
1264,22,6493,suppresses_cannot,-0.00010345876216888428,0.00010345876216888428,0.00010345876216888428,4.873284706263803e-05,0.0,1.0,2.1229779720306396
1265,2,4380,suppresses_cannot,-0.00010339915752410889,0.00010339915752410889,0.00010339915752410889,3.957378794439137e-05,0.0,1.0,2.6128194332122803
1266,29,9380,supports_cannot,0.00010336935520172119,0.00010336935520172119,0.00010336935520172119,3.0272598451119848e-05,1.0,1.0,3.4146175384521484
1267,29,2555,suppresses_cannot,-0.0001032799482345581,0.0001032799482345581,0.0001032799482345581,1.863950637925882e-05,0.0,1.0,5.5409159660339355
1268,26,6943,supports_cannot,0.0001032799482345581,0.0001032799482345581,0.0001032799482345581,6.951068644411862e-05,1.0,1.0,1.4858139753341675
1269,22,6247,suppresses_cannot,-0.00010325014591217041,0.00010325014591217041,0.00010325014591217041,5.737335595767945e-05,0.0,1.0,1.7996183633804321
1270,21,3857,supports_cannot,0.00010319054126739502,0.00010319054126739502,0.00010319054126739502,2.795214459183626e-05,1.0,1.0,3.691685676574707
1271,20,11763,supports_cannot,0.00010317564010620117,0.00010317564010620117,0.00010317564010620117,5.9865869843633845e-05,1.0,1.0,1.7234467267990112
1272,16,1677,supports_cannot,0.00010316073894500732,0.00010316073894500732,0.00010316073894500732,3.553972419467755e-05,1.0,1.0,2.9026882648468018
1273,17,5238,suppresses_cannot,-0.00010316073894500732,0.00010316073894500732,0.00010316073894500732,4.218424510327168e-05,0.0,1.0,2.4454803466796875
1274,21,6141,suppresses_cannot,-0.00010316073894500732,0.00010316073894500732,0.00010316073894500732,3.300594471511431e-05,0.0,1.0,3.1255199909210205
1275,12,9894,suppresses_cannot,-0.00010311603546142578,0.00010311603546142578,0.00010311603546142578,3.1334246159531176e-05,0.0,1.0,3.2908413410186768
1276,28,1642,supports_cannot,0.00010308623313903809,0.00010308623313903809,0.00010308623313903809,4.466958489501849e-05,1.0,1.0,2.3077499866485596
1277,13,13155,suppresses_cannot,-0.00010305643081665039,0.00010305643081665039,0.00015994906425476074,0.00015073991380631924,0.25,0.75,0.6836704611778259
1278,23,13348,suppresses_cannot,-0.00010298192501068115,0.00010298192501068115,0.00010298192501068115,3.599023330025375e-05,0.0,1.0,2.8613853454589844
1279,24,2873,supports_cannot,0.00010295212268829346,0.00010295212268829346,0.00010295212268829346,2.0478528313105926e-05,1.0,1.0,5.02731990814209
1280,16,12813,supports_cannot,0.00010284781455993652,0.00010284781455993652,0.00010284781455993652,5.3579991799779236e-05,1.0,1.0,1.919519066810608
1281,16,6364,supports_cannot,0.00010284781455993652,0.00010284781455993652,0.00010284781455993652,2.8291571652516723e-05,1.0,1.0,3.6352808475494385
1282,12,7877,suppresses_cannot,-0.00010284781455993652,0.00010284781455993652,0.00010284781455993652,2.3657506972085685e-05,0.0,1.0,4.34736442565918
1283,21,6128,supports_cannot,0.00010281801223754883,0.00010281801223754883,0.00010281801223754883,2.229066376457922e-05,1.0,1.0,4.612604141235352
1284,27,11567,supports_cannot,0.00010280311107635498,0.00010280311107635498,0.00010280311107635498,1.874565532489214e-05,1.0,1.0,5.484102725982666
1285,18,12943,supports_cannot,0.00010278820991516113,0.00010278820991516113,0.00010278820991516113,5.369704376789741e-05,1.0,1.0,1.9142247438430786
1286,27,5737,suppresses_cannot,-0.00010275840759277344,0.00010275840759277344,0.00010275840759277344,4.6618453779956326e-05,0.0,1.0,2.2042431831359863
1287,25,11554,supports_cannot,0.00010266900062561035,0.00010266900062561035,0.00010266900062561035,2.8037175070494413e-05,1.0,1.0,3.6618878841400146
1288,27,7017,suppresses_cannot,-0.00010262429714202881,0.00010262429714202881,0.00010262429714202881,1.1845617336803116e-05,0.0,1.0,8.663481712341309
1289,31,6831,suppresses_cannot,-0.00010257959365844727,0.00010257959365844727,0.00010257959365844727,3.213729723938741e-05,0.0,1.0,3.1919171810150146
1290,21,9830,supports_cannot,0.00010253489017486572,0.00010253489017486572,0.00010253489017486572,3.731732431333512e-05,1.0,1.0,2.7476484775543213
1291,23,4343,supports_cannot,0.0001024007797241211,0.0001024007797241211,0.0001024007797241211,5.185667396290228e-05,1.0,1.0,1.9746885299682617
1292,20,13412,supports_cannot,0.0001023411750793457,0.0001023411750793457,0.0001023411750793457,3.883783574565314e-05,1.0,1.0,2.635089635848999
1293,31,8990,suppresses_cannot,-0.00010231137275695801,0.00010231137275695801,0.00010231137275695801,4.7318833821918815e-05,0.0,1.0,2.162170171737671
1294,27,8178,suppresses_cannot,-0.00010229647159576416,0.00010229647159576416,0.00010229647159576416,3.3182030165335163e-05,0.0,1.0,3.082887649536133
1295,17,179,suppresses_cannot,-0.00010226666927337646,0.00010226666927337646,0.00010226666927337646,1.8305487174075097e-05,0.0,1.0,5.586667060852051
1296,23,12148,supports_cannot,0.00010217726230621338,0.00010217726230621338,0.00010217726230621338,8.086982415989041e-05,1.0,1.0,1.2634782791137695
1297,18,8429,supports_cannot,0.00010216236114501953,0.00010216236114501953,0.0001882314682006836,0.00019312540825922042,0.5,0.5,0.5289949178695679
1298,17,8977,suppresses_cannot,-0.0001020282506942749,0.0001020282506942749,0.0001020282506942749,3.865273538394831e-05,0.0,1.0,2.6396126747131348
1299,31,8082,suppresses_cannot,-0.00010201334953308105,0.00010201334953308105,0.00010201334953308105,5.1438677473925054e-05,0.0,1.0,1.9832031726837158
1300,18,14003,supports_cannot,0.00010199844837188721,0.00010199844837188721,0.00010199844837188721,3.53357354470063e-05,1.0,1.0,2.886552333831787
1301,18,11908,suppresses_cannot,-0.00010193884372711182,0.00010193884372711182,0.00010193884372711182,5.6327720812987536e-05,0.0,1.0,1.8097455501556396
1302,30,1604,supports_cannot,0.00010192394256591797,0.00010192394256591797,0.00010192394256591797,5.302314821165055e-05,1.0,1.0,1.9222537279129028
1303,30,13128,supports_cannot,0.00010187923908233643,0.00010187923908233643,0.00010187923908233643,5.588197382166982e-05,1.0,1.0,1.8231145143508911
1304,16,8700,suppresses_cannot,-0.00010184943675994873,0.00010184943675994873,0.00010184943675994873,1.5371146218967624e-05,0.0,1.0,6.62601375579834
1305,27,1958,suppresses_cannot,-0.00010184943675994873,0.00010184943675994873,0.00010184943675994873,8.469878594041802e-06,0.0,1.0,12.024897575378418
1306,27,5114,supports_cannot,0.00010183453559875488,0.00010183453559875488,0.00010183453559875488,8.100397099042311e-05,1.0,1.0,1.2571548223495483
1307,27,1544,supports_cannot,0.00010180473327636719,0.00010180473327636719,0.00010180473327636719,2.006415707000997e-05,1.0,1.0,5.073959827423096
1308,26,2269,supports_cannot,0.00010178983211517334,0.00010178983211517334,0.00010178983211517334,3.0147708457661793e-05,1.0,1.0,3.3763701915740967
1309,27,1721,suppresses_cannot,-0.00010176002979278564,0.00010176002979278564,0.00010176002979278564,4.8075929953483865e-05,0.0,1.0,2.116652250289917
1310,14,8138,suppresses_cannot,-0.00010176002979278564,0.00010176002979278564,0.00010176002979278564,9.02309111552313e-05,0.0,1.0,1.1277735233306885
1311,31,11750,supports_cannot,0.00010176002979278564,0.00010176002979278564,0.00010176002979278564,1.666828575253021e-05,1.0,1.0,6.105008125305176
1312,8,12312,supports_cannot,0.00010176002979278564,0.00010176002979278564,0.00010724365711212158,0.00011024883860955015,0.75,0.75,0.9230031967163086
1313,30,14244,suppresses_cannot,-0.00010173022747039795,0.00010173022747039795,0.00010173022747039795,2.2849553715786897e-05,0.0,1.0,4.452175140380859
1314,30,11560,supports_cannot,0.00010167062282562256,0.00010167062282562256,0.00010167062282562256,1.7448202925152145e-05,1.0,1.0,5.826996326446533
1315,23,9662,suppresses_cannot,-0.00010165572166442871,0.00010165572166442871,0.00010165572166442871,1.6701136701158248e-05,0.0,1.0,6.086753845214844
1316,21,13890,suppresses_cannot,-0.00010165572166442871,0.00010165572166442871,0.00010165572166442871,2.773712549242191e-05,0.0,1.0,3.6649694442749023
1317,22,12203,suppresses_cannot,-0.00010164082050323486,0.00010164082050323486,0.00010164082050323486,3.440616637817584e-05,0.0,1.0,2.9541454315185547
1318,29,12964,supports_cannot,0.00010159611701965332,0.00010159611701965332,0.00010159611701965332,2.5874200218822807e-05,1.0,1.0,3.9265410900115967
1319,23,2217,suppresses_cannot,-0.00010158121585845947,0.00010158121585845947,0.00010158121585845947,4.7161258407868445e-05,0.0,1.0,2.153912305831909
1320,31,4690,supports_cannot,0.00010158121585845947,0.00010158121585845947,0.0006135553121566772,0.0007549455622211099,0.5,0.5,0.13455435633659363
1321,29,7789,suppresses_cannot,-0.00010156631469726562,0.00010156631469726562,0.00010156631469726562,2.7174130082130432e-05,0.0,1.0,3.737610340118408
1322,30,4048,suppresses_cannot,-0.00010156631469726562,0.00010156631469726562,0.00010156631469726562,3.225170439691283e-05,0.0,1.0,3.149176597595215
1323,29,2096,suppresses_cannot,-0.00010155141353607178,0.00010155141353607178,0.00010155141353607178,6.419152487069368e-05,0.0,1.0,1.582006573677063
1324,28,3639,supports_cannot,0.00010153651237487793,0.00010153651237487793,0.00010153651237487793,4.965681364410557e-05,1.0,1.0,2.044764995574951
1325,21,5622,suppresses_cannot,-0.00010152161121368408,0.00010152161121368408,0.00010152161121368408,3.438153362367302e-05,0.0,1.0,2.9527947902679443
1326,23,7073,supports_cannot,0.00010150671005249023,0.00010150671005249023,0.00010150671005249023,2.734460031206254e-05,1.0,1.0,3.712129831314087
1327,30,5098,suppresses_cannot,-0.00010149180889129639,0.00010149180889129639,0.00010149180889129639,1.8004124285653234e-05,0.0,1.0,5.637141704559326
1328,30,10685,suppresses_cannot,-0.00010147690773010254,0.00010147690773010254,0.00010147690773010254,3.122229463770054e-05,0.0,1.0,3.2501425743103027
1329,22,3334,supports_cannot,0.0001013725996017456,0.0001013725996017456,0.0001013725996017456,5.15972678840626e-05,1.0,1.0,1.9646892547607422
1330,28,9564,suppresses_cannot,-0.00010135769844055176,0.00010135769844055176,0.00010135769844055176,5.3304909670259804e-05,0.0,1.0,1.9014701843261719
1331,27,3657,suppresses_cannot,-0.00010134279727935791,0.00010134279727935791,0.00010134279727935791,8.26265022624284e-06,0.0,1.0,12.265167236328125
1332,23,8210,suppresses_cannot,-0.00010132789611816406,0.00010132789611816406,0.00010132789611816406,2.759646849881392e-05,0.0,1.0,3.6717700958251953
1333,31,2816,suppresses_cannot,-0.00010132789611816406,0.00010132789611816406,0.00010132789611816406,4.0182130760513246e-05,0.0,1.0,2.5217154026031494
1334,29,10391,supports_cannot,0.00010126829147338867,0.00010126829147338867,0.00010126829147338867,2.929909351223614e-05,1.0,1.0,3.45636248588562
1335,16,11010,supports_cannot,0.00010126829147338867,0.00010126829147338867,0.00010126829147338867,0.00011938188981730491,1.0,1.0,0.8482717871665955
1336,18,2120,supports_cannot,0.00010126829147338867,0.00010126829147338867,0.00010126829147338867,3.6947716580471024e-05,1.0,1.0,2.740853786468506
1337,29,1703,suppresses_cannot,-0.00010126829147338867,0.00010126829147338867,0.00010126829147338867,9.553047857480124e-05,0.0,1.0,1.0600626468658447
1338,18,8045,suppresses_cannot,-0.00010125339031219482,0.00010125339031219482,0.00010125339031219482,2.3729737222311087e-05,0.0,1.0,4.266940593719482
1339,11,10594,supports_cannot,0.00010125339031219482,0.00010125339031219482,0.00010125339031219482,5.423910261015408e-05,1.0,1.0,1.8667969703674316
1340,19,6227,suppresses_cannot,-0.00010120868682861328,0.00010120868682861328,0.00017011165618896484,0.00016575513291172683,0.25,0.75,0.6105915904045105
1341,30,4593,suppresses_cannot,-0.00010117888450622559,0.00010117888450622559,0.00010117888450622559,5.24436472915113e-05,0.0,1.0,1.9292876720428467
1342,0,378,suppresses_cannot,-0.00010114908218383789,0.00010114908218383789,0.00010114908218383789,7.849623943911865e-05,0.0,1.0,1.2885850667953491
1343,16,2969,supports_cannot,0.00010114908218383789,0.00010114908218383789,0.00010114908218383789,4.399392128107138e-05,1.0,1.0,2.2991604804992676
1344,27,10109,supports_cannot,0.00010107457637786865,0.00010107457637786865,0.00010107457637786865,3.2397863833466545e-05,1.0,1.0,3.119791269302368
1345,26,7092,suppresses_cannot,-0.00010104477405548096,0.00010104477405548096,0.00010104477405548096,2.7939113351749256e-05,0.0,1.0,3.6166059970855713
1346,26,13192,suppresses_cannot,-0.00010101497173309326,0.00010101497173309326,0.00010101497173309326,4.19881907873787e-05,0.0,1.0,2.405794858932495
1347,29,3678,supports_cannot,0.00010095536708831787,0.00010095536708831787,0.00010095536708831787,0.00010039120388682932,1.0,1.0,1.0056196451187134
1348,20,3123,suppresses_cannot,-0.00010094046592712402,0.00010094046592712402,0.00010094046592712402,2.988795495184604e-05,0.0,1.0,3.377295732498169
1349,18,922,suppresses_cannot,-0.00010094046592712402,0.00010094046592712402,0.00011542439460754395,9.634354501031339e-05,0.25,0.75,1.0477138757705688
1350,23,12611,suppresses_cannot,-0.00010094046592712402,0.00010094046592712402,0.0001011192798614502,5.859451266587712e-05,0.25,0.75,1.7226948738098145
1351,21,3054,suppresses_cannot,-0.00010089576244354248,0.00010089576244354248,0.00010089576244354248,4.836839434574358e-05,0.0,1.0,2.0859854221343994
1352,27,2327,suppresses_cannot,-0.00010086596012115479,0.00010086596012115479,0.00010086596012115479,4.6815348468953744e-05,0.0,1.0,2.1545488834381104
1353,23,4124,suppresses_cannot,-0.00010085105895996094,0.00010085105895996094,0.00010085105895996094,4.997032738174312e-05,0.0,1.0,2.018218994140625
1354,7,2165,suppresses_cannot,-0.00010083615779876709,0.00010083615779876709,0.00010083615779876709,4.410917608765885e-05,0.0,1.0,2.2860584259033203
1355,26,4441,supports_cannot,0.00010082125663757324,0.00010082125663757324,0.00010082125663757324,2.576474071247503e-05,1.0,1.0,3.9131481647491455
1356,29,969,suppresses_cannot,-0.00010071694850921631,0.00010071694850921631,0.00010071694850921631,2.422748730168678e-05,0.0,1.0,4.157135009765625
1357,30,8026,supports_cannot,0.00010068714618682861,0.00010068714618682861,0.00010068714618682861,3.17265948979184e-05,1.0,1.0,3.173588275909424
1358,24,8606,suppresses_cannot,-0.00010067224502563477,0.00010067224502563477,0.00010067224502563477,3.531863330863416e-05,0.0,1.0,2.850400447845459
1359,25,4746,suppresses_cannot,-0.00010067224502563477,0.00010067224502563477,0.00010067224502563477,2.6577021344564855e-05,0.0,1.0,3.787942886352539
1360,26,11593,supports_cannot,0.00010067224502563477,0.00010067224502563477,0.00010067224502563477,5.060476541984826e-05,1.0,1.0,1.9893827438354492
1361,30,11777,suppresses_cannot,-0.00010056793689727783,0.00010056793689727783,0.00010056793689727783,5.717911790270591e-06,0.0,1.0,17.588224411010742
1362,0,13463,suppresses_cannot,-0.00010055303573608398,0.00010055303573608398,0.00010913610458374023,9.177925676340237e-05,0.25,0.75,1.0955965518951416
1363,25,11658,suppresses_cannot,-0.00010053813457489014,0.00010053813457489014,0.00010053813457489014,2.6462763344170526e-05,0.0,1.0,3.7992300987243652
1364,31,4668,supports_cannot,0.00010052323341369629,0.00010052323341369629,0.00010052323341369629,3.5608289181254804e-05,1.0,1.0,2.823029041290283
1365,17,7605,suppresses_cannot,-0.0001004636287689209,0.0001004636287689209,0.0001004636287689209,3.0867337045492604e-05,0.0,1.0,3.254690408706665
1366,8,3355,supports_cannot,0.00010044872760772705,0.00010044872760772705,0.00010044872760772705,3.210025170119479e-05,1.0,1.0,3.1292192935943604
1367,26,431,supports_cannot,0.00010044872760772705,0.00010044872760772705,0.00010044872760772705,4.922335938317701e-05,1.0,1.0,2.0406718254089355
1368,29,2715,suppresses_cannot,-0.0001004338264465332,0.0001004338264465332,0.0001004338264465332,1.2224184501974378e-05,0.0,1.0,8.21599292755127
1369,16,488,suppresses_cannot,-0.00010041892528533936,0.00010041892528533936,0.00010041892528533936,1.4941243534849491e-05,0.0,1.0,6.720921039581299
1370,31,7396,supports_cannot,0.00010034441947937012,0.00010034441947937012,0.00010034441947937012,7.270499190781265e-05,1.0,1.0,1.380158543586731
1371,24,4413,supports_cannot,0.00010032951831817627,0.00010032951831817627,0.00010032951831817627,3.418978303670883e-05,1.0,1.0,2.934488296508789
1372,4,7578,supports_cannot,0.00010031461715698242,0.00010031461715698242,0.00010031461715698242,4.440551856532693e-05,1.0,1.0,2.2590575218200684
1373,29,2822,suppresses_cannot,-0.00010029971599578857,0.00010029971599578857,0.00010029971599578857,3.1855473935138434e-05,0.0,1.0,3.1485865116119385
1374,13,7549,suppresses_cannot,-0.00010026991367340088,0.00010026991367340088,0.00011052191257476807,7.270748756127432e-05,0.25,0.75,1.3790864944458008
1375,31,8893,supports_cannot,0.00010025501251220703,0.00010025501251220703,0.00010025501251220703,8.634757250547409e-06,1.0,1.0,11.610633850097656
1376,25,2351,suppresses_cannot,-0.00010024011135101318,0.00010024011135101318,0.00010024011135101318,3.834219751297496e-05,0.0,1.0,2.6143548488616943
1377,27,11966,suppresses_cannot,-0.00010021030902862549,0.00010021030902862549,0.00010021030902862549,7.15756686986424e-05,0.0,1.0,1.4000611305236816
1378,20,448,supports_cannot,0.00010010600090026855,0.00010010600090026855,0.00010010600090026855,2.812456659739837e-05,1.0,1.0,3.5593791007995605
1379,17,10618,supports_cannot,0.00010007619857788086,0.00010007619857788086,0.00010007619857788086,3.512168041197583e-05,1.0,1.0,2.8494136333465576
1380,22,2591,supports_cannot,0.00010006129741668701,0.00010006129741668701,0.00010006129741668701,7.47515368857421e-05,1.0,1.0,1.3385851383209229
1381,24,11029,supports_cannot,9.998679161071777e-05,9.998679161071777e-05,9.998679161071777e-05,3.784731961786747e-05,1.0,1.0,2.641845941543579
1382,24,7683,suppresses_cannot,-9.998679161071777e-05,9.998679161071777e-05,9.998679161071777e-05,2.8160071451566182e-05,0.0,1.0,3.5506579875946045
1383,20,11544,suppresses_cannot,-9.997189044952393e-05,9.997189044952393e-05,9.997189044952393e-05,2.257070445921272e-05,0.0,1.0,4.429275989532471
1384,28,415,supports_cannot,9.985268115997314e-05,9.985268115997314e-05,9.985268115997314e-05,4.910564166493714e-05,1.0,1.0,2.033425807952881
1385,17,6469,suppresses_cannot,-9.982287883758545e-05,9.982287883758545e-05,9.982287883758545e-05,3.888360151904635e-05,0.0,1.0,2.567223072052002
1386,28,6,supports_cannot,9.979307651519775e-05,9.979307651519775e-05,9.979307651519775e-05,2.0499248421401717e-05,1.0,1.0,4.868133068084717
1387,30,5799,suppresses_cannot,-9.979307651519775e-05,9.979307651519775e-05,9.979307651519775e-05,2.249790668429341e-05,0.0,1.0,4.435660362243652
1388,13,12622,supports_cannot,9.979307651519775e-05,9.979307651519775e-05,9.979307651519775e-05,5.0598733650986105e-05,1.0,1.0,1.9722445011138916
1389,31,5287,suppresses_cannot,-9.970366954803467e-05,9.970366954803467e-05,9.970366954803467e-05,3.182824730174616e-05,0.0,1.0,3.1325528621673584
1390,30,8726,suppresses_cannot,-9.965896606445312e-05,9.965896606445312e-05,9.965896606445312e-05,4.935082688461989e-05,0.0,1.0,2.0193982124328613
1391,28,13013,supports_cannot,9.953975677490234e-05,9.953975677490234e-05,9.953975677490234e-05,2.989456697832793e-05,1.0,1.0,3.3296937942504883
1392,28,13379,suppresses_cannot,-9.948015213012695e-05,9.948015213012695e-05,9.948015213012695e-05,1.703916313999798e-05,0.0,1.0,5.83832311630249
1393,31,12861,supports_cannot,9.94652509689331e-05,9.94652509689331e-05,9.94652509689331e-05,1.8882887161453255e-05,1.0,1.0,5.267480373382568
1394,14,4276,suppresses_cannot,-9.945034980773926e-05,9.945034980773926e-05,9.945034980773926e-05,2.8642078177654184e-05,0.0,1.0,3.4721763134002686
1395,25,11681,suppresses_cannot,-9.945034980773926e-05,9.945034980773926e-05,9.945034980773926e-05,3.182200089213438e-05,0.0,1.0,3.1252074241638184
1396,30,13808,suppresses_cannot,-9.945034980773926e-05,9.945034980773926e-05,9.945034980773926e-05,3.7434765545185655e-05,0.0,1.0,2.656630754470825
1397,28,8102,supports_cannot,9.940564632415771e-05,9.940564632415771e-05,9.940564632415771e-05,3.166892929584719e-05,1.0,1.0,3.138901472091675
1398,28,2191,supports_cannot,9.936094284057617e-05,9.936094284057617e-05,9.936094284057617e-05,6.044756082701497e-05,1.0,1.0,1.6437543630599976
1399,22,3009,suppresses_cannot,-9.936094284057617e-05,9.936094284057617e-05,9.936094284057617e-05,4.33823952334933e-05,0.0,1.0,2.290351629257202
1400,18,7994,supports_cannot,9.934604167938232e-05,9.934604167938232e-05,9.934604167938232e-05,6.581536581506953e-05,1.0,1.0,1.5094658136367798
1401,16,11293,suppresses_cannot,-9.933114051818848e-05,9.933114051818848e-05,9.933114051818848e-05,6.875076360302046e-05,0.0,1.0,1.4448004961013794
1402,24,5102,supports_cannot,9.931623935699463e-05,9.931623935699463e-05,9.931623935699463e-05,7.264151645358652e-05,1.0,1.0,1.3672103881835938
1403,17,8999,supports_cannot,9.931623935699463e-05,9.931623935699463e-05,9.931623935699463e-05,3.432752419030294e-05,1.0,1.0,2.893195629119873
1404,29,992,suppresses_cannot,-9.931623935699463e-05,9.931623935699463e-05,9.931623935699463e-05,2.2065169105189852e-05,0.0,1.0,4.501040935516357
1405,16,226,suppresses_cannot,-9.930133819580078e-05,9.930133819580078e-05,9.930133819580078e-05,5.667312507284805e-05,0.0,1.0,1.7521768808364868
1406,28,6624,suppresses_cannot,-9.925663471221924e-05,9.925663471221924e-05,9.925663471221924e-05,3.21189800160937e-05,0.0,1.0,3.0902798175811768
1407,27,14183,suppresses_cannot,-9.924173355102539e-05,9.924173355102539e-05,9.924173355102539e-05,5.6621760450070724e-05,0.0,1.0,1.752713680267334
1408,10,2015,supports_cannot,9.919703006744385e-05,9.919703006744385e-05,9.919703006744385e-05,4.3477379222167656e-05,1.0,1.0,2.2815780639648438
1409,21,8047,suppresses_cannot,-9.91523265838623e-05,9.91523265838623e-05,0.00027820467948913574,0.00029019100475125015,0.25,0.75,0.34167954325675964
1410,27,477,supports_cannot,9.913742542266846e-05,9.913742542266846e-05,9.913742542266846e-05,1.593699198565446e-05,1.0,1.0,6.220584869384766
1411,21,10983,supports_cannot,9.910762310028076e-05,9.910762310028076e-05,9.910762310028076e-05,2.8346987164695747e-05,1.0,1.0,3.4962310791015625
1412,16,1598,supports_cannot,9.909272193908691e-05,9.909272193908691e-05,9.909272193908691e-05,6.936737190699205e-05,1.0,1.0,1.428520679473877
1413,30,3979,supports_cannot,9.904801845550537e-05,9.904801845550537e-05,9.904801845550537e-05,2.930186383309774e-05,1.0,1.0,3.380263328552246
1414,29,6196,supports_cannot,9.898841381072998e-05,9.898841381072998e-05,9.898841381072998e-05,3.268857835792005e-05,1.0,1.0,3.028226375579834
1415,17,11456,supports_cannot,9.892880916595459e-05,9.892880916595459e-05,9.892880916595459e-05,1.6445772416773252e-05,1.0,1.0,6.0154547691345215
1416,22,11889,suppresses_cannot,-9.892880916595459e-05,9.892880916595459e-05,9.892880916595459e-05,6.548869714606553e-05,0.0,1.0,1.5106241703033447
1417,30,1649,suppresses_cannot,-9.891390800476074e-05,9.891390800476074e-05,9.891390800476074e-05,3.4051641705445945e-05,0.0,1.0,2.904820442199707
1418,28,3143,supports_cannot,9.88990068435669e-05,9.88990068435669e-05,9.88990068435669e-05,1.4081739209359512e-05,1.0,1.0,7.023209095001221
1419,30,1324,supports_cannot,9.888410568237305e-05,9.888410568237305e-05,9.888410568237305e-05,3.610590283642523e-05,1.0,1.0,2.7387239933013916
1420,19,9505,suppresses_cannot,-9.885430335998535e-05,9.885430335998535e-05,9.885430335998535e-05,1.7388500054948963e-05,0.0,1.0,5.6850385665893555
1421,17,10664,supports_cannot,9.880959987640381e-05,9.880959987640381e-05,9.880959987640381e-05,3.7430538213811815e-05,1.0,1.0,2.639812469482422
1422,19,3076,suppresses_cannot,-9.880959987640381e-05,9.880959987640381e-05,9.880959987640381e-05,6.188484258018434e-05,0.0,1.0,1.5966688394546509
1423,31,11233,supports_cannot,9.876489639282227e-05,9.876489639282227e-05,9.876489639282227e-05,1.004660953185521e-05,1.0,1.0,9.830668449401855
1424,29,8558,suppresses_cannot,-9.876489639282227e-05,9.876489639282227e-05,9.876489639282227e-05,3.890181687893346e-05,0.0,1.0,2.5388247966766357
1425,24,14143,supports_cannot,9.869039058685303e-05,9.869039058685303e-05,9.869039058685303e-05,9.966047400666866e-06,1.0,1.0,9.902660369873047
1426,18,11041,suppresses_cannot,-9.867548942565918e-05,9.867548942565918e-05,9.867548942565918e-05,8.580289431847632e-05,0.0,1.0,1.1500251293182373
1427,30,5947,suppresses_cannot,-9.866058826446533e-05,9.866058826446533e-05,9.866058826446533e-05,2.997637784574181e-05,0.0,1.0,3.2912776470184326
1428,28,11982,supports_cannot,9.861588478088379e-05,9.861588478088379e-05,9.861588478088379e-05,1.932723716890905e-05,1.0,1.0,5.1024298667907715
1429,22,5872,suppresses_cannot,-9.85860824584961e-05,9.85860824584961e-05,9.85860824584961e-05,4.975190313416533e-05,0.0,1.0,1.9815540313720703
1430,31,14215,suppresses_cannot,-9.85860824584961e-05,9.85860824584961e-05,9.85860824584961e-05,2.4996599677251652e-05,0.0,1.0,3.943979501724243
1431,13,7395,suppresses_cannot,-9.857118129730225e-05,9.857118129730225e-05,9.857118129730225e-05,7.355887646554038e-05,0.0,1.0,1.3400311470031738
1432,31,8936,supports_cannot,9.854137897491455e-05,9.854137897491455e-05,9.854137897491455e-05,2.8908785679959692e-05,1.0,1.0,3.4086997509002686
1433,26,2135,supports_cannot,9.85264778137207e-05,9.85264778137207e-05,9.85264778137207e-05,3.32031850120984e-05,1.0,1.0,2.9673802852630615
1434,29,4188,supports_cannot,9.851157665252686e-05,9.851157665252686e-05,9.851157665252686e-05,1.1055446520913392e-05,1.0,1.0,8.91068172454834
1435,21,6057,supports_cannot,9.851157665252686e-05,9.851157665252686e-05,9.851157665252686e-05,4.704272578237578e-05,1.0,1.0,2.0940873622894287
1436,18,4204,supports_cannot,9.848177433013916e-05,9.848177433013916e-05,9.848177433013916e-05,8.731313573662192e-05,1.0,1.0,1.1279147863388062
1437,25,36,suppresses_cannot,-9.846687316894531e-05,9.846687316894531e-05,9.846687316894531e-05,7.419894973281771e-05,0.0,1.0,1.3270655870437622
1438,21,13671,suppresses_cannot,-9.845197200775146e-05,9.845197200775146e-05,9.845197200775146e-05,3.637525514932349e-05,0.0,1.0,2.706564426422119
1439,18,6375,supports_cannot,9.840726852416992e-05,9.840726852416992e-05,9.840726852416992e-05,2.351061448280234e-05,1.0,1.0,4.185652256011963
1440,21,7841,supports_cannot,9.840726852416992e-05,9.840726852416992e-05,9.840726852416992e-05,4.8633391998009756e-05,1.0,1.0,2.0234506130218506
1441,24,758,suppresses_cannot,-9.840726852416992e-05,9.840726852416992e-05,0.00010076165199279785,7.6598662417382e-05,0.25,0.75,1.2847126722335815
1442,31,6017,supports_cannot,9.837746620178223e-05,9.837746620178223e-05,9.837746620178223e-05,1.4695809113618452e-05,1.0,1.0,6.6942524909973145
1443,22,13914,supports_cannot,9.834766387939453e-05,9.834766387939453e-05,9.834766387939453e-05,2.5916884624166414e-05,1.0,1.0,3.7947330474853516
1444,23,4670,supports_cannot,9.834766387939453e-05,9.834766387939453e-05,9.834766387939453e-05,1.6883113858057186e-05,1.0,1.0,5.8252081871032715
1445,22,8699,supports_cannot,9.833276271820068e-05,9.833276271820068e-05,9.833276271820068e-05,2.8609061700990424e-05,1.0,1.0,3.437119245529175
1446,25,7804,suppresses_cannot,-9.831786155700684e-05,9.831786155700684e-05,9.831786155700684e-05,4.131082459934987e-05,0.0,1.0,2.3799540996551514
1447,29,11558,suppresses_cannot,-9.82433557510376e-05,9.82433557510376e-05,9.82433557510376e-05,2.2639345843344927e-05,0.0,1.0,4.339495658874512
1448,20,12024,supports_cannot,9.82433557510376e-05,9.82433557510376e-05,0.0001592785120010376,0.00021234460291452706,0.5,0.5,0.462660014629364
1449,24,5185,suppresses_cannot,-9.822845458984375e-05,9.822845458984375e-05,9.822845458984375e-05,2.8155231120763347e-05,0.0,1.0,3.488816976547241
1450,20,3077,supports_cannot,9.82135534286499e-05,9.82135534286499e-05,9.82135534286499e-05,5.1121161959599704e-05,1.0,1.0,1.921191692352295
1451,26,12463,suppresses_cannot,-9.816884994506836e-05,9.816884994506836e-05,9.816884994506836e-05,3.0672570574097335e-05,0.0,1.0,3.2005419731140137
1452,31,10088,suppresses_cannot,-9.816884994506836e-05,9.816884994506836e-05,9.816884994506836e-05,5.252855407889001e-05,0.0,1.0,1.8688664436340332
1453,14,4682,supports_cannot,9.810924530029297e-05,9.810924530029297e-05,9.810924530029297e-05,9.697455243440345e-05,1.0,1.0,1.011700987815857
1454,28,3519,supports_cannot,9.810924530029297e-05,9.810924530029297e-05,9.810924530029297e-05,4.4965116103412583e-05,1.0,1.0,2.181896924972534
1455,21,9576,suppresses_cannot,-9.809434413909912e-05,9.809434413909912e-05,9.809434413909912e-05,4.574489139486104e-05,0.0,1.0,2.144378185272217
1456,31,1739,supports_cannot,9.807944297790527e-05,9.807944297790527e-05,9.807944297790527e-05,2.309195406269282e-05,1.0,1.0,4.247342586517334
1457,25,9610,suppresses_cannot,-9.806454181671143e-05,9.806454181671143e-05,9.806454181671143e-05,2.4777773433015682e-05,0.0,1.0,3.9577622413635254
1458,30,961,supports_cannot,9.803473949432373e-05,9.803473949432373e-05,9.803473949432373e-05,1.765723391145002e-05,1.0,1.0,5.55210018157959
1459,24,864,supports_cannot,9.801983833312988e-05,9.801983833312988e-05,9.801983833312988e-05,3.627334444900043e-05,1.0,1.0,2.7022552490234375
1460,10,6230,supports_cannot,9.801983833312988e-05,9.801983833312988e-05,0.00012490153312683105,9.567220695316792e-05,0.75,0.75,1.024538278579712
1461,25,3737,supports_cannot,9.800493717193604e-05,9.800493717193604e-05,9.800493717193604e-05,3.9326292608166113e-05,1.0,1.0,2.4920971393585205
1462,19,10627,supports_cannot,9.788572788238525e-05,9.788572788238525e-05,9.788572788238525e-05,1.8518607248552144e-05,1.0,1.0,5.285803318023682
1463,21,1222,supports_cannot,9.788572788238525e-05,9.788572788238525e-05,9.788572788238525e-05,4.283891394152306e-05,1.0,1.0,2.2849721908569336
1464,23,6958,suppresses_cannot,-9.785592555999756e-05,9.785592555999756e-05,9.785592555999756e-05,5.303201760398224e-06,0.0,1.0,18.452232360839844
1465,28,497,suppresses_cannot,-9.784102439880371e-05,9.784102439880371e-05,9.784102439880371e-05,3.3612486731726676e-05,0.0,1.0,2.910853385925293
1466,20,597,suppresses_cannot,-9.784102439880371e-05,9.784102439880371e-05,9.784102439880371e-05,2.0575196685967967e-05,0.0,1.0,4.755289554595947
1467,31,7195,supports_cannot,9.781122207641602e-05,9.781122207641602e-05,9.781122207641602e-05,3.299059244454838e-05,1.0,1.0,2.9648215770721436
1468,17,4644,supports_cannot,9.779632091522217e-05,9.779632091522217e-05,9.779632091522217e-05,9.329257409262937e-06,1.0,1.0,10.48275375366211
1469,22,2728,supports_cannot,9.779632091522217e-05,9.779632091522217e-05,9.779632091522217e-05,7.630344043718651e-05,1.0,1.0,1.2816764116287231
1470,17,4282,suppresses_cannot,-9.775161743164062e-05,9.775161743164062e-05,9.775161743164062e-05,3.9346581615973264e-05,0.0,1.0,2.4843738079071045
1471,24,12608,supports_cannot,9.769201278686523e-05,9.769201278686523e-05,9.769201278686523e-05,5.1194750994909555e-05,1.0,1.0,1.9082427024841309
1472,17,8148,suppresses_cannot,-9.763240814208984e-05,9.763240814208984e-05,9.763240814208984e-05,4.365201220934978e-06,0.0,1.0,22.36606788635254
1473,23,4900,supports_cannot,9.763240814208984e-05,9.763240814208984e-05,9.763240814208984e-05,4.748610808746889e-05,1.0,1.0,2.056020498275757
1474,21,13353,suppresses_cannot,-9.7617506980896e-05,9.7617506980896e-05,9.7617506980896e-05,2.2724163500242867e-05,0.0,1.0,4.29575777053833
1475,16,13553,suppresses_cannot,-9.75877046585083e-05,9.75877046585083e-05,9.75877046585083e-05,3.159842890454456e-05,0.0,1.0,3.088371992111206
1476,20,8584,suppresses_cannot,-9.754300117492676e-05,9.754300117492676e-05,9.754300117492676e-05,6.426080653909594e-05,0.0,1.0,1.5179237127304077
1477,16,7170,supports_cannot,9.751319885253906e-05,9.751319885253906e-05,9.751319885253906e-05,2.1782134353998117e-05,1.0,1.0,4.47675085067749
1478,17,232,supports_cannot,9.749829769134521e-05,9.749829769134521e-05,9.749829769134521e-05,3.594689769670367e-05,1.0,1.0,2.712286949157715
1479,31,4651,supports_cannot,9.749829769134521e-05,9.749829769134521e-05,9.749829769134521e-05,2.5267461751354858e-05,1.0,1.0,3.858649969100952
1480,28,6940,supports_cannot,9.748339653015137e-05,9.748339653015137e-05,9.748339653015137e-05,1.6591544408584014e-05,1.0,1.0,5.875485897064209
1481,16,10195,supports_cannot,9.740889072418213e-05,9.740889072418213e-05,9.740889072418213e-05,3.1414994737133384e-05,1.0,1.0,3.1007132530212402
1482,21,8616,supports_cannot,9.740889072418213e-05,9.740889072418213e-05,9.740889072418213e-05,1.2142124433012214e-05,1.0,1.0,8.022392272949219
1483,31,5104,supports_cannot,9.739398956298828e-05,9.739398956298828e-05,9.739398956298828e-05,2.1730327716795728e-05,1.0,1.0,4.481937885284424
1484,30,1891,suppresses_cannot,-9.72747802734375e-05,9.72747802734375e-05,9.72747802734375e-05,2.109410888806451e-05,0.0,1.0,4.611466407775879
1485,26,11352,suppresses_cannot,-9.725987911224365e-05,9.725987911224365e-05,9.725987911224365e-05,1.3117449270794168e-05,0.0,1.0,7.414541721343994
1486,27,11478,supports_cannot,9.72449779510498e-05,9.72449779510498e-05,9.72449779510498e-05,3.750028554350138e-05,1.0,1.0,2.593179702758789
1487,23,5917,supports_cannot,9.721517562866211e-05,9.721517562866211e-05,9.721517562866211e-05,6.849765486549586e-05,1.0,1.0,1.4192482233047485
1488,16,6264,supports_cannot,9.718537330627441e-05,9.718537330627441e-05,9.718537330627441e-05,4.313427780289203e-05,1.0,1.0,2.253089189529419
1489,30,8952,suppresses_cannot,-9.715557098388672e-05,9.715557098388672e-05,9.715557098388672e-05,2.7075864636572078e-05,0.0,1.0,3.5882718563079834
1490,19,5106,suppresses_cannot,-9.714066982269287e-05,9.714066982269287e-05,9.714066982269287e-05,1.9014085410162807e-05,0.0,1.0,5.108879089355469
1491,17,7176,suppresses_cannot,-9.706616401672363e-05,9.706616401672363e-05,9.706616401672363e-05,8.839899965096265e-05,0.0,1.0,1.0980459451675415
1492,25,6717,supports_cannot,9.705126285552979e-05,9.705126285552979e-05,9.705126285552979e-05,2.0851379304076545e-05,1.0,1.0,4.654428482055664
1493,28,8517,supports_cannot,9.690225124359131e-05,9.690225124359131e-05,9.690225124359131e-05,2.6668878490454517e-05,1.0,1.0,3.633532762527466
1494,18,6531,supports_cannot,9.690225124359131e-05,9.690225124359131e-05,9.690225124359131e-05,4.55037115898449e-05,1.0,1.0,2.1295461654663086
1495,18,7075,supports_cannot,9.687244892120361e-05,9.687244892120361e-05,9.687244892120361e-05,2.646645407367032e-05,1.0,1.0,3.6601972579956055
1496,30,936,supports_cannot,9.685754776000977e-05,9.685754776000977e-05,9.685754776000977e-05,4.708006599685177e-05,1.0,1.0,2.0572941303253174
1497,16,8191,suppresses_cannot,-9.681284427642822e-05,9.681284427642822e-05,9.681284427642822e-05,3.0278819394879974e-05,0.0,1.0,3.197378158569336
1498,29,5003,supports_cannot,9.679794311523438e-05,9.679794311523438e-05,9.679794311523438e-05,2.276975465065334e-05,1.0,1.0,4.251163005828857
1499,30,8539,suppresses_cannot,-9.672343730926514e-05,9.672343730926514e-05,9.672343730926514e-05,3.769510658457875e-05,0.0,1.0,2.565941572189331
1500,22,10287,suppresses_cannot,-9.670853614807129e-05,9.670853614807129e-05,9.670853614807129e-05,1.4443676263908856e-05,0.0,1.0,6.69556188583374
1501,21,1718,supports_cannot,9.669363498687744e-05,9.669363498687744e-05,9.669363498687744e-05,1.732345117488876e-05,1.0,1.0,5.581660747528076
1502,22,3913,suppresses_cannot,-9.66787338256836e-05,9.66787338256836e-05,9.66787338256836e-05,3.560565528459847e-05,0.0,1.0,2.7152633666992188
1503,20,6638,supports_cannot,9.663403034210205e-05,9.663403034210205e-05,9.663403034210205e-05,7.080265640979633e-05,1.0,1.0,1.3648362159729004
1504,18,8726,supports_cannot,9.66191291809082e-05,9.66191291809082e-05,9.66191291809082e-05,4.251284190104343e-05,1.0,1.0,2.272704601287842
1505,13,7273,suppresses_cannot,-9.66191291809082e-05,9.66191291809082e-05,9.66191291809082e-05,3.916775676771067e-05,0.0,1.0,2.4668028354644775
1506,28,6862,suppresses_cannot,-9.660422801971436e-05,9.660422801971436e-05,9.660422801971436e-05,4.791303945239633e-05,0.0,1.0,2.0162408351898193
1507,14,13476,supports_cannot,9.657442569732666e-05,9.657442569732666e-05,9.657442569732666e-05,4.668237306759693e-05,1.0,1.0,2.068755626678467
1508,30,14271,supports_cannot,9.657442569732666e-05,9.657442569732666e-05,9.657442569732666e-05,2.9424731110339053e-05,1.0,1.0,3.28208327293396
1509,21,139,suppresses_cannot,-9.655952453613281e-05,9.655952453613281e-05,9.655952453613281e-05,2.761937321338337e-05,0.0,1.0,3.496079206466675
1510,20,5382,supports_cannot,9.654462337493896e-05,9.654462337493896e-05,9.654462337493896e-05,3.283546175225638e-05,1.0,1.0,2.9402546882629395
1511,12,11278,supports_cannot,9.648501873016357e-05,9.648501873016357e-05,9.648501873016357e-05,2.2639032977167517e-05,1.0,1.0,4.261887550354004
1512,31,6398,supports_cannot,9.641051292419434e-05,9.641051292419434e-05,9.641051292419434e-05,4.283049929654226e-05,1.0,1.0,2.2509779930114746
1513,20,6637,supports_cannot,9.641051292419434e-05,9.641051292419434e-05,9.641051292419434e-05,3.151244527543895e-05,1.0,1.0,3.0594425201416016
1514,19,1035,supports_cannot,9.639561176300049e-05,9.639561176300049e-05,9.639561176300049e-05,1.9903505744878203e-05,1.0,1.0,4.843146800994873
1515,12,5351,supports_cannot,9.635090827941895e-05,9.635090827941895e-05,0.00013494491577148438,0.0001874341251095757,0.75,0.75,0.5140520930290222
1516,16,2711,supports_cannot,9.63360071182251e-05,9.63360071182251e-05,9.63360071182251e-05,5.864276681677438e-05,1.0,1.0,1.6427602767944336
1517,27,8744,suppresses_cannot,-9.63062047958374e-05,9.63062047958374e-05,9.63062047958374e-05,5.1704966608667746e-05,0.0,1.0,1.8626103401184082
1518,19,3905,suppresses_cannot,-9.63062047958374e-05,9.63062047958374e-05,9.63062047958374e-05,3.60064186679665e-05,0.0,1.0,2.6746954917907715
1519,20,12554,suppresses_cannot,-9.629130363464355e-05,9.629130363464355e-05,9.629130363464355e-05,3.5705234040506184e-05,0.0,1.0,2.6968400478363037
1520,30,626,suppresses_cannot,-9.629130363464355e-05,9.629130363464355e-05,9.629130363464355e-05,2.8220785679877736e-05,0.0,1.0,3.4120700359344482
1521,28,12167,suppresses_cannot,-9.629130363464355e-05,9.629130363464355e-05,0.00010180473327636719,7.657596870558336e-05,0.25,0.75,1.2574610710144043
1522,24,8314,suppresses_cannot,-9.627640247344971e-05,9.627640247344971e-05,9.627640247344971e-05,9.988391866500024e-06,0.0,1.0,9.63882827758789
1523,23,12216,supports_cannot,9.627640247344971e-05,9.627640247344971e-05,9.627640247344971e-05,2.8635375201702118e-05,1.0,1.0,3.3621490001678467
1524,20,10804,suppresses_cannot,-9.626150131225586e-05,9.626150131225586e-05,9.626150131225586e-05,3.3581942261662334e-05,0.0,1.0,2.8664662837982178
1525,16,3562,supports_cannot,9.626150131225586e-05,9.626150131225586e-05,9.626150131225586e-05,1.8474122043699026e-05,1.0,1.0,5.2106122970581055
1526,31,12913,supports_cannot,9.618699550628662e-05,9.618699550628662e-05,9.618699550628662e-05,2.5314766389783472e-05,1.0,1.0,3.7996397018432617
1527,30,11430,supports_cannot,9.617209434509277e-05,9.617209434509277e-05,0.00016775727272033691,0.0001993658661376685,0.5,0.5,0.4823899567127228
1528,20,10811,suppresses_cannot,-9.615719318389893e-05,9.615719318389893e-05,9.615719318389893e-05,2.3640413928660564e-05,0.0,1.0,4.06749153137207
1529,17,9635,supports_cannot,9.615719318389893e-05,9.615719318389893e-05,9.615719318389893e-05,5.009193773730658e-05,1.0,1.0,1.9196141958236694
1530,15,1026,suppresses_cannot,-9.608268737792969e-05,9.608268737792969e-05,9.608268737792969e-05,6.700902304146439e-05,0.0,1.0,1.433876872062683
1531,25,2207,supports_cannot,9.600818157196045e-05,9.600818157196045e-05,9.600818157196045e-05,2.7769092412199825e-05,1.0,1.0,3.4573752880096436
1532,21,11343,supports_cannot,9.597837924957275e-05,9.597837924957275e-05,9.597837924957275e-05,2.7035368475480936e-05,1.0,1.0,3.5501041412353516
1533,31,13705,suppresses_cannot,-9.594857692718506e-05,9.594857692718506e-05,9.594857692718506e-05,2.201071947638411e-05,0.0,1.0,4.359174728393555
1534,18,6581,suppresses_cannot,-9.584426879882812e-05,9.584426879882812e-05,9.584426879882812e-05,1.3578285688709002e-05,0.0,1.0,7.058642387390137
1535,16,946,supports_cannot,9.582936763763428e-05,9.582936763763428e-05,9.582936763763428e-05,4.8363988753408194e-05,1.0,1.0,1.9814198017120361
1536,30,8664,supports_cannot,9.578466415405273e-05,9.578466415405273e-05,9.578466415405273e-05,3.425214163144119e-05,1.0,1.0,2.7964577674865723
1537,28,7412,supports_cannot,9.57101583480835e-05,9.57101583480835e-05,9.57101583480835e-05,2.4686196411494166e-05,1.0,1.0,3.8770716190338135
1538,23,13537,suppresses_cannot,-9.569525718688965e-05,9.569525718688965e-05,9.569525718688965e-05,4.2778126953635365e-05,0.0,1.0,2.237013816833496
1539,31,5881,supports_cannot,9.569525718688965e-05,9.569525718688965e-05,9.569525718688965e-05,1.3718167792831082e-05,1.0,1.0,6.975803852081299
1540,16,13272,suppresses_cannot,-9.56505537033081e-05,9.56505537033081e-05,9.56505537033081e-05,2.8067883249605075e-05,0.0,1.0,3.4078290462493896
1541,16,5808,suppresses_cannot,-9.56505537033081e-05,9.56505537033081e-05,9.56505537033081e-05,2.4232434952864423e-05,0.0,1.0,3.947211503982544
1542,18,2506,suppresses_cannot,-9.56505537033081e-05,9.56505537033081e-05,9.56505537033081e-05,5.474253339343704e-05,0.0,1.0,1.7472803592681885
1543,19,635,supports_cannot,9.563565254211426e-05,9.563565254211426e-05,9.563565254211426e-05,4.47113998234272e-05,1.0,1.0,2.1389546394348145
1544,14,2871,supports_cannot,9.563565254211426e-05,9.563565254211426e-05,9.563565254211426e-05,7.06179125700146e-05,1.0,1.0,1.354269027709961
1545,19,11218,supports_cannot,9.563565254211426e-05,9.563565254211426e-05,0.00010213255882263184,0.00010666931484593078,0.75,0.75,0.8965619802474976
1546,25,11297,supports_cannot,9.562075138092041e-05,9.562075138092041e-05,9.562075138092041e-05,2.4313303583767265e-05,1.0,1.0,3.932857036590576
1547,14,8419,suppresses_cannot,-9.556114673614502e-05,9.556114673614502e-05,9.556114673614502e-05,0.00010152791219297796,0.0,1.0,0.941230297088623
1548,30,13683,suppresses_cannot,-9.553134441375732e-05,9.553134441375732e-05,9.553134441375732e-05,5.378736022976227e-05,0.0,1.0,1.776092767715454
1549,16,13509,supports_cannot,9.553134441375732e-05,9.553134441375732e-05,9.553134441375732e-05,2.0642464733100496e-05,1.0,1.0,4.627903461456299
1550,25,351,suppresses_cannot,-9.553134441375732e-05,9.553134441375732e-05,9.553134441375732e-05,3.5439643397694454e-05,0.0,1.0,2.6956067085266113
1551,28,6952,supports_cannot,9.551644325256348e-05,9.551644325256348e-05,9.551644325256348e-05,1.911356048367452e-05,1.0,1.0,4.997312545776367
1552,26,1748,supports_cannot,9.547173976898193e-05,9.547173976898193e-05,9.547173976898193e-05,2.13670136872679e-05,1.0,1.0,4.4681830406188965
1553,16,9574,suppresses_cannot,-9.544193744659424e-05,9.544193744659424e-05,9.544193744659424e-05,3.167815521010198e-05,0.0,1.0,3.0128629207611084
1554,29,13398,supports_cannot,9.541213512420654e-05,9.541213512420654e-05,9.541213512420654e-05,5.1455786888254806e-05,1.0,1.0,1.8542547225952148
1555,21,9244,supports_cannot,9.541213512420654e-05,9.541213512420654e-05,9.541213512420654e-05,1.4351689969771542e-05,1.0,1.0,6.648146152496338
1556,22,9222,supports_cannot,9.53972339630127e-05,9.53972339630127e-05,9.53972339630127e-05,3.0141760362312198e-05,1.0,1.0,3.164952039718628
1557,19,2260,suppresses_cannot,-9.535253047943115e-05,9.535253047943115e-05,9.535253047943115e-05,2.3487420548917726e-05,0.0,1.0,4.059727191925049
1558,31,9193,supports_cannot,9.529292583465576e-05,9.529292583465576e-05,9.529292583465576e-05,3.198383274138905e-05,1.0,1.0,2.9794092178344727
1559,20,2388,supports_cannot,9.526312351226807e-05,9.526312351226807e-05,9.526312351226807e-05,3.8489011785713956e-05,1.0,1.0,2.4750733375549316
1560,26,10440,suppresses_cannot,-9.509921073913574e-05,9.509921073913574e-05,9.509921073913574e-05,8.885341230779886e-06,0.0,1.0,10.70293140411377
1561,16,118,supports_cannot,9.498000144958496e-05,9.498000144958496e-05,9.498000144958496e-05,4.8219284508377314e-05,1.0,1.0,1.9697513580322266
1562,17,11137,supports_cannot,9.496510028839111e-05,9.496510028839111e-05,9.496510028839111e-05,2.4977985958685167e-05,1.0,1.0,3.8019516468048096
1563,26,7088,suppresses_cannot,-9.496510028839111e-05,9.496510028839111e-05,9.496510028839111e-05,4.156067006988451e-05,0.0,1.0,2.284975290298462
1564,27,9665,suppresses_cannot,-9.492039680480957e-05,9.492039680480957e-05,9.492039680480957e-05,4.9059664888773113e-05,0.0,1.0,1.9347950220108032
1565,27,6918,suppresses_cannot,-9.490549564361572e-05,9.490549564361572e-05,9.490549564361572e-05,1.702499866951257e-05,0.0,1.0,5.5744781494140625
1566,30,1171,supports_cannot,9.490549564361572e-05,9.490549564361572e-05,9.490549564361572e-05,2.7396825316827744e-05,1.0,1.0,3.4641053676605225
1567,28,7741,supports_cannot,9.490549564361572e-05,9.490549564361572e-05,9.490549564361572e-05,3.489785376586951e-05,1.0,1.0,2.719522476196289
1568,20,10352,supports_cannot,9.487569332122803e-05,9.487569332122803e-05,9.487569332122803e-05,7.221086707431823e-05,1.0,1.0,1.3138700723648071
1569,26,7766,supports_cannot,9.487569332122803e-05,9.487569332122803e-05,9.487569332122803e-05,2.9400149287539534e-05,1.0,1.0,3.227047920227051
1570,26,3663,supports_cannot,9.487569332122803e-05,9.487569332122803e-05,9.487569332122803e-05,1.8327453290112317e-05,1.0,1.0,5.176697731018066
1571,6,10666,supports_cannot,9.486079216003418e-05,9.486079216003418e-05,9.486079216003418e-05,1.7382828445988707e-05,1.0,1.0,5.457154750823975
1572,14,8124,suppresses_cannot,-9.481608867645264e-05,9.481608867645264e-05,9.597837924957275e-05,5.656036955770105e-05,0.25,0.75,1.6763696670532227
1573,31,11488,supports_cannot,9.47713851928711e-05,9.47713851928711e-05,9.47713851928711e-05,5.8824694860959426e-05,1.0,1.0,1.611081600189209
1574,22,6521,suppresses_cannot,-9.475648403167725e-05,9.475648403167725e-05,9.475648403167725e-05,4.807720324606635e-05,0.0,1.0,1.9709234237670898
1575,21,12490,suppresses_cannot,-9.47415828704834e-05,9.47415828704834e-05,9.47415828704834e-05,3.751388067030348e-05,0.0,1.0,2.5255074501037598
1576,4,6827,suppresses_cannot,-9.47415828704834e-05,9.47415828704834e-05,9.900331497192383e-05,0.00016776577103883028,0.5,0.5,0.5647253394126892
1577,28,10374,suppresses_cannot,-9.472668170928955e-05,9.472668170928955e-05,9.472668170928955e-05,2.0808782210224308e-05,0.0,1.0,4.552245140075684
1578,27,2604,supports_cannot,9.47117805480957e-05,9.47117805480957e-05,9.47117805480957e-05,2.9516248105210252e-05,1.0,1.0,3.20880126953125
1579,17,8922,suppresses_cannot,-9.469687938690186e-05,9.469687938690186e-05,9.469687938690186e-05,4.274885941413231e-05,0.0,1.0,2.215190887451172
1580,0,10729,suppresses_cannot,-9.468197822570801e-05,9.468197822570801e-05,9.468197822570801e-05,2.1896677935728803e-05,0.0,1.0,4.324033737182617
1581,25,4058,supports_cannot,9.457767009735107e-05,9.457767009735107e-05,9.457767009735107e-05,2.722413591982331e-05,1.0,1.0,3.4740374088287354
1582,22,10576,supports_cannot,9.457767009735107e-05,9.457767009735107e-05,9.457767009735107e-05,2.3804925149306655e-05,1.0,1.0,3.973029136657715
1583,29,11582,supports_cannot,9.456276893615723e-05,9.456276893615723e-05,9.456276893615723e-05,2.391180896665901e-05,1.0,1.0,3.9546468257904053
1584,17,5579,supports_cannot,9.454786777496338e-05,9.454786777496338e-05,9.454786777496338e-05,7.216109952423722e-05,1.0,1.0,1.310233235359192
1585,22,1520,supports_cannot,9.450316429138184e-05,9.450316429138184e-05,9.450316429138184e-05,2.5785691832425073e-05,1.0,1.0,3.664945602416992
1586,23,5002,suppresses_cannot,-9.450316429138184e-05,9.450316429138184e-05,9.450316429138184e-05,5.1859442464774475e-05,0.0,1.0,1.8222942352294922
1587,29,14059,supports_cannot,9.444355964660645e-05,9.444355964660645e-05,9.444355964660645e-05,6.227636185940355e-05,1.0,1.0,1.5165233612060547
1588,31,8350,suppresses_cannot,-9.432435035705566e-05,9.432435035705566e-05,9.432435035705566e-05,4.466606696951203e-05,0.0,1.0,2.111767530441284
1589,15,7201,supports_cannot,9.429454803466797e-05,9.429454803466797e-05,9.429454803466797e-05,2.5365681722178124e-05,1.0,1.0,3.7174060344696045
1590,31,11041,suppresses_cannot,-9.429454803466797e-05,9.429454803466797e-05,9.429454803466797e-05,4.341070234659128e-05,0.0,1.0,2.172149896621704
1591,24,9593,supports_cannot,9.426474571228027e-05,9.426474571228027e-05,9.426474571228027e-05,6.054180994397029e-05,1.0,1.0,1.5570189952850342
1592,17,3884,suppresses_cannot,-9.424984455108643e-05,9.424984455108643e-05,9.863078594207764e-05,9.223410597769544e-05,0.25,0.75,1.0218546390533447
1593,20,2367,suppresses_cannot,-9.422004222869873e-05,9.422004222869873e-05,9.422004222869873e-05,9.954175766324624e-05,0.0,1.0,0.9465378522872925
1594,13,11841,suppresses_cannot,-9.420514106750488e-05,9.420514106750488e-05,9.420514106750488e-05,8.213594264816493e-05,0.0,1.0,1.1469417810440063
1595,24,6244,suppresses_cannot,-9.417533874511719e-05,9.417533874511719e-05,9.417533874511719e-05,8.931456977734342e-05,0.0,1.0,1.0544229745864868
1596,28,1132,supports_cannot,9.416043758392334e-05,9.416043758392334e-05,9.416043758392334e-05,8.362274820683524e-05,1.0,1.0,1.1260145902633667
1597,29,14262,suppresses_cannot,-9.410083293914795e-05,9.410083293914795e-05,9.410083293914795e-05,3.666011252789758e-05,0.0,1.0,2.566845178604126
1598,29,10692,suppresses_cannot,-9.407103061676025e-05,9.407103061676025e-05,0.00010381639003753662,0.00011352588626323268,0.25,0.75,0.8286306858062744
1599,31,10200,supports_cannot,9.40561294555664e-05,9.40561294555664e-05,9.40561294555664e-05,1.4635458683187608e-05,1.0,1.0,6.4265923500061035
1600,15,12669,suppresses_cannot,-9.401142597198486e-05,9.401142597198486e-05,9.401142597198486e-05,9.223894448950887e-05,0.0,1.0,1.0192161798477173
1601,17,9496,supports_cannot,9.401142597198486e-05,9.401142597198486e-05,9.401142597198486e-05,3.432170342421159e-05,1.0,1.0,2.7391247749328613
1602,21,3071,suppresses_cannot,-9.389221668243408e-05,9.389221668243408e-05,9.389221668243408e-05,5.665303615387529e-05,0.0,1.0,1.6573201417922974
1603,29,13128,suppresses_cannot,-9.387731552124023e-05,9.387731552124023e-05,9.387731552124023e-05,4.234059451846406e-05,0.0,1.0,2.217194080352783
1604,27,12584,suppresses_cannot,-9.383261203765869e-05,9.383261203765869e-05,9.383261203765869e-05,2.602687709440943e-05,0.0,1.0,3.605219602584839
1605,31,7487,suppresses_cannot,-9.3802809715271e-05,9.3802809715271e-05,9.3802809715271e-05,2.1278790882206522e-05,0.0,1.0,4.4082770347595215
1606,24,10388,suppresses_cannot,-9.37730073928833e-05,9.37730073928833e-05,9.37730073928833e-05,2.497645800758619e-05,0.0,1.0,3.75445556640625
1607,31,14121,supports_cannot,9.375810623168945e-05,9.375810623168945e-05,9.375810623168945e-05,5.146803232491948e-05,1.0,1.0,1.82167649269104
1608,25,12210,suppresses_cannot,-9.37432050704956e-05,9.37432050704956e-05,9.37432050704956e-05,1.34719930429128e-05,0.0,1.0,6.958376407623291
1609,14,5906,supports_cannot,9.37432050704956e-05,9.37432050704956e-05,9.50843095779419e-05,7.021001511020586e-05,0.75,0.75,1.335182785987854
1610,28,3539,suppresses_cannot,-9.372830390930176e-05,9.372830390930176e-05,9.372830390930176e-05,5.197399514145218e-05,0.0,1.0,1.8033692836761475
1611,29,12431,suppresses_cannot,-9.369850158691406e-05,9.369850158691406e-05,9.369850158691406e-05,9.34415675146738e-06,0.0,1.0,10.027495384216309
1612,17,4412,suppresses_cannot,-9.369850158691406e-05,9.369850158691406e-05,9.369850158691406e-05,5.334414163371548e-05,0.0,1.0,1.75649094581604
1613,25,6687,supports_cannot,9.369850158691406e-05,9.369850158691406e-05,9.369850158691406e-05,7.664704025955871e-05,1.0,1.0,1.222467303276062
1614,23,2423,suppresses_cannot,-9.368360042572021e-05,9.368360042572021e-05,9.368360042572021e-05,3.274325717939064e-05,0.0,1.0,2.861156940460205
1615,20,11743,supports_cannot,9.363889694213867e-05,9.363889694213867e-05,9.363889694213867e-05,4.692712172982283e-05,1.0,1.0,1.9954110383987427
1616,23,5179,suppresses_cannot,-9.362399578094482e-05,9.362399578094482e-05,9.362399578094482e-05,4.397480734041892e-05,0.0,1.0,2.1290371417999268
1617,15,4722,supports_cannot,9.360909461975098e-05,9.360909461975098e-05,9.360909461975098e-05,1.1350069144100416e-05,1.0,1.0,8.247446060180664
1618,28,10842,supports_cannot,9.353458881378174e-05,9.353458881378174e-05,9.353458881378174e-05,4.0762548451311886e-05,1.0,1.0,2.2946207523345947
1619,20,4312,suppresses_cannot,-9.353458881378174e-05,9.353458881378174e-05,9.353458881378174e-05,5.456848884932697e-05,0.0,1.0,1.7140769958496094
1620,20,4357,supports_cannot,9.353458881378174e-05,9.353458881378174e-05,0.00010253489017486572,0.00010087949340231717,0.75,0.75,0.9271913170814514
1621,25,529,supports_cannot,9.350478649139404e-05,9.350478649139404e-05,9.350478649139404e-05,6.191386637510732e-05,1.0,1.0,1.510239839553833
1622,26,12431,supports_cannot,9.347498416900635e-05,9.347498416900635e-05,9.347498416900635e-05,1.398496806359617e-05,1.0,1.0,6.683960914611816
1623,26,9610,suppresses_cannot,-9.34600830078125e-05,9.34600830078125e-05,9.34600830078125e-05,2.69417287199758e-05,0.0,1.0,3.468971014022827
1624,25,5311,suppresses_cannot,-9.344518184661865e-05,9.344518184661865e-05,9.344518184661865e-05,3.676909545902163e-05,0.0,1.0,2.541405439376831
1625,23,13083,suppresses_cannot,-9.344518184661865e-05,9.344518184661865e-05,9.344518184661865e-05,5.182044333196245e-05,0.0,1.0,1.8032493591308594
1626,21,464,suppresses_cannot,-9.340047836303711e-05,9.340047836303711e-05,9.340047836303711e-05,4.733590321848169e-05,0.0,1.0,1.973142385482788
1627,21,3509,supports_cannot,9.332597255706787e-05,9.332597255706787e-05,9.332597255706787e-05,1.8072614693664946e-05,1.0,1.0,5.163943767547607
1628,10,6759,supports_cannot,9.332597255706787e-05,9.332597255706787e-05,9.332597255706787e-05,3.018969073309563e-05,1.0,1.0,3.0913190841674805
1629,31,14004,supports_cannot,9.332597255706787e-05,9.332597255706787e-05,9.332597255706787e-05,1.1354361959092785e-05,1.0,1.0,8.219392776489258
1630,14,10683,suppresses_cannot,-9.329617023468018e-05,9.329617023468018e-05,9.329617023468018e-05,2.5627445211284794e-05,0.0,1.0,3.6404786109924316
1631,22,12748,suppresses_cannot,-9.326636791229248e-05,9.326636791229248e-05,9.326636791229248e-05,1.7110081898863427e-05,0.0,1.0,5.450959205627441
1632,23,5537,supports_cannot,9.325146675109863e-05,9.325146675109863e-05,9.325146675109863e-05,5.636580317514017e-05,1.0,1.0,1.654397964477539
1633,23,7621,suppresses_cannot,-9.31471586227417e-05,9.31471586227417e-05,9.31471586227417e-05,3.292900146334432e-05,0.0,1.0,2.8287270069122314
1634,17,12554,supports_cannot,9.31471586227417e-05,9.31471586227417e-05,9.31471586227417e-05,5.804803004139103e-05,1.0,1.0,1.60465669631958
1635,30,3020,suppresses_cannot,-9.31471586227417e-05,9.31471586227417e-05,9.31471586227417e-05,1.1365307727828622e-05,0.0,1.0,8.195743560791016
1636,27,11445,supports_cannot,9.313225746154785e-05,9.313225746154785e-05,9.313225746154785e-05,2.351153852941934e-05,1.0,1.0,3.961129665374756
1637,24,5623,supports_cannot,9.308755397796631e-05,9.308755397796631e-05,9.308755397796631e-05,2.1211482817307115e-05,1.0,1.0,4.388545036315918
1638,21,9031,suppresses_cannot,-9.307265281677246e-05,9.307265281677246e-05,9.307265281677246e-05,4.288077980163507e-05,0.0,1.0,2.1704981327056885
1639,27,7732,suppresses_cannot,-9.305775165557861e-05,9.305775165557861e-05,9.305775165557861e-05,3.3561314921826124e-05,0.0,1.0,2.772768259048462
1640,19,11025,supports_cannot,9.305775165557861e-05,9.305775165557861e-05,9.305775165557861e-05,7.263002771651372e-05,1.0,1.0,1.2812572717666626
1641,17,162,suppresses_cannot,-9.304285049438477e-05,9.304285049438477e-05,9.304285049438477e-05,1.648895522521343e-05,0.0,1.0,5.64273738861084
1642,28,29,supports_cannot,9.301304817199707e-05,9.301304817199707e-05,9.301304817199707e-05,2.279176260344684e-05,1.0,1.0,4.08099365234375
1643,15,8860,supports_cannot,9.301304817199707e-05,9.301304817199707e-05,9.301304817199707e-05,1.8794587958836928e-05,1.0,1.0,4.94892692565918
1644,21,5790,supports_cannot,9.299814701080322e-05,9.299814701080322e-05,9.299814701080322e-05,2.4255552489194088e-05,1.0,1.0,3.834096908569336
1645,20,14132,suppresses_cannot,-9.299814701080322e-05,9.299814701080322e-05,9.299814701080322e-05,4.066038309247233e-05,0.0,1.0,2.2871930599212646
1646,30,12619,supports_cannot,9.296834468841553e-05,9.296834468841553e-05,9.296834468841553e-05,2.2425741917686537e-05,1.0,1.0,4.145607948303223
1647,18,5421,supports_cannot,9.296834468841553e-05,9.296834468841553e-05,9.296834468841553e-05,2.7105088520329446e-05,1.0,1.0,3.429921865463257
1648,25,5197,supports_cannot,9.296834468841553e-05,9.296834468841553e-05,9.296834468841553e-05,5.231332761468366e-05,1.0,1.0,1.7771445512771606
1649,17,8524,suppresses_cannot,-9.28640365600586e-05,9.28640365600586e-05,9.28640365600586e-05,6.381137063726783e-05,0.0,1.0,1.4552898406982422
1650,30,10050,supports_cannot,9.284913539886475e-05,9.284913539886475e-05,9.284913539886475e-05,1.7100892364396714e-05,1.0,1.0,5.429490089416504
1651,23,4349,supports_cannot,9.28342342376709e-05,9.28342342376709e-05,9.28342342376709e-05,3.974263381678611e-05,1.0,1.0,2.3358852863311768
1652,19,7747,supports_cannot,9.28044319152832e-05,9.28044319152832e-05,9.28044319152832e-05,3.6733923479914665e-05,1.0,1.0,2.526395797729492
1653,23,8284,suppresses_cannot,-9.277462959289551e-05,9.277462959289551e-05,9.277462959289551e-05,3.303760604467243e-05,0.0,1.0,2.808152198791504
1654,21,9493,supports_cannot,9.275972843170166e-05,9.275972843170166e-05,9.275972843170166e-05,2.191564635722898e-05,1.0,1.0,4.232579708099365
1655,24,9405,supports_cannot,9.274482727050781e-05,9.274482727050781e-05,9.274482727050781e-05,2.328158552700188e-05,1.0,1.0,3.9836127758026123
1656,19,12578,suppresses_cannot,-9.272992610931396e-05,9.272992610931396e-05,9.272992610931396e-05,2.0221677914378233e-05,0.0,1.0,4.585669040679932
1657,10,3204,supports_cannot,9.271502494812012e-05,9.271502494812012e-05,0.00010281801223754883,6.692415627185255e-05,0.75,0.75,1.3853745460510254
1658,19,7368,supports_cannot,9.270012378692627e-05,9.270012378692627e-05,9.270012378692627e-05,5.99593149672728e-05,1.0,1.0,1.5460504293441772
1659,26,8445,suppresses_cannot,-9.262561798095703e-05,9.262561798095703e-05,9.262561798095703e-05,2.1228417608654127e-05,0.0,1.0,4.363283634185791
1660,17,4161,suppresses_cannot,-9.261071681976318e-05,9.261071681976318e-05,9.261071681976318e-05,1.874347435659729e-05,0.0,1.0,4.940957546234131
1661,22,7949,supports_cannot,9.261071681976318e-05,9.261071681976318e-05,9.261071681976318e-05,3.425754402996972e-05,1.0,1.0,2.703366994857788
1662,22,11634,supports_cannot,9.256601333618164e-05,9.256601333618164e-05,9.256601333618164e-05,1.3959580428490881e-05,1.0,1.0,6.631001949310303
1663,27,1045,supports_cannot,9.255111217498779e-05,9.255111217498779e-05,9.255111217498779e-05,4.259650449967012e-05,1.0,1.0,2.1727395057678223
1664,24,9871,suppresses_cannot,-9.25213098526001e-05,9.25213098526001e-05,9.25213098526001e-05,2.0167977709206752e-05,0.0,1.0,4.5875349044799805
1665,28,14127,supports_cannot,9.244680404663086e-05,9.244680404663086e-05,9.244680404663086e-05,2.6326737497583963e-05,1.0,1.0,3.5115175247192383
1666,17,5112,suppresses_cannot,-9.240210056304932e-05,9.240210056304932e-05,9.240210056304932e-05,1.0672674761735834e-05,0.0,1.0,8.657819747924805
1667,15,1871,suppresses_cannot,-9.240210056304932e-05,9.240210056304932e-05,9.335577487945557e-05,6.016586849000305e-05,0.25,0.75,1.5357893705368042
1668,19,6627,supports_cannot,9.238719940185547e-05,9.238719940185547e-05,9.238719940185547e-05,2.7801430405816063e-05,1.0,1.0,3.3231093883514404
1669,22,2757,supports_cannot,9.238719940185547e-05,9.238719940185547e-05,9.238719940185547e-05,5.0805469072656706e-05,1.0,1.0,1.818449854850769
1670,31,13317,suppresses_cannot,-9.234249591827393e-05,9.234249591827393e-05,9.234249591827393e-05,2.6947014703182504e-05,0.0,1.0,3.426816940307617
1671,28,9054,supports_cannot,9.228289127349854e-05,9.228289127349854e-05,9.228289127349854e-05,6.387629127857508e-06,1.0,1.0,14.447125434875488
1672,19,12232,suppresses_cannot,-9.228289127349854e-05,9.228289127349854e-05,9.228289127349854e-05,4.1503033571643755e-05,0.0,1.0,2.2235217094421387
1673,10,11152,supports_cannot,9.225308895111084e-05,9.225308895111084e-05,0.00038392841815948486,0.0004635316727217287,0.5,0.5,0.19902218878269196
1674,28,10965,supports_cannot,9.223818778991699e-05,9.223818778991699e-05,9.223818778991699e-05,3.1732757634017617e-05,1.0,1.0,2.9067182540893555
1675,30,10570,suppresses_cannot,-9.222328662872314e-05,9.222328662872314e-05,9.222328662872314e-05,3.713750629685819e-05,0.0,1.0,2.4832923412323
1676,19,397,suppresses_cannot,-9.22083854675293e-05,9.22083854675293e-05,9.22083854675293e-05,5.0479662604629993e-05,0.0,1.0,1.8266443014144897
1677,12,13973,supports_cannot,9.22083854675293e-05,9.22083854675293e-05,9.22083854675293e-05,3.0387000151677057e-05,1.0,1.0,3.034467935562134
1678,22,2600,supports_cannot,9.22083854675293e-05,9.22083854675293e-05,9.22083854675293e-05,2.898063939937856e-05,1.0,1.0,3.1817233562469482
1679,19,2523,supports_cannot,9.219348430633545e-05,9.219348430633545e-05,9.219348430633545e-05,4.606497168424539e-05,1.0,1.0,2.0013794898986816
1680,23,64,supports_cannot,9.216368198394775e-05,9.216368198394775e-05,9.216368198394775e-05,3.409607961657457e-05,1.0,1.0,2.7030580043792725
1681,26,7376,suppresses_cannot,-9.216368198394775e-05,9.216368198394775e-05,9.216368198394775e-05,3.288843436166644e-05,0.0,1.0,2.8023128509521484
1682,26,31,suppresses_cannot,-9.21487808227539e-05,9.21487808227539e-05,9.21487808227539e-05,3.221891529392451e-05,0.0,1.0,2.8600833415985107
1683,20,6887,suppresses_cannot,-9.21487808227539e-05,9.21487808227539e-05,9.21487808227539e-05,3.559779725037515e-05,0.0,1.0,2.588608980178833
1684,29,8010,suppresses_cannot,-9.213387966156006e-05,9.213387966156006e-05,9.213387966156006e-05,7.901984645286575e-05,0.0,1.0,1.1659587621688843
1685,16,13958,suppresses_cannot,-9.211897850036621e-05,9.211897850036621e-05,9.211897850036621e-05,4.569496741169132e-05,0.0,1.0,2.0159544944763184
1686,30,4075,supports_cannot,9.211897850036621e-05,9.211897850036621e-05,9.211897850036621e-05,1.9997980416519567e-05,1.0,1.0,4.606413841247559
1687,29,4723,supports_cannot,9.210407733917236e-05,9.210407733917236e-05,9.210407733917236e-05,3.29445865645539e-05,1.0,1.0,2.795727252960205
1688,12,96,suppresses_cannot,-9.207427501678467e-05,9.207427501678467e-05,9.207427501678467e-05,3.6188594094710425e-05,0.0,1.0,2.5442898273468018
1689,30,14327,suppresses_cannot,-9.207427501678467e-05,9.207427501678467e-05,9.207427501678467e-05,2.7128409783472307e-05,0.0,1.0,3.3940165042877197
1690,29,12180,suppresses_cannot,-9.205937385559082e-05,9.205937385559082e-05,9.205937385559082e-05,6.062846659915522e-05,0.0,1.0,1.518418312072754
1691,14,1938,suppresses_cannot,-9.204447269439697e-05,9.204447269439697e-05,9.204447269439697e-05,6.16229372099042e-05,0.0,1.0,1.493672251701355
1692,20,5486,suppresses_cannot,-9.202957153320312e-05,9.202957153320312e-05,9.202957153320312e-05,6.50531510473229e-05,0.0,1.0,1.4146827459335327
1693,20,6410,supports_cannot,9.195506572723389e-05,9.195506572723389e-05,9.195506572723389e-05,2.770011269603856e-05,1.0,1.0,3.3196637630462646
1694,28,9584,suppresses_cannot,-9.194016456604004e-05,9.194016456604004e-05,9.194016456604004e-05,3.520353129715659e-05,0.0,1.0,2.6116745471954346
1695,30,85,suppresses_cannot,-9.194016456604004e-05,9.194016456604004e-05,9.194016456604004e-05,3.648068377515301e-05,0.0,1.0,2.52024245262146
1696,22,6229,suppresses_cannot,-9.192526340484619e-05,9.192526340484619e-05,9.192526340484619e-05,3.645983451860957e-05,0.0,1.0,2.5212748050689697
1697,28,5863,supports_cannot,9.192526340484619e-05,9.192526340484619e-05,9.192526340484619e-05,3.1510073313256726e-05,1.0,1.0,2.9173293113708496
1698,25,9225,suppresses_cannot,-9.18954610824585e-05,9.18954610824585e-05,9.18954610824585e-05,5.687648808816448e-05,0.0,1.0,1.6157021522521973
1699,23,14275,suppresses_cannot,-9.188055992126465e-05,9.188055992126465e-05,9.188055992126465e-05,2.5059287509066053e-05,0.0,1.0,3.666527032852173
1700,26,11232,suppresses_cannot,-9.18656587600708e-05,9.18656587600708e-05,9.18656587600708e-05,3.6939960409654304e-05,0.0,1.0,2.486891031265259
1701,12,13622,suppresses_cannot,-9.185075759887695e-05,9.185075759887695e-05,0.00010666251182556152,7.903747609816492e-05,0.25,0.75,1.162116527557373
1702,26,8460,supports_cannot,9.18358564376831e-05,9.18358564376831e-05,9.18358564376831e-05,1.380586763843894e-05,1.0,1.0,6.651943206787109
1703,27,8592,suppresses_cannot,-9.182095527648926e-05,9.182095527648926e-05,9.182095527648926e-05,2.8207248760736547e-05,0.0,1.0,3.25522518157959
1704,21,9875,supports_cannot,9.182095527648926e-05,9.182095527648926e-05,9.182095527648926e-05,4.066394467372447e-05,1.0,1.0,2.2580435276031494
1705,25,9919,suppresses_cannot,-9.180605411529541e-05,9.180605411529541e-05,9.180605411529541e-05,8.871404133969918e-05,0.0,1.0,1.0348536968231201
1706,25,13549,suppresses_cannot,-9.170174598693848e-05,9.170174598693848e-05,9.170174598693848e-05,2.649406269483734e-05,0.0,1.0,3.4612185955047607
1707,22,11805,supports_cannot,9.164214134216309e-05,9.164214134216309e-05,9.164214134216309e-05,2.2997295673121698e-05,1.0,1.0,3.9849090576171875
1708,13,1896,supports_cannot,9.164214134216309e-05,9.164214134216309e-05,9.164214134216309e-05,5.817920828121714e-05,1.0,1.0,1.5751699209213257
1709,26,1039,suppresses_cannot,-9.161233901977539e-05,9.161233901977539e-05,9.161233901977539e-05,3.308186569483951e-05,0.0,1.0,2.769261598587036
1710,26,10761,supports_cannot,9.15825366973877e-05,9.15825366973877e-05,0.00011995434761047363,0.0001862199860624969,0.5,0.5,0.4917975664138794
1711,21,11234,supports_cannot,9.1552734375e-05,9.1552734375e-05,9.1552734375e-05,3.9798655052436516e-05,1.0,1.0,2.3003976345062256
1712,29,498,supports_cannot,9.15229320526123e-05,9.15229320526123e-05,9.15229320526123e-05,2.706958184717223e-05,1.0,1.0,3.3810248374938965
1713,17,650,supports_cannot,9.150803089141846e-05,9.150803089141846e-05,9.150803089141846e-05,3.618515984271653e-05,1.0,1.0,2.5288829803466797
1714,30,8250,suppresses_cannot,-9.149312973022461e-05,9.149312973022461e-05,9.149312973022461e-05,1.1156024811498355e-05,0.0,1.0,8.2012300491333
1715,19,4321,suppresses_cannot,-9.149312973022461e-05,9.149312973022461e-05,9.149312973022461e-05,4.816466389456764e-05,0.0,1.0,1.8995903730392456
1716,25,10,supports_cannot,9.147822856903076e-05,9.147822856903076e-05,9.147822856903076e-05,6.910190859343857e-05,1.0,1.0,1.323816180229187
1717,19,6251,supports_cannot,9.146332740783691e-05,9.146332740783691e-05,9.146332740783691e-05,6.348466558847576e-05,1.0,1.0,1.4407153129577637
1718,26,12780,supports_cannot,9.144842624664307e-05,9.144842624664307e-05,9.144842624664307e-05,2.1182151613174938e-05,1.0,1.0,4.317239284515381
1719,22,11622,suppresses_cannot,-9.144842624664307e-05,9.144842624664307e-05,9.144842624664307e-05,2.5584087779861875e-05,0.0,1.0,3.57442569732666
1720,28,9042,supports_cannot,9.143352508544922e-05,9.143352508544922e-05,9.143352508544922e-05,1.187875841424102e-05,1.0,1.0,7.69722843170166
1721,30,3593,supports_cannot,9.141862392425537e-05,9.141862392425537e-05,9.141862392425537e-05,3.384857336641289e-05,1.0,1.0,2.7008116245269775
1722,27,73,suppresses_cannot,-9.135901927947998e-05,9.135901927947998e-05,9.135901927947998e-05,4.9206970288651064e-05,0.0,1.0,1.8566275835037231
1723,22,8632,suppresses_cannot,-9.135901927947998e-05,9.135901927947998e-05,9.135901927947998e-05,5.590739965555258e-05,0.0,1.0,1.6341131925582886
1724,30,3952,supports_cannot,9.132921695709229e-05,9.132921695709229e-05,9.132921695709229e-05,3.1973333534551784e-05,1.0,1.0,2.8564183712005615
1725,26,5335,suppresses_cannot,-9.131431579589844e-05,9.131431579589844e-05,9.131431579589844e-05,3.516441574902274e-05,0.0,1.0,2.5967817306518555
1726,29,13830,supports_cannot,9.131431579589844e-05,9.131431579589844e-05,9.131431579589844e-05,3.981715053669177e-05,1.0,1.0,2.2933413982391357
1727,16,9883,supports_cannot,9.125471115112305e-05,9.125471115112305e-05,9.125471115112305e-05,6.185105303302407e-05,1.0,1.0,1.475394606590271
1728,31,2305,suppresses_cannot,-9.12100076675415e-05,9.12100076675415e-05,9.12100076675415e-05,8.094598888419569e-05,0.0,1.0,1.126800775527954
1729,17,3588,supports_cannot,9.119510650634766e-05,9.119510650634766e-05,9.119510650634766e-05,2.4278670025523752e-05,1.0,1.0,3.7561819553375244
1730,29,786,suppresses_cannot,-9.119510650634766e-05,9.119510650634766e-05,9.119510650634766e-05,4.0446309867547825e-05,0.0,1.0,2.2547199726104736
1731,27,11008,suppresses_cannot,-9.118020534515381e-05,9.118020534515381e-05,9.118020534515381e-05,5.3425719670485705e-05,0.0,1.0,1.7066724300384521
1732,21,11384,suppresses_cannot,-9.115040302276611e-05,9.115040302276611e-05,9.115040302276611e-05,3.294917041785084e-05,0.0,1.0,2.7663943767547607
1733,25,13859,suppresses_cannot,-9.112060070037842e-05,9.112060070037842e-05,9.112060070037842e-05,3.415508399484679e-05,0.0,1.0,2.667848825454712
1734,20,9064,supports_cannot,9.109079837799072e-05,9.109079837799072e-05,9.109079837799072e-05,2.050873445114121e-05,1.0,1.0,4.441560745239258
1735,20,10952,suppresses_cannot,-9.109079837799072e-05,9.109079837799072e-05,9.109079837799072e-05,2.655884782143403e-05,0.0,1.0,3.429771900177002
1736,28,1405,suppresses_cannot,-9.106099605560303e-05,9.106099605560303e-05,9.106099605560303e-05,4.613219425664283e-05,0.0,1.0,1.9739142656326294
1737,19,1481,suppresses_cannot,-9.101629257202148e-05,9.101629257202148e-05,9.101629257202148e-05,3.5386965464567766e-05,0.0,1.0,2.572028636932373
1738,18,10741,supports_cannot,9.101629257202148e-05,9.101629257202148e-05,9.101629257202148e-05,3.34855321852956e-05,1.0,1.0,2.718078136444092
1739,25,4438,suppresses_cannot,-9.097158908843994e-05,9.097158908843994e-05,9.097158908843994e-05,4.120742960367352e-05,0.0,1.0,2.2076501846313477
1740,18,9012,supports_cannot,9.097158908843994e-05,9.097158908843994e-05,9.097158908843994e-05,1.719500323815737e-05,1.0,1.0,5.290582180023193
1741,15,11492,supports_cannot,9.097158908843994e-05,9.097158908843994e-05,9.097158908843994e-05,3.489164373604581e-05,1.0,1.0,2.60725998878479
1742,21,4742,supports_cannot,9.094178676605225e-05,9.094178676605225e-05,9.094178676605225e-05,5.5036529374774545e-05,1.0,1.0,1.6523895263671875
1743,28,11012,supports_cannot,9.08970832824707e-05,9.08970832824707e-05,9.08970832824707e-05,6.252710591070354e-05,1.0,1.0,1.4537228345870972
1744,31,7906,suppresses_cannot,-9.08970832824707e-05,9.08970832824707e-05,0.00010991096496582031,0.00011862876999657601,0.5,0.5,0.7662313580513
1745,26,8115,supports_cannot,9.086728096008301e-05,9.086728096008301e-05,9.086728096008301e-05,6.60414298181422e-05,1.0,1.0,1.3759132623672485
1746,17,852,suppresses_cannot,-9.085237979888916e-05,9.085237979888916e-05,9.085237979888916e-05,3.8251590012805536e-05,0.0,1.0,2.375126838684082
1747,23,11744,supports_cannot,9.083747863769531e-05,9.083747863769531e-05,9.083747863769531e-05,2.1123729311511852e-05,1.0,1.0,4.300257205963135
1748,15,4454,suppresses_cannot,-9.082257747650146e-05,9.082257747650146e-05,9.082257747650146e-05,2.5130988433375023e-05,0.0,1.0,3.6139674186706543
1749,24,9681,supports_cannot,9.077787399291992e-05,9.077787399291992e-05,9.077787399291992e-05,1.8621181880007498e-05,1.0,1.0,4.874978542327881
1750,21,4278,suppresses_cannot,-9.077787399291992e-05,9.077787399291992e-05,9.077787399291992e-05,3.590082633309066e-05,0.0,1.0,2.5285732746124268
1751,31,12477,suppresses_cannot,-9.077787399291992e-05,9.077787399291992e-05,9.077787399291992e-05,1.7636983102420345e-05,0.0,1.0,5.147017955780029
1752,18,8649,suppresses_cannot,-9.074807167053223e-05,9.074807167053223e-05,9.074807167053223e-05,8.94037148100324e-05,0.0,1.0,1.015036940574646
1753,29,3812,suppresses_cannot,-9.068846702575684e-05,9.068846702575684e-05,9.068846702575684e-05,3.713695696205832e-05,0.0,1.0,2.442000389099121
1754,21,12365,suppresses_cannot,-9.068846702575684e-05,9.068846702575684e-05,9.068846702575684e-05,8.308132237289101e-05,0.0,1.0,1.0915626287460327
1755,28,10366,suppresses_cannot,-9.064376354217529e-05,9.064376354217529e-05,9.064376354217529e-05,5.823217361466959e-05,0.0,1.0,1.5565924644470215
1756,16,1172,suppresses_cannot,-9.06139612197876e-05,9.06139612197876e-05,9.06139612197876e-05,6.84645856381394e-05,0.0,1.0,1.323515772819519
1757,4,2842,suppresses_cannot,-9.059906005859375e-05,9.059906005859375e-05,9.199976921081543e-05,0.00015475023246835917,0.25,0.75,0.585453450679779
1758,19,9711,suppresses_cannot,-9.05841588973999e-05,9.05841588973999e-05,9.05841588973999e-05,6.282703543547541e-05,0.0,1.0,1.4418022632598877
1759,14,14318,suppresses_cannot,-9.056925773620605e-05,9.056925773620605e-05,9.056925773620605e-05,5.156550105311908e-05,0.0,1.0,1.756392478942871
1760,16,11006,suppresses_cannot,-9.056925773620605e-05,9.056925773620605e-05,9.056925773620605e-05,1.9766221157624386e-05,0.0,1.0,4.582021236419678
1761,20,3292,supports_cannot,9.056925773620605e-05,9.056925773620605e-05,9.056925773620605e-05,1.946830889210105e-05,1.0,1.0,4.652137279510498
1762,30,58,suppresses_cannot,-9.047985076904297e-05,9.047985076904297e-05,9.047985076904297e-05,4.138236909057014e-05,0.0,1.0,2.186434745788574
1763,15,6520,supports_cannot,9.046494960784912e-05,9.046494960784912e-05,9.046494960784912e-05,3.7902002077316865e-05,1.0,1.0,2.3868119716644287
1764,19,13908,supports_cannot,9.046494960784912e-05,9.046494960784912e-05,9.046494960784912e-05,3.78630829800386e-05,1.0,1.0,2.389265298843384
1765,31,12226,supports_cannot,9.043514728546143e-05,9.043514728546143e-05,9.043514728546143e-05,3.661392838694155e-05,1.0,1.0,2.469965696334839
1766,31,566,supports_cannot,9.040534496307373e-05,9.040534496307373e-05,9.040534496307373e-05,1.5154847460507881e-05,1.0,1.0,5.965440273284912
1767,22,13079,suppresses_cannot,-9.036064147949219e-05,9.036064147949219e-05,9.036064147949219e-05,4.2367857531644404e-05,0.0,1.0,2.1327641010284424
1768,20,7272,suppresses_cannot,-9.036064147949219e-05,9.036064147949219e-05,9.036064147949219e-05,5.293357389746234e-05,0.0,1.0,1.707057237625122
1769,25,7765,supports_cannot,9.031593799591064e-05,9.031593799591064e-05,9.031593799591064e-05,5.698305903933942e-05,1.0,1.0,1.584961175918579
1770,17,4188,supports_cannot,9.02712345123291e-05,9.02712345123291e-05,9.02712345123291e-05,7.851017289794981e-05,1.0,1.0,1.1498030424118042
1771,21,3123,supports_cannot,9.02414321899414e-05,9.02414321899414e-05,9.02414321899414e-05,9.770890756044537e-06,1.0,1.0,9.23574161529541
1772,25,5941,suppresses_cannot,-9.022653102874756e-05,9.022653102874756e-05,9.022653102874756e-05,5.566544859902933e-05,0.0,1.0,1.6208713054656982
1773,30,5959,suppresses_cannot,-9.018182754516602e-05,9.018182754516602e-05,9.018182754516602e-05,3.3912318031070754e-05,0.0,1.0,2.65926456451416
1774,31,12942,supports_cannot,9.016692638397217e-05,9.016692638397217e-05,9.016692638397217e-05,4.1466231778031215e-05,1.0,1.0,2.174466371536255
1775,10,4148,suppresses_cannot,-9.013712406158447e-05,9.013712406158447e-05,9.013712406158447e-05,5.577517731580883e-05,0.0,1.0,1.616079568862915
1776,13,3772,supports_cannot,9.013712406158447e-05,9.013712406158447e-05,9.013712406158447e-05,4.654627264244482e-05,1.0,1.0,1.9365057945251465
1777,11,13939,suppresses_cannot,-9.013712406158447e-05,9.013712406158447e-05,9.013712406158447e-05,2.918882637459319e-05,0.0,1.0,3.088069200515747
1778,17,8750,suppresses_cannot,-9.012222290039062e-05,9.012222290039062e-05,9.012222290039062e-05,4.068821363034658e-05,0.0,1.0,2.214946746826172
1779,26,979,supports_cannot,9.010732173919678e-05,9.010732173919678e-05,9.010732173919678e-05,3.406827454455197e-05,1.0,1.0,2.644904136657715
1780,26,3189,suppresses_cannot,-9.010732173919678e-05,9.010732173919678e-05,9.010732173919678e-05,3.6585854104487225e-05,0.0,1.0,2.4629006385803223
1781,20,11057,supports_cannot,9.003281593322754e-05,9.003281593322754e-05,9.259581565856934e-05,6.516924622701481e-05,0.75,0.75,1.3815230131149292
1782,12,2747,suppresses_cannot,-9.000301361083984e-05,9.000301361083984e-05,9.000301361083984e-05,2.4758573999861255e-05,0.0,1.0,3.635225772857666
1783,20,2806,supports_cannot,9.000301361083984e-05,9.000301361083984e-05,9.000301361083984e-05,3.063646727241576e-05,1.0,1.0,2.9377739429473877
1784,22,2965,suppresses_cannot,-8.997321128845215e-05,8.997321128845215e-05,8.997321128845215e-05,3.3026204619091004e-05,0.0,1.0,2.724297523498535
1785,2,12761,supports_cannot,8.99583101272583e-05,8.99583101272583e-05,8.99583101272583e-05,5.9903133660554886e-05,1.0,1.0,1.5017296075820923
1786,19,7947,supports_cannot,8.994340896606445e-05,8.994340896606445e-05,8.994340896606445e-05,9.680572475190274e-06,1.0,1.0,9.29112434387207
1787,24,11188,suppresses_cannot,-8.991360664367676e-05,8.991360664367676e-05,8.991360664367676e-05,3.327857484691776e-05,0.0,1.0,2.7018465995788574
1788,30,11237,suppresses_cannot,-8.991360664367676e-05,8.991360664367676e-05,8.991360664367676e-05,4.875726517639123e-05,0.0,1.0,1.8441067934036255
1789,25,2606,suppresses_cannot,-8.988380432128906e-05,8.988380432128906e-05,8.988380432128906e-05,2.1171525077079423e-05,0.0,1.0,4.245503902435303
1790,31,7633,suppresses_cannot,-8.986890316009521e-05,8.986890316009521e-05,8.986890316009521e-05,2.924123873526696e-05,0.0,1.0,3.073361396789551
1791,22,4580,supports_cannot,8.986890316009521e-05,8.986890316009521e-05,0.000187799334526062,0.00018058645946439356,0.75,0.75,0.49765029549598694
1792,29,12471,supports_cannot,8.982419967651367e-05,8.982419967651367e-05,8.982419967651367e-05,3.1345556635642424e-05,1.0,1.0,2.8656117916107178
1793,18,7198,suppresses_cannot,-8.982419967651367e-05,8.982419967651367e-05,8.982419967651367e-05,1.933805651788134e-05,0.0,1.0,4.644944190979004
1794,15,5480,suppresses_cannot,-8.982419967651367e-05,8.982419967651367e-05,8.982419967651367e-05,2.5779198040254414e-05,0.0,1.0,3.4843671321868896
1795,14,8147,suppresses_cannot,-8.982419967651367e-05,8.982419967651367e-05,9.101629257202148e-05,5.49986980331596e-05,0.25,0.75,1.6332058906555176
1796,16,4370,suppresses_cannot,-8.980929851531982e-05,8.980929851531982e-05,8.980929851531982e-05,7.529917638748884e-05,0.0,1.0,1.192699670791626
1797,8,5710,supports_cannot,8.979439735412598e-05,8.979439735412598e-05,8.979439735412598e-05,4.253885708749294e-05,1.0,1.0,2.110879421234131
1798,21,10067,suppresses_cannot,-8.979439735412598e-05,8.979439735412598e-05,8.979439735412598e-05,1.536150011816062e-05,0.0,1.0,5.8454179763793945
1799,29,2136,suppresses_cannot,-8.973479270935059e-05,8.973479270935059e-05,8.973479270935059e-05,5.7980898418463767e-05,0.0,1.0,1.547661304473877
1800,26,4827,suppresses_cannot,-8.96751880645752e-05,8.96751880645752e-05,8.96751880645752e-05,8.643031469546258e-05,0.0,1.0,1.0375431776046753
1801,24,6375,suppresses_cannot,-8.963048458099365e-05,8.963048458099365e-05,8.963048458099365e-05,2.2283982616499998e-05,0.0,1.0,4.02219295501709
1802,17,3008,supports_cannot,8.960068225860596e-05,8.960068225860596e-05,8.960068225860596e-05,1.3390987987804692e-05,1.0,1.0,6.691117763519287
1803,21,7712,suppresses_cannot,-8.952617645263672e-05,8.952617645263672e-05,8.952617645263672e-05,2.1460858988575637e-05,0.0,1.0,4.171602249145508
1804,27,3977,suppresses_cannot,-8.952617645263672e-05,8.952617645263672e-05,8.952617645263672e-05,1.9050328774028458e-05,0.0,1.0,4.699455261230469
1805,27,12194,suppresses_cannot,-8.949637413024902e-05,8.949637413024902e-05,8.949637413024902e-05,9.842665349424351e-06,0.0,1.0,9.092696189880371
1806,20,4671,suppresses_cannot,-8.948147296905518e-05,8.948147296905518e-05,8.948147296905518e-05,3.056502100662328e-05,0.0,1.0,2.9275777339935303
1807,28,2989,supports_cannot,8.945167064666748e-05,8.945167064666748e-05,8.945167064666748e-05,2.733119617914781e-05,1.0,1.0,3.2728776931762695
1808,4,10848,suppresses_cannot,-8.943676948547363e-05,8.943676948547363e-05,9.223818778991699e-05,0.00015815041842870414,0.75,0.75,0.5655171275138855
1809,24,220,supports_cannot,8.942186832427979e-05,8.942186832427979e-05,8.942186832427979e-05,1.57551075972151e-05,1.0,1.0,5.6757378578186035
1810,14,12978,suppresses_cannot,-8.939206600189209e-05,8.939206600189209e-05,8.939206600189209e-05,0.00010819635645020753,0.0,1.0,0.8262022137641907
1811,29,12259,suppresses_cannot,-8.939206600189209e-05,8.939206600189209e-05,8.939206600189209e-05,3.6835921491729096e-05,0.0,1.0,2.4267632961273193
1812,16,544,suppresses_cannot,-8.934736251831055e-05,8.934736251831055e-05,8.934736251831055e-05,3.224283500458114e-05,0.0,1.0,2.7710764408111572
1813,19,3846,suppresses_cannot,-8.93324613571167e-05,8.93324613571167e-05,8.93324613571167e-05,4.69733276986517e-05,0.0,1.0,1.9017698764801025
1814,24,4072,supports_cannot,8.9302659034729e-05,8.9302659034729e-05,8.9302659034729e-05,1.05512326626922e-05,1.0,1.0,8.463717460632324
1815,22,1550,supports_cannot,8.9302659034729e-05,8.9302659034729e-05,8.9302659034729e-05,1.5771447579027154e-05,1.0,1.0,5.662298679351807
1816,30,3426,suppresses_cannot,-8.9302659034729e-05,8.9302659034729e-05,8.9302659034729e-05,2.3826742108212784e-05,0.0,1.0,3.7480008602142334
1817,28,10845,supports_cannot,8.928775787353516e-05,8.928775787353516e-05,8.928775787353516e-05,3.8747512007830665e-05,1.0,1.0,2.3043482303619385
1818,19,2290,supports_cannot,8.928775787353516e-05,8.928775787353516e-05,8.928775787353516e-05,2.6714087653090246e-05,1.0,1.0,3.3423471450805664
1819,25,11175,supports_cannot,8.927285671234131e-05,8.927285671234131e-05,8.927285671234131e-05,9.414078704139683e-06,1.0,1.0,9.482908248901367
1820,29,12393,suppresses_cannot,-8.925795555114746e-05,8.925795555114746e-05,8.925795555114746e-05,3.59452715201769e-05,0.0,1.0,2.4831626415252686
1821,19,11166,supports_cannot,8.915364742279053e-05,8.915364742279053e-05,8.915364742279053e-05,1.4799568816670217e-05,1.0,1.0,6.0240702629089355
1822,11,4210,suppresses_cannot,-8.915364742279053e-05,8.915364742279053e-05,8.915364742279053e-05,4.107236600248143e-05,0.0,1.0,2.1706478595733643
1823,26,3524,supports_cannot,8.913874626159668e-05,8.913874626159668e-05,8.913874626159668e-05,3.443597597652115e-05,1.0,1.0,2.5885355472564697
1824,30,8098,suppresses_cannot,-8.912384510040283e-05,8.912384510040283e-05,8.912384510040283e-05,1.6949341443250887e-05,0.0,1.0,5.2582478523254395
1825,18,12513,supports_cannot,8.910894393920898e-05,8.910894393920898e-05,8.910894393920898e-05,4.073817399330437e-05,1.0,1.0,2.1873574256896973
1826,15,1568,suppresses_cannot,-8.910894393920898e-05,8.910894393920898e-05,8.910894393920898e-05,3.4881577448686585e-05,0.0,1.0,2.5546133518218994
1827,23,3095,suppresses_cannot,-8.906424045562744e-05,8.906424045562744e-05,8.906424045562744e-05,4.1729559598024935e-05,0.0,1.0,2.1343202590942383
1828,22,9155,supports_cannot,8.903443813323975e-05,8.903443813323975e-05,8.903443813323975e-05,3.3754451578715816e-05,1.0,1.0,2.637709617614746
1829,17,8406,suppresses_cannot,-8.90195369720459e-05,8.90195369720459e-05,8.90195369720459e-05,3.130465483991429e-05,0.0,1.0,2.84365177154541
1830,22,2839,suppresses_cannot,-8.894503116607666e-05,8.894503116607666e-05,8.894503116607666e-05,1.6006448277039453e-05,0.0,1.0,5.556824207305908
1831,19,5894,supports_cannot,8.894503116607666e-05,8.894503116607666e-05,8.894503116607666e-05,2.324391607544385e-05,1.0,1.0,3.8265938758850098
1832,29,6173,suppresses_cannot,-8.893013000488281e-05,8.893013000488281e-05,8.893013000488281e-05,2.9873881430830806e-05,0.0,1.0,2.9768519401550293
1833,26,9484,supports_cannot,8.891522884368896e-05,8.891522884368896e-05,8.891522884368896e-05,3.2715306588215753e-05,1.0,1.0,2.717848062515259
1834,28,6048,supports_cannot,8.890032768249512e-05,8.890032768249512e-05,8.890032768249512e-05,3.185500099789351e-05,1.0,1.0,2.790780782699585
1835,22,9697,supports_cannot,8.887052536010742e-05,8.887052536010742e-05,8.887052536010742e-05,6.628833943977952e-05,1.0,1.0,1.3406660556793213
1836,8,8632,supports_cannot,8.885562419891357e-05,8.885562419891357e-05,0.00010029971599578857,7.714664388913661e-05,0.75,0.75,1.151775598526001
1837,22,11500,suppresses_cannot,-8.882582187652588e-05,8.882582187652588e-05,8.882582187652588e-05,1.1678052032948472e-05,0.0,1.0,7.606218338012695
1838,21,1917,supports_cannot,8.881092071533203e-05,8.881092071533203e-05,8.881092071533203e-05,2.6212899683741853e-05,1.0,1.0,3.3880615234375
1839,17,5877,supports_cannot,8.879601955413818e-05,8.879601955413818e-05,8.879601955413818e-05,2.084047082462348e-05,1.0,1.0,4.260748863220215
1840,16,5228,supports_cannot,8.878111839294434e-05,8.878111839294434e-05,8.878111839294434e-05,1.9468126993160695e-05,1.0,1.0,4.560331344604492
1841,15,13959,suppresses_cannot,-8.878111839294434e-05,8.878111839294434e-05,8.878111839294434e-05,4.29647698183544e-05,0.0,1.0,2.0663702487945557
1842,19,845,suppresses_cannot,-8.876621723175049e-05,8.876621723175049e-05,8.876621723175049e-05,2.605051668069791e-05,0.0,1.0,3.4074645042419434
1843,18,8822,suppresses_cannot,-8.875131607055664e-05,8.875131607055664e-05,8.875131607055664e-05,3.598489274736494e-05,0.0,1.0,2.4663493633270264
1844,19,11136,supports_cannot,8.872151374816895e-05,8.872151374816895e-05,8.872151374816895e-05,4.170827378402464e-05,1.0,1.0,2.127192258834839
1845,14,2455,supports_cannot,8.872151374816895e-05,8.872151374816895e-05,8.872151374816895e-05,4.846272713621147e-05,1.0,1.0,1.8307164907455444
1846,31,13214,suppresses_cannot,-8.87066125869751e-05,8.87066125869751e-05,8.87066125869751e-05,1.449087903893087e-05,0.0,1.0,6.121547698974609
1847,20,1313,supports_cannot,8.869171142578125e-05,8.869171142578125e-05,8.869171142578125e-05,4.4120744860265404e-05,1.0,1.0,2.010204315185547
1848,25,2080,supports_cannot,8.86768102645874e-05,8.86768102645874e-05,8.86768102645874e-05,3.747436494450085e-05,1.0,1.0,2.366332530975342
1849,27,7064,suppresses_cannot,-8.86768102645874e-05,8.86768102645874e-05,8.86768102645874e-05,4.3603442463791e-05,0.0,1.0,2.0337111949920654
1850,21,11564,supports_cannot,8.866190910339355e-05,8.866190910339355e-05,8.866190910339355e-05,2.61060686170822e-05,1.0,1.0,3.3962180614471436
1851,30,10119,suppresses_cannot,-8.866190910339355e-05,8.866190910339355e-05,8.866190910339355e-05,1.4768275832466315e-05,0.0,1.0,6.003538131713867
1852,24,2417,supports_cannot,8.864700794219971e-05,8.864700794219971e-05,8.864700794219971e-05,4.9101556214736775e-05,1.0,1.0,1.8053808212280273
1853,17,13186,supports_cannot,8.864700794219971e-05,8.864700794219971e-05,8.864700794219971e-05,4.554601036943495e-05,1.0,1.0,1.9463177919387817
1854,23,945,supports_cannot,8.864700794219971e-05,8.864700794219971e-05,8.864700794219971e-05,3.6014906072523445e-05,1.0,1.0,2.461397647857666
1855,31,9645,suppresses_cannot,-8.864700794219971e-05,8.864700794219971e-05,8.864700794219971e-05,5.7161698350682855e-05,0.0,1.0,1.5508112907409668
1856,14,13470,supports_cannot,8.861720561981201e-05,8.861720561981201e-05,8.861720561981201e-05,4.613706187228672e-05,1.0,1.0,1.9207379817962646
1857,15,2336,supports_cannot,8.860230445861816e-05,8.860230445861816e-05,8.860230445861816e-05,5.1594088290585205e-05,1.0,1.0,1.7172956466674805
1858,10,12385,supports_cannot,8.858740329742432e-05,8.858740329742432e-05,8.858740329742432e-05,4.9932943511521444e-05,1.0,1.0,1.7741273641586304
1859,27,5974,supports_cannot,8.857250213623047e-05,8.857250213623047e-05,8.857250213623047e-05,3.8458740164060146e-05,1.0,1.0,2.3030526638031006
1860,30,11617,supports_cannot,8.852779865264893e-05,8.852779865264893e-05,8.852779865264893e-05,3.048686994588934e-05,1.0,1.0,2.9038007259368896
1861,23,10602,suppresses_cannot,-8.851289749145508e-05,8.851289749145508e-05,8.851289749145508e-05,1.6535428585484624e-05,0.0,1.0,5.35292387008667
1862,10,12642,suppresses_cannot,-8.851289749145508e-05,8.851289749145508e-05,0.0001290738582611084,0.00015316127974074334,0.25,0.75,0.5779064893722534
1863,26,12824,supports_cannot,8.848309516906738e-05,8.848309516906738e-05,8.848309516906738e-05,3.142045534332283e-05,1.0,1.0,2.81609845161438
1864,27,11072,supports_cannot,8.845329284667969e-05,8.845329284667969e-05,8.845329284667969e-05,2.3536778826382942e-05,1.0,1.0,3.7580881118774414
1865,30,13229,supports_cannot,8.843839168548584e-05,8.843839168548584e-05,8.843839168548584e-05,4.2918953113257885e-05,1.0,1.0,2.0605905055999756
1866,19,1664,suppresses_cannot,-8.842349052429199e-05,8.842349052429199e-05,8.842349052429199e-05,2.199154914706014e-05,0.0,1.0,4.020793914794922
1867,18,11628,supports_cannot,8.842349052429199e-05,8.842349052429199e-05,8.842349052429199e-05,2.4573619157308713e-05,1.0,1.0,3.598309278488159
1868,23,14183,supports_cannot,8.842349052429199e-05,8.842349052429199e-05,8.842349052429199e-05,2.2266682208282873e-05,1.0,1.0,3.97111177444458
1869,19,7133,suppresses_cannot,-8.837878704071045e-05,8.837878704071045e-05,8.837878704071045e-05,3.212058072676882e-05,0.0,1.0,2.751469135284424
1870,26,8559,suppresses_cannot,-8.83340835571289e-05,8.83340835571289e-05,8.83340835571289e-05,4.4107033318141475e-05,0.0,1.0,2.002721071243286
1871,27,11440,suppresses_cannot,-8.83340835571289e-05,8.83340835571289e-05,8.83340835571289e-05,1.1706889381457586e-05,0.0,1.0,7.545477867126465
1872,22,30,supports_cannot,8.831918239593506e-05,8.831918239593506e-05,8.831918239593506e-05,3.09072456730064e-05,1.0,1.0,2.857555866241455
1873,14,9570,supports_cannot,8.831918239593506e-05,8.831918239593506e-05,8.831918239593506e-05,2.8880353056592867e-05,1.0,1.0,3.058105945587158
1874,15,12102,suppresses_cannot,-8.831918239593506e-05,8.831918239593506e-05,8.831918239593506e-05,5.8500212617218494e-05,0.0,1.0,1.5097241401672363
1875,26,6545,supports_cannot,8.830428123474121e-05,8.830428123474121e-05,8.830428123474121e-05,4.477079710341059e-05,1.0,1.0,1.9723633527755737
1876,23,12512,supports_cannot,8.828938007354736e-05,8.828938007354736e-05,8.828938007354736e-05,5.0735568947857246e-05,1.0,1.0,1.7401870489120483
1877,13,2324,suppresses_cannot,-8.827447891235352e-05,8.827447891235352e-05,8.827447891235352e-05,8.499833347741514e-05,0.0,1.0,1.038543701171875
1878,30,9499,supports_cannot,8.827447891235352e-05,8.827447891235352e-05,8.827447891235352e-05,2.032566408161074e-05,1.0,1.0,4.343005657196045
1879,31,12373,supports_cannot,8.827447891235352e-05,8.827447891235352e-05,8.827447891235352e-05,3.212582669220865e-05,1.0,1.0,2.7477729320526123
1880,20,8389,suppresses_cannot,-8.824467658996582e-05,8.824467658996582e-05,8.824467658996582e-05,7.550617738161236e-05,0.0,1.0,1.168708086013794
1881,4,13921,suppresses_cannot,-8.821487426757812e-05,8.821487426757812e-05,8.821487426757812e-05,2.0501529434113763e-05,0.0,1.0,4.30284309387207
1882,31,8154,supports_cannot,8.818507194519043e-05,8.818507194519043e-05,8.818507194519043e-05,1.73511216416955e-05,1.0,1.0,5.08238410949707
1883,13,6213,suppresses_cannot,-8.818507194519043e-05,8.818507194519043e-05,8.818507194519043e-05,3.928507794626057e-05,0.0,1.0,2.2447474002838135
1884,22,13090,suppresses_cannot,-8.815526962280273e-05,8.815526962280273e-05,8.815526962280273e-05,2.060403312498238e-05,0.0,1.0,4.278543949127197
1885,14,3896,suppresses_cannot,-8.814036846160889e-05,8.814036846160889e-05,8.814036846160889e-05,3.446074697421864e-05,0.0,1.0,2.5577032566070557
1886,16,2026,suppresses_cannot,-8.812546730041504e-05,8.812546730041504e-05,8.812546730041504e-05,4.615175203070976e-05,0.0,1.0,1.9094717502593994
1887,24,4238,supports_cannot,8.812546730041504e-05,8.812546730041504e-05,8.812546730041504e-05,5.993676677462645e-05,1.0,1.0,1.4703073501586914
1888,11,469,supports_cannot,8.812546730041504e-05,8.812546730041504e-05,0.00010508298873901367,0.00010089524585055187,0.75,0.75,0.8734352588653564
1889,16,14258,suppresses_cannot,-8.811056613922119e-05,8.811056613922119e-05,8.811056613922119e-05,3.5373093851376325e-05,0.0,1.0,2.490892171859741
1890,29,3358,supports_cannot,8.806586265563965e-05,8.806586265563965e-05,8.806586265563965e-05,2.2863741833134554e-05,1.0,1.0,3.851769208908081
1891,17,1241,supports_cannot,8.806586265563965e-05,8.806586265563965e-05,8.806586265563965e-05,5.4585369070991874e-05,1.0,1.0,1.6133601665496826
1892,31,12308,suppresses_cannot,-8.80509614944458e-05,8.80509614944458e-05,8.80509614944458e-05,5.225234417594038e-05,0.0,1.0,1.6851102113723755
1893,22,5721,supports_cannot,8.80211591720581e-05,8.80211591720581e-05,8.80211591720581e-05,7.95352207205724e-06,1.0,1.0,11.066939353942871
1894,17,5921,suppresses_cannot,-8.80211591720581e-05,8.80211591720581e-05,8.80211591720581e-05,2.3741413315292448e-05,0.0,1.0,3.7074942588806152
1895,23,1925,suppresses_cannot,-8.797645568847656e-05,8.797645568847656e-05,8.797645568847656e-05,2.2539030396728776e-05,0.0,1.0,3.9032933712005615
1896,26,3186,supports_cannot,8.794665336608887e-05,8.794665336608887e-05,8.794665336608887e-05,2.4580449462519027e-05,1.0,1.0,3.5779104232788086
1897,31,12063,suppresses_cannot,-8.790194988250732e-05,8.790194988250732e-05,8.790194988250732e-05,3.203203232260421e-05,0.0,1.0,2.7441890239715576
1898,21,2729,supports_cannot,8.788704872131348e-05,8.788704872131348e-05,8.788704872131348e-05,3.184990055160597e-05,1.0,1.0,2.759413480758667
1899,19,684,suppresses_cannot,-8.787214756011963e-05,8.787214756011963e-05,8.787214756011963e-05,5.034585774410516e-05,0.0,1.0,1.7453699111938477
1900,29,9588,suppresses_cannot,-8.787214756011963e-05,8.787214756011963e-05,8.787214756011963e-05,1.5456713299499825e-05,0.0,1.0,5.685046672821045
1901,20,3348,suppresses_cannot,-8.785724639892578e-05,8.785724639892578e-05,8.785724639892578e-05,7.618578820256516e-05,0.0,1.0,1.1531972885131836
1902,27,7610,suppresses_cannot,-8.784234523773193e-05,8.784234523773193e-05,8.784234523773193e-05,3.3095591788878664e-05,0.0,1.0,2.654200792312622
1903,31,4107,suppresses_cannot,-8.784234523773193e-05,8.784234523773193e-05,8.784234523773193e-05,1.4198695680534001e-05,0.0,1.0,6.186648368835449
1904,21,12043,supports_cannot,8.779764175415039e-05,8.779764175415039e-05,8.779764175415039e-05,1.8381486370344646e-05,1.0,1.0,4.776416301727295
1905,28,8663,suppresses_cannot,-8.772313594818115e-05,8.772313594818115e-05,8.772313594818115e-05,5.7020220992853865e-05,0.0,1.0,1.5384565591812134
1906,21,1412,suppresses_cannot,-8.764863014221191e-05,8.764863014221191e-05,9.185075759887695e-05,7.049012492643669e-05,0.25,0.75,1.2434171438217163
1907,30,1885,supports_cannot,8.761882781982422e-05,8.761882781982422e-05,8.761882781982422e-05,1.2788981621270068e-05,1.0,1.0,6.851118087768555
1908,15,3366,suppresses_cannot,-8.760392665863037e-05,8.760392665863037e-05,8.760392665863037e-05,6.796285560994875e-06,0.0,1.0,12.889969825744629
1909,29,2594,suppresses_cannot,-8.757412433624268e-05,8.757412433624268e-05,8.757412433624268e-05,4.506768163992092e-05,0.0,1.0,1.9431689977645874
1910,30,2963,suppresses_cannot,-8.755922317504883e-05,8.755922317504883e-05,8.937716484069824e-05,9.085639612749219e-05,0.25,0.75,0.9637100696563721
1911,21,5436,suppresses_cannot,-8.752942085266113e-05,8.752942085266113e-05,8.752942085266113e-05,3.597945033106953e-05,0.0,1.0,2.4327614307403564
1912,17,5255,supports_cannot,8.748471736907959e-05,8.748471736907959e-05,8.748471736907959e-05,3.1930914701661095e-05,1.0,1.0,2.7398123741149902
1913,19,3056,suppresses_cannot,-8.748471736907959e-05,8.748471736907959e-05,8.748471736907959e-05,2.0954121282557026e-05,0.0,1.0,4.175059795379639
1914,27,5242,supports_cannot,8.746981620788574e-05,8.746981620788574e-05,8.746981620788574e-05,2.278474858030677e-05,1.0,1.0,3.838963031768799
1915,19,6030,supports_cannot,8.746981620788574e-05,8.746981620788574e-05,8.746981620788574e-05,7.349951920332387e-05,1.0,1.0,1.1900733709335327
1916,20,11630,suppresses_cannot,-8.744001388549805e-05,8.744001388549805e-05,8.744001388549805e-05,4.08429914386943e-05,0.0,1.0,2.1408817768096924
1917,27,119,supports_cannot,8.74251127243042e-05,8.74251127243042e-05,8.74251127243042e-05,4.011448618257418e-05,1.0,1.0,2.1793899536132812
1918,12,11804,supports_cannot,8.733570575714111e-05,8.733570575714111e-05,8.733570575714111e-05,1.557703217258677e-05,1.0,1.0,5.606696605682373
1919,16,9919,supports_cannot,8.732080459594727e-05,8.732080459594727e-05,8.732080459594727e-05,3.179104533046484e-05,1.0,1.0,2.746710777282715
1920,28,1890,supports_cannot,8.732080459594727e-05,8.732080459594727e-05,0.00014317035675048828,0.00014808469859417528,0.5,0.5,0.5896679759025574
1921,28,10497,suppresses_cannot,-8.730590343475342e-05,8.730590343475342e-05,8.730590343475342e-05,2.6206813345197588e-05,0.0,1.0,3.3314197063446045
1922,27,9499,suppresses_cannot,-8.729100227355957e-05,8.729100227355957e-05,8.729100227355957e-05,4.262533184373751e-05,0.0,1.0,2.0478668212890625
1923,21,5591,suppresses_cannot,-8.729100227355957e-05,8.729100227355957e-05,8.729100227355957e-05,2.9802933568134904e-05,0.0,1.0,2.9289398193359375
1924,30,1284,supports_cannot,8.724629878997803e-05,8.724629878997803e-05,8.724629878997803e-05,1.6564910765737295e-05,1.0,1.0,5.266933917999268
1925,15,1850,supports_cannot,8.723139762878418e-05,8.723139762878418e-05,8.869171142578125e-05,6.740914250258356e-05,0.75,0.75,1.2940587997436523
1926,19,7541,supports_cannot,8.718669414520264e-05,8.718669414520264e-05,8.718669414520264e-05,1.3428013517113868e-05,1.0,1.0,6.492895603179932
1927,22,5732,supports_cannot,8.71419906616211e-05,8.71419906616211e-05,8.71419906616211e-05,3.081470640609041e-05,1.0,1.0,2.827935218811035
1928,28,4638,supports_cannot,8.71419906616211e-05,8.71419906616211e-05,8.71419906616211e-05,3.612838190747425e-05,1.0,1.0,2.4120092391967773
1929,30,1562,supports_cannot,8.712708950042725e-05,8.712708950042725e-05,8.712708950042725e-05,4.435523442225531e-05,1.0,1.0,1.9643023014068604
1930,25,8611,supports_cannot,8.70823860168457e-05,8.70823860168457e-05,8.70823860168457e-05,2.2697555323247798e-05,1.0,1.0,3.836641311645508
1931,17,4294,supports_cannot,8.705258369445801e-05,8.705258369445801e-05,8.705258369445801e-05,3.5913282772526145e-05,1.0,1.0,2.4239661693573
1932,19,9492,supports_cannot,8.703768253326416e-05,8.703768253326416e-05,8.703768253326416e-05,4.544556941254996e-05,1.0,1.0,1.9152072668075562
1933,19,4671,supports_cannot,8.702278137207031e-05,8.702278137207031e-05,8.702278137207031e-05,2.3724895072518848e-05,1.0,1.0,3.6679940223693848
1934,28,7802,supports_cannot,8.702278137207031e-05,8.702278137207031e-05,8.702278137207031e-05,2.1420013581519015e-05,1.0,1.0,4.062685489654541
1935,20,9638,suppresses_cannot,-8.699297904968262e-05,8.699297904968262e-05,8.699297904968262e-05,2.816171218000818e-05,0.0,1.0,3.0890512466430664
1936,28,5568,supports_cannot,8.699297904968262e-05,8.699297904968262e-05,8.699297904968262e-05,1.8739499864750542e-05,1.0,1.0,4.6422247886657715
1937,17,2591,supports_cannot,8.697807788848877e-05,8.697807788848877e-05,8.697807788848877e-05,1.6935397070483305e-05,1.0,1.0,5.135874271392822
1938,25,10878,supports_cannot,8.691847324371338e-05,8.691847324371338e-05,8.691847324371338e-05,3.598335024435073e-05,1.0,1.0,2.4155192375183105
1939,19,1721,suppresses_cannot,-8.681416511535645e-05,8.681416511535645e-05,8.681416511535645e-05,2.8811140509787947e-05,0.0,1.0,3.0132150650024414
1940,19,11630,suppresses_cannot,-8.675456047058105e-05,8.675456047058105e-05,8.675456047058105e-05,3.798042598646134e-05,0.0,1.0,2.284191370010376
1941,15,4593,supports_cannot,8.670985698699951e-05,8.670985698699951e-05,8.670985698699951e-05,8.633046491013374e-06,1.0,1.0,10.0439453125
1942,19,14180,supports_cannot,8.669495582580566e-05,8.669495582580566e-05,8.669495582580566e-05,2.5058401661226526e-05,1.0,1.0,3.4597158432006836
1943,25,1016,supports_cannot,8.665025234222412e-05,8.665025234222412e-05,8.665025234222412e-05,2.6245690605719574e-05,1.0,1.0,3.3015036582946777
1944,29,4951,suppresses_cannot,-8.663535118103027e-05,8.663535118103027e-05,8.663535118103027e-05,1.395655817759689e-05,0.0,1.0,6.20750093460083
1945,24,3541,suppresses_cannot,-8.660554885864258e-05,8.660554885864258e-05,8.660554885864258e-05,3.065127748413943e-05,0.0,1.0,2.825511932373047
1946,18,8214,suppresses_cannot,-8.660554885864258e-05,8.660554885864258e-05,8.660554885864258e-05,2.24720970436465e-05,0.0,1.0,3.853914499282837
1947,17,12976,suppresses_cannot,-8.657574653625488e-05,8.657574653625488e-05,8.657574653625488e-05,2.315778510819655e-05,0.0,1.0,3.738515615463257
1948,22,2061,suppresses_cannot,-8.657574653625488e-05,8.657574653625488e-05,8.657574653625488e-05,4.2156403651461005e-05,0.0,1.0,2.0536797046661377
1949,18,10439,suppresses_cannot,-8.657574653625488e-05,8.657574653625488e-05,8.657574653625488e-05,3.415011815377511e-05,0.0,1.0,2.5351521968841553
1950,30,12173,suppresses_cannot,-8.653104305267334e-05,8.653104305267334e-05,8.653104305267334e-05,3.541851037880406e-05,0.0,1.0,2.4431023597717285
1951,29,4425,supports_cannot,8.651614189147949e-05,8.651614189147949e-05,8.651614189147949e-05,3.8539012166438624e-05,1.0,1.0,2.2448978424072266
1952,21,104,supports_cannot,8.651614189147949e-05,8.651614189147949e-05,8.651614189147949e-05,5.165053880773485e-05,1.0,1.0,1.6750288009643555
1953,25,4546,suppresses_cannot,-8.650124073028564e-05,8.650124073028564e-05,8.650124073028564e-05,5.442914698505774e-05,0.0,1.0,1.5892448425292969
1954,25,8998,suppresses_cannot,-8.650124073028564e-05,8.650124073028564e-05,8.650124073028564e-05,3.428952186368406e-05,0.0,1.0,2.522672653198242
1955,27,4456,supports_cannot,8.64863395690918e-05,8.64863395690918e-05,8.64863395690918e-05,2.6217338017886505e-05,1.0,1.0,3.2988221645355225
1956,29,4840,suppresses_cannot,-8.644163608551025e-05,8.644163608551025e-05,8.644163608551025e-05,2.0401790607138537e-05,0.0,1.0,4.236962795257568
1957,22,6783,supports_cannot,8.64267349243164e-05,8.64267349243164e-05,8.64267349243164e-05,2.5183402613038197e-05,1.0,1.0,3.4318923950195312
1958,29,8336,suppresses_cannot,-8.64267349243164e-05,8.64267349243164e-05,8.64267349243164e-05,1.1002103747159708e-05,0.0,1.0,7.855473041534424
1959,29,10259,suppresses_cannot,-8.641183376312256e-05,8.641183376312256e-05,8.641183376312256e-05,2.1556141291512176e-05,0.0,1.0,4.0086870193481445
1960,3,2145,supports_cannot,8.638203144073486e-05,8.638203144073486e-05,8.638203144073486e-05,1.6417123333667405e-05,1.0,1.0,5.261702537536621
1961,24,7892,supports_cannot,8.635222911834717e-05,8.635222911834717e-05,8.635222911834717e-05,2.0566771127050743e-05,1.0,1.0,4.198627948760986
1962,16,11873,suppresses_cannot,-8.632242679595947e-05,8.632242679595947e-05,8.632242679595947e-05,5.224935011938214e-05,0.0,1.0,1.6521244049072266
1963,15,749,suppresses_cannot,-8.630752563476562e-05,8.630752563476562e-05,8.630752563476562e-05,5.6477216276107356e-05,0.0,1.0,1.528183102607727
1964,26,5864,supports_cannot,8.627772331237793e-05,8.627772331237793e-05,8.627772331237793e-05,3.17812264256645e-05,1.0,1.0,2.714738607406616
1965,28,1709,supports_cannot,8.624792098999023e-05,8.624792098999023e-05,8.624792098999023e-05,5.317113391356543e-05,1.0,1.0,1.6220816373825073
1966,19,12000,supports_cannot,8.624792098999023e-05,8.624792098999023e-05,9.34600830078125e-05,8.087937749223784e-05,0.75,0.75,1.0663771629333496
1967,30,1700,suppresses_cannot,-8.623301982879639e-05,8.623301982879639e-05,8.623301982879639e-05,2.0694933482445776e-05,0.0,1.0,4.166865825653076
1968,31,12944,suppresses_cannot,-8.623301982879639e-05,8.623301982879639e-05,8.623301982879639e-05,1.4727375855727587e-05,0.0,1.0,5.855287075042725
1969,29,9387,supports_cannot,8.623301982879639e-05,8.623301982879639e-05,8.623301982879639e-05,1.6216154108406045e-05,1.0,1.0,5.317722797393799
1970,20,3253,supports_cannot,8.620321750640869e-05,8.620321750640869e-05,8.620321750640869e-05,1.2537067050288897e-05,1.0,1.0,6.8758673667907715
1971,19,3668,supports_cannot,8.618831634521484e-05,8.618831634521484e-05,8.618831634521484e-05,2.7154577765031718e-05,1.0,1.0,3.1739883422851562
1972,14,6827,suppresses_cannot,-8.6173415184021e-05,8.6173415184021e-05,8.6173415184021e-05,5.5513948609586805e-05,0.0,1.0,1.5522840023040771
1973,16,11581,suppresses_cannot,-8.615851402282715e-05,8.615851402282715e-05,8.615851402282715e-05,4.565565177472308e-05,0.0,1.0,1.88713800907135
1974,17,9064,supports_cannot,8.61436128616333e-05,8.61436128616333e-05,8.61436128616333e-05,2.7522775781108066e-05,1.0,1.0,3.1299026012420654
1975,29,1105,suppresses_cannot,-8.61436128616333e-05,8.61436128616333e-05,8.61436128616333e-05,1.4441823623201344e-05,0.0,1.0,5.964870452880859
1976,21,1600,supports_cannot,8.61436128616333e-05,8.61436128616333e-05,8.61436128616333e-05,1.391282603435684e-05,1.0,1.0,6.191668510437012
1977,26,5725,supports_cannot,8.61138105392456e-05,8.61138105392456e-05,8.61138105392456e-05,2.4157476218533702e-05,1.0,1.0,3.564685344696045
1978,16,2582,suppresses_cannot,-8.606910705566406e-05,8.606910705566406e-05,8.606910705566406e-05,3.0090930522419512e-05,0.0,1.0,2.8603005409240723
1979,15,12571,suppresses_cannot,-8.606910705566406e-05,8.606910705566406e-05,8.606910705566406e-05,5.3447936807060614e-05,0.0,1.0,1.6103354692459106
1980,18,2705,supports_cannot,8.606910705566406e-05,8.606910705566406e-05,8.606910705566406e-05,5.3886538808001205e-05,1.0,1.0,1.5972282886505127
1981,29,7440,suppresses_cannot,-8.605420589447021e-05,8.605420589447021e-05,8.605420589447021e-05,3.156943421345204e-05,0.0,1.0,2.7258710861206055
1982,30,4301,suppresses_cannot,-8.603930473327637e-05,8.603930473327637e-05,8.603930473327637e-05,2.6008823624579236e-05,0.0,1.0,3.3080811500549316
1983,25,12014,suppresses_cannot,-8.603930473327637e-05,8.603930473327637e-05,8.603930473327637e-05,3.416366598685272e-05,0.0,1.0,2.518444776535034
1984,27,2992,supports_cannot,8.603930473327637e-05,8.603930473327637e-05,8.603930473327637e-05,2.2973337763687596e-05,1.0,1.0,3.745180606842041
1985,7,7198,suppresses_cannot,-8.600950241088867e-05,8.600950241088867e-05,8.600950241088867e-05,4.179686220595613e-05,0.0,1.0,2.057798147201538
1986,26,7306,suppresses_cannot,-8.597970008850098e-05,8.597970008850098e-05,8.597970008850098e-05,5.379968206398189e-05,0.0,1.0,1.5981451272964478
1987,17,13707,supports_cannot,8.597970008850098e-05,8.597970008850098e-05,8.597970008850098e-05,4.8369904106948525e-05,1.0,1.0,1.7775453329086304
1988,18,13390,supports_cannot,8.596479892730713e-05,8.596479892730713e-05,8.596479892730713e-05,2.2351994630298577e-05,1.0,1.0,3.8459560871124268
1989,19,12201,supports_cannot,8.590519428253174e-05,8.590519428253174e-05,8.590519428253174e-05,1.2824031728086993e-05,1.0,1.0,6.698766231536865
1990,31,1513,suppresses_cannot,-8.589029312133789e-05,8.589029312133789e-05,8.589029312133789e-05,3.570012268028222e-05,0.0,1.0,2.4058823585510254
1991,18,9013,supports_cannot,8.589029312133789e-05,8.589029312133789e-05,8.589029312133789e-05,1.5382905985461548e-05,1.0,1.0,5.583488941192627
1992,24,5318,supports_cannot,8.589029312133789e-05,8.589029312133789e-05,8.589029312133789e-05,2.5803923563216813e-05,1.0,1.0,3.3285746574401855
1993,16,10696,supports_cannot,8.58604907989502e-05,8.58604907989502e-05,8.58604907989502e-05,3.402116271900013e-05,1.0,1.0,2.523737668991089
1994,27,7144,suppresses_cannot,-8.58008861541748e-05,8.58008861541748e-05,8.58008861541748e-05,2.7821310141007416e-05,0.0,1.0,3.083998680114746
1995,20,11580,supports_cannot,8.58008861541748e-05,8.58008861541748e-05,8.58008861541748e-05,3.658444620668888e-05,1.0,1.0,2.345283269882202
1996,31,4790,suppresses_cannot,-8.58008861541748e-05,8.58008861541748e-05,8.58008861541748e-05,5.494805736816488e-05,0.0,1.0,1.561490774154663
1997,18,1904,suppresses_cannot,-8.578598499298096e-05,8.578598499298096e-05,8.578598499298096e-05,3.643600211944431e-05,0.0,1.0,2.354429244995117
1998,23,7566,suppresses_cannot,-8.578598499298096e-05,8.578598499298096e-05,9.880959987640381e-05,6.595470767933875e-05,0.25,0.75,1.3006802797317505
1999,27,2846,suppresses_cannot,-8.577108383178711e-05,8.577108383178711e-05,8.577108383178711e-05,3.095016654697247e-05,0.0,1.0,2.77126407623291
2000,27,5509,suppresses_cannot,-8.577108383178711e-05,8.577108383178711e-05,8.577108383178711e-05,1.423684079782106e-05,0.0,1.0,6.0245866775512695
2001,0,2605,suppresses_cannot,-8.569657802581787e-05,8.569657802581787e-05,9.88394021987915e-05,6.752585613867268e-05,0.25,0.75,1.2690927982330322
2002,13,11485,supports_cannot,8.547306060791016e-05,8.547306060791016e-05,8.547306060791016e-05,6.990102701820433e-05,1.0,1.0,1.2227725982666016
2003,13,13614,supports_cannot,8.544325828552246e-05,8.544325828552246e-05,8.544325828552246e-05,3.568846295820549e-05,1.0,1.0,2.3941423892974854
2004,12,923,suppresses_cannot,-8.542835712432861e-05,8.542835712432861e-05,9.341537952423096e-05,9.79914257186465e-05,0.25,0.75,0.8717942237854004
2005,11,7066,suppresses_cannot,-8.472800254821777e-05,8.472800254821777e-05,8.472800254821777e-05,8.000345405889675e-05,0.0,1.0,1.0590542554855347
2006,4,1111,supports_cannot,8.471310138702393e-05,8.471310138702393e-05,8.471310138702393e-05,5.8446621551411226e-05,1.0,1.0,1.4494097232818604
2007,4,2027,suppresses_cannot,-8.463859558105469e-05,8.463859558105469e-05,0.00013533234596252441,0.00010985657718265429,0.25,0.75,0.7704463005065918
2008,3,727,suppresses_cannot,-8.428096771240234e-05,8.428096771240234e-05,0.0001234114170074463,9.939006849890575e-05,0.25,0.75,0.8479818105697632
2009,2,10698,suppresses_cannot,-8.414685726165771e-05,8.414685726165771e-05,8.414685726165771e-05,4.246987373335287e-05,0.0,1.0,1.9813305139541626
2010,13,11685,suppresses_cannot,-8.411705493927002e-05,8.411705493927002e-05,8.411705493927002e-05,3.493036638246849e-05,0.0,1.0,2.408135414123535
2011,13,12230,supports_cannot,8.402764797210693e-05,8.402764797210693e-05,8.402764797210693e-05,3.0619747121818364e-05,1.0,1.0,2.7442307472229004
2012,12,6062,suppresses_cannot,-8.371472358703613e-05,8.371472358703613e-05,8.371472358703613e-05,3.272106187068857e-05,0.0,1.0,2.5584354400634766
2013,10,2727,suppresses_cannot,-8.344650268554688e-05,8.344650268554688e-05,0.0001335442066192627,0.00018535451090428978,0.25,0.75,0.4501994848251343
2014,13,7084,supports_cannot,8.32974910736084e-05,8.32974910736084e-05,8.32974910736084e-05,4.104145409655757e-05,1.0,1.0,2.0295939445495605
2015,8,10111,suppresses_cannot,-8.271634578704834e-05,8.271634578704834e-05,8.405745029449463e-05,0.00013830976968165487,0.5,0.5,0.5980513691902161
2016,12,3326,suppresses_cannot,-8.26120376586914e-05,8.26120376586914e-05,8.26120376586914e-05,2.6585843443172053e-05,0.0,1.0,3.1073691844940186
2017,13,13935,suppresses_cannot,-8.241832256317139e-05,8.241832256317139e-05,8.241832256317139e-05,5.319103365764022e-05,0.0,1.0,1.5494776964187622
2018,5,6152,supports_cannot,8.240342140197754e-05,8.240342140197754e-05,9.799003601074219e-05,9.748995944391936e-05,0.75,0.75,0.8452503681182861
2019,13,11924,suppresses_cannot,-8.222460746765137e-05,8.222460746765137e-05,8.222460746765137e-05,9.720538400870282e-06,0.0,1.0,8.458852767944336
2020,2,5684,supports_cannot,8.20457935333252e-05,8.20457935333252e-05,8.293986320495605e-05,0.00014218084106687456,0.75,0.75,0.5770524144172668
2021,13,4078,suppresses_cannot,-8.195638656616211e-05,8.195638656616211e-05,8.195638656616211e-05,2.4006654712138698e-05,0.0,1.0,3.413902521133423
2022,13,4288,suppresses_cannot,-8.116662502288818e-05,8.116662502288818e-05,8.116662502288818e-05,3.038873546756804e-05,0.0,1.0,2.6709442138671875
2023,0,8268,supports_cannot,8.083879947662354e-05,8.083879947662354e-05,8.083879947662354e-05,5.457485167426057e-05,1.0,1.0,1.4812463521957397
2024,4,7053,suppresses_cannot,-8.063018321990967e-05,8.063018321990967e-05,8.063018321990967e-05,2.157928429369349e-05,0.0,1.0,3.736462116241455
2025,8,11939,suppresses_cannot,-8.054077625274658e-05,8.054077625274658e-05,8.054077625274658e-05,5.092866194900125e-05,0.0,1.0,1.581442952156067
2026,12,3275,supports_cannot,8.051097393035889e-05,8.051097393035889e-05,8.051097393035889e-05,2.2869524400448427e-05,1.0,1.0,3.5204477310180664
2027,13,8985,suppresses_cannot,-8.04215669631958e-05,8.04215669631958e-05,8.04215669631958e-05,5.6211862101918086e-05,0.0,1.0,1.4306867122650146
2028,13,10134,supports_cannot,8.018314838409424e-05,8.018314838409424e-05,8.018314838409424e-05,5.6287655752385035e-05,1.0,1.0,1.4245245456695557
2029,12,3941,supports_cannot,7.998943328857422e-05,7.998943328857422e-05,7.998943328857422e-05,4.40246585640125e-05,1.0,1.0,1.8169233798980713
2030,2,9968,supports_cannot,7.963180541992188e-05,7.963180541992188e-05,9.468197822570801e-05,7.932438893476501e-05,0.75,0.75,1.003875494003296
2031,12,179,suppresses_cannot,-7.943809032440186e-05,7.943809032440186e-05,7.943809032440186e-05,8.289158358820714e-06,0.0,1.0,9.58337116241455
2032,2,11898,suppresses_cannot,-7.936358451843262e-05,7.936358451843262e-05,7.936358451843262e-05,3.878280767821707e-05,0.0,1.0,2.0463600158691406
2033,0,13336,supports_cannot,7.933378219604492e-05,7.933378219604492e-05,7.933378219604492e-05,3.222216764697805e-05,1.0,1.0,2.4620871543884277
2034,8,2442,suppresses_cannot,-7.921457290649414e-05,7.921457290649414e-05,8.052587509155273e-05,0.0001387214142596349,0.5,0.5,0.5710334777832031
2035,12,3327,supports_cannot,7.919967174530029e-05,7.919967174530029e-05,9.63360071182251e-05,8.508383325533941e-05,0.75,0.75,0.9308427572250366
2036,11,2613,supports_cannot,7.897615432739258e-05,7.897615432739258e-05,7.897615432739258e-05,6.636298348894343e-05,1.0,1.0,1.1900633573532104
2037,11,7498,suppresses_cannot,-7.860362529754639e-05,7.860362529754639e-05,7.860362529754639e-05,3.3770840673241764e-05,0.0,1.0,2.327558994293213
2038,12,9150,suppresses_cannot,-7.769465446472168e-05,7.769465446472168e-05,7.769465446472168e-05,2.9389095288934186e-05,0.0,1.0,2.643655776977539
2039,11,8989,supports_cannot,7.69197940826416e-05,7.69197940826416e-05,7.69197940826416e-05,5.3189549362286925e-05,1.0,1.0,1.4461448192596436
2040,13,1378,supports_cannot,7.671117782592773e-05,7.671117782592773e-05,7.671117782592773e-05,1.4069789358472917e-05,1.0,1.0,5.452190399169922
2041,13,4219,supports_cannot,7.659196853637695e-05,7.659196853637695e-05,7.659196853637695e-05,3.595276939449832e-05,1.0,1.0,2.130349636077881
2042,13,1502,suppresses_cannot,-7.630884647369385e-05,7.630884647369385e-05,7.630884647369385e-05,1.4484503481071442e-05,0.0,1.0,5.268309116363525
2043,8,14238,supports_cannot,7.604062557220459e-05,7.604062557220459e-05,7.604062557220459e-05,0.0001238173572346568,1.0,1.0,0.6141354441642761
2044,8,7903,supports_cannot,7.572770118713379e-05,7.572770118713379e-05,7.572770118713379e-05,2.778978341666516e-05,1.0,1.0,2.7250192165374756
2045,13,5538,supports_cannot,7.556378841400146e-05,7.556378841400146e-05,7.556378841400146e-05,5.9904527006438e-05,1.0,1.0,1.2614036798477173
2046,13,13608,suppresses_cannot,-7.547438144683838e-05,7.547438144683838e-05,7.547438144683838e-05,1.3397353541222401e-05,0.0,1.0,5.633528709411621
2047,12,3218,suppresses_cannot,-7.545948028564453e-05,7.545948028564453e-05,7.992982864379883e-05,6.172808207338676e-05,0.25,0.75,1.222449779510498
2048,13,5427,suppresses_cannot,-7.520616054534912e-05,7.520616054534912e-05,7.520616054534912e-05,2.1857495084987022e-05,0.0,1.0,3.440748929977417
2049,11,4052,suppresses_cannot,-7.484853267669678e-05,7.484853267669678e-05,7.484853267669678e-05,4.58182257716544e-05,0.0,1.0,1.6335973739624023
2050,13,4759,suppresses_cannot,-7.481873035430908e-05,7.481873035430908e-05,7.481873035430908e-05,3.506117354845628e-05,0.0,1.0,2.13394832611084
2051,13,131,suppresses_cannot,-7.475912570953369e-05,7.475912570953369e-05,7.475912570953369e-05,1.3948912055639084e-05,0.0,1.0,5.359494686126709
2052,12,2485,supports_cannot,7.458031177520752e-05,7.458031177520752e-05,7.458031177520752e-05,4.2304760427214205e-05,1.0,1.0,1.7629295587539673
2053,10,9623,supports_cannot,7.455050945281982e-05,7.455050945281982e-05,7.455050945281982e-05,4.480609277379699e-05,1.0,1.0,1.66384756565094
2054,13,7180,suppresses_cannot,-7.422268390655518e-05,7.422268390655518e-05,7.422268390655518e-05,4.500289651332423e-05,0.0,1.0,1.6492868661880493
2055,11,11845,supports_cannot,7.420778274536133e-05,7.420778274536133e-05,7.420778274536133e-05,4.365532731753774e-05,1.0,1.0,1.6998562812805176
2056,11,10520,suppresses_cannot,-7.377564907073975e-05,7.377564907073975e-05,7.735192775726318e-05,9.825744200497866e-05,0.25,0.75,0.7508403062820435
2057,7,5489,supports_cannot,7.358193397521973e-05,7.358193397521973e-05,7.358193397521973e-05,6.057892824173905e-05,1.0,1.0,1.2146457433700562
2058,0,2762,supports_cannot,7.334351539611816e-05,7.334351539611816e-05,7.334351539611816e-05,2.719770054682158e-05,1.0,1.0,2.6966805458068848
2059,3,11012,supports_cannot,7.329881191253662e-05,7.329881191253662e-05,7.329881191253662e-05,5.22324007761199e-05,1.0,1.0,1.4033207893371582
2060,12,3388,suppresses_cannot,-7.286667823791504e-05,7.286667823791504e-05,7.286667823791504e-05,3.584339719964191e-05,0.0,1.0,2.0329177379608154
2061,12,3740,suppresses_cannot,-7.286667823791504e-05,7.286667823791504e-05,7.286667823791504e-05,6.642174867010908e-06,0.0,1.0,10.97030258178711
2062,12,12701,supports_cannot,7.285177707672119e-05,7.285177707672119e-05,7.285177707672119e-05,3.334344000904821e-05,1.0,1.0,2.1848907470703125
2063,9,7562,supports_cannot,7.27921724319458e-05,7.27921724319458e-05,7.654726505279541e-05,0.00012640263594221324,0.5,0.5,0.5758754014968872
2064,0,8727,supports_cannot,7.273256778717041e-05,7.273256778717041e-05,0.00010250508785247803,7.868598913773894e-05,0.75,0.75,0.9243394732475281
2065,12,10373,suppresses_cannot,-7.267296314239502e-05,7.267296314239502e-05,7.267296314239502e-05,2.7279053028905764e-05,0.0,1.0,2.6640572547912598
2066,12,3237,suppresses_cannot,-7.256865501403809e-05,7.256865501403809e-05,7.256865501403809e-05,1.4132115211396012e-05,0.0,1.0,5.135016918182373
2067,11,9527,suppresses_cannot,-7.256865501403809e-05,7.256865501403809e-05,7.256865501403809e-05,2.8583659513969906e-05,0.0,1.0,2.538815975189209
2068,4,10275,suppresses_cannot,-7.243454456329346e-05,7.243454456329346e-05,0.00011710822582244873,0.00011248771625105292,0.25,0.75,0.6439329385757446
2069,12,6150,supports_cannot,7.221102714538574e-05,7.221102714538574e-05,7.221102714538574e-05,3.925572309526615e-05,1.0,1.0,1.8395031690597534
2070,11,12239,suppresses_cannot,-7.218122482299805e-05,7.218122482299805e-05,8.678436279296875e-05,7.982575334608555e-05,0.25,0.75,0.9042348265647888
2071,10,13540,suppresses_cannot,-7.177889347076416e-05,7.177889347076416e-05,7.177889347076416e-05,2.8624021069845185e-05,0.0,1.0,2.5076451301574707
2072,4,6798,suppresses_cannot,-7.170438766479492e-05,7.170438766479492e-05,7.775425910949707e-05,0.00010707744513638318,0.25,0.75,0.6696497797966003
2073,4,11701,suppresses_cannot,-7.157027721405029e-05,7.157027721405029e-05,7.157027721405029e-05,2.9199140044511296e-05,0.0,1.0,2.451108932495117
2074,10,8892,supports_cannot,7.15106725692749e-05,7.15106725692749e-05,7.15106725692749e-05,1.57296635734383e-05,1.0,1.0,4.546229839324951
2075,12,7206,supports_cannot,7.149577140808105e-05,7.149577140808105e-05,7.149577140808105e-05,2.4098582798615098e-05,1.0,1.0,2.966803789138794
2076,2,14246,supports_cannot,7.133185863494873e-05,7.133185863494873e-05,7.133185863494873e-05,3.749879033421166e-05,1.0,1.0,1.902244210243225
2077,10,1009,suppresses_cannot,-7.131695747375488e-05,7.131695747375488e-05,7.131695747375488e-05,1.2688546121353284e-05,0.0,1.0,5.620577335357666
2078,0,6337,suppresses_cannot,-7.094442844390869e-05,7.094442844390869e-05,7.094442844390869e-05,3.90377281291876e-05,0.0,1.0,1.8173298835754395
2079,8,12139,supports_cannot,7.02887773513794e-05,7.02887773513794e-05,7.02887773513794e-05,0.00011500037362566218,1.0,1.0,0.6112048029899597
2080,11,9513,suppresses_cannot,-7.016956806182861e-05,7.016956806182861e-05,7.016956806182861e-05,2.9630893550347537e-05,0.0,1.0,2.368121862411499
2081,12,12812,suppresses_cannot,-6.988644599914551e-05,6.988644599914551e-05,6.988644599914551e-05,4.632338459487073e-05,0.0,1.0,1.5086644887924194
2082,3,3214,supports_cannot,6.982684135437012e-05,6.982684135437012e-05,6.982684135437012e-05,5.062232230557129e-05,1.0,1.0,1.379368543624878
2083,12,14039,suppresses_cannot,-6.973743438720703e-05,6.973743438720703e-05,6.973743438720703e-05,3.585743252187967e-05,0.0,1.0,1.9448529481887817
2084,12,9442,suppresses_cannot,-6.946921348571777e-05,6.946921348571777e-05,6.946921348571777e-05,7.20483367331326e-05,0.0,1.0,0.964202880859375
2085,2,5499,suppresses_cannot,-6.943941116333008e-05,6.943941116333008e-05,6.943941116333008e-05,3.415268292883411e-05,0.0,1.0,2.033205270767212
2086,11,3677,suppresses_cannot,-6.937980651855469e-05,6.937980651855469e-05,6.937980651855469e-05,1.698685264273081e-05,0.0,1.0,4.084323406219482
2087,9,11959,supports_cannot,6.935000419616699e-05,6.935000419616699e-05,6.935000419616699e-05,2.6851363145397045e-05,1.0,1.0,2.5827367305755615
2088,9,5195,suppresses_cannot,-6.902217864990234e-05,6.902217864990234e-05,6.902217864990234e-05,0.00011462057591415942,0.0,1.0,0.6021796464920044
2089,8,4143,suppresses_cannot,-6.896257400512695e-05,6.896257400512695e-05,6.896257400512695e-05,2.0417570340214297e-05,0.0,1.0,3.3776090145111084
2090,7,5733,supports_cannot,6.893277168273926e-05,6.893277168273926e-05,6.893277168273926e-05,8.228937076637521e-05,1.0,1.0,0.8376874327659607
2091,10,13152,suppresses_cannot,-6.885826587677002e-05,6.885826587677002e-05,6.885826587677002e-05,2.4635523004690185e-05,0.0,1.0,2.7950801849365234
2092,0,11346,supports_cannot,6.885826587677002e-05,6.885826587677002e-05,6.921589374542236e-05,0.00011854552576551214,0.75,0.75,0.5808592438697815
2093,3,749,supports_cannot,6.86347484588623e-05,6.86347484588623e-05,6.86347484588623e-05,3.580296106520109e-05,1.0,1.0,1.917013168334961
2094,11,2765,suppresses_cannot,-6.851553916931152e-05,6.851553916931152e-05,6.851553916931152e-05,1.397042433382012e-05,0.0,1.0,4.904327392578125
2095,5,3155,suppresses_cannot,-6.83814287185669e-05,6.83814287185669e-05,6.89476728439331e-05,9.972172119887546e-05,0.25,0.75,0.6857225298881531
2096,4,3869,suppresses_cannot,-6.781518459320068e-05,6.781518459320068e-05,6.781518459320068e-05,3.405677489354275e-05,0.0,1.0,1.9912391901016235
2097,12,10813,supports_cannot,6.777048110961914e-05,6.777048110961914e-05,7.030367851257324e-05,5.33880120201502e-05,0.75,0.75,1.269395112991333
2098,12,6137,suppresses_cannot,-6.759166717529297e-05,6.759166717529297e-05,8.249282836914062e-05,7.831341645214707e-05,0.25,0.75,0.863091766834259
2099,11,2824,suppresses_cannot,-6.73830509185791e-05,6.73830509185791e-05,6.73830509185791e-05,3.600827403715812e-05,0.0,1.0,1.8713213205337524
2100,11,3394,suppresses_cannot,-6.727874279022217e-05,6.727874279022217e-05,9.302794933319092e-05,7.485046808142215e-05,0.25,0.75,0.8988419771194458
2101,7,222,supports_cannot,6.726384162902832e-05,6.726384162902832e-05,6.756186485290527e-05,0.00011396506306482479,0.75,0.75,0.5902145504951477
2102,3,5299,supports_cannot,6.665289402008057e-05,6.665289402008057e-05,6.665289402008057e-05,2.1602525521302596e-05,1.0,1.0,3.085421085357666
2103,12,999,supports_cannot,6.654858589172363e-05,6.654858589172363e-05,7.194280624389648e-05,5.7935230870498344e-05,0.75,0.75,1.148672103881836
2104,4,11986,suppresses_cannot,-6.6414475440979e-05,6.6414475440979e-05,6.859004497528076e-05,0.00011421718227211386,0.25,0.75,0.5814753174781799
2105,3,6399,suppresses_cannot,-6.638467311859131e-05,6.638467311859131e-05,6.760656833648682e-05,0.00011639332660706714,0.75,0.75,0.570347785949707
2106,10,7028,suppresses_cannot,-6.623566150665283e-05,6.623566150665283e-05,8.435547351837158e-05,8.736383460927755e-05,0.25,0.75,0.758158802986145
2107,12,2565,suppresses_cannot,-6.61015510559082e-05,6.61015510559082e-05,6.61015510559082e-05,2.5065755835385062e-05,0.0,1.0,2.6371254920959473
2108,5,5270,supports_cannot,6.584823131561279e-05,6.584823131561279e-05,6.584823131561279e-05,2.5887546144076623e-05,1.0,1.0,2.543625593185425
2109,11,3653,supports_cannot,6.583333015441895e-05,6.583333015441895e-05,7.334351539611816e-05,0.00010051553545054048,0.75,0.75,0.6549567580223083
2110,12,6262,supports_cannot,6.57886266708374e-05,6.57886266708374e-05,6.57886266708374e-05,4.2281131754862145e-05,1.0,1.0,1.5559806823730469
2111,1,12638,suppresses_cannot,-6.535649299621582e-05,6.535649299621582e-05,6.535649299621582e-05,3.111169644398615e-05,0.0,1.0,2.1007049083709717
2112,1,11427,suppresses_cannot,-6.51329755783081e-05,6.51329755783081e-05,6.51627779006958e-05,0.00011174823885085061,0.25,0.75,0.5828546285629272
2113,7,9247,supports_cannot,6.48200511932373e-05,6.48200511932373e-05,6.48200511932373e-05,5.591323133558035e-05,1.0,1.0,1.159297227859497
2114,5,3741,suppresses_cannot,-6.473064422607422e-05,6.473064422607422e-05,6.473064422607422e-05,7.67778474255465e-05,0.0,1.0,0.8430901169776917
2115,11,12723,supports_cannot,6.468594074249268e-05,6.468594074249268e-05,6.468594074249268e-05,6.481836317107081e-05,1.0,1.0,0.9979570508003235
2116,11,7150,supports_cannot,6.45369291305542e-05,6.45369291305542e-05,6.45369291305542e-05,2.636221870488953e-05,1.0,1.0,2.4480838775634766
2117,5,9142,supports_cannot,6.431341171264648e-05,6.431341171264648e-05,6.431341171264648e-05,9.782459528651088e-05,1.0,1.0,0.6574360132217407
2118,4,2119,supports_cannot,6.413459777832031e-05,6.413459777832031e-05,6.413459777832031e-05,2.4206494344980456e-05,1.0,1.0,2.6494786739349365
2119,6,10980,supports_cannot,6.400048732757568e-05,6.400048732757568e-05,6.400048732757568e-05,2.2767546397517435e-05,1.0,1.0,2.811039924621582
2120,6,7790,supports_cannot,6.383657455444336e-05,6.383657455444336e-05,6.383657455444336e-05,8.029754826566204e-05,1.0,1.0,0.7950003147125244
2121,7,14192,supports_cannot,6.383657455444336e-05,6.383657455444336e-05,0.00010782480239868164,0.0001635267835808918,0.25,0.75,0.3903738260269165
2122,4,3655,suppresses_cannot,-6.35683536529541e-05,6.35683536529541e-05,6.48796558380127e-05,0.00011127676407340914,0.5,0.5,0.5712634921073914
2123,6,6574,supports_cannot,6.338953971862793e-05,6.338953971862793e-05,8.293986320495605e-05,8.938275277614594e-05,0.5,0.5,0.7091920971870422
2124,8,3133,suppresses_cannot,-6.306171417236328e-05,6.306171417236328e-05,6.306171417236328e-05,1.9356693883310072e-05,0.0,1.0,3.257875919342041
2125,8,4392,suppresses_cannot,-6.26295804977417e-05,6.26295804977417e-05,7.076561450958252e-05,0.00011790826101787388,0.75,0.75,0.5311720967292786
2126,11,8208,suppresses_cannot,-6.22868537902832e-05,6.22868537902832e-05,9.298324584960938e-05,0.00012900499859824777,0.25,0.75,0.4828251302242279
2127,4,419,suppresses_cannot,-6.20037317276001e-05,6.20037317276001e-05,6.218254566192627e-05,0.00010235499212285504,0.25,0.75,0.6057714223861694
2128,8,5144,supports_cannot,6.176531314849854e-05,6.176531314849854e-05,6.176531314849854e-05,7.15241621946916e-05,1.0,1.0,0.8635587096214294
2129,11,11927,supports_cannot,6.139278411865234e-05,6.139278411865234e-05,6.139278411865234e-05,3.406935866223648e-05,1.0,1.0,1.8019940853118896
2130,5,10795,supports_cannot,6.136298179626465e-05,6.136298179626465e-05,6.136298179626465e-05,3.193197335349396e-05,1.0,1.0,1.9216783046722412
2131,8,11354,supports_cannot,6.125867366790771e-05,6.125867366790771e-05,6.432831287384033e-05,9.349670290248469e-05,0.75,0.75,0.6551960706710815
2132,2,1601,supports_cannot,6.10649585723877e-05,6.10649585723877e-05,6.10649585723877e-05,5.588844578596763e-05,1.0,1.0,1.0926222801208496
2133,10,9322,supports_cannot,6.0498714447021484e-05,6.0498714447021484e-05,6.747245788574219e-05,4.87290853925515e-05,0.75,0.75,1.2415319681167603
2134,2,138,supports_cannot,6.034970283508301e-05,6.034970283508301e-05,6.034970283508301e-05,3.7237248761812225e-05,1.0,1.0,1.6206810474395752
2135,11,11553,supports_cannot,6.034970283508301e-05,6.034970283508301e-05,6.034970283508301e-05,2.4231194402091205e-05,1.0,1.0,2.4905786514282227
2136,1,4798,suppresses_cannot,-6.020069122314453e-05,6.020069122314453e-05,6.020069122314453e-05,1.5393585272249766e-05,0.0,1.0,3.910764217376709
2137,5,13418,supports_cannot,5.994737148284912e-05,5.994737148284912e-05,5.994737148284912e-05,2.4704108000150882e-05,1.0,1.0,2.4266152381896973
2138,4,3517,supports_cannot,5.982816219329834e-05,5.982816219329834e-05,6.793439388275146e-05,4.5517863327404484e-05,0.75,0.75,1.314388632774353
2139,7,4661,suppresses_cannot,-5.9798359870910645e-05,5.9798359870910645e-05,5.9798359870910645e-05,3.037973328900989e-05,0.0,1.0,1.9683634042739868
2140,11,10096,supports_cannot,5.97536563873291e-05,5.97536563873291e-05,0.00015035271644592285,0.00018326919234823436,0.5,0.5,0.32604309916496277
2141,11,1797,suppresses_cannot,-5.957484245300293e-05,5.957484245300293e-05,5.957484245300293e-05,4.001368870376609e-05,0.0,1.0,1.4888615608215332
2142,9,6889,suppresses_cannot,-5.9410929679870605e-05,5.9410929679870605e-05,7.160007953643799e-05,9.703609975986183e-05,0.5,0.5,0.6122559309005737
2143,6,5517,supports_cannot,5.893409252166748e-05,5.893409252166748e-05,5.893409252166748e-05,2.3334909201366827e-05,1.0,1.0,2.525576114654541
2144,10,7078,supports_cannot,5.8904290199279785e-05,5.8904290199279785e-05,5.8904290199279785e-05,2.378536737523973e-05,1.0,1.0,2.4764926433563232
2145,10,12506,suppresses_cannot,-5.882978439331055e-05,5.882978439331055e-05,5.882978439331055e-05,3.404353992664255e-05,0.0,1.0,1.7280747890472412
2146,6,8149,suppresses_cannot,-5.874037742614746e-05,5.874037742614746e-05,5.874037742614746e-05,9.833546755544376e-06,0.0,1.0,5.9734673500061035
2147,9,815,supports_cannot,5.862116813659668e-05,5.862116813659668e-05,5.91278076171875e-05,7.405268115689978e-05,0.75,0.75,0.7916144132614136
2148,2,8645,suppresses_cannot,-5.8531761169433594e-05,5.8531761169433594e-05,6.133317947387695e-05,9.883956226985902e-05,0.5,0.5,0.592189610004425
2149,0,491,supports_cannot,5.835294723510742e-05,5.835294723510742e-05,8.577108383178711e-05,7.343537436099723e-05,0.75,0.75,0.7946163415908813
2150,11,6452,supports_cannot,5.765259265899658e-05,5.765259265899658e-05,5.765259265899658e-05,1.7426913473173045e-05,1.0,1.0,3.3082499504089355
2151,9,7202,suppresses_cannot,-5.714595317840576e-05,5.714595317840576e-05,5.714595317840576e-05,2.4780962121440098e-05,0.0,1.0,2.306042432785034
2152,0,10390,supports_cannot,5.7116150856018066e-05,5.7116150856018066e-05,5.7116150856018066e-05,2.686799234652426e-05,1.0,1.0,2.1258063316345215
2153,5,8869,suppresses_cannot,-5.6937336921691895e-05,5.6937336921691895e-05,5.6937336921691895e-05,9.12295508896932e-05,0.0,1.0,0.6241106986999512
2154,10,7206,suppresses_cannot,-5.692243576049805e-05,5.692243576049805e-05,5.692243576049805e-05,2.5487974198767915e-05,0.0,1.0,2.2333054542541504
2155,11,8492,supports_cannot,5.681812763214111e-05,5.681812763214111e-05,5.681812763214111e-05,2.2262409402173944e-05,1.0,1.0,2.5522000789642334
2156,7,13458,suppresses_cannot,-5.650520324707031e-05,5.650520324707031e-05,5.650520324707031e-05,1.8370321413385682e-05,0.0,1.0,3.0758960247039795
2157,11,3432,supports_cannot,5.647540092468262e-05,5.647540092468262e-05,5.647540092468262e-05,3.809204281424172e-05,1.0,1.0,1.482603669166565
2158,7,8766,supports_cannot,5.644559860229492e-05,5.644559860229492e-05,5.78761100769043e-05,9.744053386384621e-05,0.75,0.75,0.5792825222015381
2159,1,88,supports_cannot,5.6415796279907227e-05,5.6415796279907227e-05,5.6415796279907227e-05,9.331743967777584e-06,1.0,1.0,6.045578479766846
2160,8,11879,supports_cannot,5.5909156799316406e-05,5.5909156799316406e-05,5.7578086853027344e-05,9.386996680404991e-05,0.75,0.75,0.5956021547317505
2161,11,415,suppresses_cannot,-5.561113357543945e-05,5.561113357543945e-05,5.561113357543945e-05,6.57527707517147e-05,0.0,1.0,0.8457610607147217
2162,11,1244,suppresses_cannot,-5.555152893066406e-05,5.555152893066406e-05,5.555152893066406e-05,4.5697153836954385e-05,0.0,1.0,1.2156453132629395
2163,0,2612,suppresses_cannot,-5.5536627769470215e-05,5.5536627769470215e-05,7.687509059906006e-05,8.296919986605644e-05,0.25,0.75,0.6693643927574158
2164,0,11579,supports_cannot,5.549192428588867e-05,5.549192428588867e-05,7.62939453125e-05,9.348586900159717e-05,0.75,0.75,0.5935862064361572
2165,4,2577,suppresses_cannot,-5.543231964111328e-05,5.543231964111328e-05,5.543231964111328e-05,1.0415133147034794e-05,0.0,1.0,5.3222856521606445
2166,8,14144,supports_cannot,5.5089592933654785e-05,5.5089592933654785e-05,5.5089592933654785e-05,1.358301960863173e-05,1.0,1.0,4.055768966674805
2167,3,1072,suppresses_cannot,-5.50001859664917e-05,5.50001859664917e-05,6.683170795440674e-05,4.707737753051333e-05,0.25,0.75,1.1682933568954468
2168,9,9571,suppresses_cannot,-5.50001859664917e-05,5.50001859664917e-05,0.0001096874475479126,0.0001213815703522414,0.25,0.75,0.45311808586120605
2169,7,9629,supports_cannot,5.4955482482910156e-05,5.4955482482910156e-05,5.4955482482910156e-05,2.7288871933706105e-05,1.0,1.0,2.0138421058654785
2170,6,12543,supports_cannot,5.4895877838134766e-05,5.4895877838134766e-05,5.9664249420166016e-05,5.370499275159091e-05,0.75,0.75,1.022174596786499
2171,10,6985,suppresses_cannot,-5.4508447647094727e-05,5.4508447647094727e-05,5.4508447647094727e-05,1.1345059647283051e-05,0.0,1.0,4.8045973777771
2172,5,13861,supports_cannot,5.4076313972473145e-05,5.4076313972473145e-05,7.440149784088135e-05,7.263920269906521e-05,0.75,0.75,0.7444508075714111
2173,7,8496,supports_cannot,5.395710468292236e-05,5.395710468292236e-05,5.395710468292236e-05,2.339861384825781e-05,1.0,1.0,2.3059957027435303
2174,9,2365,supports_cannot,5.380809307098389e-05,5.380809307098389e-05,5.380809307098389e-05,3.1465166102861986e-05,1.0,1.0,1.7100845575332642
2175,10,10415,suppresses_cannot,-5.353987216949463e-05,5.353987216949463e-05,5.353987216949463e-05,1.603965210961178e-05,0.0,1.0,3.3379693031311035
2176,1,8061,suppresses_cannot,-5.348026752471924e-05,5.348026752471924e-05,6.879866123199463e-05,7.233378710225224e-05,0.25,0.75,0.7393538951873779
2177,10,6822,suppresses_cannot,-5.342066287994385e-05,5.342066287994385e-05,5.8785080909729004e-05,6.525280332425609e-05,0.25,0.75,0.8186722993850708
2178,1,11930,supports_cannot,5.3256750106811523e-05,5.3256750106811523e-05,5.3256750106811523e-05,2.8792204830097035e-05,1.0,1.0,1.8496932983398438
2179,7,11354,supports_cannot,5.3182244300842285e-05,5.3182244300842285e-05,5.3182244300842285e-05,7.513925083912909e-05,1.0,1.0,0.7077824473381042
2180,3,6390,suppresses_cannot,-5.30928373336792e-05,5.30928373336792e-05,0.00019840896129608154,0.00020388010307215154,0.25,0.75,0.2604120671749115
2181,11,3343,supports_cannot,5.297362804412842e-05,5.297362804412842e-05,5.297362804412842e-05,5.448789306683466e-05,1.0,1.0,0.9722091555595398
2182,1,2341,suppresses_cannot,-5.294382572174072e-05,5.294382572174072e-05,5.294382572174072e-05,2.1865376766072586e-05,0.0,1.0,2.421354293823242
2183,5,14076,suppresses_cannot,-5.2809715270996094e-05,5.2809715270996094e-05,5.760788917541504e-05,9.449850767850876e-05,0.25,0.75,0.5588417649269104
2184,7,3401,supports_cannot,5.2794814109802246e-05,5.2794814109802246e-05,5.6877732276916504e-05,9.121328184846789e-05,0.75,0.75,0.5788062214851379
2185,10,43,supports_cannot,5.27501106262207e-05,5.27501106262207e-05,5.27501106262207e-05,5.570534631260671e-05,1.0,1.0,0.946948766708374
2186,6,11965,suppresses_cannot,-5.27501106262207e-05,5.27501106262207e-05,5.27501106262207e-05,3.4794538805726916e-05,0.0,1.0,1.5160456895828247
2187,6,12790,suppresses_cannot,-5.270540714263916e-05,5.270540714263916e-05,5.270540714263916e-05,9.656447218731046e-06,0.0,1.0,5.458053112030029
2188,4,5852,suppresses_cannot,-5.251169204711914e-05,5.251169204711914e-05,5.704164505004883e-05,9.301662066718563e-05,0.25,0.75,0.5645409822463989
2189,11,9716,suppresses_cannot,-5.249679088592529e-05,5.249679088592529e-05,5.249679088592529e-05,2.2394433472072706e-05,0.0,1.0,2.344189167022705
2190,11,7504,suppresses_cannot,-5.2481889724731445e-05,5.2481889724731445e-05,6.213784217834473e-05,6.272423343034461e-05,0.5,0.5,0.8367083668708801
2191,4,9185,supports_cannot,5.2362680435180664e-05,5.2362680435180664e-05,5.2362680435180664e-05,2.42835176322842e-05,1.0,1.0,2.1563053131103516
2192,10,2188,suppresses_cannot,-5.227327346801758e-05,5.227327346801758e-05,5.227327346801758e-05,8.019870620046277e-06,0.0,1.0,6.517969131469727
2193,11,2049,supports_cannot,5.219876766204834e-05,5.219876766204834e-05,5.219876766204834e-05,2.3024040274322033e-05,1.0,1.0,2.267141819000244
2194,10,650,supports_cannot,5.218386650085449e-05,5.218386650085449e-05,5.218386650085449e-05,1.7002819731715135e-05,1.0,1.0,3.069129705429077
2195,9,8877,supports_cannot,5.2094459533691406e-05,5.2094459533691406e-05,5.2094459533691406e-05,4.514368265517987e-05,1.0,1.0,1.1539701223373413
2196,9,2142,suppresses_cannot,-5.200505256652832e-05,5.200505256652832e-05,5.200505256652832e-05,2.932104871433694e-05,0.0,1.0,1.7736421823501587
2197,9,7629,suppresses_cannot,-5.200505256652832e-05,5.200505256652832e-05,5.200505256652832e-05,1.8050344806397334e-05,0.0,1.0,2.881110906600952
2198,5,7077,suppresses_cannot,-5.196034908294678e-05,5.196034908294678e-05,5.2347779273986816e-05,5.020431490265764e-05,0.25,0.75,1.0349777936935425
2199,10,1174,supports_cannot,5.1915645599365234e-05,5.1915645599365234e-05,5.1915645599365234e-05,1.6873325876076706e-05,1.0,1.0,3.0767877101898193
2200,6,5680,suppresses_cannot,-5.190074443817139e-05,5.190074443817139e-05,5.2556395530700684e-05,8.671592513564974e-05,0.25,0.75,0.5985145568847656
2201,11,8612,suppresses_cannot,-5.18113374710083e-05,5.18113374710083e-05,5.18113374710083e-05,1.956537198566366e-05,0.0,1.0,2.648113965988159
2202,4,332,supports_cannot,5.173683166503906e-05,5.173683166503906e-05,5.173683166503906e-05,7.551632006652653e-05,1.0,1.0,0.685107946395874
2203,11,4114,suppresses_cannot,-5.1587820053100586e-05,5.1587820053100586e-05,5.1587820053100586e-05,3.1894513085717335e-05,0.0,1.0,1.6174511909484863
2204,4,9067,supports_cannot,5.1528215408325195e-05,5.1528215408325195e-05,5.1528215408325195e-05,4.711426663561724e-05,1.0,1.0,1.0936859846115112
2205,6,3888,suppresses_cannot,-5.1468610763549805e-05,5.1468610763549805e-05,7.084012031555176e-05,5.31532677996438e-05,0.25,0.75,0.9683056473731995
2206,9,10599,supports_cannot,5.1215291023254395e-05,5.1215291023254395e-05,5.6043267250061035e-05,8.46697948873043e-05,0.75,0.75,0.6048826575279236
2207,11,11133,suppresses_cannot,-5.1155686378479004e-05,5.1155686378479004e-05,5.2168965339660645e-05,4.568026997731067e-05,0.25,0.75,1.1198638677597046
2208,11,7903,supports_cannot,5.111098289489746e-05,5.111098289489746e-05,5.111098289489746e-05,3.2940115488599986e-05,1.0,1.0,1.551633358001709
2209,10,5449,suppresses_cannot,-5.1021575927734375e-05,5.1021575927734375e-05,5.1021575927734375e-05,3.399158231331967e-05,0.0,1.0,1.5010062456130981
2210,11,7948,suppresses_cannot,-5.0961971282958984e-05,5.0961971282958984e-05,5.0961971282958984e-05,1.153245921159396e-05,0.0,1.0,4.419002532958984
2211,9,3459,suppresses_cannot,-5.078315734863281e-05,5.078315734863281e-05,5.078315734863281e-05,2.3387627152260393e-05,0.0,1.0,2.171368360519409
2212,11,3328,supports_cannot,5.0693750381469727e-05,5.0693750381469727e-05,5.0693750381469727e-05,2.1278838175931014e-05,1.0,1.0,2.382354974746704
2213,2,2214,suppresses_cannot,-5.05596399307251e-05,5.05596399307251e-05,5.1602721214294434e-05,8.836647612042725e-05,0.5,0.5,0.5721586346626282
2214,11,10499,supports_cannot,5.050003528594971e-05,5.050003528594971e-05,5.050003528594971e-05,4.946893568558153e-06,1.0,1.0,10.2084321975708
2215,10,3769,suppresses_cannot,-5.048513412475586e-05,5.048513412475586e-05,5.048513412475586e-05,2.425154707452748e-05,0.0,1.0,2.081728219985962
2216,11,976,supports_cannot,5.042552947998047e-05,5.042552947998047e-05,5.042552947998047e-05,5.1863218686776236e-05,1.0,1.0,0.9722791910171509
2217,7,12988,supports_cannot,5.0187110900878906e-05,5.0187110900878906e-05,5.0514936447143555e-05,7.653808279428631e-05,0.75,0.75,0.655714213848114
2218,5,1411,supports_cannot,5.011260509490967e-05,5.011260509490967e-05,5.023181438446045e-05,8.295469160657376e-05,0.75,0.75,0.6040961146354675
2219,9,4402,suppresses_cannot,-4.999339580535889e-05,4.999339580535889e-05,4.999339580535889e-05,3.85117600671947e-05,0.0,1.0,1.2981332540512085
2220,11,6404,suppresses_cannot,-4.9501657485961914e-05,4.9501657485961914e-05,4.9501657485961914e-05,2.74165013252059e-05,0.0,1.0,1.8055423498153687
2221,6,4125,supports_cannot,4.933774471282959e-05,4.933774471282959e-05,4.933774471282959e-05,2.7768548534368165e-05,1.0,1.0,1.7767490148544312
2222,11,3600,supports_cannot,4.929304122924805e-05,4.929304122924805e-05,4.929304122924805e-05,2.7388739908928983e-05,1.0,1.0,1.799755573272705
2223,9,2069,supports_cannot,4.926323890686035e-05,4.926323890686035e-05,4.926323890686035e-05,8.264456846518442e-05,1.0,1.0,0.5960856080055237
2224,0,309,suppresses_cannot,-4.9114227294921875e-05,4.9114227294921875e-05,4.9114227294921875e-05,8.47235514811473e-06,0.0,1.0,5.796997547149658
2225,9,7463,supports_cannot,4.909932613372803e-05,4.909932613372803e-05,4.909932613372803e-05,1.2599326510098763e-05,1.0,1.0,3.896980047225952
2226,7,9523,suppresses_cannot,-4.906952381134033e-05,4.906952381134033e-05,4.906952381134033e-05,2.1623813154292293e-05,0.0,1.0,2.269235372543335
2227,3,5530,supports_cannot,4.8995018005371094e-05,4.8995018005371094e-05,4.8995018005371094e-05,2.645429049152881e-05,1.0,1.0,1.8520630598068237
2228,0,5163,supports_cannot,4.86224889755249e-05,4.86224889755249e-05,4.86224889755249e-05,2.828095603035763e-05,1.0,1.0,1.7192659378051758
2229,10,6050,supports_cannot,4.8547983169555664e-05,4.8547983169555664e-05,4.8547983169555664e-05,3.504541382426396e-05,1.0,1.0,1.3852877616882324
2230,6,6352,supports_cannot,4.83393669128418e-05,4.83393669128418e-05,4.83393669128418e-05,1.5324132618843578e-05,1.0,1.0,3.1544599533081055
2231,2,5502,suppresses_cannot,-4.83095645904541e-05,4.83095645904541e-05,4.83095645904541e-05,1.640202935959678e-05,0.0,1.0,2.945340394973755
2232,1,8823,supports_cannot,4.8294663429260254e-05,4.8294663429260254e-05,4.8294663429260254e-05,3.2942429243121296e-05,1.0,1.0,1.4660322666168213
2233,10,12591,suppresses_cannot,-4.8294663429260254e-05,4.8294663429260254e-05,6.748735904693604e-05,8.547659672331065e-05,0.25,0.75,0.5650045275688171
2234,10,10752,supports_cannot,4.808604717254639e-05,4.808604717254639e-05,4.808604717254639e-05,4.1691506339702755e-05,1.0,1.0,1.1533775329589844
2235,9,616,supports_cannot,4.807114601135254e-05,4.807114601135254e-05,4.807114601135254e-05,3.671100421342999e-05,1.0,1.0,1.3094478845596313
2236,10,4263,suppresses_cannot,-4.798173904418945e-05,4.798173904418945e-05,4.798173904418945e-05,6.9557622737193014e-06,0.0,1.0,6.89812707901001
2237,5,12767,suppresses_cannot,-4.798173904418945e-05,4.798173904418945e-05,4.798173904418945e-05,3.464896508376114e-05,0.0,1.0,1.3847957849502563
2238,0,11979,suppresses_cannot,-4.7966837882995605e-05,4.7966837882995605e-05,4.7966837882995605e-05,6.730443419655785e-05,0.0,1.0,0.712684690952301
2239,4,12384,suppresses_cannot,-4.7579407691955566e-05,4.7579407691955566e-05,5.1602721214294434e-05,7.605292921653017e-05,0.25,0.75,0.6256091594696045
2240,3,6864,suppresses_cannot,-4.754960536956787e-05,4.754960536956787e-05,4.754960536956787e-05,5.5240316214622e-06,0.0,1.0,8.607770919799805
2241,9,161,supports_cannot,4.743039608001709e-05,4.743039608001709e-05,4.743039608001709e-05,4.513987369136885e-05,1.0,1.0,1.050742745399475
2242,7,4026,supports_cannot,4.738569259643555e-05,4.738569259643555e-05,5.6177377700805664e-05,6.0928323364350945e-05,0.75,0.75,0.7777284979820251
2243,10,1918,supports_cannot,4.735589027404785e-05,4.735589027404785e-05,9.903311729431152e-05,0.00014296606241259724,0.25,0.75,0.33123868703842163
2244,10,1483,supports_cannot,4.728138446807861e-05,4.728138446807861e-05,4.728138446807861e-05,2.8692234991467558e-05,1.0,1.0,1.6478807926177979
2245,2,4190,suppresses_cannot,-4.7266483306884766e-05,4.7266483306884766e-05,4.7266483306884766e-05,1.7813414160627872e-05,0.0,1.0,2.6534204483032227
2246,5,12485,suppresses_cannot,-4.723668098449707e-05,4.723668098449707e-05,4.723668098449707e-05,1.77593083208194e-05,0.0,1.0,2.6598262786865234
2247,5,8473,suppresses_cannot,-4.719197750091553e-05,4.719197750091553e-05,5.2168965339660645e-05,8.149076165864244e-05,0.5,0.5,0.5791082978248596
2248,9,12986,suppresses_cannot,-4.696846008300781e-05,4.696846008300781e-05,4.696846008300781e-05,3.169664341839962e-05,0.0,1.0,1.481811761856079
2249,4,7502,suppresses_cannot,-4.6893954277038574e-05,4.6893954277038574e-05,4.743039608001709e-05,7.942060619825497e-05,0.25,0.75,0.5904507040977478
2250,10,1082,suppresses_cannot,-4.6834349632263184e-05,4.6834349632263184e-05,4.6834349632263184e-05,2.7147229047841392e-05,0.0,1.0,1.7251980304718018
2251,5,8965,suppresses_cannot,-4.6819448471069336e-05,4.6819448471069336e-05,4.8100948333740234e-05,5.3462485084310174e-05,0.25,0.75,0.8757439851760864
2252,2,13353,suppresses_cannot,-4.6625733375549316e-05,4.6625733375549316e-05,4.6625733375549316e-05,1.7195519831147976e-05,0.0,1.0,2.7115044593811035
2253,4,2104,supports_cannot,4.649162292480469e-05,4.649162292480469e-05,4.649162292480469e-05,7.574963819934055e-05,1.0,1.0,0.6137537360191345
2254,8,1854,suppresses_cannot,-4.634261131286621e-05,4.634261131286621e-05,4.634261131286621e-05,2.5992598239099607e-05,0.0,1.0,1.7829155921936035
2255,0,1698,supports_cannot,4.620850086212158e-05,4.620850086212158e-05,4.620850086212158e-05,3.502741310512647e-05,1.0,1.0,1.3192095756530762
2256,7,11225,supports_cannot,4.6133995056152344e-05,4.6133995056152344e-05,4.842877388000488e-05,2.9779961550957523e-05,0.75,0.75,1.5491622686386108
2257,4,4988,suppresses_cannot,-4.598498344421387e-05,4.598498344421387e-05,4.598498344421387e-05,1.5762780094519258e-05,0.0,1.0,2.917314052581787
2258,3,9762,suppresses_cannot,-4.5925378799438477e-05,4.5925378799438477e-05,4.5925378799438477e-05,3.2292573450831696e-06,0.0,1.0,14.221649169921875
2259,6,12140,suppresses_cannot,-4.589557647705078e-05,4.589557647705078e-05,4.598498344421387e-05,2.838514410541393e-05,0.25,0.75,1.616887092590332
2260,10,853,supports_cannot,4.558265209197998e-05,4.558265209197998e-05,0.00010694563388824463,0.00011437102511990815,0.5,0.5,0.39855068922042847
2261,3,1074,suppresses_cannot,-4.547834396362305e-05,4.547834396362305e-05,4.547834396362305e-05,1.3114173270878382e-05,0.0,1.0,3.467877149581909
2262,8,7331,suppresses_cannot,-4.537403583526611e-05,4.537403583526611e-05,0.0001052170991897583,9.717547072796151e-05,0.25,0.75,0.4669288992881775
2263,10,12035,suppresses_cannot,-4.519522190093994e-05,4.519522190093994e-05,0.00010068714618682861,9.204713569488376e-05,0.25,0.75,0.49100086092948914
2264,8,9963,suppresses_cannot,-4.5180320739746094e-05,4.5180320739746094e-05,4.5180320739746094e-05,2.2009373878972838e-06,0.0,1.0,20.527753829956055
2265,5,14182,supports_cannot,4.5165419578552246e-05,4.5165419578552246e-05,4.5165419578552246e-05,2.8151045626145788e-05,1.0,1.0,1.6043957471847534
2266,4,5014,supports_cannot,4.4927000999450684e-05,4.4927000999450684e-05,4.4927000999450684e-05,1.6196918295463547e-05,1.0,1.0,2.773798942565918
2267,0,3805,supports_cannot,4.48375940322876e-05,4.48375940322876e-05,4.48375940322876e-05,2.288497671543155e-05,1.0,1.0,1.9592586755752563
2268,10,10671,suppresses_cannot,-4.48077917098999e-05,4.48077917098999e-05,4.48077917098999e-05,1.4309483958641067e-05,0.0,1.0,3.1313350200653076
2269,10,9338,supports_cannot,4.477798938751221e-05,4.477798938751221e-05,4.477798938751221e-05,2.688144195417408e-05,1.0,1.0,1.6657583713531494
2270,4,8203,suppresses_cannot,-4.468858242034912e-05,4.468858242034912e-05,4.468858242034912e-05,2.76791015494382e-05,0.0,1.0,1.614524245262146
2271,7,10594,suppresses_cannot,-4.458427429199219e-05,4.458427429199219e-05,0.00021013617515563965,0.00029205429018475115,0.5,0.5,0.15265749394893646
2272,6,12689,supports_cannot,4.456937313079834e-05,4.456937313079834e-05,0.0002541393041610718,0.0002923344145528972,0.75,0.75,0.1524602323770523
2273,5,6834,suppresses_cannot,-4.450976848602295e-05,4.450976848602295e-05,0.00012411177158355713,0.00013198613305576146,0.5,0.5,0.3372306525707245
2274,7,10932,suppresses_cannot,-4.4465065002441406e-05,4.4465065002441406e-05,4.4465065002441406e-05,7.460920460289344e-05,0.0,1.0,0.5959728956222534
2275,10,10603,supports_cannot,4.4405460357666016e-05,4.4405460357666016e-05,4.4405460357666016e-05,1.9023034838028252e-05,1.0,1.0,2.334299325942993
2276,7,10827,suppresses_cannot,-4.437565803527832e-05,4.437565803527832e-05,4.437565803527832e-05,1.548622822156176e-05,0.0,1.0,2.8654913902282715
2277,7,6718,suppresses_cannot,-4.4345855712890625e-05,4.4345855712890625e-05,4.4345855712890625e-05,1.0173641385335941e-05,0.0,1.0,4.358896732330322
2278,5,13205,suppresses_cannot,-4.433095455169678e-05,4.433095455169678e-05,5.4195523262023926e-05,8.776369213592261e-05,0.5,0.5,0.5051172375679016
2279,2,12875,supports_cannot,4.425644874572754e-05,4.425644874572754e-05,4.678964614868164e-05,7.792987889843062e-05,0.5,0.5,0.5679008960723877
2280,0,10673,suppresses_cannot,-4.413723945617676e-05,4.413723945617676e-05,4.413723945617676e-05,2.827492971846368e-05,0.0,1.0,1.561002492904663
2281,2,8872,suppresses_cannot,-4.413723945617676e-05,4.413723945617676e-05,4.413723945617676e-05,3.0481482099276036e-05,0.0,1.0,1.4480016231536865
2282,3,3117,supports_cannot,4.412233829498291e-05,4.412233829498291e-05,4.412233829498291e-05,1.8659033230505884e-05,1.0,1.0,2.3646633625030518
2283,7,14299,suppresses_cannot,-4.412233829498291e-05,4.412233829498291e-05,5.908310413360596e-05,4.7097313654376194e-05,0.25,0.75,0.9368334412574768
2284,9,12650,suppresses_cannot,-4.410743713378906e-05,4.410743713378906e-05,4.410743713378906e-05,1.4565928722731769e-05,0.0,1.0,3.028123617172241
2285,7,14021,suppresses_cannot,-4.410743713378906e-05,4.410743713378906e-05,4.410743713378906e-05,4.3988973629893735e-05,0.0,1.0,1.0026930570602417
2286,4,9546,supports_cannot,4.406273365020752e-05,4.406273365020752e-05,4.525482654571533e-05,7.441228081006557e-05,0.5,0.5,0.5921432971954346
2287,10,13538,supports_cannot,4.400312900543213e-05,4.400312900543213e-05,4.400312900543213e-05,1.5314413758460432e-05,1.0,1.0,2.873314380645752
2288,9,11726,suppresses_cannot,-4.394352436065674e-05,4.394352436065674e-05,4.394352436065674e-05,2.7785847123595886e-05,0.0,1.0,1.5815073251724243
2289,10,5237,supports_cannot,4.385411739349365e-05,4.385411739349365e-05,4.582107067108154e-05,4.675913805840537e-05,0.75,0.75,0.9378726482391357
2290,0,42,suppresses_cannot,-4.382431507110596e-05,4.382431507110596e-05,4.382431507110596e-05,3.1192008464131504e-05,0.0,1.0,1.4049853086471558
2291,7,8426,supports_cannot,4.374980926513672e-05,4.374980926513672e-05,5.176663398742676e-05,7.469856791431084e-05,0.5,0.5,0.5856847167015076
2292,5,6955,supports_cannot,4.3451786041259766e-05,4.3451786041259766e-05,4.3451786041259766e-05,3.355056105647236e-05,1.0,1.0,1.2951135635375977
2293,3,10591,supports_cannot,4.342198371887207e-05,4.342198371887207e-05,4.342198371887207e-05,1.515122039563721e-05,1.0,1.0,2.8659064769744873
2294,5,2988,supports_cannot,4.337728023529053e-05,4.337728023529053e-05,4.337728023529053e-05,2.2805978005635552e-05,1.0,1.0,1.9020134210586548
2295,10,13956,suppresses_cannot,-4.337728023529053e-05,4.337728023529053e-05,4.337728023529053e-05,1.0945559552055784e-05,0.0,1.0,3.9630022048950195
2296,10,7999,suppresses_cannot,-4.3258070945739746e-05,4.3258070945739746e-05,4.3258070945739746e-05,3.101390757365152e-05,0.0,1.0,1.3947958946228027
2297,4,11010,suppresses_cannot,-4.3004751205444336e-05,4.3004751205444336e-05,4.3004751205444336e-05,2.9018388886470348e-05,0.0,1.0,1.4819825887680054
2298,6,12809,suppresses_cannot,-4.29302453994751e-05,4.29302453994751e-05,4.29302453994751e-05,1.432517819921486e-05,0.0,1.0,2.996838331222534
2299,9,4665,suppresses_cannot,-4.285573959350586e-05,4.285573959350586e-05,4.285573959350586e-05,2.031937037827447e-05,0.0,1.0,2.109107494354248
2300,9,4889,suppresses_cannot,-4.285573959350586e-05,4.285573959350586e-05,4.285573959350586e-05,3.225280670449138e-05,0.0,1.0,1.3287445306777954
2301,7,8236,suppresses_cannot,-4.284083843231201e-05,4.284083843231201e-05,4.284083843231201e-05,1.2332356163824443e-05,0.0,1.0,3.4738564491271973
2302,9,8332,suppresses_cannot,-4.267692565917969e-05,4.267692565917969e-05,4.267692565917969e-05,2.3888118448667228e-05,0.0,1.0,1.7865334749221802
2303,9,5564,suppresses_cannot,-4.266202449798584e-05,4.266202449798584e-05,5.953013896942139e-05,9.365416190121323e-05,0.5,0.5,0.45552727580070496
2304,8,11948,suppresses_cannot,-4.260241985321045e-05,4.260241985321045e-05,4.260241985321045e-05,5.1599541620817035e-05,0.0,1.0,0.8256356120109558
2305,2,41,suppresses_cannot,-4.260241985321045e-05,4.260241985321045e-05,4.775822162628174e-05,7.977871428010985e-05,0.75,0.75,0.5340073704719543
2306,5,11302,suppresses_cannot,-4.25875186920166e-05,4.25875186920166e-05,4.25875186920166e-05,3.10677605739329e-05,0.0,1.0,1.370794653892517
2307,0,11779,supports_cannot,4.2304396629333496e-05,4.2304396629333496e-05,4.2304396629333496e-05,2.0112853235332295e-05,1.0,1.0,2.10335111618042
2308,2,6626,suppresses_cannot,-4.217028617858887e-05,4.217028617858887e-05,4.51505184173584e-05,7.04549893271178e-05,0.5,0.5,0.5985422134399414
2309,7,11029,suppresses_cannot,-4.2065978050231934e-05,4.2065978050231934e-05,4.2065978050231934e-05,1.8990949683939107e-05,0.0,1.0,2.2150537967681885
2310,7,1638,supports_cannot,4.2065978050231934e-05,4.2065978050231934e-05,4.2691826820373535e-05,5.597067138296552e-05,0.75,0.75,0.751571774482727
2311,3,5157,suppresses_cannot,-4.2051076889038086e-05,4.2051076889038086e-05,4.315376281738281e-05,7.203578570624813e-05,0.5,0.5,0.5837525725364685
2312,2,7332,suppresses_cannot,-4.1931867599487305e-05,4.1931867599487305e-05,4.1931867599487305e-05,1.893235821626149e-05,0.0,1.0,2.21482515335083
2313,3,11396,supports_cannot,4.1872262954711914e-05,4.1872262954711914e-05,4.1872262954711914e-05,2.509244040993508e-05,1.0,1.0,1.6687201261520386
2314,8,11590,supports_cannot,4.184246063232422e-05,4.184246063232422e-05,4.3004751205444336e-05,7.208118040580302e-05,0.75,0.75,0.58049076795578
2315,3,7677,suppresses_cannot,-4.176795482635498e-05,4.176795482635498e-05,4.176795482635498e-05,2.4258921257569455e-05,0.0,1.0,1.7217563390731812
2316,7,11957,supports_cannot,4.163384437561035e-05,4.163384437561035e-05,4.163384437561035e-05,1.8516309864935465e-05,1.0,1.0,2.248495578765869
2317,9,3561,supports_cannot,4.1618943214416504e-05,4.1618943214416504e-05,4.1618943214416504e-05,6.544583447976038e-05,1.0,1.0,0.6359295845031738
2318,3,6139,supports_cannot,4.1604042053222656e-05,4.1604042053222656e-05,4.553794860839844e-05,7.296532567124814e-05,0.75,0.75,0.5701892375946045
2319,9,1745,supports_cannot,4.158914089202881e-05,4.158914089202881e-05,4.158914089202881e-05,1.5383679055958055e-05,1.0,1.0,2.703458309173584
2320,6,13713,supports_cannot,4.126131534576416e-05,4.126131534576416e-05,4.126131534576416e-05,1.0600529094517697e-05,1.0,1.0,3.8923823833465576
2321,8,10077,suppresses_cannot,-4.124641418457031e-05,4.124641418457031e-05,4.124641418457031e-05,1.6294594388455153e-05,0.0,1.0,2.531294107437134
2322,7,2623,suppresses_cannot,-4.112720489501953e-05,4.112720489501953e-05,4.112720489501953e-05,1.1565067325136624e-05,0.0,1.0,3.5561575889587402
2323,4,8232,supports_cannot,4.0978193283081055e-05,4.0978193283081055e-05,4.0978193283081055e-05,7.503736924263649e-06,1.0,1.0,5.461037635803223
2324,9,14278,supports_cannot,4.088878631591797e-05,4.088878631591797e-05,4.088878631591797e-05,8.9073555500363e-06,1.0,1.0,4.590451240539551
2325,4,8207,suppresses_cannot,-4.0784478187561035e-05,4.0784478187561035e-05,4.0784478187561035e-05,1.7684425984043628e-05,0.0,1.0,2.306236743927002
2326,5,223,supports_cannot,4.069507122039795e-05,4.069507122039795e-05,4.069507122039795e-05,2.735133602982387e-05,1.0,1.0,1.4878640174865723
2327,9,6282,supports_cannot,4.06801700592041e-05,4.06801700592041e-05,4.06801700592041e-05,1.9269431504653767e-05,1.0,1.0,2.111124277114868
2328,0,8833,supports_cannot,4.0665268898010254e-05,4.0665268898010254e-05,4.0665268898010254e-05,6.489457155112177e-05,1.0,1.0,0.6266359090805054
2329,0,10734,suppresses_cannot,-4.0665268898010254e-05,4.0665268898010254e-05,6.432831287384033e-05,5.502109706867486e-05,0.25,0.75,0.7390850186347961
2330,9,11839,supports_cannot,4.0590763092041016e-05,4.0590763092041016e-05,4.0590763092041016e-05,2.4622635464766063e-05,1.0,1.0,1.6485140323638916
2331,8,1342,suppresses_cannot,-4.056096076965332e-05,4.056096076965332e-05,4.220008850097656e-05,6.785870937164873e-05,0.25,0.75,0.5977267026901245
2332,9,8690,supports_cannot,4.0397047996520996e-05,4.0397047996520996e-05,4.677474498748779e-05,3.61619568138849e-05,0.75,0.75,1.117114543914795
2333,5,12553,supports_cannot,4.038214683532715e-05,4.038214683532715e-05,4.038214683532715e-05,2.090842644975055e-05,1.0,1.0,1.9313812255859375
2334,2,1603,supports_cannot,4.035234451293945e-05,4.035234451293945e-05,4.035234451293945e-05,4.5915621740277857e-05,1.0,1.0,0.8788369297981262
2335,0,9735,suppresses_cannot,-4.0143728256225586e-05,4.0143728256225586e-05,4.0143728256225586e-05,5.991469879518263e-05,0.0,1.0,0.6700146794319153
2336,9,9144,supports_cannot,4.011392593383789e-05,4.011392593383789e-05,4.011392593383789e-05,3.0166458600433543e-05,1.0,1.0,1.3297524452209473
2337,4,850,suppresses_cannot,-4.0084123611450195e-05,4.0084123611450195e-05,4.4673681259155273e-05,7.293750968528911e-05,0.25,0.75,0.5495680570602417
2338,9,3990,suppresses_cannot,-4.003942012786865e-05,4.003942012786865e-05,4.003942012786865e-05,3.431546429055743e-05,0.0,1.0,1.1668039560317993
2339,4,10656,suppresses_cannot,-4.003942012786865e-05,4.003942012786865e-05,4.003942012786865e-05,5.0462371291359887e-05,0.0,1.0,0.7934510111808777
2340,9,2050,supports_cannot,3.999471664428711e-05,3.999471664428711e-05,3.999471664428711e-05,1.3313268027559388e-05,1.0,1.0,3.004124402999878
2341,9,2763,supports_cannot,3.9905309677124023e-05,3.9905309677124023e-05,4.413723945617676e-05,4.179026291240007e-05,0.75,0.75,0.9548949003219604
2342,6,7569,suppresses_cannot,-3.986060619354248e-05,3.986060619354248e-05,3.986060619354248e-05,2.2886995793669485e-05,0.0,1.0,1.7416267395019531
2343,6,10831,supports_cannot,3.965198993682861e-05,3.965198993682861e-05,4.6506524085998535e-05,5.2537892770487815e-05,0.75,0.75,0.7547312378883362
2344,9,4090,suppresses_cannot,-3.959238529205322e-05,3.959238529205322e-05,3.959238529205322e-05,1.6028794561862014e-05,0.0,1.0,2.470078468322754
2345,7,4978,supports_cannot,3.953278064727783e-05,3.953278064727783e-05,3.953278064727783e-05,1.9791183149209246e-05,1.0,1.0,1.9974943399429321
2346,4,576,suppresses_cannot,-3.9517879486083984e-05,3.9517879486083984e-05,3.9517879486083984e-05,1.780767888703849e-05,0.0,1.0,2.2191479206085205
2347,7,9983,supports_cannot,3.93986701965332e-05,3.93986701965332e-05,5.778670310974121e-05,7.722534792264923e-05,0.5,0.5,0.5101779699325562
2348,9,392,suppresses_cannot,-3.930926322937012e-05,3.930926322937012e-05,3.930926322937012e-05,3.348541213199496e-05,0.0,1.0,1.173922061920166
2349,2,1810,suppresses_cannot,-3.916025161743164e-05,3.916025161743164e-05,3.916025161743164e-05,2.1605143047054298e-05,0.0,1.0,1.8125429153442383
2350,2,11244,suppresses_cannot,-3.9130449295043945e-05,3.9130449295043945e-05,4.0024518966674805e-05,6.771834887331352e-05,0.5,0.5,0.5778411626815796
2351,5,4283,suppresses_cannot,-3.9011240005493164e-05,3.9011240005493164e-05,3.9011240005493164e-05,1.1102514690719545e-05,0.0,1.0,3.5137298107147217
2352,6,7934,suppresses_cannot,-3.8996338844299316e-05,3.8996338844299316e-05,3.8996338844299316e-05,1.6511850844835863e-05,0.0,1.0,2.361717939376831
2353,6,4707,supports_cannot,3.8996338844299316e-05,3.8996338844299316e-05,4.251301288604736e-05,4.3510379327926785e-05,0.75,0.75,0.8962537050247192
2354,7,9046,supports_cannot,3.898143768310547e-05,3.898143768310547e-05,4.589557647705078e-05,3.4806434996426105e-05,0.75,0.75,1.1199491024017334
2355,7,4436,supports_cannot,3.8877129554748535e-05,3.8877129554748535e-05,3.8877129554748535e-05,7.466820079571335e-06,1.0,1.0,5.206650733947754
2356,8,13759,suppresses_cannot,-3.8877129554748535e-05,3.8877129554748535e-05,3.956258296966553e-05,6.813017535023391e-05,0.5,0.5,0.5706301331520081
2357,9,13457,suppresses_cannot,-3.872811794281006e-05,3.872811794281006e-05,5.4076313972473145e-05,4.061052459292114e-05,0.25,0.75,0.9536473155021667
2358,9,4658,suppresses_cannot,-3.866851329803467e-05,3.866851329803467e-05,3.866851329803467e-05,1.4577715774066746e-05,0.0,1.0,2.6525769233703613
2359,6,9652,suppresses_cannot,-3.859400749206543e-05,3.859400749206543e-05,3.859400749206543e-05,1.1584673302422743e-05,0.0,1.0,3.3314712047576904
2360,9,169,supports_cannot,3.857910633087158e-05,3.857910633087158e-05,9.958446025848389e-05,0.00014025341079104692,0.25,0.75,0.27506715059280396
2361,7,11252,supports_cannot,3.851950168609619e-05,3.851950168609619e-05,5.529820919036865e-05,5.125961979501881e-05,0.75,0.75,0.751459002494812
2362,6,588,suppresses_cannot,-3.8310885429382324e-05,3.8310885429382324e-05,3.980100154876709e-05,6.421002035494894e-05,0.5,0.5,0.5966496467590332
2363,8,14281,suppresses_cannot,-3.828108310699463e-05,3.828108310699463e-05,4.728138446807861e-05,7.444515358656645e-05,0.25,0.75,0.5142186284065247
2364,7,7466,supports_cannot,3.8251280784606934e-05,3.8251280784606934e-05,3.90857458114624e-05,6.643266533501446e-05,0.5,0.5,0.5757902264595032
2365,6,5972,suppresses_cannot,-3.819167613983154e-05,3.819167613983154e-05,3.819167613983154e-05,1.3651830158778466e-05,0.0,1.0,2.7975497245788574
2366,7,3399,suppresses_cannot,-3.810226917266846e-05,3.810226917266846e-05,3.810226917266846e-05,3.289213418611325e-05,0.0,1.0,1.1584006547927856
2367,2,3328,supports_cannot,3.7997961044311523e-05,3.7997961044311523e-05,6.237626075744629e-05,9.446727199247107e-05,0.25,0.75,0.40223413705825806
2368,5,13839,suppresses_cannot,-3.796815872192383e-05,3.796815872192383e-05,3.796815872192383e-05,1.067938228516141e-05,0.0,1.0,3.555276393890381
2369,8,8918,suppresses_cannot,-3.7789344787597656e-05,3.7789344787597656e-05,3.7789344787597656e-05,3.277464202255942e-05,0.0,1.0,1.153005599975586
2370,5,9724,supports_cannot,3.7789344787597656e-05,3.7789344787597656e-05,3.7789344787597656e-05,3.9989143260754645e-05,1.0,1.0,0.9449900984764099
2371,0,8693,suppresses_cannot,-3.774464130401611e-05,3.774464130401611e-05,3.774464130401611e-05,1.614457505638711e-05,0.0,1.0,2.33791446685791
2372,4,2388,suppresses_cannot,-3.7670135498046875e-05,3.7670135498046875e-05,7.56382942199707e-05,6.576655141543597e-05,0.25,0.75,0.5727856159210205
2373,6,12137,suppresses_cannot,-3.7670135498046875e-05,3.7670135498046875e-05,4.7534704208374023e-05,4.721133882412687e-05,0.25,0.75,0.7979044318199158
2374,2,13831,supports_cannot,3.765523433685303e-05,3.765523433685303e-05,3.765523433685303e-05,1.2925303963129409e-05,1.0,1.0,2.9132957458496094
2375,9,10163,suppresses_cannot,-3.762543201446533e-05,3.762543201446533e-05,3.762543201446533e-05,1.9848810552502982e-05,0.0,1.0,1.8956011533737183
2376,4,10072,suppresses_cannot,-3.7610530853271484e-05,3.7610530853271484e-05,3.7610530853271484e-05,1.0048554941022303e-05,0.0,1.0,3.7428791522979736
2377,5,13406,suppresses_cannot,-3.7536025047302246e-05,3.7536025047302246e-05,3.7536025047302246e-05,2.815066727634985e-05,0.0,1.0,1.3333972692489624
2378,2,9808,supports_cannot,3.7536025047302246e-05,3.7536025047302246e-05,3.7536025047302246e-05,3.5153287171851844e-05,1.0,1.0,1.0677813291549683
2379,0,11338,supports_cannot,3.7476420402526855e-05,3.7476420402526855e-05,3.866851329803467e-05,6.516648863907903e-05,0.75,0.75,0.575087308883667
2380,6,12929,suppresses_cannot,-3.744661808013916e-05,3.744661808013916e-05,3.744661808013916e-05,1.8526470739743672e-05,0.0,1.0,2.021249294281006
2381,8,3440,supports_cannot,3.731250762939453e-05,3.731250762939453e-05,3.731250762939453e-05,1.0651151569618378e-05,1.0,1.0,3.503142833709717
2382,7,3720,supports_cannot,3.723800182342529e-05,3.723800182342529e-05,4.501640796661377e-05,3.450816438999027e-05,0.75,0.75,1.0791070461273193
2383,1,286,suppresses_cannot,-3.72081995010376e-05,3.72081995010376e-05,3.72081995010376e-05,1.6885238437680528e-05,0.0,1.0,2.2035930156707764
2384,5,6220,suppresses_cannot,-3.713369369506836e-05,3.713369369506836e-05,3.713369369506836e-05,1.6216681615333073e-05,0.0,1.0,2.2898452281951904
2385,0,1494,supports_cannot,3.7088990211486816e-05,3.7088990211486816e-05,3.7088990211486816e-05,2.4146002033376135e-05,1.0,1.0,1.5360301733016968
2386,6,3025,suppresses_cannot,-3.705918788909912e-05,3.705918788909912e-05,3.756582736968994e-05,6.31295406492427e-05,0.25,0.75,0.5870340466499329
2387,8,11254,supports_cannot,3.7044286727905273e-05,3.7044286727905273e-05,3.7044286727905273e-05,2.0449062503757887e-05,1.0,1.0,1.8115394115447998
2388,2,14211,suppresses_cannot,-3.7044286727905273e-05,3.7044286727905273e-05,5.4001808166503906e-05,5.416115163825452e-05,0.5,0.5,0.6839641332626343
2389,2,11154,suppresses_cannot,-3.7029385566711426e-05,3.7029385566711426e-05,3.7029385566711426e-05,1.707110641291365e-05,0.0,1.0,2.169126033782959
2390,5,12083,suppresses_cannot,-3.6910176277160645e-05,3.6910176277160645e-05,3.6910176277160645e-05,2.6991014237864874e-05,0.0,1.0,1.3674986362457275
2391,5,1074,suppresses_cannot,-3.68952751159668e-05,3.68952751159668e-05,3.68952751159668e-05,9.897243216983043e-06,0.0,1.0,3.7278332710266113
2392,8,11499,supports_cannot,3.679096698760986e-05,3.679096698760986e-05,3.679096698760986e-05,6.933685199328465e-06,1.0,1.0,5.306119441986084
2393,5,12196,supports_cannot,3.668665885925293e-05,3.668665885925293e-05,3.668665885925293e-05,8.273513230960816e-06,1.0,1.0,4.434229373931885
2394,4,10207,suppresses_cannot,-3.662705421447754e-05,3.662705421447754e-05,4.076957702636719e-05,6.023143578204326e-05,0.25,0.75,0.6081053018569946
2395,4,9258,suppresses_cannot,-3.653764724731445e-05,3.653764724731445e-05,3.653764724731445e-05,9.106352990784217e-06,0.0,1.0,4.012324333190918
2396,2,2975,supports_cannot,3.635883331298828e-05,3.635883331298828e-05,3.916025161743164e-05,4.235942833474837e-05,0.75,0.75,0.8583409786224365
2397,3,11398,suppresses_cannot,-3.625452518463135e-05,3.625452518463135e-05,3.625452518463135e-05,1.6424695786554366e-05,0.0,1.0,2.207317590713501
2398,6,9776,supports_cannot,3.625452518463135e-05,3.625452518463135e-05,3.625452518463135e-05,8.656471436552238e-06,1.0,1.0,4.188140869140625
2399,8,8304,supports_cannot,3.62396240234375e-05,3.62396240234375e-05,3.62396240234375e-05,3.433649180806242e-05,1.0,1.0,1.0554258823394775
2400,3,6147,supports_cannot,3.612041473388672e-05,3.612041473388672e-05,3.9696693420410156e-05,6.674225733149797e-05,0.25,0.75,0.5411925911903381
2401,6,14223,suppresses_cannot,-3.594160079956055e-05,3.594160079956055e-05,5.4001808166503906e-05,8.330577111337334e-05,0.75,0.75,0.43144190311431885
2402,7,6516,suppresses_cannot,-3.59266996383667e-05,3.59266996383667e-05,3.801286220550537e-05,4.6389675844693556e-05,0.25,0.75,0.774454653263092
2403,6,13959,supports_cannot,3.5881996154785156e-05,3.5881996154785156e-05,3.7670135498046875e-05,5.025581776862964e-05,0.75,0.75,0.7139869332313538
2404,7,8668,supports_cannot,3.585219383239746e-05,3.585219383239746e-05,3.585219383239746e-05,1.1449872545199469e-05,1.0,1.0,3.131230592727661
2405,0,11154,suppresses_cannot,-3.5762786865234375e-05,3.5762786865234375e-05,4.443526268005371e-05,3.868715793942101e-05,0.25,0.75,0.9244097471237183
2406,5,7602,suppresses_cannot,-3.573298454284668e-05,3.573298454284668e-05,3.573298454284668e-05,3.044952973141335e-05,0.0,1.0,1.1735150814056396
2407,3,12375,suppresses_cannot,-3.573298454284668e-05,3.573298454284668e-05,3.573298454284668e-05,1.5574358258163556e-05,0.0,1.0,2.294346809387207
2408,4,8583,supports_cannot,3.567337989807129e-05,3.567337989807129e-05,3.567337989807129e-05,5.0723334425128996e-05,1.0,1.0,0.7032932639122009
2409,6,13439,suppresses_cannot,-3.5643577575683594e-05,3.5643577575683594e-05,4.6879053115844727e-05,4.351606548880227e-05,0.25,0.75,0.8190900683403015
2410,5,1224,suppresses_cannot,-3.5643577575683594e-05,3.5643577575683594e-05,3.88026237487793e-05,6.439514254452661e-05,0.5,0.5,0.5535134673118591
2411,8,3354,suppresses_cannot,-3.56137752532959e-05,3.56137752532959e-05,3.56137752532959e-05,1.497729044785956e-05,0.0,1.0,2.3778514862060547
2412,2,10709,suppresses_cannot,-3.559887409210205e-05,3.559887409210205e-05,3.559887409210205e-05,2.948443579953164e-05,0.0,1.0,1.2073783874511719
2413,5,9588,supports_cannot,3.5509467124938965e-05,3.5509467124938965e-05,3.5509467124938965e-05,5.6337241403525695e-05,1.0,1.0,0.630301833152771
2414,2,11905,supports_cannot,3.5509467124938965e-05,3.5509467124938965e-05,3.5509467124938965e-05,7.754604666843079e-06,1.0,1.0,4.579145431518555
2415,5,11260,suppresses_cannot,-3.549456596374512e-05,3.549456596374512e-05,3.796815872192383e-05,6.430980283766985e-05,0.5,0.5,0.5519309043884277
2416,7,5038,suppresses_cannot,-3.547966480255127e-05,3.547966480255127e-05,3.547966480255127e-05,3.2380750781157985e-05,0.0,1.0,1.0957024097442627
2417,6,8102,suppresses_cannot,-3.5449862480163574e-05,3.5449862480163574e-05,3.5449862480163574e-05,1.952424645423889e-05,0.0,1.0,1.8156838417053223
2418,7,11484,suppresses_cannot,-3.5449862480163574e-05,3.5449862480163574e-05,3.5449862480163574e-05,1.775264900061302e-05,0.0,1.0,1.9968770742416382
2419,5,7072,suppresses_cannot,-3.5434961318969727e-05,3.5434961318969727e-05,3.8295984268188477e-05,6.468142964877188e-05,0.75,0.75,0.5478382706642151
2420,6,8603,supports_cannot,3.542006015777588e-05,3.542006015777588e-05,3.542006015777588e-05,1.948157478182111e-05,1.0,1.0,1.8181310892105103
2421,5,3463,suppresses_cannot,-3.5390257835388184e-05,3.5390257835388184e-05,3.5390257835388184e-05,3.811290525845834e-06,0.0,1.0,9.28563404083252
2422,6,11520,suppresses_cannot,-3.5390257835388184e-05,3.5390257835388184e-05,3.90857458114624e-05,5.8911620726576075e-05,0.25,0.75,0.6007347702980042
2423,6,13218,supports_cannot,3.5375356674194336e-05,3.5375356674194336e-05,3.835558891296387e-05,5.678628076566383e-05,0.75,0.75,0.6229560375213623
2424,6,9840,suppresses_cannot,-3.533065319061279e-05,3.533065319061279e-05,4.132091999053955e-05,5.8139852626482025e-05,0.5,0.5,0.6076838970184326
2425,2,7821,suppresses_cannot,-3.53008508682251e-05,3.53008508682251e-05,3.53008508682251e-05,5.939106267760508e-05,0.0,1.0,0.5943798422813416
2426,1,7020,supports_cannot,3.515183925628662e-05,3.515183925628662e-05,3.515183925628662e-05,4.650910705095157e-05,1.0,1.0,0.755805492401123
2427,5,3001,supports_cannot,3.5136938095092773e-05,3.5136938095092773e-05,3.5136938095092773e-05,9.575546755513642e-06,1.0,1.0,3.6694443225860596
2428,4,1574,suppresses_cannot,-3.510713577270508e-05,3.510713577270508e-05,3.510713577270508e-05,2.6203106244793162e-05,0.0,1.0,1.3398081064224243
2429,6,9453,supports_cannot,3.507733345031738e-05,3.507733345031738e-05,3.507733345031738e-05,3.4519001928856596e-05,1.0,1.0,1.016174554824829
2430,4,10516,suppresses_cannot,-3.504753112792969e-05,3.504753112792969e-05,3.504753112792969e-05,2.2583830286748707e-05,0.0,1.0,1.551885962486267
2431,6,14187,supports_cannot,3.5002827644348145e-05,3.5002827644348145e-05,3.5002827644348145e-05,5.6477929319953546e-05,1.0,1.0,0.6197611689567566
2432,8,8337,supports_cannot,3.49581241607666e-05,3.49581241607666e-05,3.6209821701049805e-05,3.397257023607381e-05,0.75,0.75,1.02901029586792
2433,8,11790,suppresses_cannot,-3.479421138763428e-05,3.479421138763428e-05,5.386769771575928e-05,4.2637999285943806e-05,0.25,0.75,0.8160375952720642
2434,5,11491,supports_cannot,3.473460674285889e-05,3.473460674285889e-05,6.039440631866455e-05,6.0944523283978924e-05,0.75,0.75,0.5699381232261658
2435,4,1115,suppresses_cannot,-3.470480442047119e-05,3.470480442047119e-05,3.774464130401611e-05,2.5465011276537552e-05,0.25,0.75,1.3628425598144531
2436,1,3400,suppresses_cannot,-3.451108932495117e-05,3.451108932495117e-05,4.6312808990478516e-05,3.744891728274524e-05,0.25,0.75,0.9215510487556458
2437,4,6132,suppresses_cannot,-3.4496188163757324e-05,3.4496188163757324e-05,3.580749034881592e-05,5.905592115595937e-05,0.25,0.75,0.5841274857521057
2438,5,9785,supports_cannot,3.4481287002563477e-05,3.4481287002563477e-05,3.4481287002563477e-05,1.8002996512223035e-05,1.0,1.0,1.9153079986572266
2439,8,5640,supports_cannot,3.446638584136963e-05,3.446638584136963e-05,3.446638584136963e-05,2.125448372680694e-05,1.0,1.0,1.6216052770614624
2440,8,8277,supports_cannot,3.428757190704346e-05,3.428757190704346e-05,8.951127529144287e-05,0.00011109639308415353,0.75,0.75,0.30862903594970703
2441,5,12374,suppresses_cannot,-3.421306610107422e-05,3.421306610107422e-05,3.421306610107422e-05,1.6387646610382944e-05,0.0,1.0,2.0877349376678467
2442,4,7789,suppresses_cannot,-3.4183263778686523e-05,3.4183263778686523e-05,3.5256147384643555e-05,2.4372306143050082e-05,0.25,0.75,1.4025452136993408
2443,6,3820,suppresses_cannot,-3.403425216674805e-05,3.403425216674805e-05,3.9458274841308594e-05,6.457923154812306e-05,0.5,0.5,0.5270154476165771
2444,6,12257,supports_cannot,3.394484519958496e-05,3.394484519958496e-05,3.394484519958496e-05,2.71487715508556e-05,1.0,1.0,1.2503269910812378
2445,4,379,supports_cannot,3.381073474884033e-05,3.381073474884033e-05,3.381073474884033e-05,1.6553487512283027e-05,1.0,1.0,2.0425140857696533
2446,8,12210,suppresses_cannot,-3.378093242645264e-05,3.378093242645264e-05,3.378093242645264e-05,5.331097327143652e-06,0.0,1.0,6.336580276489258
2447,2,4175,supports_cannot,3.3661723136901855e-05,3.3661723136901855e-05,3.3661723136901855e-05,1.5084355254657567e-05,1.0,1.0,2.231565237045288
2448,8,10121,suppresses_cannot,-3.363192081451416e-05,3.363192081451416e-05,3.363192081451416e-05,3.471878153504804e-05,0.0,1.0,0.9686952829360962
2449,3,1349,suppresses_cannot,-3.357231616973877e-05,3.357231616973877e-05,3.357231616973877e-05,5.2070845413254574e-05,0.0,1.0,0.6447430849075317
2450,8,9622,suppresses_cannot,-3.3527612686157227e-05,3.3527612686157227e-05,3.3527612686157227e-05,2.1251938960631378e-05,0.0,1.0,1.5776258707046509
2451,5,4176,supports_cannot,3.343820571899414e-05,3.343820571899414e-05,3.343820571899414e-05,1.1127087418572046e-05,1.0,1.0,3.005117416381836
2452,8,6444,supports_cannot,3.333389759063721e-05,3.333389759063721e-05,3.333389759063721e-05,2.2040479962015525e-05,1.0,1.0,1.5123941898345947
2453,0,3239,suppresses_cannot,-3.331899642944336e-05,3.331899642944336e-05,3.9637088775634766e-05,6.515168206533417e-05,0.75,0.75,0.5114065408706665
2454,1,13542,suppresses_cannot,-3.324449062347412e-05,3.324449062347412e-05,3.324449062347412e-05,4.059372440678999e-05,0.0,1.0,0.8189564347267151
2455,6,12108,suppresses_cannot,-3.324449062347412e-05,3.324449062347412e-05,3.693997859954834e-05,5.102234717924148e-05,0.25,0.75,0.651567280292511
2456,6,11682,supports_cannot,3.316998481750488e-05,3.316998481750488e-05,3.316998481750488e-05,1.2562977644847706e-05,1.0,1.0,2.640296220779419
2457,8,3350,suppresses_cannot,-3.312528133392334e-05,3.312528133392334e-05,3.452599048614502e-05,5.7569915952626616e-05,0.5,0.5,0.5753921866416931
2458,8,14300,supports_cannot,3.311038017272949e-05,3.311038017272949e-05,4.4673681259155273e-05,6.942637264728546e-05,0.5,0.5,0.47691357135772705
2459,6,5111,supports_cannot,3.3035874366760254e-05,3.3035874366760254e-05,3.497302532196045e-05,5.56335762667004e-05,0.75,0.75,0.5938118100166321
2460,0,12201,suppresses_cannot,-3.2961368560791016e-05,3.2961368560791016e-05,3.2961368560791016e-05,2.2341328076436184e-05,0.0,1.0,1.4753539562225342
2461,2,13093,supports_cannot,3.285706043243408e-05,3.285706043243408e-05,3.285706043243408e-05,9.662790944275912e-06,1.0,1.0,3.400369167327881
2462,5,2574,suppresses_cannot,-3.282725811004639e-05,3.282725811004639e-05,3.282725811004639e-05,8.923133464122657e-06,0.0,1.0,3.6788930892944336
2463,6,14332,supports_cannot,3.275275230407715e-05,3.275275230407715e-05,3.275275230407715e-05,4.898657789453864e-05,1.0,1.0,0.6686066389083862
2464,3,6663,supports_cannot,3.263354301452637e-05,3.263354301452637e-05,3.746151924133301e-05,3.5766697692452e-05,0.75,0.75,0.9124002456665039
2465,5,6332,supports_cannot,3.254413604736328e-05,3.254413604736328e-05,3.254413604736328e-05,1.5691990483901463e-05,1.0,1.0,2.073932647705078
2466,6,4966,suppresses_cannot,-3.2529234886169434e-05,3.2529234886169434e-05,5.3301453590393066e-05,7.207826274679974e-05,0.5,0.5,0.4513043761253357
2467,5,217,suppresses_cannot,-3.246963024139404e-05,3.246963024139404e-05,3.246963024139404e-05,3.1630852390662767e-06,0.0,1.0,10.26517391204834
2468,2,2882,suppresses_cannot,-3.224611282348633e-05,3.224611282348633e-05,3.224611282348633e-05,1.0451313755766023e-05,0.0,1.0,3.08536434173584
2469,5,851,suppresses_cannot,-3.224611282348633e-05,3.224611282348633e-05,3.2395124435424805e-05,5.076379238744266e-05,0.25,0.75,0.6352187395095825
2470,1,6226,supports_cannot,3.21120023727417e-05,3.21120023727417e-05,3.21120023727417e-05,3.170469426549971e-05,1.0,1.0,1.0128469467163086
2471,5,2845,supports_cannot,3.1754374504089355e-05,3.1754374504089355e-05,3.1754374504089355e-05,1.5736042769276537e-05,1.0,1.0,2.0179388523101807
2472,0,5290,supports_cannot,3.173947334289551e-05,3.173947334289551e-05,3.173947334289551e-05,9.72985344560584e-06,1.0,1.0,3.262070655822754
2473,0,4502,supports_cannot,3.160536289215088e-05,3.160536289215088e-05,3.160536289215088e-05,5.066241283202544e-05,1.0,1.0,0.6238424181938171
2474,3,5091,supports_cannot,3.1560659408569336e-05,3.1560659408569336e-05,3.24249267578125e-05,5.0036767788697034e-05,0.75,0.75,0.6307493448257446
2475,3,3920,supports_cannot,3.154575824737549e-05,3.154575824737549e-05,3.154575824737549e-05,1.8136390281142667e-05,1.0,1.0,1.739362359046936
2476,5,3761,supports_cannot,3.151595592498779e-05,3.151595592498779e-05,3.151595592498779e-05,1.9035374862141907e-05,1.0,1.0,1.6556518077850342
2477,2,10953,supports_cannot,3.1501054763793945e-05,3.1501054763793945e-05,3.165006637573242e-05,3.202199513907544e-05,0.75,0.75,0.9837318062782288
2478,3,13603,suppresses_cannot,-3.11732292175293e-05,3.11732292175293e-05,3.11732292175293e-05,1.4509293578157667e-05,0.0,1.0,2.148500680923462
2479,2,4453,supports_cannot,3.090500831604004e-05,3.090500831604004e-05,3.090500831604004e-05,5.1952920330222696e-05,0.75,0.75,0.5948656797409058
2480,3,2866,suppresses_cannot,-3.059208393096924e-05,3.059208393096924e-05,3.059208393096924e-05,6.914700861671008e-06,0.0,1.0,4.424208641052246
2481,0,11921,suppresses_cannot,-3.0308961868286133e-05,3.0308961868286133e-05,3.0308961868286133e-05,2.490434781066142e-05,0.0,1.0,1.2170147895812988
2482,0,10357,suppresses_cannot,-3.02046537399292e-05,3.02046537399292e-05,3.02046537399292e-05,1.3098205272399355e-05,0.0,1.0,2.3060145378112793
2483,3,4209,suppresses_cannot,-3.0040740966796875e-05,3.0040740966796875e-05,3.0040740966796875e-05,4.2734409362310544e-05,0.0,1.0,0.7029637694358826
2484,3,10654,suppresses_cannot,-2.9906630516052246e-05,2.9906630516052246e-05,2.9906630516052246e-05,9.733036677062046e-06,0.0,1.0,3.072692394256592
2485,1,12434,supports_cannot,2.9638409614562988e-05,2.9638409614562988e-05,2.9638409614562988e-05,2.6615905881044455e-05,1.0,1.0,1.1135599613189697
2486,0,6029,suppresses_cannot,-2.9578804969787598e-05,2.9578804969787598e-05,2.9578804969787598e-05,2.6309506210964173e-05,0.0,1.0,1.1242629289627075
2487,1,12767,suppresses_cannot,-2.956390380859375e-05,2.956390380859375e-05,2.956390380859375e-05,1.983379843295552e-05,0.0,1.0,1.4905818700790405
2488,3,11453,supports_cannot,2.9355287551879883e-05,2.9355287551879883e-05,2.9355287551879883e-05,2.8991533326916397e-05,1.0,1.0,1.0125468969345093
2489,2,1499,supports_cannot,2.9206275939941406e-05,2.9206275939941406e-05,2.9206275939941406e-05,2.2197629732545465e-05,1.0,1.0,1.3157384395599365
2490,3,5296,suppresses_cannot,-2.899765968322754e-05,2.899765968322754e-05,3.057718276977539e-05,4.7695830289740115e-05,0.5,0.5,0.6079705357551575
2491,1,4634,supports_cannot,2.8967857360839844e-05,2.8967857360839844e-05,2.8967857360839844e-05,7.042686775093898e-06,1.0,1.0,4.113182067871094
2492,3,2565,supports_cannot,2.893805503845215e-05,2.893805503845215e-05,3.3527612686157227e-05,5.548276021727361e-05,0.25,0.75,0.5215684175491333
2493,1,6476,supports_cannot,2.8446316719055176e-05,2.8446316719055176e-05,2.8505921363830566e-05,4.1265648178523406e-05,0.75,0.75,0.689346194267273
2494,3,12225,supports_cannot,2.8431415557861328e-05,2.8431415557861328e-05,2.8431415557861328e-05,1.3512189980247058e-05,1.0,1.0,2.104130744934082
2495,0,12221,suppresses_cannot,-2.8267502784729004e-05,2.8267502784729004e-05,2.8267502784729004e-05,8.926616828830447e-06,0.0,1.0,3.1666531562805176
2496,1,2158,supports_cannot,2.8252601623535156e-05,2.8252601623535156e-05,3.319978713989258e-05,5.3224761359160766e-05,0.5,0.5,0.5308168530464172
2497,0,7182,supports_cannot,2.8192996978759766e-05,2.8192996978759766e-05,3.2842159271240234e-05,2.39795190282166e-05,0.75,0.75,1.1757113933563232
2498,0,3892,supports_cannot,2.8073787689208984e-05,2.8073787689208984e-05,2.8073787689208984e-05,1.7286785805481486e-05,1.0,1.0,1.6240025758743286
2499,3,7797,supports_cannot,2.7865171432495117e-05,2.7865171432495117e-05,2.7865171432495117e-05,2.2929609258426353e-05,1.0,1.0,1.2152483463287354
2500,2,9546,suppresses_cannot,-2.7865171432495117e-05,2.7865171432495117e-05,2.7865171432495117e-05,1.9508232071530074e-05,0.0,1.0,1.428380012512207
2501,0,13744,suppresses_cannot,-2.7865171432495117e-05,2.7865171432495117e-05,2.7865171432495117e-05,1.5755340427858755e-05,0.0,1.0,1.7686173915863037
2502,1,8979,supports_cannot,2.7865171432495117e-05,2.7865171432495117e-05,2.7865171432495117e-05,1.495723336120136e-05,1.0,1.0,1.8629895448684692
2503,2,7575,suppresses_cannot,-2.7805566787719727e-05,2.7805566787719727e-05,2.9146671295166016e-05,4.971214002580382e-05,0.75,0.75,0.5593315362930298
2504,1,5760,suppresses_cannot,-2.7671456336975098e-05,2.7671456336975098e-05,2.7671456336975098e-05,1.299288123846054e-05,0.0,1.0,2.129739761352539
2505,3,10109,supports_cannot,2.7552247047424316e-05,2.7552247047424316e-05,4.0665268898010254e-05,3.854940223391168e-05,0.75,0.75,0.7147256731987
2506,2,5308,supports_cannot,2.753734588623047e-05,2.753734588623047e-05,2.753734588623047e-05,8.070544026850257e-06,1.0,1.0,3.4120800495147705
2507,0,1664,supports_cannot,2.746284008026123e-05,2.746284008026123e-05,2.746284008026123e-05,4.545084448182024e-05,1.0,1.0,0.6042316555976868
2508,0,2670,supports_cannot,2.7373433113098145e-05,2.7373433113098145e-05,2.8058886528015137e-05,4.8000751121435314e-05,0.5,0.5,0.5702709555625916
2509,2,13146,suppresses_cannot,-2.73287296295166e-05,2.73287296295166e-05,2.73287296295166e-05,3.7331499243009603e-06,0.0,1.0,7.320553302764893
2510,3,12958,supports_cannot,2.7120113372802734e-05,2.7120113372802734e-05,2.7120113372802734e-05,1.4942706911824644e-05,1.0,1.0,1.8149397373199463
2511,0,9187,supports_cannot,2.703070640563965e-05,2.703070640563965e-05,2.703070640563965e-05,3.848655978799798e-06,1.0,1.0,7.023412704467773
2512,2,9667,suppresses_cannot,-2.7000904083251953e-05,2.7000904083251953e-05,2.7000904083251953e-05,1.8281483789905906e-05,0.0,1.0,1.4769535064697266
2513,2,2074,suppresses_cannot,-2.695620059967041e-05,2.695620059967041e-05,3.0055642127990723e-05,4.1663461161078885e-05,0.25,0.75,0.6469985842704773
2514,3,5205,suppresses_cannot,-2.6807188987731934e-05,2.6807188987731934e-05,2.6807188987731934e-05,2.986978870467283e-05,0.0,1.0,0.8974682688713074
2515,0,1090,supports_cannot,2.6613473892211914e-05,2.6613473892211914e-05,2.6613473892211914e-05,1.5033993804536294e-05,1.0,1.0,1.7702196836471558
2516,2,9652,suppresses_cannot,-2.6494264602661133e-05,2.6494264602661133e-05,2.6494264602661133e-05,1.4131612260825932e-05,0.0,1.0,1.8748223781585693
2517,3,13673,suppresses_cannot,-2.644956111907959e-05,2.644956111907959e-05,2.644956111907959e-05,9.386584679305088e-06,0.0,1.0,2.8178043365478516
2518,2,8367,suppresses_cannot,-2.6419758796691895e-05,2.6419758796691895e-05,2.6419758796691895e-05,4.469230589165818e-06,0.0,1.0,5.911477088928223
2519,0,10291,suppresses_cannot,-2.6345252990722656e-05,2.6345252990722656e-05,2.6345252990722656e-05,2.4064374883892015e-05,0.0,1.0,1.0947822332382202
2520,0,2234,supports_cannot,2.6166439056396484e-05,2.6166439056396484e-05,2.6166439056396484e-05,1.1997498404525686e-05,1.0,1.0,2.1809911727905273
2521,0,1555,suppresses_cannot,-2.613663673400879e-05,2.613663673400879e-05,2.613663673400879e-05,1.4346127500175498e-05,0.0,1.0,1.8218599557876587
2522,3,7354,suppresses_cannot,-2.612173557281494e-05,2.612173557281494e-05,3.425776958465576e-05,5.475362922879867e-05,0.75,0.75,0.4770776927471161
2523,1,8171,supports_cannot,2.5972723960876465e-05,2.5972723960876465e-05,2.5972723960876465e-05,1.1861127859447151e-05,1.0,1.0,2.189734697341919
2524,1,7843,suppresses_cannot,-2.5928020477294922e-05,2.5928020477294922e-05,2.5928020477294922e-05,1.8224161976831965e-05,0.0,1.0,1.4227275848388672
2525,3,5058,suppresses_cannot,-2.588331699371338e-05,2.588331699371338e-05,3.121793270111084e-05,4.3980580812785774e-05,0.5,0.5,0.5885169506072998
2526,3,10951,suppresses_cannot,-2.5704503059387207e-05,2.5704503059387207e-05,2.9131770133972168e-05,4.6943801862653345e-05,0.5,0.5,0.5475590229034424
2527,3,11569,suppresses_cannot,-2.5346875190734863e-05,2.5346875190734863e-05,2.5346875190734863e-05,1.4092772289586719e-05,0.0,1.0,1.7985725402832031
2528,3,5377,supports_cannot,2.5153160095214844e-05,2.5153160095214844e-05,2.5898218154907227e-05,3.706730785779655e-05,0.75,0.75,0.6785807013511658
2529,1,8714,suppresses_cannot,-2.512335777282715e-05,2.512335777282715e-05,2.512335777282715e-05,1.7259508240385912e-05,0.0,1.0,1.455623984336853
2530,2,10405,supports_cannot,2.51084566116333e-05,2.51084566116333e-05,3.6910176277160645e-05,2.977353142341599e-05,0.75,0.75,0.8433146476745605
2531,2,8252,suppresses_cannot,-2.4825334548950195e-05,2.4825334548950195e-05,2.4825334548950195e-05,9.084723387786653e-06,0.0,1.0,2.7326459884643555
2532,3,9217,supports_cannot,2.4706125259399414e-05,2.4706125259399414e-05,2.4706125259399414e-05,7.115519110811874e-06,1.0,1.0,3.4721460342407227
2533,3,1342,suppresses_cannot,-2.460181713104248e-05,2.460181713104248e-05,2.460181713104248e-05,3.0620296456618235e-05,0.0,1.0,0.8034480214118958
2534,2,12849,supports_cannot,2.4378299713134766e-05,2.4378299713134766e-05,2.530217170715332e-05,4.275130413589068e-05,0.5,0.5,0.5702352523803711
2535,1,5083,supports_cannot,2.4333596229553223e-05,2.4333596229553223e-05,2.4333596229553223e-05,1.539885670354124e-05,1.0,1.0,1.5802208185195923
2536,1,8010,suppresses_cannot,-2.4259090423583984e-05,2.4259090423583984e-05,3.1620264053344727e-05,2.498839057807345e-05,0.25,0.75,0.9708143472671509
2537,3,12241,supports_cannot,2.4199485778808594e-05,2.4199485778808594e-05,2.4199485778808594e-05,1.3934490198153071e-05,1.0,1.0,1.7366608381271362
2538,1,11022,suppresses_cannot,-2.3305416107177734e-05,2.3305416107177734e-05,2.619624137878418e-05,4.370943133835681e-05,0.75,0.75,0.5331896543502808
2539,1,3049,supports_cannot,2.3126602172851562e-05,2.3126602172851562e-05,2.3126602172851562e-05,8.65171205077786e-06,1.0,1.0,2.6730663776397705
2540,1,4535,supports_cannot,2.3126602172851562e-05,2.3126602172851562e-05,2.3126602172851562e-05,1.0262822797812987e-05,1.0,1.0,2.253434658050537
2541,1,3500,supports_cannot,2.3052096366882324e-05,2.3052096366882324e-05,2.8267502784729004e-05,2.3342025087913498e-05,0.75,0.75,0.9875790476799011
2542,1,5561,supports_cannot,2.2858381271362305e-05,2.2858381271362305e-05,2.2858381271362305e-05,4.142736997891916e-06,1.0,1.0,5.517699241638184
2543,1,9514,supports_cannot,2.2843480110168457e-05,2.2843480110168457e-05,2.4005770683288574e-05,3.787710738833994e-05,0.5,0.5,0.6030946373939514
2544,1,6805,supports_cannot,2.275407314300537e-05,2.275407314300537e-05,2.5734305381774902e-05,4.218331741867587e-05,0.75,0.75,0.5394092798233032
2545,1,13817,suppresses_cannot,-2.2649765014648438e-05,2.2649765014648438e-05,2.2649765014648438e-05,1.1467119293229189e-05,0.0,1.0,1.9751920700073242
2546,1,7650,suppresses_cannot,-2.2590160369873047e-05,2.2590160369873047e-05,2.2590160369873047e-05,6.0120969465060625e-06,0.0,1.0,3.757450580596924
2547,1,8776,suppresses_cannot,-2.2545456886291504e-05,2.2545456886291504e-05,2.2545456886291504e-05,9.542271072859876e-06,0.0,1.0,2.3626928329467773
2548,1,3739,supports_cannot,2.2530555725097656e-05,2.2530555725097656e-05,2.2530555725097656e-05,1.2092179531464353e-05,1.0,1.0,1.8632334470748901
2549,1,12825,supports_cannot,2.2530555725097656e-05,2.2530555725097656e-05,2.321600914001465e-05,2.620941086206585e-05,0.5,0.5,0.8596360683441162
2550,1,13868,suppresses_cannot,-2.238154411315918e-05,2.238154411315918e-05,2.238154411315918e-05,1.2664163477893453e-05,0.0,1.0,1.7673131227493286
2551,1,6746,suppresses_cannot,-2.1860003471374512e-05,2.1860003471374512e-05,5.303323268890381e-05,7.072617154335603e-05,0.25,0.75,0.3090794086456299
2552,1,5894,supports_cannot,2.1666288375854492e-05,2.1666288375854492e-05,2.1666288375854492e-05,3.3965495731536066e-06,1.0,1.0,6.378909587860107
2553,1,799,supports_cannot,2.1666288375854492e-05,2.1666288375854492e-05,2.4944543838500977e-05,2.9680315492441878e-05,0.75,0.75,0.7299884557723999
2554,1,12697,suppresses_cannot,-2.1532177925109863e-05,2.1532177925109863e-05,2.1532177925109863e-05,1.2866624274465721e-05,0.0,1.0,1.6734907627105713
2555,1,6288,suppresses_cannot,-2.086162567138672e-05,2.086162567138672e-05,2.086162567138672e-05,1.4448133697442245e-05,0.0,1.0,1.4438974857330322
2556,1,1510,suppresses_cannot,-2.0205974578857422e-05,2.0205974578857422e-05,2.41696834564209e-05,3.557204036042094e-05,0.25,0.75,0.5680297017097473
2557,1,2081,supports_cannot,2.0191073417663574e-05,2.0191073417663574e-05,2.1025538444519043e-05,2.0921883333357982e-05,0.75,0.75,0.9650695323944092
2558,1,1947,supports_cannot,2.0101666450500488e-05,2.0101666450500488e-05,2.0101666450500488e-05,1.3907653737987857e-05,1.0,1.0,1.4453670978546143
