rank,layer,neuron,direction,mean_ig,abs_mean_ig,mean_abs_ig,std_ig,positive_fraction,sign_consistency,snr
1,30,5341,suppresses_cannot,-0.0041758017614483,0.0041758017614483,0.0041758017614483,0.0055041927844285,0.0,1.0,0.7586583495140076
2,31,9936,supports_cannot,0.0040472452528774,0.0040472452528774,0.0040743253193795,0.0032019508071243,0.9742268323898317,0.9742268323898317,1.2639936208724976
3,16,1241,supports_cannot,0.00273078517057,0.00273078517057,0.0027443917933851,0.0029968081507831,0.984536111354828,0.984536111354828,0.9112312197685242
4,11,11321,supports_cannot,0.0018924450268968,0.0018924450268968,0.0018924450268968,0.0021807991433888,1.0,1.0,0.8677759170532227
5,13,4208,supports_cannot,0.0018735865596681,0.0018735865596681,0.001947212498635,0.0024527625646442,0.938144326210022,0.938144326210022,0.7638679146766663
6,20,2204,supports_cannot,0.001392843783833,0.001392843783833,0.001392843783833,0.0013753772946074,1.0,1.0,1.0126993656158447
7,25,8701,supports_cannot,0.0012471012305468,0.0012471012305468,0.0012471012305468,0.0009534850250929,1.0,1.0,1.3079400062561035
8,27,6070,suppresses_cannot,-0.0012245386606082,0.0012245386606082,0.0012245386606082,0.0012748100562021,0.0,1.0,0.9605655670166016
9,20,5425,suppresses_cannot,-0.0012222337536513,0.0012222337536513,0.0012222337536513,0.0014733874704688,0.0,1.0,0.829539954662323
10,24,5326,suppresses_cannot,-0.0011762202484533,0.0011762202484533,0.0012032181257382,0.0013992215972393,0.0103092780336737,0.9896907210350036,0.8406246900558472
11,7,6673,supports_cannot,0.0011101214913651,0.0011101214913651,0.0011290339753031,0.0012919631553813,0.9793814420700072,0.9793814420700072,0.8592516779899597
12,6,5866,supports_cannot,0.0010526309488341,0.0010526309488341,0.0011830078437924,0.0013263901928439,0.8969072103500366,0.8969072103500366,0.7936058044433594
13,11,4258,supports_cannot,0.0010494878515601,0.0010494878515601,0.0011421497911214,0.0028023673221468,0.7216494679450989,0.7216494679450989,0.3745004534721374
14,20,3972,supports_cannot,0.0009966344805434,0.0009966344805434,0.0011446881107985,0.0020147182513028,0.7886598110198975,0.7886598110198975,0.4946768581867218
15,12,13860,supports_cannot,0.0009883049642667,0.0009883049642667,0.0010000341571867,0.0011119965929538,0.9793814420700072,0.9793814420700072,0.8887661695480347
16,23,7812,suppresses_cannot,-0.0009197266772389,0.0009197266772389,0.0009323911508545,0.0010541800875216,0.0360824726521968,0.9639175534248352,0.8724569082260132
17,31,4690,supports_cannot,0.0009020640864036,0.0009020640864036,0.0011730096302926,0.0020499734673649,0.6546391844749451,0.6546391844749451,0.4400369524955749
18,30,13853,suppresses_cannot,-0.0008754103328101,0.0008754103328101,0.0008754103328101,0.0007495792815461,0.0,1.0,1.1678688526153564
19,31,13076,supports_cannot,0.00084961875109,0.00084961875109,0.00084961875109,0.0008519959519617,1.0,1.0,0.9972098469734192
20,9,4255,supports_cannot,0.000826985866297,0.000826985866297,0.0008526705787517,0.0008878977969288,0.9432989954948424,0.9432989954948424,0.9313976168632508
21,20,6356,suppresses_cannot,-0.0008084202418103,0.0008084202418103,0.0008084202418103,0.0006255051121115,0.0,1.0,1.292427897453308
22,22,12959,suppresses_cannot,-0.0007666088058613,0.0007666088058613,0.0007857689633965,0.0008753165020607,0.0670103058218956,0.9329897165298462,0.8758075833320618
23,31,5041,suppresses_cannot,-0.0007598387892358,0.0007598387892358,0.0007598387892358,0.0007013530703261,0.0,1.0,1.0833898782730105
24,31,14073,supports_cannot,0.0007399154710583,0.0007399154710583,0.0007399154710583,0.0006919850129634,1.0,1.0,1.0692651271820068
25,15,11853,supports_cannot,0.0007347820792347,0.0007347820792347,0.0007422068738378,0.0011325511150062,0.9587628841400146,0.9587628841400146,0.6487849354743958
26,22,4821,supports_cannot,0.0007174039492383,0.0007174039492383,0.0007266752654686,0.0006828230689279,0.9896907210350036,0.9896907210350036,1.050644040107727
27,15,5679,supports_cannot,0.0007159544038586,0.0007159544038586,0.0007167065050452,0.0007889355765655,0.9896907210350036,0.9896907210350036,0.9074941277503968
28,30,5905,suppresses_cannot,-0.0006638989434577,0.0006638989434577,0.0006638989434577,0.0005487517919391,0.0,1.0,1.2098346948623655
29,22,8514,suppresses_cannot,-0.000662421749439,0.000662421749439,0.0006646738038398,0.0006842488073743,0.0154639175161719,0.984536111354828,0.9681007266044616
30,18,5964,supports_cannot,0.0006489446386694,0.0006489446386694,0.0006506215431727,0.0006309860618785,0.9896907210350036,0.9896907210350036,1.0284610986709597
31,16,4974,supports_cannot,0.0006257600034587,0.0006257600034587,0.0006257600034587,0.0005384251126088,1.0,1.0,1.162204384803772
32,31,714,suppresses_cannot,-0.0006026226328685,0.0006026226328685,0.0006026226328685,0.0005727799143642,0.0,1.0,1.052101492881775
33,16,6310,supports_cannot,0.0005944629083387,0.0005944629083387,0.0005972029175609,0.0006887495983392,0.9793814420700072,0.9793814420700072,0.863104522228241
34,16,6950,suppresses_cannot,-0.0005940039409324,0.0005940039409324,0.0006237724446691,0.0008922726847231,0.0463917516171932,0.9536082744598388,0.6657201647758484
35,14,3917,suppresses_cannot,-0.0005924105644226,0.0005924105644226,0.0006503352196887,0.00082059786655,0.1030927821993827,0.8969072103500366,0.7219255566596985
36,16,2432,suppresses_cannot,-0.0005880686221644,0.0005880686221644,0.0005880686221644,0.000573247380089,0.0,1.0,1.0258548259735107
37,31,5099,supports_cannot,0.0005743847577832,0.0005743847577832,0.0005748689873144,0.0006487192586064,0.9948453903198242,0.9948453903198242,0.8854134678840637
38,26,529,supports_cannot,0.0005584527971222,0.0005584527971222,0.0005596737610176,0.0005132968071848,0.9896907210350036,0.9896907210350036,1.0879725217819214
39,31,9678,suppresses_cannot,-0.0005482379929162,0.0005482379929162,0.0005482379929162,0.0004963602987118,0.0,1.0,1.1045161485671997
40,19,900,supports_cannot,0.0005481694824993,0.0005481694824993,0.0005485062138177,0.0005424796254374,0.9948453903198242,0.9948453903198242,1.0104886293411257
41,26,592,supports_cannot,0.0005339024355635,0.0005339024355635,0.0005339024355635,0.0004803294432349,1.0,1.0,1.1115338802337646
42,10,9064,suppresses_cannot,-0.0005257624434307,0.0005257624434307,0.0006167443352751,0.0006182427168823,0.0824742242693901,0.9175257682800292,0.8504142761230469
43,28,4130,supports_cannot,0.000525061332155,0.000525061332155,0.000525061332155,0.0004757010610774,1.0,1.0,1.103763222694397
44,16,11277,supports_cannot,0.000521934533026,0.000521934533026,0.000521934533026,0.0004038203915115,1.0,1.0,1.292491793632507
45,12,1481,suppresses_cannot,-0.0005151641671545,0.0005151641671545,0.0005801277002319,0.00083646614803,0.0979381427168846,0.9020618796348572,0.6158816814422607
46,15,10757,supports_cannot,0.0005065854056738,0.0005065854056738,0.0005082064308226,0.000561929482501,0.9948453903198242,0.9948453903198242,0.9015106558799744
47,10,4789,supports_cannot,0.0005031258915551,0.0005031258915551,0.000658685399685,0.0016719399718567,0.6649484634399414,0.6649484634399414,0.3009234070777893
48,28,5152,suppresses_cannot,-0.0004988383152522,0.0004988383152522,0.0004988383152522,0.000382406899007,0.0,1.0,1.3044699430465698
49,18,7148,supports_cannot,0.0004889897536486,0.0004889897536486,0.0005216291174292,0.000722829834558,0.9175257682800292,0.9175257682800292,0.6764935851097107
50,17,13532,suppresses_cannot,-0.0004855633887927,0.0004855633887927,0.0005716865998692,0.0006820372655056,0.1082474216818809,0.8917526006698608,0.7119308710098267
51,18,7417,supports_cannot,0.0004819438036065,0.0004819438036065,0.0006415011594071,0.0012833783403038,0.623711347579956,0.623711347579956,0.3755274415016174
52,20,13715,suppresses_cannot,-0.0004776909772772,0.0004776909772772,0.0004776909772772,0.000786535849329,0.0,1.0,0.6073352694511414
53,16,12528,supports_cannot,0.0004756724229082,0.0004756724229082,0.0004756724229082,0.0004501574439927,1.0,1.0,1.0566800832748413
54,27,8140,supports_cannot,0.0004663565778173,0.0004663565778173,0.0004790498933289,0.000541565765161,0.9484536051750184,0.9484536051750184,0.8611264228820801
55,20,9424,suppresses_cannot,-0.0004660499398596,0.0004660499398596,0.0005669753300026,0.0007493781740777,0.1391752511262893,0.8608247637748718,0.6219155788421631
56,30,3382,supports_cannot,0.0004624251159839,0.0004624251159839,0.000466937868623,0.0008295078296214,0.9329897165298462,0.9329897165298462,0.5574692487716675
57,16,8987,suppresses_cannot,-0.0004533956234809,0.0004533956234809,0.0004533956234809,0.000631196598988,0.0,1.0,0.7183112502098083
58,31,11999,supports_cannot,0.0004518671194091,0.0004518671194091,0.0004518671194091,0.0004713168891612,1.0,1.0,0.9587331414222716
59,20,1168,supports_cannot,0.0004472993605304,0.0004472993605304,0.0004472993605304,0.0002969001070596,1.0,1.0,1.5065652132034302
60,24,3804,suppresses_cannot,-0.000445816636784,0.000445816636784,0.000445816636784,0.0004212430503685,0.0,1.0,1.0583359003067017
61,14,5718,suppresses_cannot,-0.0004457502509467,0.0004457502509467,0.0004635769582819,0.0005590128130279,0.0360824726521968,0.9639175534248352,0.7973882555961609
62,17,4374,suppresses_cannot,-0.0004448995168786,0.0004448995168786,0.0004718709096778,0.0004552440950646,0.0567010305821895,0.9432989954948424,0.9772768616676332
63,31,10712,suppresses_cannot,-0.0004373238771222,0.0004373238771222,0.0004373238771222,0.000379027420422,0.0,1.0,1.153805375099182
64,31,8591,supports_cannot,0.0004371567629277,0.0004371567629277,0.0004371567629277,0.0004292076046112,1.0,1.0,1.0185205936431885
65,26,13447,suppresses_cannot,-0.0004330335941631,0.0004330335941631,0.0004330335941631,0.0003620705392677,0.0,1.0,1.195992350578308
66,24,12782,suppresses_cannot,-0.0004282670561224,0.0004282670561224,0.0004282670561224,0.0003052682732231,0.0,1.0,1.4029202461242676
67,26,11941,supports_cannot,0.0004279570421203,0.0004279570421203,0.0004372295516077,0.0005401373491622,0.9432989954948424,0.9432989954948424,0.7923114895820618
68,10,11570,supports_cannot,0.0004221551062073,0.0004221551062073,0.0005737438914366,0.0010477098403498,0.876288652420044,0.876288652420044,0.4029313027858734
69,30,11970,suppresses_cannot,-0.0004195595392957,0.0004195595392957,0.0004195595392957,0.0003373279178049,0.0,1.0,1.2437735795974731
70,10,1084,suppresses_cannot,-0.000414863374317,0.000414863374317,0.0006301627145148,0.0007794640259817,0.1701030880212783,0.8298969268798828,0.5322418212890625
71,20,5237,supports_cannot,0.0004126484855078,0.0004126484855078,0.0004128752334509,0.0004032956785522,0.9948453903198242,0.9948453903198242,1.023190975189209
72,20,9623,suppresses_cannot,-0.0004101441591046,0.0004101441591046,0.0004107131680939,0.0003473305550869,0.0051546390168368,0.9948453903198242,1.1808468103408811
73,22,7399,supports_cannot,0.0004097373748663,0.0004097373748663,0.0004097373748663,0.0003801726561505,1.0,1.0,1.0777665376663208
74,19,8952,supports_cannot,0.0004090076836291,0.0004090076836291,0.0004090076836291,0.0002548279298935,1.0,1.0,1.6050347089767456
75,28,4074,suppresses_cannot,-0.000404268503189,0.000404268503189,0.0004044350353069,0.0004122731625102,0.0051546390168368,0.9948453903198242,0.9805840849876404
76,23,2343,supports_cannot,0.0004013134748674,0.0004013134748674,0.0004013134748674,0.0004737270064651,1.0,1.0,0.8471407890319824
77,31,12446,supports_cannot,0.0003996641898993,0.0003996641898993,0.0003996641898993,0.0004144025151617,1.0,1.0,0.9644347429275512
78,18,8592,supports_cannot,0.0003974041319452,0.0003974041319452,0.0003988973330706,0.0002916039084084,0.9948453903198242,0.9948453903198242,1.3628216981887815
79,28,6033,suppresses_cannot,-0.0003900746232829,0.0003900746232829,0.0003906970669049,0.0003635245084296,0.0103092780336737,0.9896907210350036,1.0730352401733398
80,18,3031,suppresses_cannot,-0.0003900362062267,0.0003900362062267,0.0003900362062267,0.0004544304392766,0.0,1.0,0.858296811580658
81,27,8839,suppresses_cannot,-0.0003858276177197,0.0003858276177197,0.0003858276177197,0.0003789219772443,0.0,1.0,1.0182244777679443
82,28,3057,supports_cannot,0.0003781570703722,0.0003781570703722,0.0003781570703722,0.0003061215102206,1.0,1.0,1.2353168725967407
83,31,10075,suppresses_cannot,-0.000377919874154,0.000377919874154,0.000377919874154,0.0003550874534994,0.0,1.0,1.0643008947372437
84,30,11618,supports_cannot,0.0003755940706469,0.0003755940706469,0.0003755940706469,0.0003558979660738,1.0,1.0,1.0553419589996338
85,31,7944,suppresses_cannot,-0.0003748904855456,0.0003748904855456,0.0003748904855456,0.0002734767040237,0.0,1.0,1.3708314895629885
86,26,12639,suppresses_cannot,-0.0003739917883649,0.0003739917883649,0.0003739917883649,0.0003484631015453,0.0,1.0,1.07326078414917
87,24,13102,supports_cannot,0.0003711120225489,0.0003711120225489,0.0003711120225489,0.0002828072174452,1.0,1.0,1.3122438192367554
88,13,13879,supports_cannot,0.0003692068275995,0.0003692068275995,0.0004827026859857,0.0009642360964789,0.7371134161949158,0.7371134161949158,0.3829008638858795
89,21,13085,suppresses_cannot,-0.0003686430572997,0.0003686430572997,0.0003686430572997,0.000341309729265,0.0,1.0,1.0800836086273191
90,18,3236,supports_cannot,0.0003663946699816,0.0003663946699816,0.0003680857189465,0.000468889484182,0.984536111354828,0.984536111354828,0.7814094424247742
91,28,12743,supports_cannot,0.0003630239225458,0.0003630239225458,0.0003630239225458,0.0003731298784259,1.0,1.0,0.9729157090187072
92,31,11276,suppresses_cannot,-0.0003626847465056,0.0003626847465056,0.0003626847465056,0.0003376285312697,0.0,1.0,1.0742124319076538
93,12,1889,suppresses_cannot,-0.0003583581710699,0.0003583581710699,0.0003622711810749,0.0003126458614133,0.0206185560673475,0.9793814420700072,1.1462111473083496
94,20,10080,suppresses_cannot,-0.0003582134668249,0.0003582134668249,0.0003584555815905,0.0003382800496183,0.0051546390168368,0.9948453903198242,1.058925747871399
95,24,9569,supports_cannot,0.0003538613964337,0.0003538613964337,0.0003559924371074,0.0003790556802414,0.9948453903198242,0.9948453903198242,0.9335340857505798
96,17,5245,suppresses_cannot,-0.0003524096973706,0.0003524096973706,0.0003524096973706,0.0002942470018751,0.0,1.0,1.1976662874221802
97,31,3611,suppresses_cannot,-0.0003476806450635,0.0003476806450635,0.0003476806450635,0.0003508025547489,0.0,1.0,0.9911006689071656
98,15,5080,supports_cannot,0.0003432207449804,0.0003432207449804,0.0003432207449804,0.0005853869370184,1.0,1.0,0.58631432056427
99,19,14046,supports_cannot,0.0003401615540497,0.0003401615540497,0.0003411649959161,0.0004232238279655,0.969072163105011,0.969072163105011,0.8037391304969788
100,17,1632,supports_cannot,0.0003385958552826,0.0003385958552826,0.000341979204677,0.0003932227264158,0.9793814420700072,0.9793814420700072,0.8610790371894836
101,17,8517,suppresses_cannot,-0.0003385036834515,0.0003385036834515,0.0003385036834515,0.0003044039185624,0.0,1.0,1.1120214462280271
102,15,1832,suppresses_cannot,-0.0003363053838256,0.0003363053838256,0.0003363053838256,0.0003417809784878,0.0,1.0,0.9839792251586914
103,14,1406,supports_cannot,0.0003362509887665,0.0003362509887665,0.000338384474162,0.0004991982132196,0.984536111354828,0.984536111354828,0.673582136631012
104,31,2153,supports_cannot,0.0003361732815392,0.0003361732815392,0.0003361732815392,0.0002987142943311,1.0,1.0,1.1254006624221802
105,23,12181,supports_cannot,0.0003358153335284,0.0003358153335284,0.0003386517637409,0.0003455395053606,0.9587628841400146,0.9587628841400146,0.971858024597168
106,16,6772,supports_cannot,0.0003346711746416,0.0003346711746416,0.0003368992765899,0.0003724684356711,0.9896907210350036,0.9896907210350036,0.8985222578048706
107,30,12394,supports_cannot,0.0003313990600872,0.0003313990600872,0.0003614656161516,0.0004677795805037,0.8917526006698608,0.8917526006698608,0.7084513306617737
108,15,1026,suppresses_cannot,-0.0003292969195172,0.0003292969195172,0.0003297934308648,0.0012890255311504,0.0154639175161719,0.984536111354828,0.2554619014263153
109,15,6918,supports_cannot,0.0003272239700891,0.0003272239700891,0.0003272239700891,0.000375134171918,1.0,1.0,0.8722851276397705
110,27,4251,suppresses_cannot,-0.0003268177970312,0.0003268177970312,0.0003268177970312,0.0003313601773697,0.0,1.0,0.9862917065620422
111,28,13790,supports_cannot,0.0003240510995965,0.0003240510995965,0.0003240510995965,0.0002787532284855,1.0,1.0,1.1625016927719116
112,27,11269,suppresses_cannot,-0.0003204576205462,0.0003204576205462,0.0003204576205462,0.0002851340686902,0.0,1.0,1.1238839626312256
113,18,11215,supports_cannot,0.0003202821826562,0.0003202821826562,0.000320445629768,0.0003110915422439,0.9948453903198242,0.9948453903198242,1.029543161392212
114,16,2995,supports_cannot,0.0003197257756255,0.0003197257756255,0.0003197257756255,0.0002859105006791,1.0,1.0,1.1182721853256226
115,16,14185,suppresses_cannot,-0.0003171766002196,0.0003171766002196,0.000318427075399,0.0002637088764458,0.0154639175161719,0.984536111354828,1.2027528285980225
116,28,7737,supports_cannot,0.0003161974309477,0.0003161974309477,0.0003161974309477,0.0002398038486717,1.0,1.0,1.318566918373108
117,28,9628,supports_cannot,0.0003155832528136,0.0003155832528136,0.0003155832528136,0.0002467724261805,1.0,1.0,1.2788432836532593
118,14,12563,supports_cannot,0.0003129182441625,0.0003129182441625,0.000313293072395,0.0002919552789535,0.9948453903198242,0.9948453903198242,1.071802020072937
119,31,10715,suppresses_cannot,-0.0003107617085333,0.0003107617085333,0.0003107617085333,0.0002888123854063,0.0,1.0,1.0759985446929932
120,22,9265,suppresses_cannot,-0.0003104464849457,0.0003104464849457,0.0003104464849457,0.0003124032809864,0.0,1.0,0.9937363266944884
121,15,630,suppresses_cannot,-0.0003101168258581,0.0003101168258581,0.0003101334150414,0.0003118980093859,0.0051546390168368,0.9948453903198242,0.994289219379425
122,17,9255,suppresses_cannot,-0.0003089877136517,0.0003089877136517,0.0003089877136517,0.000242288748268,0.0,1.0,1.27528715133667
123,29,90,supports_cannot,0.0003081335744354,0.0003081335744354,0.0003081335744354,0.0003023119061253,1.0,1.0,1.0192571878433228
124,28,7137,supports_cannot,0.000307758746203,0.000307758746203,0.000307758746203,0.000195899803657,1.0,1.0,1.5710008144378662
125,30,1754,supports_cannot,0.0003061571042053,0.0003061571042053,0.0003061571042053,0.000235802915995,1.0,1.0,1.2983601093292236
126,23,1498,supports_cannot,0.0003052200190722,0.0003052200190722,0.0003052200190722,0.0002432803885312,1.0,1.0,1.2546018362045288
127,18,9102,suppresses_cannot,-0.0003051020321436,0.0003051020321436,0.0003061823081225,0.0003433262463659,0.0051546390168368,0.9948453903198242,0.8886650204658508
128,31,5369,suppresses_cannot,-0.0003049235383514,0.0003049235383514,0.0003049235383514,0.0002740225463639,0.0,1.0,1.112768054008484
129,30,7545,supports_cannot,0.0003046826459467,0.0003046826459467,0.0003053850086871,0.0003501116298139,0.9948453903198242,0.9948453903198242,0.8702442646026611
130,25,12935,suppresses_cannot,-0.0003034454130101,0.0003034454130101,0.0003034454130101,0.0002131810324499,0.0,1.0,1.4234166145324707
131,29,9595,suppresses_cannot,-0.0003027501225005,0.0003027501225005,0.0003027501225005,0.0002741054922807,0.0,1.0,1.1045022010803225
132,27,1686,supports_cannot,0.0003026619378942,0.0003026619378942,0.0003026619378942,0.0002320509083801,1.0,1.0,1.3042911291122437
133,16,11992,supports_cannot,0.0003007601189892,0.0003007601189892,0.0003093321283813,0.0006564024370163,0.8711340427398682,0.8711340427398682,0.4581947028636932
134,23,9380,supports_cannot,0.0003006989718414,0.0003006989718414,0.0003249648434575,0.000358532735845,0.9278350472450256,0.9278350472450256,0.8386932015419006
135,28,6596,suppresses_cannot,-0.0003006562765222,0.0003006562765222,0.0003006562765222,0.0002947682805825,0.0,1.0,1.019974946975708
136,20,8323,supports_cannot,0.0002982014266308,0.0002982014266308,0.0002982014266308,0.0002851607569027,1.0,1.0,1.0457309484481812
137,31,3387,suppresses_cannot,-0.0002976112009491,0.0002976112009491,0.000315193348797,0.0002901282568927,0.041237112134695,0.9587628841400146,1.025791883468628
138,28,10351,supports_cannot,0.000297469261568,0.000297469261568,0.000297469261568,0.0002259596803924,1.0,1.0,1.316470503807068
139,25,12046,supports_cannot,0.0002966679749079,0.0002966679749079,0.0002966679749079,0.0003620593633968,1.0,1.0,0.8193904161453247
140,16,3884,supports_cannot,0.0002963631995953,0.0002963631995953,0.0002963631995953,0.0002594413526821,1.0,1.0,1.1423128843307495
141,22,3766,suppresses_cannot,-0.0002958187833428,0.0002958187833428,0.0003008089843206,0.000297461025184,0.0515463910996913,0.9484536051750184,0.9944791197776794
142,23,4769,supports_cannot,0.000294443569146,0.000294443569146,0.000294443569146,0.0002338070917176,1.0,1.0,1.2593441009521484
143,17,12927,supports_cannot,0.0002917920937761,0.0002917920937761,0.000293746124953,0.0005131617072038,0.9793814420700072,0.9793814420700072,0.5686162710189819
144,18,9220,suppresses_cannot,-0.0002906970621552,0.0002906970621552,0.0002906970621552,0.0002427057625027,0.0,1.0,1.1977344751358032
145,15,5862,suppresses_cannot,-0.0002906903100665,0.0002906903100665,0.0002983805316034,0.0002966789179481,0.041237112134695,0.9587628841400146,0.9798145294189452
146,31,2085,suppresses_cannot,-0.0002894336939789,0.0002894336939789,0.0002915598161052,0.0002843975380528,0.0154639175161719,0.984536111354828,1.0177081823349
147,31,7267,supports_cannot,0.0002889755996875,0.0002889755996875,0.0003071630198974,0.000293712131679,0.9793814420700072,0.9793814420700072,0.9838735461235046
148,31,10716,suppresses_cannot,-0.0002881138061638,0.0002881138061638,0.0002881138061638,0.0003637490153778,0.0,1.0,0.7920675873756409
149,30,12336,suppresses_cannot,-0.0002878231462091,0.0002878231462091,0.0002878231462091,0.0002310083073098,0.0,1.0,1.2459428310394287
150,14,12421,suppresses_cannot,-0.0002854389604181,0.0002854389604181,0.0002855391358025,0.0004509809077717,0.0103092780336737,0.9896907210350036,0.6329291462898254
151,31,5178,supports_cannot,0.0002851255703717,0.0002851255703717,0.0002851255703717,0.0003123031638097,1.0,1.0,0.912976861000061
152,14,1559,suppresses_cannot,-0.0002847175637725,0.0002847175637725,0.0003083701594732,0.0003651479200925,0.0567010305821895,0.9432989954948424,0.7797321081161499
153,19,10082,supports_cannot,0.0002845971321221,0.0002845971321221,0.0002910270413849,0.0004467146936804,0.938144326210022,0.938144326210022,0.6370892524719238
154,24,8765,supports_cannot,0.0002845949784386,0.0002845949784386,0.0002845949784386,0.0003403606533538,1.0,1.0,0.8361570835113525
155,16,9495,suppresses_cannot,-0.0002839872613549,0.0002839872613549,0.0003029575163964,0.0003682315291371,0.0257731955498456,0.9742268323898317,0.7712193131446838
156,29,10790,suppresses_cannot,-0.0002839083026628,0.0002839083026628,0.0002839083026628,0.0002089351473841,0.0,1.0,1.3588346242904663
157,13,2776,suppresses_cannot,-0.0002839048975147,0.0002839048975147,0.0002842993999365,0.0003582998760975,0.0206185560673475,0.9793814420700072,0.7923667430877686
158,31,5441,suppresses_cannot,-0.0002816847991198,0.0002816847991198,0.0002816847991198,0.0002545594761613,0.0,1.0,1.106557846069336
159,29,8508,supports_cannot,0.000281183689367,0.000281183689367,0.000281183689367,0.0002447191800456,1.0,1.0,1.1490055322647097
160,10,11152,suppresses_cannot,-0.0002810632577165,0.0002810632577165,0.000490219623316,0.0008675117860548,0.3814432919025421,0.6185567378997803,0.3239878118038177
161,20,88,supports_cannot,0.0002802929957397,0.0002802929957397,0.0002802929957397,0.0002459459356032,1.0,1.0,1.1396528482437134
162,15,8354,suppresses_cannot,-0.000279305211734,0.000279305211734,0.0002985507599078,0.0008668202790431,0.2474226802587509,0.7525773048400879,0.322218120098114
163,18,6431,supports_cannot,0.0002785813703667,0.0002785813703667,0.0002785813703667,0.0002609950024634,1.0,1.0,1.0673819780349731
164,31,124,suppresses_cannot,-0.0002778857597149,0.0002778857597149,0.0002778857597149,0.0002407186111668,0.0,1.0,1.1544008255004885
165,31,287,supports_cannot,0.0002776206238195,0.0002776206238195,0.0002781005168799,0.0002026626898441,0.9948453903198242,0.9948453903198242,1.3698655366897583
166,21,10170,suppresses_cannot,-0.0002761673822533,0.0002761673822533,0.0003364915610291,0.0003634523309301,0.1391752511262893,0.8608247637748718,0.7598448395729065
167,29,911,supports_cannot,0.000274025282124,0.000274025282124,0.000274025282124,0.0002820480731315,1.0,1.0,0.971555233001709
168,29,841,suppresses_cannot,-0.0002739257470238,0.0002739257470238,0.0002886861911974,0.0002545920142438,0.0154639175161719,0.984536111354828,1.0759400129318235
169,16,12860,supports_cannot,0.0002733883738983,0.0002733883738983,0.0002765333047136,0.0002640424063429,0.9896907210350036,0.9896907210350036,1.0353957414627075
170,12,5760,supports_cannot,0.0002720303891692,0.0002720303891692,0.0003050415252801,0.0003214897296857,0.8969072103500366,0.8969072103500366,0.8461557626724243
171,17,4802,supports_cannot,0.0002716629242058,0.0002716629242058,0.0002733287692535,0.0001946479460457,0.9896907210350036,0.9896907210350036,1.3956629037857056
172,23,5722,suppresses_cannot,-0.0002715009904932,0.0002715009904932,0.0002715009904932,0.0002622700412757,0.0,1.0,1.035196304321289
173,31,10850,supports_cannot,0.0002713102148845,0.0002713102148845,0.0002713102148845,0.0002195728447986,1.0,1.0,1.2356274127960205
174,19,6804,supports_cannot,0.0002713052963372,0.0002713052963372,0.0002713052963372,0.0002421519602648,1.0,1.0,1.120392680168152
175,31,11861,suppresses_cannot,-0.0002701537450775,0.0002701537450775,0.0002701537450775,0.000246365671046,0.0,1.0,1.0965559482574463
176,19,12151,supports_cannot,0.0002693991700652,0.0002693991700652,0.0002753018634393,0.0001975888299057,0.9742268323898317,0.9742268323898317,1.3634332418441772
177,25,5676,suppresses_cannot,-0.0002693567657843,0.0002693567657843,0.0002693567657843,0.000227372162044,0.0,1.0,1.184651494026184
178,31,4995,supports_cannot,0.000268733681878,0.000268733681878,0.0002695220755413,0.0002288719115313,0.9896907210350036,0.9896907210350036,1.1741663217544556
179,31,7450,supports_cannot,0.0002677025913726,0.0002677025913726,0.0002677025913726,0.0003060696180909,1.0,1.0,0.8746460676193237
180,31,10459,supports_cannot,0.0002670727553777,0.0002670727553777,0.0002670727553777,0.0003347515303175,1.0,1.0,0.7978238463401794
181,30,2226,suppresses_cannot,-0.0002666810178197,0.0002666810178197,0.0002666810178197,0.0002498204703442,0.0,1.0,1.0674906969070437
182,19,6569,suppresses_cannot,-0.0002664748462848,0.0002664748462848,0.0002664963540155,0.0002857271756511,0.0051546390168368,0.9948453903198242,0.9326198697090148
183,12,6358,supports_cannot,0.0002664717903826,0.0002664717903826,0.0002671772090252,0.0002492198545951,0.9896907210350036,0.9896907210350036,1.0692237615585327
184,14,7642,supports_cannot,0.0002657494624145,0.0002657494624145,0.0002775837492663,0.0003530313551891,0.938144326210022,0.938144326210022,0.7527644634246826
185,18,3261,suppresses_cannot,-0.0002654465206433,0.0002654465206433,0.0003095109423156,0.0005826790584251,0.22164948284626,0.7783505320549011,0.4555621445178985
186,31,10014,supports_cannot,0.0002645521308295,0.0002645521308295,0.0002645521308295,0.0002508587203919,1.0,1.0,1.0545861721038818
187,15,7441,suppresses_cannot,-0.0002627065405249,0.0002627065405249,0.0002891728654503,0.0004098615027032,0.0773195847868919,0.92268043756485,0.640964150428772
188,15,8697,suppresses_cannot,-0.0002626444911584,0.0002626444911584,0.0003055801207665,0.000438673683675,0.1185567006468772,0.8814433217048645,0.5987240672111511
189,26,9692,suppresses_cannot,-0.0002619055740069,0.0002619055740069,0.0002619055740069,0.0002783166710287,0.0,1.0,0.9410344362258912
190,20,5512,suppresses_cannot,-0.000260553730186,0.000260553730186,0.000260553730186,0.000231240177527,0.0,1.0,1.1267666816711426
191,27,6091,suppresses_cannot,-0.0002592359669506,0.0002592359669506,0.0002592359669506,0.0002238229790236,0.0,1.0,1.1582187414169312
192,27,13519,supports_cannot,0.0002591643715277,0.0002591643715277,0.0002591643715277,0.0003078727168031,1.0,1.0,0.8417906165122986
193,29,4265,suppresses_cannot,-0.0002589631185401,0.0002589631185401,0.0002589631185401,0.0002179208240704,0.0,1.0,1.1883357763290403
194,22,10842,supports_cannot,0.000258751126239,0.000258751126239,0.000258751126239,0.0003700047382153,1.0,1.0,0.6993184089660645
195,20,11425,suppresses_cannot,-0.000258642976405,0.000258642976405,0.000258642976405,0.0003957625012844,0.0,1.0,0.6535307765007019
196,30,12764,supports_cannot,0.0002558132982812,0.0002558132982812,0.0002558132982812,0.0002268001990159,1.0,1.0,1.127923607826233
197,30,2049,supports_cannot,0.0002549908240325,0.0002549908240325,0.0002549908240325,0.0002379613288212,1.0,1.0,1.0715640783309937
198,19,10624,supports_cannot,0.0002545840397942,0.0002545840397942,0.0002545840397942,0.00026907082065,1.0,1.0,0.9461599588394164
199,13,8310,supports_cannot,0.000254349928582,0.000254349928582,0.0002664134080987,0.0002818166103679,0.92268043756485,0.92268043756485,0.9025370478630066
200,16,6901,suppresses_cannot,-0.0002529525954741,0.0002529525954741,0.0002614600816741,0.0003433616657275,0.041237112134695,0.9587628841400146,0.7366943359375
201,24,8362,suppresses_cannot,-0.0002528115583118,0.0002528115583118,0.0002528115583118,0.0002153700479539,0.0,1.0,1.1738473176956177
202,21,5297,suppresses_cannot,-0.0002525313757359,0.0002525313757359,0.000273099867627,0.0002681431360542,0.0567010305821895,0.9432989954948424,0.9417782425880432
203,18,3876,supports_cannot,0.0002524370502214,0.0002524370502214,0.0002524370502214,0.000257661595242,1.0,1.0,0.9797232151031494
204,25,13289,supports_cannot,0.0002519457484595,0.0002519457484595,0.0002519457484595,0.0002071932976832,1.0,1.0,1.2159937620162964
205,16,5547,supports_cannot,0.0002516160893719,0.0002516160893719,0.0002516160893719,0.0002057338424492,1.0,1.0,1.2230174541473389
206,28,11275,supports_cannot,0.0002512179198674,0.0002512179198674,0.0002512179198674,0.0001808449305826,1.0,1.0,1.389134407043457
207,31,8345,supports_cannot,0.0002510234189685,0.0002510234189685,0.0002510234189685,0.0002609422372188,1.0,1.0,0.9619884490966796
208,24,5048,suppresses_cannot,-0.0002505078737158,0.0002505078737158,0.0002505078737158,0.000265210022917,0.0,1.0,0.9445641040802002
209,15,13318,suppresses_cannot,-0.0002503275172784,0.0002503275172784,0.0002509469341021,0.0002270653349114,0.0051546390168368,0.9948453903198242,1.1024470329284668
210,29,5764,supports_cannot,0.0002495449734851,0.0002495449734851,0.0002495449734851,0.000227063006605,1.0,1.0,1.099012017250061
211,22,5804,suppresses_cannot,-0.0002492767525836,0.0002492767525836,0.0002553619560785,0.0003423258312977,0.0206185560673475,0.9793814420700072,0.7281856536865234
212,22,2958,supports_cannot,0.0002489516919013,0.0002489516919013,0.0002489516919013,0.000245360773988,1.0,1.0,1.01463520526886
213,28,2570,suppresses_cannot,-0.0002488026802893,0.0002488026802893,0.0002488026802893,0.0002175543340854,0.0,1.0,1.1436346769332886
214,18,7152,suppresses_cannot,-0.0002469758328516,0.0002469758328516,0.0002469758328516,0.0002352159062866,0.0,1.0,1.049996256828308
215,28,547,supports_cannot,0.0002464535355102,0.0002464535355102,0.0002464535355102,0.0002417704381514,1.0,1.0,1.0193699598312378
216,21,4502,suppresses_cannot,-0.0002459545794408,0.0002459545794408,0.0002459545794408,0.0001766811037668,0.0,1.0,1.3920819759368896
217,31,12358,supports_cannot,0.0002453108900226,0.0002453108900226,0.0002453108900226,0.0002089739136863,1.0,1.0,1.1738828420639038
218,15,4768,suppresses_cannot,-0.0002449839957989,0.0002449839957989,0.0002747586695477,0.0004387696972116,0.1391752511262893,0.8608247637748718,0.5583429932594299
219,30,1443,supports_cannot,0.000244969560299,0.000244969560299,0.000244969560299,0.0002250680990982,1.0,1.0,1.0884242057800293
220,19,7875,suppresses_cannot,-0.0002440561365801,0.0002440561365801,0.000246654759394,0.0002404438419034,0.0154639175161719,0.984536111354828,1.0150234699249268
221,31,7104,supports_cannot,0.0002435556380078,0.0002435556380078,0.0002435556380078,0.0002354697789996,1.0,1.0,1.0343393087387085
222,22,6781,suppresses_cannot,-0.0002428744919598,0.0002428744919598,0.0002428744919598,0.0001582579570822,0.0,1.0,1.5346747636795044
223,14,8131,suppresses_cannot,-0.0002428028965368,0.0002428028965368,0.0002428987645544,0.0003377523971721,0.0154639175161719,0.984536111354828,0.7188783884048462
224,16,3598,suppresses_cannot,-0.000242778318352,0.000242778318352,0.000242778318352,0.0002050615294137,0.0,1.0,1.1839290857315063
225,28,3182,supports_cannot,0.0002419730444671,0.0002419730444671,0.0002419730444671,0.0001964971161214,1.0,1.0,1.2314330339431765
226,19,11716,suppresses_cannot,-0.00024179299362,0.00024179299362,0.00024179299362,0.0001644749863771,0.0,1.0,1.4700897932052612
227,24,6314,supports_cannot,0.0002405720297247,0.0002405720297247,0.0002405720297247,0.0002915961958933,1.0,1.0,0.8250177502632141
228,26,10933,suppresses_cannot,-0.0002396229683654,0.0002396229683654,0.0002396229683654,0.0001969303848454,0.0,1.0,1.2167901992797852
229,1,2427,supports_cannot,0.0002395642804913,0.0002395642804913,0.0002662991173565,0.0004684043524321,0.876288652420044,0.876288652420044,0.5114476084709167
230,18,12745,suppresses_cannot,-0.0002393854665569,0.0002393854665569,0.0002393854665569,0.0002048681053565,0.0,1.0,1.1684857606887815
231,27,3387,suppresses_cannot,-0.0002392782334936,0.0002392782334936,0.000239653076278,0.0003841342404484,0.0206185560673475,0.9793814420700072,0.6229026317596436
232,15,12971,supports_cannot,0.0002388096909271,0.0002388096909271,0.0002388096909271,0.0002322215004824,1.0,1.0,1.0283702611923218
233,30,11984,suppresses_cannot,-0.0002387052372796,0.0002387052372796,0.0002387052372796,0.0002310307463631,0.0,1.0,1.033218502998352
234,22,6451,suppresses_cannot,-0.0002381214726483,0.0002381214726483,0.0002381214726483,0.0003626924008131,0.0,1.0,0.6565383672714233
235,31,5883,suppresses_cannot,-0.0002380664809606,0.0002380664809606,0.0002380664809606,0.0002645243948791,0.0,1.0,0.899979293346405
236,28,435,suppresses_cannot,-0.0002371890004724,0.0002371890004724,0.0002371890004724,0.0002282983332406,0.0,1.0,1.0389431715011597
237,21,5287,suppresses_cannot,-0.00023707440414,0.00023707440414,0.00023707440414,0.0002021324035013,0.0,1.0,1.172866940498352
238,20,13350,suppresses_cannot,-0.0002366166154388,0.0002366166154388,0.0002366166154388,0.0002770799910649,0.0,1.0,0.8539649844169617
239,29,2252,suppresses_cannot,-0.0002359253267059,0.0002359253267059,0.0002359253267059,0.0002087939938064,0.0,1.0,1.1299430131912231
240,14,4589,supports_cannot,0.0002357892226427,0.0002357892226427,0.0002518234832677,0.0002713922876864,0.9639175534248352,0.9639175534248352,0.8688132762908936
241,20,4035,supports_cannot,0.0002355163887841,0.0002355163887841,0.0002374513860559,0.0002710424596443,0.984536111354828,0.984536111354828,0.8689280152320862
242,31,7791,supports_cannot,0.0002354457246838,0.0002354457246838,0.0002354457246838,0.0002783058735076,1.0,1.0,0.8459962606430054
243,14,12198,suppresses_cannot,-0.00023533788044,0.00023533788044,0.0002354331227252,0.0003977218584623,0.0103092780336737,0.9896907210350036,0.5917147397994995
244,15,1236,supports_cannot,0.0002352921001147,0.0002352921001147,0.0002398490905761,0.0002907591697294,0.9587628841400146,0.9587628841400146,0.8092336654663086
245,20,13625,supports_cannot,0.0002346226247027,0.0002346226247027,0.0002346226247027,0.0001959069631993,1.0,1.0,1.1976226568222046
246,19,13010,suppresses_cannot,-0.0002343338128412,0.0002343338128412,0.0002343338128412,0.0002364781248616,0.0,1.0,0.990932285785675
247,29,6141,suppresses_cannot,-0.0002336867619305,0.0002336867619305,0.0002336867619305,0.0002076575765386,0.0,1.0,1.1253466606140137
248,11,2963,suppresses_cannot,-0.0002334812306798,0.0002334812306798,0.0002338935446459,0.0001977831707336,0.0154639175161719,0.984536111354828,1.1804908514022827
249,24,7928,supports_cannot,0.0002313400618731,0.0002313400618731,0.0002313400618731,0.0001303363242186,1.0,1.0,1.774946928024292
250,19,29,suppresses_cannot,-0.0002311477292096,0.0002311477292096,0.0002311477292096,0.0002389626897638,0.0,1.0,0.967296302318573
251,28,10999,supports_cannot,0.000230810692301,0.000230810692301,0.000231069381698,0.0002234556595794,0.9948453903198242,0.9948453903198242,1.0329149961471558
252,31,2549,supports_cannot,0.0002302426000824,0.0002302426000824,0.0002308454131707,0.0002325280074728,0.9948453903198242,0.9948453903198242,0.990171492099762
253,24,1956,supports_cannot,0.00023021279776,0.00023021279776,0.00023021279776,0.0001915490574901,1.0,1.0,1.2018476724624634
254,31,13812,suppresses_cannot,-0.0002300926716998,0.0002300926716998,0.0002300926716998,0.0002033958444371,0.0,1.0,1.1312555074691772
255,18,11782,suppresses_cannot,-0.0002297906466992,0.0002297906466992,0.0002435279893688,0.0002610870287753,0.0670103058218956,0.9329897165298462,0.8801304697990417
256,23,1043,suppresses_cannot,-0.0002294671285199,0.0002294671285199,0.0002294671285199,0.0002064428990706,0.0,1.0,1.1115282773971558
257,17,5191,suppresses_cannot,-0.0002291279379278,0.0002291279379278,0.0002291279379278,0.000199001544388,0.0,1.0,1.1513876914978027
258,28,5712,suppresses_cannot,-0.0002290628035552,0.0002290628035552,0.0002294130536029,0.0002893994678743,0.0103092780336737,0.9896907210350036,0.791510820388794
259,24,10631,supports_cannot,0.00022880655888,0.00022880655888,0.00022880655888,0.0002301025087945,1.0,1.0,0.9943679571151732
260,31,11817,suppresses_cannot,-0.0002279373729834,0.0002279373729834,0.0002279373729834,0.0002590656513348,0.0,1.0,0.879844069480896
261,27,5995,supports_cannot,0.0002279152540722,0.0002279152540722,0.0002279152540722,0.0001991673343582,1.0,1.0,1.1443405151367188
262,31,3402,suppresses_cannot,-0.0002275410370202,0.0002275410370202,0.0002275410370202,0.0001668584154685,0.0,1.0,1.3636772632598877
263,30,3843,suppresses_cannot,-0.0002273637655889,0.0002273637655889,0.000254227023106,0.0002978203992825,0.0309278350323438,0.969072163105011,0.7634257674217224
264,21,2485,supports_cannot,0.000227220589295,0.000227220589295,0.000227220589295,0.0002539129345677,1.0,1.0,0.8948760032653809
265,26,13873,suppresses_cannot,-0.0002266263909405,0.0002266263909405,0.0002266263909405,0.0002479766553733,0.0,1.0,0.9139021039009094
266,13,3822,suppresses_cannot,-0.0002264334325445,0.0002264334325445,0.0002270897093694,0.0003507921646814,0.0360824726521968,0.9639175534248352,0.6454917192459106
267,31,3935,suppresses_cannot,-0.0002262493944726,0.0002262493944726,0.0002262493944726,0.0002085757587337,0.0,1.0,1.0847347974777222
268,30,10669,supports_cannot,0.0002262226771563,0.0002262226771563,0.0002262226771563,0.0001993407786358,1.0,1.0,1.1348539590835571
269,9,10216,suppresses_cannot,-0.000226147705689,0.000226147705689,0.0003854162350762,0.0005389618454501,0.2010309249162674,0.7989690899848938,0.4195987284183502
270,21,11188,suppresses_cannot,-0.0002260460023535,0.0002260460023535,0.000231427635299,0.0005257279262878,0.1082474216818809,0.8917526006698608,0.4299676418304443
271,19,4762,supports_cannot,0.0002257928426843,0.0002257928426843,0.000227087555686,0.0002297842438565,0.969072163105011,0.969072163105011,0.9826297760009766
272,25,4868,suppresses_cannot,-0.0002255879080621,0.0002255879080621,0.0002255879080621,0.0002104481391143,0.0,1.0,1.0719406604766846
273,31,4786,suppresses_cannot,-0.0002250591496704,0.0002250591496704,0.0002250591496704,0.0002262052730657,0.0,1.0,0.9949332475662231
274,26,3004,suppresses_cannot,-0.0002249937097076,0.0002249937097076,0.0002249937097076,0.0001524838153272,0.0,1.0,1.475525140762329
275,20,3876,supports_cannot,0.0002248849486932,0.0002248849486932,0.0002248849486932,0.0002266216761199,1.0,1.0,0.9923364520072936
276,17,11818,supports_cannot,0.0002243039489258,0.0002243039489258,0.0002243039489258,0.000191718674614,1.0,1.0,1.1699639558792114
277,28,12278,supports_cannot,0.0002234605781268,0.0002234605781268,0.0002234605781268,0.0002071985072689,1.0,1.0,1.0784854888916016
278,21,8760,suppresses_cannot,-0.000222931819735,0.000222931819735,0.0002235585852758,0.0001857884926721,0.0154639175161719,0.984536111354828,1.1999226808547974
279,31,3691,supports_cannot,0.0002229093952337,0.0002229093952337,0.0002229093952337,0.0001830586261348,1.0,1.0,1.2176940441131592
280,30,3175,supports_cannot,0.0002227318036602,0.0002227318036602,0.0002227318036602,0.0001516302872914,1.0,1.0,1.4689136743545532
281,15,12099,suppresses_cannot,-0.000222484479309,0.000222484479309,0.0002224967611255,0.0001829692919272,0.0051546390168368,0.9948453903198242,1.2159662246704102
282,15,1706,supports_cannot,0.0002221440518042,0.0002221440518042,0.0002221440518042,0.0002451087057124,1.0,1.0,0.9063082933425904
283,31,1157,suppresses_cannot,-0.0002219154703198,0.0002219154703198,0.0002219154703198,0.0002101570862578,0.0,1.0,1.055950403213501
284,26,12922,suppresses_cannot,-0.0002216810389654,0.0002216810389654,0.0002217240544268,0.0001636122033232,0.0051546390168368,0.9948453903198242,1.3549175262451172
285,26,8427,suppresses_cannot,-0.0002214632113464,0.0002214632113464,0.0002214632113464,0.0001599636889295,0.0,1.0,1.3844592571258545
286,20,5957,supports_cannot,0.0002213492261944,0.0002213492261944,0.0002213492261944,0.0002891730109695,1.0,1.0,0.7654560208320618
287,31,13271,supports_cannot,0.0002210011152783,0.0002210011152783,0.0002210011152783,0.0002030753239523,1.0,1.0,1.0882716178894043
288,29,4017,supports_cannot,0.0002208241494372,0.0002208241494372,0.0002208241494372,0.0001830732799135,1.0,1.0,1.2062063217163086
289,31,12850,suppresses_cannot,-0.0002204680495196,0.0002204680495196,0.0002204680495196,0.000182082018,0.0,1.0,1.2108172178268433
290,21,1653,supports_cannot,0.0002201654278906,0.0002201654278906,0.0002201654278906,0.0001726900081848,1.0,1.0,1.2749170064926147
291,27,14327,supports_cannot,0.0002190446102758,0.0002190446102758,0.0002190446102758,0.0002044450229732,1.0,1.0,1.0714107751846311
292,30,1384,supports_cannot,0.0002190012892242,0.0002190012892242,0.0002190012892242,0.0001896268950076,1.0,1.0,1.1549062728881836
293,22,377,supports_cannot,0.0002189324732171,0.0002189324732171,0.0002189324732171,0.0002514342777431,1.0,1.0,0.8707343935966492
294,31,3743,suppresses_cannot,-0.0002187256905017,0.0002187256905017,0.0002187256905017,0.0001963519316632,0.0,1.0,1.1139472723007202
295,25,4565,supports_cannot,0.0002186992787756,0.0002186992787756,0.0002325152599951,0.000311731826514,0.92268043756485,0.92268043756485,0.701562225818634
296,30,2614,supports_cannot,0.0002186123310821,0.0002186123310821,0.0002186123310821,0.0001726899354252,1.0,1.0,1.2659239768981934
297,25,11171,suppresses_cannot,-0.0002184749901061,0.0002184749901061,0.0002184749901061,0.0001710603683022,0.0,1.0,1.2771806716918943
298,26,2589,suppresses_cannot,-0.000218235029024,0.000218235029024,0.0002210063394159,0.0001230935158673,0.0103092780336737,0.9896907210350036,1.7729206085205078
299,14,4484,supports_cannot,0.0002181585296057,0.0002181585296057,0.000239923436311,0.0005400552181527,0.8247422575950623,0.8247422575950623,0.4039559662342071
300,9,12002,supports_cannot,0.0002178119611926,0.0002178119611926,0.0002515881205908,0.0003387860197108,0.907216489315033,0.907216489315033,0.6429190039634705
301,15,3580,suppresses_cannot,-0.0002176469715777,0.0002176469715777,0.0005622835014946,0.00099490780849,0.2319587618112564,0.7680412530899048,0.2187609374523162
302,17,1858,suppresses_cannot,-0.0002175225381506,0.0002175225381506,0.0002175225381506,0.0002163686731364,0.0,1.0,1.0053328275680542
303,17,7878,suppresses_cannot,-0.0002173529501305,0.0002173529501305,0.0002960574929602,0.0003768879105336,0.1340206116437912,0.8659793734550476,0.5767045021057129
304,19,10772,supports_cannot,0.0002171790547436,0.0002171790547436,0.0002171790547436,0.0001884418743429,1.0,1.0,1.1524989604949951
305,30,5974,supports_cannot,0.0002170536899939,0.0002170536899939,0.0002170536899939,0.0002238242595922,1.0,1.0,0.9697505235671996
306,15,5095,supports_cannot,0.0002169148210668,0.0002169148210668,0.0002169148210668,0.0002690318797249,1.0,1.0,0.8062792420387268
307,31,3493,supports_cannot,0.0002167848579119,0.0002167848579119,0.0002167848579119,0.0001879412739071,1.0,1.0,1.1534712314605713
308,18,5765,suppresses_cannot,-0.0002167682687286,0.0002167682687286,0.0002218629233539,0.0002501167182344,0.0257731955498456,0.9742268323898317,0.8666684627532959
309,18,13518,suppresses_cannot,-0.0002164087927667,0.0002164087927667,0.0002194836561102,0.0002728106919676,0.0103092780336737,0.9896907210350036,0.7932562828063965
310,31,14304,supports_cannot,0.0002159814175684,0.0002159814175684,0.0002159814175684,0.0001754634286044,1.0,1.0,1.2309198379516602
311,30,3786,suppresses_cannot,-0.0002148477069567,0.0002148477069567,0.0002148477069567,0.0001503676612628,0.0,1.0,1.4288159608840942
312,16,5924,suppresses_cannot,-0.0002145324833691,0.0002145324833691,0.0002163366007152,0.0003182783839292,0.0360824726521968,0.9639175534248352,0.6740403771400452
313,4,4391,supports_cannot,0.0002144744066754,0.0002144744066754,0.0002144744066754,0.0002011461037909,1.0,1.0,1.0662617683410645
314,31,11222,suppresses_cannot,-0.0002141453587682,0.0002141453587682,0.0002141453587682,0.0001811650872696,0.0,1.0,1.1820454597473145
315,20,4772,supports_cannot,0.0002138875861419,0.0002138875861419,0.0002138875861419,0.0001647973695071,1.0,1.0,1.297882318496704
316,28,1870,supports_cannot,0.0002138378040399,0.0002138378040399,0.0002138378040399,0.0001377920416416,1.0,1.0,1.5518878698349
317,31,1997,suppresses_cannot,-0.0002134236419806,0.0002134236419806,0.0002134236419806,0.0002343887608731,0.0,1.0,0.910554051399231
318,16,6213,supports_cannot,0.0002131830842699,0.0002131830842699,0.0002131830842699,0.0001895289751701,1.0,1.0,1.1248047351837158
319,28,8219,suppresses_cannot,-0.0002130555803887,0.0002130555803887,0.0002130555803887,0.0001313069660682,0.0,1.0,1.622576355934143
320,16,654,supports_cannot,0.0002127471088897,0.0002127471088897,0.0002127471088897,0.000168349200976,1.0,1.0,1.2637250423431396
321,25,8519,supports_cannot,0.0002122779551427,0.0002122779551427,0.0002124702878063,0.0002025486901402,0.9896907210350036,0.9896907210350036,1.0480341911315918
322,20,5771,supports_cannot,0.0002122330915881,0.0002122330915881,0.0002151604712707,0.0002682605700101,0.9793814420700072,0.9793814420700072,0.7911453247070312
323,18,13165,suppresses_cannot,-0.0002121166471624,0.0002121166471624,0.0002132245572283,0.0001353921834379,0.0206185560673475,0.9793814420700072,1.566683053970337
324,27,4121,supports_cannot,0.0002120650315191,0.0002120650315191,0.0002120650315191,0.0002449700259603,1.0,1.0,0.8656774759292603
325,29,13885,supports_cannot,0.0002120530552929,0.0002120530552929,0.0002129968925146,0.0001846936502261,0.984536111354828,0.984536111354828,1.1481339931488037
326,15,9296,suppresses_cannot,-0.0002118677803082,0.0002118677803082,0.0002149764477508,0.0003417669213376,0.0567010305821895,0.9432989954948424,0.619918942451477
327,16,8827,supports_cannot,0.0002114102971972,0.0002114102971972,0.0002151291409973,0.0002344134700251,0.9896907210350036,0.9896907210350036,0.9018692374229432
328,25,8858,suppresses_cannot,-0.0002112327201757,0.0002112327201757,0.0002112327201757,0.000245705305133,0.0,1.0,0.8596994876861572
329,15,13269,suppresses_cannot,-0.0002112019865307,0.0002112019865307,0.0002188891521655,0.0002336714678676,0.0360824726521968,0.9639175534248352,0.9038415551185608
330,24,5463,suppresses_cannot,-0.0002106062602251,0.0002106062602251,0.0002106062602251,0.0002462714619468,0.0,1.0,0.8551793098449707
331,23,13369,supports_cannot,0.000210439422517,0.000210439422517,0.0002131007349817,0.0001439461775589,0.9896907210350036,0.9896907210350036,1.4619313478469849
332,17,12441,supports_cannot,0.0002098615077557,0.0002098615077557,0.0002098615077557,0.0001814514980651,1.0,1.0,1.1565707921981812
333,19,5488,suppresses_cannot,-0.0002097770047839,0.0002097770047839,0.0002100535202771,0.0002339383645448,0.0154639175161719,0.984536111354828,0.8967190980911255
334,17,6950,supports_cannot,0.0002096691750921,0.0002096691750921,0.0002096691750921,0.0001328894577454,1.0,1.0,1.5777713060379028
335,24,6802,suppresses_cannot,-0.0002094642404699,0.0002094642404699,0.0002094642404699,0.0002294153964612,0.0,1.0,0.9130347967147828
336,17,13012,suppresses_cannot,-0.0002094196970574,0.0002094196970574,0.0002094700757879,0.0002531193895265,0.0051546390168368,0.9948453903198242,0.8273553848266602
337,31,8489,supports_cannot,0.0002094067895086,0.0002094067895086,0.0002094067895086,0.0001446070673409,1.0,1.0,1.4481089115142822
338,16,104,supports_cannot,0.0002089812624035,0.0002089812624035,0.0002089812624035,0.0001635760854696,1.0,1.0,1.277578353881836
339,23,12110,supports_cannot,0.0002089437766699,0.0002089437766699,0.0002089437766699,0.0001629903708817,1.0,1.0,1.2819393873214722
340,30,13943,supports_cannot,0.0002087668108288,0.0002087668108288,0.0002087668108288,0.0001862047938629,1.0,1.0,1.121167778968811
341,19,11092,supports_cannot,0.0002085121086565,0.0002085121086565,0.0002085121086565,0.0002173284301534,1.0,1.0,0.9594331979751588
342,12,7966,supports_cannot,0.0002084626321448,0.0002084626321448,0.0002209722442785,0.0002144521859008,0.9432989954948424,0.9432989954948424,0.9720704555511476
343,31,13599,supports_cannot,0.0002077913231914,0.0002077913231914,0.0002077913231914,0.0002155916154151,1.0,1.0,0.963819146156311
344,25,1907,suppresses_cannot,-0.0002075876109302,0.0002075876109302,0.0002075876109302,0.0001423998910468,0.0,1.0,1.4577792882919312
345,15,764,supports_cannot,0.0002070256741717,0.0002070256741717,0.0002070256741717,0.000204133670195,1.0,1.0,1.0141671895980835
346,15,6063,suppresses_cannot,-0.0002068926405627,0.0002068926405627,0.0002068926405627,0.0002147859195247,0.0,1.0,0.963250458240509
347,12,8459,suppresses_cannot,-0.0002066443848889,0.0002066443848889,0.0002132592780981,0.0004633768112398,0.1185567006468772,0.8814433217048645,0.445953220129013
348,27,13732,supports_cannot,0.0002066250308416,0.0002066250308416,0.0002066250308416,0.0002067862951662,1.0,1.0,0.9992201328277588
349,23,5263,suppresses_cannot,-0.0002060059487121,0.0002060059487121,0.0002060059487121,0.0002130094217136,0.0,1.0,0.9671213030815125
350,29,10815,supports_cannot,0.0002058805839624,0.0002058805839624,0.0002058805839624,0.0001836635929066,1.0,1.0,1.1209657192230225
351,12,13954,supports_cannot,0.0002055045188171,0.0002055045188171,0.0002088122710119,0.0001794120908016,0.9793814420700072,0.9793814420700072,1.145432949066162
352,31,11691,supports_cannot,0.0002053186472039,0.0002053186472039,0.0002053186472039,0.0002098355471389,1.0,1.0,0.9784740805625916
353,31,13741,suppresses_cannot,-0.0002052682539215,0.0002052682539215,0.0002118020347552,0.0002557432162575,0.0618556700646877,0.938144326210022,0.8026341795921326
354,19,11795,supports_cannot,0.0002049075555987,0.0002049075555987,0.0002049075555987,0.0001474674209021,1.0,1.0,1.3895106315612793
355,31,10514,supports_cannot,0.000204602474696,0.000204602474696,0.000204602474696,0.0001808784290915,1.0,1.0,1.1311601400375366
356,31,39,suppresses_cannot,-0.0002045139844994,0.0002045139844994,0.0002045139844994,0.0001767799112712,0.0,1.0,1.156884789466858
357,31,4096,supports_cannot,0.0002043680433416,0.0002043680433416,0.0002043680433416,0.0001439331972505,1.0,1.0,1.4198812246322632
358,26,8722,supports_cannot,0.0002043256390606,0.0002043256390606,0.0002043256390606,0.0001696463150437,1.0,1.0,1.2044212818145752
359,20,6776,supports_cannot,0.0002042826235992,0.0002042826235992,0.0002074594958685,0.0003105684299953,0.9432989954948424,0.9432989954948424,0.6577700972557068
360,22,2425,suppresses_cannot,-0.000203786737984,0.000203786737984,0.0002045382570941,0.0003168710099998,0.0103092780336737,0.9896907210350036,0.6431220769882202
361,24,8613,suppresses_cannot,-0.0002029986790148,0.0002029986790148,0.0002029986790148,0.0001651114289416,0.0,1.0,1.229464769363403
362,21,5307,suppresses_cannot,-0.0002029786992352,0.0002029786992352,0.0002029786992352,0.000201229340746,0.0,1.0,1.0086933374404907
363,21,13134,supports_cannot,0.000202526745852,0.000202526745852,0.000202526745852,0.0001781792379915,1.0,1.0,1.1366461515426636
364,21,9236,suppresses_cannot,-0.0002020701940637,0.0002020701940637,0.0002020701940637,0.0001616919616935,0.0,1.0,1.249723196029663
365,14,2015,suppresses_cannot,-0.0002020026004174,0.0002020026004174,0.0002024333516601,0.0005462376866489,0.0051546390168368,0.9948453903198242,0.3698071539402008
366,15,5367,supports_cannot,0.0002018615778069,0.0002018615778069,0.0002018615778069,0.0001707056944724,1.0,1.0,1.182512283325195
367,28,5784,supports_cannot,0.0002009278687182,0.0002009278687182,0.0002009278687182,0.0001542421960039,1.0,1.0,1.3026777505874634
368,24,684,supports_cannot,0.0002007785515161,0.0002007785515161,0.0002007785515161,0.0001994456979446,1.0,1.0,1.0066827535629272
369,21,6243,suppresses_cannot,-0.0002006909926421,0.0002006909926421,0.0002006909926421,0.0002339907659916,0.0,1.0,0.8576876521110535
370,26,7068,supports_cannot,0.0002002378168981,0.0002002378168981,0.0002002378168981,0.0001548800501041,1.0,1.0,1.2928574085235596
371,31,8254,supports_cannot,0.0002000712847802,0.0002000712847802,0.0002000712847802,0.0001472737494623,1.0,1.0,1.35849928855896
372,30,12996,suppresses_cannot,-0.0001999099913518,0.0001999099913518,0.0001999099913518,0.0002032311604125,0.0,1.0,0.9836581945419312
373,25,11921,supports_cannot,0.0001998906227527,0.0001998906227527,0.0002008381561608,0.0001686487812548,0.9896907210350036,0.9896907210350036,1.1852478981018066
374,20,12254,suppresses_cannot,-0.0001994266931433,0.0001994266931433,0.0001994266931433,0.0001806421059882,0.0,1.0,1.1039878129959106
375,31,9628,suppresses_cannot,-0.0001990097662201,0.0001990097662201,0.0001990097662201,0.0001830363471526,0.0,1.0,1.0872690677642822
376,19,7437,suppresses_cannot,-0.0001985737908398,0.0001985737908398,0.0002017396036535,0.0001516307238489,0.0051546390168368,0.9948453903198242,1.309588074684143
377,18,4534,suppresses_cannot,-0.000198496680241,0.000198496680241,0.0002103321894537,0.0001636879023863,0.0618556700646877,0.938144326210022,1.2126532793045044
378,19,629,supports_cannot,0.0001983605761779,0.0001983605761779,0.0001995895290747,0.0003195933240931,0.9639175534248352,0.9639175534248352,0.6206656098365784
379,29,4928,supports_cannot,0.000198337220354,0.000198337220354,0.000198337220354,0.0002956346725113,1.0,1.0,0.670886218547821
380,17,11833,supports_cannot,0.0001981937384698,0.0001981937384698,0.000200738912099,0.0001974863262148,0.9793814420700072,0.9793814420700072,1.0035821199417114
381,28,459,suppresses_cannot,-0.0001976511557586,0.0001976511557586,0.0001976511557586,0.0001638164540054,0.0,1.0,1.20654034614563
382,17,13031,suppresses_cannot,-0.0001974385377252,0.0001974385377252,0.0001974385377252,0.0001925084361573,0.0,1.0,1.025609850883484
383,17,10460,supports_cannot,0.0001972846221178,0.0001972846221178,0.0002590559306554,0.0003726241120602,0.7783505320549011,0.7783505320549011,0.5294467210769653
384,19,6090,suppresses_cannot,-0.0001972462050616,0.0001972462050616,0.0001972462050616,0.0001786985667422,0.0,1.0,1.1037929058074951
385,30,5612,supports_cannot,0.0001971948950085,0.0001971948950085,0.0002097364485962,0.0001743830216582,0.938144326210022,0.938144326210022,1.130814790725708
386,25,4293,supports_cannot,0.0001971159363165,0.0001971159363165,0.0001971159363165,0.0002098616096191,1.0,1.0,0.9392662644386292
387,29,13822,suppresses_cannot,-0.0001971054880414,0.0001971054880414,0.0001971054880414,0.0001540645607747,0.0,1.0,1.2793694734573364
388,29,12400,suppresses_cannot,-0.0001970729208551,0.0001970729208551,0.0001970729208551,0.0001297035632887,0.0,1.0,1.519410252571106
389,17,9331,suppresses_cannot,-0.0001970434241229,0.0001970434241229,0.0001970434241229,0.0001644771109567,0.0,1.0,1.1979990005493164
390,27,12821,supports_cannot,0.0001969979639397,0.0001969979639397,0.0001969979639397,0.0001622704730834,1.0,1.0,1.2140098810195925
391,19,1479,supports_cannot,0.0001966741256183,0.0001966741256183,0.0001976167404791,0.0002379596844548,0.9896907210350036,0.9896907210350036,0.8265018463134766
392,20,9634,suppresses_cannot,-0.0001966387935681,0.0001966387935681,0.0002008037408813,0.0002363567764405,0.0103092780336737,0.9896907210350036,0.8319575190544128
393,19,9739,supports_cannot,0.0001961100351763,0.0001961100351763,0.000196124165086,0.0001958604407263,0.9948453903198242,0.9948453903198242,1.001274347305298
394,31,5553,supports_cannot,0.0001960316876647,0.0001960316876647,0.0001960316876647,0.0001974362094188,1.0,1.0,0.9928861856460572
395,31,12222,supports_cannot,0.0001956691412487,0.0001956691412487,0.0001956691412487,0.000169775361428,1.0,1.0,1.1525179147720337
396,31,5603,supports_cannot,0.0001952531456481,0.0001952531456481,0.0001961269299499,0.0002465547004248,0.9536082744598388,0.9536082744598388,0.7919262647628784
397,31,12423,supports_cannot,0.0001952528400579,0.0001952528400579,0.0001952528400579,0.0001690309727564,1.0,1.0,1.1551305055618286
398,31,13245,supports_cannot,0.0001952082820935,0.0001952082820935,0.0001952082820935,0.0002428199222777,1.0,1.0,0.8039219975471497
399,29,6863,suppresses_cannot,-0.0001948067219927,0.0001948067219927,0.0001948067219927,0.0002198022557422,0.0,1.0,0.8862817287445068
400,16,11949,supports_cannot,0.0001944939431268,0.0001944939431268,0.0001946469565154,0.0002604291657917,0.9948453903198242,0.9948453903198242,0.746820867061615
401,31,12606,supports_cannot,0.0001941894734045,0.0001941894734045,0.0001941894734045,0.0002359506761422,1.0,1.0,0.8230087757110596
402,29,8873,supports_cannot,0.0001937445922521,0.0001937445922521,0.0001937445922521,0.000141234282637,1.0,1.0,1.3717957735061646
403,30,8562,supports_cannot,0.0001936597982421,0.0001936597982421,0.0001936597982421,0.0001918184716487,1.0,1.0,1.0095993280410769
404,24,5102,supports_cannot,0.0001933620806084,0.0001933620806084,0.00023648388742,0.0004533389292191,0.8247422575950623,0.8247422575950623,0.4265287220478058
405,22,9978,suppresses_cannot,-0.0001932748127728,0.0001932748127728,0.0001933417952386,0.0003604971279855,0.0103092780336737,0.9896907210350036,0.5361341238021851
406,19,9759,supports_cannot,0.0001932720479089,0.0001932720479089,0.0001932720479089,0.0002206527133239,1.0,1.0,0.8759105801582336
407,16,10853,suppresses_cannot,-0.0001932121376739,0.0001932121376739,0.0002485910081304,0.0004585398710332,0.2783505022525787,0.7216495275497437,0.421363890171051
408,20,133,supports_cannot,0.0001932041486725,0.0001932041486725,0.0002017368387896,0.0001924333628267,0.969072163105011,0.969072163105011,1.0040054321289062
409,29,142,suppresses_cannot,-0.0001921770453918,0.0001921770453918,0.0001974511396838,9.95555819827132e-05,0.0103092780336737,0.9896907210350036,1.9303492307662964
410,16,12125,suppresses_cannot,-0.0001918160414788,0.0001918160414788,0.0001920163631439,0.0003043714095838,0.0103092780336737,0.9896907210350036,0.630203902721405
411,20,9928,suppresses_cannot,-0.0001915604225359,0.0001915604225359,0.0002102529251715,0.0002159971772925,0.0618556700646877,0.938144326210022,0.8868653774261475
412,31,12889,suppresses_cannot,-0.0001912252191687,0.0001912252191687,0.0001912252191687,0.0001771037495927,0.0,1.0,1.079735517501831
413,25,9489,supports_cannot,0.0001912193838506,0.0001912193838506,0.0001913213782245,0.000148322476889,0.9948453903198242,0.9948453903198242,1.28921377658844
414,29,2914,supports_cannot,0.0001904823147924,0.0001904823147924,0.0002080048434436,0.0003620355564635,0.8917526006698608,0.8917526006698608,0.5261425375938416
415,15,6692,supports_cannot,0.0001903581869555,0.0001903581869555,0.0001907428522827,0.0003616678004618,0.9587628841400146,0.9587628841400146,0.5263343453407288
416,18,13570,supports_cannot,0.0001902678632177,0.0001902678632177,0.0001902678632177,0.0002055463992292,1.0,1.0,0.9256686568260192
417,31,12930,supports_cannot,0.0001899563212646,0.0001899563212646,0.0001899563212646,0.0001516980992164,1.0,1.0,1.2521997690200806
418,24,6847,supports_cannot,0.0001894653396448,0.0001894653396448,0.0001894653396448,0.0001789192756405,1.0,1.0,1.0589431524276731
419,26,7419,suppresses_cannot,-0.0001894103479571,0.0001894103479571,0.0001894103479571,0.0001557432842673,0.0,1.0,1.2161701917648315
420,21,7892,supports_cannot,0.0001886634418042,0.0001886634418042,0.0001886634418042,0.0001287458871956,1.0,1.0,1.4653939008712769
421,25,2849,suppresses_cannot,-0.0001885018427856,0.0001885018427856,0.0001885018427856,0.0001506786502432,0.0,1.0,1.2510188817977903
422,20,436,supports_cannot,0.0001878719922387,0.0001878719922387,0.000194223888684,0.0002331462455913,0.9175257682800292,0.9175257682800292,0.8058117628097534
423,27,8242,supports_cannot,0.00018772482872,0.00018772482872,0.00018772482872,0.0001476354373153,1.0,1.0,1.2715431451797483
424,28,9431,suppresses_cannot,-0.0001872934662969,0.0001872934662969,0.0001872934662969,0.0001598967355675,0.0,1.0,1.1713401079177856
425,27,3739,suppresses_cannot,-0.0001872738066595,0.0001872738066595,0.0001872738066595,0.0001823183556552,0.0,1.0,1.0271801948547363
426,31,9922,suppresses_cannot,-0.0001864473160821,0.0001864473160821,0.0001864473160821,0.0001690888602752,0.0,1.0,1.102658748626709
427,27,932,supports_cannot,0.0001860709598986,0.0001860709598986,0.0001860709598986,0.0001385933137498,1.0,1.0,1.342568039894104
428,12,8951,suppresses_cannot,-0.0001856964227044,0.0001856964227044,0.0002088881592499,0.0002237430308014,0.0927835032343864,0.907216489315033,0.8299539685249329
429,29,10165,suppresses_cannot,-0.0001856251474237,0.0001856251474237,0.0001856251474237,0.0001961914822459,0.0,1.0,0.9461427330970764
430,31,10100,suppresses_cannot,-0.0001852549175964,0.0001852549175964,0.000199050627998,0.0001626555167604,0.0309278350323438,0.969072163105011,1.1389402151107788
431,31,1418,suppresses_cannot,-0.0001848198735387,0.0001848198735387,0.0001848198735387,0.0001715494290692,0.0,1.0,1.0773563385009766
432,21,8624,supports_cannot,0.0001845577935455,0.0001845577935455,0.0001845577935455,0.0001673577207839,1.0,1.0,1.1027742624282837
433,18,730,supports_cannot,0.0001845153892645,0.0001845153892645,0.0001887559337774,0.000197786008357,0.9536082744598388,0.9536082744598388,0.9329041838645936
434,30,5689,supports_cannot,0.0001843952632043,0.0001843952632043,0.0001843952632043,0.0001750336814438,1.0,1.0,1.0534844398498535
435,24,9705,supports_cannot,0.0001842198253143,0.0001842198253143,0.0001842198253143,0.0001673482183832,1.0,1.0,1.100817322731018
436,19,484,supports_cannot,0.0001839571341406,0.0001839571341406,0.0001839571341406,0.0002195386769017,1.0,1.0,0.8379258513450623
437,17,10757,suppresses_cannot,-0.0001838938478613,0.0001838938478613,0.0001838938478613,0.0001466985850129,0.0,1.0,1.2535488605499268
438,17,179,suppresses_cannot,-0.000183807205758,0.000183807205758,0.000183807205758,0.0002216245193267,0.0,1.0,0.8293631076812744
439,30,10521,supports_cannot,0.000183674172149,0.000183674172149,0.000183674172149,0.0001855195441748,1.0,1.0,0.9900529384613036
440,23,5473,suppresses_cannot,-0.0001834842987591,0.0001834842987591,0.0001834842987591,0.0001466184767195,0.0,1.0,1.2514405250549316
441,30,11097,suppresses_cannot,-0.0001832898124121,0.0001832898124121,0.0001832898124121,0.0002139728167094,0.0,1.0,0.8566032648086548
442,22,7977,supports_cannot,0.0001831706031225,0.0001831706031225,0.0001831706031225,0.0001627350138733,1.0,1.0,1.1255759000778198
443,21,3002,suppresses_cannot,-0.0001831030094763,0.0001831030094763,0.0001831030094763,0.0001472760777687,0.0,1.0,1.2432637214660645
444,31,9360,suppresses_cannot,-0.000183052936336,0.000183052936336,0.000183052936336,0.0001587158913025,0.0,1.0,1.1533371210098269
445,18,4228,suppresses_cannot,-0.0001830348046496,0.0001830348046496,0.0001830348046496,0.0001754955301294,0.0,1.0,1.0429599285125732
446,27,13710,supports_cannot,0.0001825976069085,0.0001825976069085,0.0001825976069085,0.0002029710885835,1.0,1.0,0.8996237516403198
447,21,11574,supports_cannot,0.0001825678045861,0.0001825678045861,0.00018319026276,0.0001491667790105,0.9948453903198242,0.9948453903198242,1.2239173650741575
448,30,2549,supports_cannot,0.0001818255113903,0.0001818255113903,0.0001818255113903,0.0001902512158267,1.0,1.0,0.9557127356529236
449,0,12829,suppresses_cannot,-0.0001815572904888,0.0001815572904888,0.0002965125313494,0.0005167363560758,0.2731958627700805,0.7268041372299194,0.3513538241386413
450,20,1788,suppresses_cannot,-0.0001811775291571,0.0001811775291571,0.0001811775291571,0.000144172416185,0.0,1.0,1.2566726207733154
451,16,1575,supports_cannot,0.0001808681408874,0.0001808681408874,0.0001808681408874,0.0001368351804558,1.0,1.0,1.3217955827713013
452,25,6384,suppresses_cannot,-0.0001807907246984,0.0001807907246984,0.0001818476303014,0.0001744427718222,0.0051546390168368,0.9948453903198242,1.036389946937561
453,19,10739,suppresses_cannot,-0.0001807394146453,0.0001807394146453,0.0001807394146453,0.0002581358712632,0.0,1.0,0.7001716494560242
454,30,10348,suppresses_cannot,-0.0001807206717785,0.0001807206717785,0.0001807206717785,0.0001669032062636,0.0,1.0,1.082787275314331
455,28,4077,suppresses_cannot,-0.0001805910142138,0.0001805910142138,0.0001809836685424,0.0001295503170695,0.0154639175161719,0.984536111354828,1.3939836025238037
456,16,7051,suppresses_cannot,-0.0001803329359972,0.0001803329359972,0.0001840800396166,0.0002087789034703,0.0154639175161719,0.984536111354828,0.8637507557868958
457,30,4614,suppresses_cannot,-0.0001800318423192,0.0001800318423192,0.0001800318423192,0.0002508954785298,0.0,1.0,0.7175571322441101
458,25,3650,supports_cannot,0.0001799562596715,0.0001799562596715,0.0001799562596715,0.0002137421834049,1.0,1.0,0.8419314026832581
459,27,40,supports_cannot,0.0001798659213818,0.0001798659213818,0.0001798659213818,0.0001948540448211,1.0,1.0,0.9230802655220032
460,16,9987,suppresses_cannot,-0.0001798508747015,0.0001798508747015,0.000180830960744,0.0003619939379859,0.0257731955498456,0.9742268323898317,0.4968339502811432
461,15,13260,suppresses_cannot,-0.000179679118446,0.000179679118446,0.000179679118446,0.0001889601116999,0.0,1.0,0.9508838653564452
462,29,8993,suppresses_cannot,-0.0001795805001165,0.0001795805001165,0.0001814393035601,0.0001150501484517,0.0103092780336737,0.9896907210350036,1.5608888864517212
463,29,3783,suppresses_cannot,-0.0001794231939129,0.0001794231939129,0.0001794231939129,0.0001752094831317,0.0,1.0,1.0240495204925537
464,31,8214,suppresses_cannot,-0.000179268346983,0.000179268346983,0.000179268346983,0.0001548915897728,0.0,1.0,1.1573795080184937
465,31,2474,supports_cannot,0.0001792327093426,0.0001792327093426,0.0001792327093426,0.000241251924308,1.0,1.0,0.742927610874176
466,18,10716,suppresses_cannot,-0.0001791479007806,0.0001791479007806,0.0002001711400225,0.0002451818727422,0.0979381427168846,0.9020618796348572,0.7306734919548035
467,21,1832,supports_cannot,0.0001789279194781,0.0001789279194781,0.0001789279194781,0.0001438131585018,1.0,1.0,1.2441693544387815
468,29,12090,supports_cannot,0.0001788123918231,0.0001788123918231,0.0001788123918231,0.0001528424036223,1.0,1.0,1.1699135303497314
469,30,5950,suppresses_cannot,-0.0001786507928045,0.0001786507928045,0.0001786507928045,0.0002582318847998,0.0,1.0,0.6918231248855591
470,28,8272,supports_cannot,0.0001786136126611,0.0001786136126611,0.0001786136126611,0.0002047854650299,1.0,1.0,0.8721987009048462
471,24,7804,suppresses_cannot,-0.000178582893568,0.000178582893568,0.000178582893568,0.0001865810481831,0.0,1.0,0.9571330547332764
472,31,12917,suppresses_cannot,-0.0001784894848242,0.0001784894848242,0.0001784894848242,0.000142196091474,0.0,1.0,1.2552348375320437
473,9,9439,supports_cannot,0.0001781555183697,0.0001781555183697,0.0002316540630999,0.0009317927178926,0.5670102834701538,0.5670102834701538,0.1911965161561966
474,16,6127,supports_cannot,0.0001780747115844,0.0001780747115844,0.0001780747115844,0.0001380422909278,1.0,1.0,1.2900011539459229
475,0,10902,supports_cannot,0.0001778522710083,0.0001778522710083,0.0001845777587732,0.0002320230269106,0.9278350472450256,0.9278350472450256,0.7665285468101501
476,31,5565,suppresses_cannot,-0.000177812326001,0.000177812326001,0.000177812326001,0.0001672638754826,0.0,1.0,1.063064694404602
477,18,290,supports_cannot,0.0001775130804162,0.0001775130804162,0.0002296659076819,0.0002593905956018,0.8711340427398682,0.8711340427398682,0.684346616268158
478,17,4581,supports_cannot,0.000177363763214,0.000177363763214,0.0001822703925427,0.0001811853871913,0.938144326210022,0.938144326210022,0.9789076447486876
479,30,669,suppresses_cannot,-0.0001771053648553,0.0001771053648553,0.0001773044641595,0.0001954627805389,0.0154639175161719,0.984536111354828,0.906082272529602
480,29,13368,supports_cannot,0.0001763759792083,0.0001763759792083,0.0001763759792083,0.0001476878678658,1.0,1.0,1.1942483186721802
481,10,8238,supports_cannot,0.0001762607716955,0.0001762607716955,0.0001866577804321,0.0002126159524777,0.9329897165298462,0.9329897165298462,0.8290100693702698
482,14,5932,supports_cannot,0.0001759698061505,0.0001759698061505,0.0001759698061505,0.0001589931343914,1.0,1.0,1.1067761182785034
483,31,6424,suppresses_cannot,-0.0001758459984557,0.0001758459984557,0.0001758459984557,0.0001679537672316,0.0,1.0,1.0469905138015747
484,29,7959,supports_cannot,0.0001756619603838,0.0001756619603838,0.0001756619603838,0.0001410044933436,1.0,1.0,1.2457897663116455
485,19,11877,suppresses_cannot,-0.0001756419806042,0.0001756419806042,0.0001984963746508,0.0003206987457815,0.0927835032343864,0.907216489315033,0.5476852655410767
486,23,13675,suppresses_cannot,-0.0001755541161401,0.0001755541161401,0.0001755541161401,0.0001548039435874,0.0,1.0,1.134041666984558
487,16,10820,supports_cannot,0.0001755473494995,0.0001755473494995,0.0001755473494995,0.0001844587677624,1.0,1.0,0.951688826084137
488,29,314,supports_cannot,0.0001752517855493,0.0001752517855493,0.0001752517855493,0.0001692376681603,1.0,1.0,1.035536527633667
489,21,3593,suppresses_cannot,-0.0001752216776367,0.0001752216776367,0.0001752216776367,0.0001139330561272,0.0,1.0,1.5379353761672974
490,27,9862,supports_cannot,0.0001751187519403,0.0001751187519403,0.0001751187519403,0.0001735714031383,1.0,1.0,1.0089147090911863
491,27,14126,suppresses_cannot,-0.0001750133669702,0.0001750133669702,0.0001750133669702,0.0001614324137335,0.0,1.0,1.0841277837753296
492,28,6412,supports_cannot,0.0001750115334289,0.0001750115334289,0.0001750115334289,0.0001467561087338,1.0,1.0,1.192533254623413
493,31,3034,suppresses_cannot,-0.0001740517036523,0.0001740517036523,0.0001740517036523,0.0001540244120405,0.0,1.0,1.1300266981124878
494,18,5590,supports_cannot,0.0001740145380608,0.0001740145380608,0.0001740145380608,0.0001929539866978,1.0,1.0,0.9018447399139404
495,29,12938,supports_cannot,0.0001739171420922,0.0001739171420922,0.0001739171420922,0.0001398801396135,1.0,1.0,1.2433297634124756
496,12,5006,supports_cannot,0.0001739076105877,0.0001739076105877,0.0002500675909686,0.0004238233377691,0.7628865838050842,0.7628865838050842,0.4103304147720337
497,27,4114,suppresses_cannot,-0.0001736237172735,0.0001736237172735,0.0001736237172735,0.0001520990772405,0.0,1.0,1.1415172815322876
498,19,10070,suppresses_cannot,-0.0001735837868181,0.0001735837868181,0.0001735837868181,0.0001279452117159,0.0,1.0,1.3567039966583252
499,25,4812,suppresses_cannot,-0.0001735638070385,0.0001735638070385,0.0001735638070385,0.0001728719653328,0.0,1.0,1.0040020942687988
500,20,243,supports_cannot,0.0001735303230816,0.0001735303230816,0.0001735303230816,0.0001834698196034,1.0,1.0,0.945824921131134
501,24,1222,suppresses_cannot,-0.0001734089601086,0.0001734089601086,0.0001734089601086,0.0001701983710518,0.0,1.0,1.0188637971878052
502,22,12913,supports_cannot,0.0001732430537231,0.0001732430537231,0.0001732430537231,0.0001312521781073,1.0,1.0,1.3199251890182495
503,24,12919,supports_cannot,0.0001729717623675,0.0001729717623675,0.0001729717623675,0.0001294383982894,1.0,1.0,1.33632493019104
504,25,13395,supports_cannot,0.0001728768256725,0.0001728768256725,0.0001728768256725,0.0001583417906658,1.0,1.0,1.0917953252792358
505,15,3738,supports_cannot,0.0001723028981359,0.0001723028981359,0.0001723028981359,0.000308881222736,1.0,1.0,0.557828962802887
506,22,8713,supports_cannot,0.0001722746237646,0.0001722746237646,0.0001722746237646,0.0001301600277656,1.0,1.0,1.323560118675232
507,28,12031,suppresses_cannot,-0.0001721781591186,0.0001721781591186,0.0001721781591186,0.0001301932061323,0.0,1.0,1.3224818706512451
508,24,9812,supports_cannot,0.0001720776926958,0.0001720776926958,0.0001771754177752,0.0001912331354105,0.9742268323898317,0.9742268323898317,0.899832010269165
509,27,6455,suppresses_cannot,-0.0001719673891784,0.0001719673891784,0.0001719673891784,0.0001379412715323,0.0,1.0,1.2466710805892944
510,31,14197,suppresses_cannot,-0.0001711550430627,0.0001711550430627,0.0001711550430627,0.0001769015798345,0.0,1.0,0.9675156474113464
511,30,10308,suppresses_cannot,-0.0001710905198706,0.0001710905198706,0.0001710905198706,0.0001677569089224,0.0,1.0,1.019871711730957
512,31,10620,suppresses_cannot,-0.0001710711658233,0.0001710711658233,0.0001710711658233,0.0001408076786901,0.0,1.0,1.2149277925491333
513,14,9411,suppresses_cannot,-0.0001710536598693,0.0001710536598693,0.0001710536598693,0.0001738417631713,0.0,1.0,0.983961820602417
514,12,6776,suppresses_cannot,-0.000170942133991,0.000170942133991,0.0001712499797577,0.0001787966320989,0.0154639175161719,0.984536111354828,0.9560701847076416
515,28,14332,supports_cannot,0.0001708702329779,0.0001708702329779,0.0001708702329779,0.0001509915018687,1.0,1.0,1.1316546201705933
516,22,10194,suppresses_cannot,-0.0001708247582428,0.0001708247582428,0.0002141124859917,0.0002872171171475,0.1030927821993827,0.8969072103500366,0.5947582721710205
517,26,4692,suppresses_cannot,-0.0001708204654278,0.0001708204654278,0.0001708204654278,0.0001514809118816,0.0,1.0,1.1276699304580688
518,30,4799,suppresses_cannot,-0.0001706745242699,0.0001706745242699,0.0001710837677819,0.0002137170959031,0.0154639175161719,0.984536111354828,0.7986002564430237
519,30,5183,suppresses_cannot,-0.0001705952454358,0.0001705952454358,0.0001705952454358,0.0001357115106657,0.0,1.0,1.2570432424545288
520,19,9793,supports_cannot,0.0001704425521893,0.0001704425521893,0.0001704425521893,0.000170494444319,1.0,1.0,0.9996956586837769
521,15,1816,supports_cannot,0.0001703405432635,0.0001703405432635,0.0001854168367572,0.0003943344636354,0.7422680258750916,0.7422680258750916,0.4319697022438049
522,31,6266,suppresses_cannot,-0.0001701045839581,0.0001701045839581,0.0001701045839581,0.000162532334798,0.0,1.0,1.0465891361236572
523,25,627,supports_cannot,0.0001700099528534,0.0001700099528534,0.0001700394495856,0.0001280117139685,0.9948453903198242,0.9948453903198242,1.3280812501907349
524,22,13657,supports_cannot,0.0001698465057415,0.0001698465057415,0.0001698465057415,0.0001716056285658,1.0,1.0,0.989749014377594
525,27,2647,suppresses_cannot,-0.00016982377565,0.00016982377565,0.00016982377565,0.0001750411029206,0.0,1.0,0.9701936841011048
526,17,8131,supports_cannot,0.0001696953404461,0.0001696953404461,0.00017037926591,0.0001459112099837,0.9948453903198242,0.9948453903198242,1.1630041599273682
527,17,1143,supports_cannot,0.0001694068487267,0.0001694068487267,0.0001694068487267,0.000187704747077,1.0,1.0,0.9025176763534546
528,27,10884,supports_cannot,0.0001693755039013,0.0001693755039013,0.0001693755039013,0.00018207001267,1.0,1.0,0.9302767515182496
529,18,8177,suppresses_cannot,-0.0001691337092779,0.0001691337092779,0.0002636869612615,0.0005330913118086,0.2061855643987655,0.7938144207000732,0.3172696828842163
530,19,2059,supports_cannot,0.0001690611970843,0.0001690611970843,0.0001690611970843,0.0001960767258424,1.0,1.0,0.8622196316719055
531,26,5979,supports_cannot,0.0001688498159637,0.0001688498159637,0.0001688498159637,0.0001944881660165,1.0,1.0,0.8681752681732178
532,30,2450,supports_cannot,0.0001687315379967,0.0001687315379967,0.0001687315379967,0.0001936694607138,1.0,1.0,0.8712345957756042
533,11,3621,supports_cannot,0.0001686983450781,0.0001686983450781,0.0001690000644885,0.000131907800096,0.984536111354828,0.984536111354828,1.2789111137390137
534,17,3258,supports_cannot,0.0001686175528448,0.0001686175528448,0.0001686175528448,0.0001962058158824,1.0,1.0,0.8593912124633789
535,24,5249,supports_cannot,0.0001681729627307,0.0001681729627307,0.0001681729627307,0.0001219627083628,1.0,1.0,1.3788883686065674
536,14,10026,suppresses_cannot,-0.0001678691041888,0.0001678691041888,0.0001678691041888,0.0002014561468968,0.0,1.0,0.8332786560058594
537,20,14291,suppresses_cannot,-0.0001672109938226,0.0001672109938226,0.0001672109938226,0.0001357917208224,0.0,1.0,1.231378436088562
538,14,6382,supports_cannot,0.0001669943885644,0.0001669943885644,0.000169323888258,0.0001733113313093,0.984536111354828,0.984536111354828,0.9635514616966248
539,29,11947,supports_cannot,0.0001669584453338,0.0001669584453338,0.0001669584453338,0.0001553238980704,1.0,1.0,1.0749050378799438
540,30,1124,supports_cannot,0.0001668269542278,0.0001668269542278,0.0001668269542278,0.0001384328934364,1.0,1.0,1.2051106691360474
541,20,8083,supports_cannot,0.0001666128082433,0.0001666128082433,0.0001666128082433,0.000144624224049,1.0,1.0,1.1520394086837769
542,29,3716,supports_cannot,0.0001663411967456,0.0001663411967456,0.000167846068507,0.0002229449455626,0.969072163105011,0.969072163105011,0.7461088299751282
543,25,14266,supports_cannot,0.0001661961869103,0.0001661961869103,0.0001661961869103,0.0001467653200961,1.0,1.0,1.1323940753936768
544,18,4408,suppresses_cannot,-0.0001661921851336,0.0001661921851336,0.0001661921851336,0.0001351285609416,0.0,1.0,1.229882001876831
545,31,12776,suppresses_cannot,-0.0001661900460021,0.0001661900460021,0.0001661900460021,0.0001511623704573,0.0,1.0,1.0994141101837158
546,29,5440,suppresses_cannot,-0.0001660984853515,0.0001660984853515,0.0001660984853515,0.0001179643950308,0.0,1.0,1.408039093017578
547,16,7644,supports_cannot,0.0001659746631048,0.0001659746631048,0.0001906073594,0.0002884398563764,0.8556700944900513,0.8556700944900513,0.5754221081733704
548,28,10304,suppresses_cannot,-0.0001659116824157,0.0001659116824157,0.0001659116824157,0.0001565843267599,0.0,1.0,1.0595675706863403
549,17,9407,suppresses_cannot,-0.0001657798711676,0.0001657798711676,0.0001657798711676,0.0001682305737631,0.0,1.0,0.985432505607605
550,27,2723,supports_cannot,0.0001657039829296,0.0001657039829296,0.0001707912742858,0.0002043337735813,0.9742268323898317,0.9742268323898317,0.810947597026825
551,31,4852,supports_cannot,0.000165673875017,0.000165673875017,0.000165673875017,0.0001371965772705,1.0,1.0,1.2075656652450562
552,31,11085,supports_cannot,0.0001655721716815,0.0001655721716815,0.0001655721716815,0.0001932113518705,1.0,1.0,0.8569484949111938
553,19,7010,suppresses_cannot,-0.0001654824591241,0.0001654824591241,0.0001654824591241,0.0001362580806016,0.0,1.0,1.2144781351089478
554,24,10897,suppresses_cannot,-0.0001650609337957,0.0001650609337957,0.0001650609337957,0.0001386529766023,0.0,1.0,1.1904608011245728
555,19,10637,supports_cannot,0.0001647266471991,0.0001647266471991,0.000186027638847,0.0003088332305196,0.9175257682800292,0.9175257682800292,0.533383846282959
556,18,14012,supports_cannot,0.0001642790011828,0.0001642790011828,0.0001682884903857,0.0001758948928909,0.9329897165298462,0.9329897165298462,0.9339611530303956
557,31,47,supports_cannot,0.0001641717826714,0.0001641717826714,0.0001641717826714,0.000190634134924,1.0,1.0,0.861187756061554
558,15,12319,suppresses_cannot,-0.0001641029521124,0.0001641029521124,0.0001643880677875,0.0003059595183003,0.0154639175161719,0.984536111354828,0.5363551378250122
559,27,9238,supports_cannot,0.0001640393602428,0.0001640393602428,0.0001640393602428,0.0001318528666161,1.0,1.0,1.2441091537475586
560,25,10718,suppresses_cannot,-0.0001639779075048,0.0001639779075048,0.0001639779075048,0.0001413794525433,0.0,1.0,1.159842610359192
561,27,4309,supports_cannot,0.000163886041264,0.000163886041264,0.000163886041264,0.0001827126689022,1.0,1.0,0.8969604969024658
562,31,2012,supports_cannot,0.0001636863307794,0.0001636863307794,0.0001642270799493,0.0002011783071793,0.9948453903198242,0.9948453903198242,0.8136380910873413
563,24,1484,suppresses_cannot,-0.0001636396336834,0.0001636396336834,0.0001636396336834,0.0001464416127419,0.0,1.0,1.1174393892288208
564,25,4322,suppresses_cannot,-0.0001636285742279,0.0001636285742279,0.0001636285742279,0.000128720246721,0.0,1.0,1.2711952924728394
565,29,5400,suppresses_cannot,-0.0001632306957617,0.0001632306957617,0.0001632306957617,0.0002185031480621,0.0,1.0,0.7470404505729675
566,17,4093,supports_cannot,0.0001632177882129,0.0001632177882129,0.0001632177882129,0.0001647799654165,1.0,1.0,0.990519642829895
567,23,12611,suppresses_cannot,-0.0001632171770324,0.0001632171770324,0.0001653248473303,0.0001986116549232,0.0515463910996913,0.9484536051750184,0.8217905163764954
568,19,3480,suppresses_cannot,-0.0001631591148907,0.0001631591148907,0.0001631591148907,0.0001927834382513,0.0,1.0,0.8463336825370789
569,14,8913,supports_cannot,0.0001630992046557,0.0001630992046557,0.0001641401322558,0.0002692837442737,0.9742268323898317,0.9742268323898317,0.6056778430938721
570,25,8692,suppresses_cannot,-0.0001630930491955,0.0001630930491955,0.0001630930491955,0.0001463203516323,0.0,1.0,1.1146299839019775
571,19,2418,supports_cannot,0.0001629766047699,0.0001629766047699,0.0001629766047699,0.0001895217137644,1.0,1.0,0.8599362969398499
572,31,12258,suppresses_cannot,-0.0001628475729376,0.0001628475729376,0.0001628475729376,0.0001554296759422,0.0,1.0,1.0477250814437866
573,30,14244,suppresses_cannot,-0.0001627704477868,0.0001627704477868,0.0001627704477868,0.0001761440653353,0.0,1.0,0.9240756630897522
574,29,10085,supports_cannot,0.0001624788856133,0.0001624788856133,0.0001624788856133,0.0001231106434715,1.0,1.0,1.319779396057129
575,18,8435,suppresses_cannot,-0.0001623707357794,0.0001623707357794,0.0001623707357794,0.0001596991205587,0.0,1.0,1.0167289972305298
576,24,4379,suppresses_cannot,-0.0001621952978894,0.0001621952978894,0.0001625092991162,0.0001803322229534,0.0103092780336737,0.9896907210350036,0.8994249105453491
577,13,12855,suppresses_cannot,-0.0001620994444238,0.0001620994444238,0.0001883574295789,0.0003122275520581,0.1030927821993827,0.8969072103500366,0.519170880317688
578,28,3341,suppresses_cannot,-0.0001618011156097,0.0001618011156097,0.0001621439878363,0.0002073698124149,0.0103092780336737,0.9896907210350036,0.7802539467811584
579,19,9047,suppresses_cannot,-0.0001612981577636,0.0001612981577636,0.0001612981577636,0.0001299374271184,0.0,1.0,1.2413525581359863
580,25,2181,suppresses_cannot,-0.0001612576015759,0.0001612576015759,0.0001612576015759,0.0001349854428553,0.0,1.0,1.1946295499801636
581,21,993,supports_cannot,0.0001612216583453,0.0001612216583453,0.0001612216583453,0.0001344086922472,1.0,1.0,1.1994882822036743
582,18,6786,supports_cannot,0.0001609620376257,0.0001609620376257,0.0001886499230749,0.0002718340256251,0.8298969268798828,0.8298969268798828,0.5921335220336914
583,20,1620,suppresses_cannot,-0.0001609392929822,0.0001609392929822,0.0001609392929822,0.000148410879774,0.0,1.0,1.0844171047210691
584,26,8456,supports_cannot,0.000160928859259,0.000160928859259,0.000160928859259,0.0001458096958231,1.0,1.0,1.1036911010742188
585,30,13029,suppresses_cannot,-0.0001609223982086,0.0001609223982086,0.0001609223982086,9.994403808377685e-05,0.0,1.0,1.6101250648498535
586,23,3252,supports_cannot,0.0001608010352356,0.0001608010352356,0.0001608010352356,9.1402223915793e-05,1.0,1.0,1.759268283843994
587,31,4983,supports_cannot,0.000160658484674,0.000160658484674,0.000160658484674,0.0001738499558996,1.0,1.0,0.9241214990615844
588,29,6468,supports_cannot,0.0001606572477612,0.0001606572477612,0.0001606572477612,0.000149520652485,1.0,1.0,1.074481964111328
589,29,14092,supports_cannot,0.0001605008728802,0.0001605008728802,0.0001605008728802,9.46434010984376e-05,1.0,1.0,1.69584858417511
590,17,8459,supports_cannot,0.0001603795099072,0.0001603795099072,0.0001603795099072,0.0001501828373875,1.0,1.0,1.0678950548171997
591,18,2401,supports_cannot,0.0001603266573511,0.0001603266573511,0.0001603266573511,0.0001135497514042,1.0,1.0,1.411950707435608
592,25,7837,suppresses_cannot,-0.0001603235868969,0.0001603235868969,0.0001603235868969,0.0001675499370321,0.0,1.0,0.9568704962730408
593,18,4164,supports_cannot,0.0001603069977136,0.0001603069977136,0.0001610283943591,0.0001391521072946,0.9896907210350036,0.9896907210350036,1.1520271301269531
594,14,12647,supports_cannot,0.0001602452393854,0.0001602452393854,0.0001797193690435,0.0003614721645135,0.7731958627700806,0.7731958627700806,0.443312793970108
595,21,14329,supports_cannot,0.00015999484458,0.00015999484458,0.00015999484458,0.0001142710607382,1.0,1.0,1.4001344442367554
596,30,2361,suppresses_cannot,-0.0001599662646185,0.0001599662646185,0.0001599662646185,0.000198132591322,0.0,1.0,0.8073697686195374
597,14,2248,suppresses_cannot,-0.0001599610404809,0.0001599610404809,0.0001599610404809,0.0001062331430148,0.0,1.0,1.5057545900344849
598,17,7285,supports_cannot,0.0001597008085809,0.0001597008085809,0.0001597008085809,0.0001350380480289,1.0,1.0,1.1826356649398804
599,16,14256,supports_cannot,0.0001596522633917,0.0001596522633917,0.000162319120136,0.0001354242413071,0.9896907210350036,0.9896907210350036,1.17890465259552
600,26,5326,suppresses_cannot,-0.0001593717606738,0.0001593717606738,0.0001593717606738,0.0001544003898743,0.0,1.0,1.0321979522705078
601,12,4319,supports_cannot,0.0001593324268469,0.0001593324268469,0.000234703431488,0.0002980473509524,0.876288652420044,0.876288652420044,0.5345876216888428
602,19,12390,suppresses_cannot,-0.0001589523744769,0.0001589523744769,0.0001594193745404,0.0001215420925291,0.0051546390168368,0.9948453903198242,1.3077969551086426
603,17,3651,suppresses_cannot,-0.00015841316781,0.00015841316781,0.0001585747813805,0.0002850672462955,0.0051546390168368,0.9948453903198242,0.5557045340538025
604,22,4544,suppresses_cannot,-0.0001581670658197,0.0001581670658197,0.0001582113181939,0.0001587365259183,0.0051546390168368,0.9948453903198242,0.9964125156402588
605,25,1685,supports_cannot,0.0001580254320288,0.0001580254320288,0.0001580254320288,0.0001250571076525,1.0,1.0,1.2636260986328125
606,31,3616,supports_cannot,0.0001579891832079,0.0001579891832079,0.0001579891832079,0.0001586679718457,1.0,1.0,0.9957219362258912
607,29,6444,suppresses_cannot,-0.0001579646050231,0.0001579646050231,0.0001579646050231,0.000113733447506,0.0,1.0,1.388901948928833
608,25,8010,suppresses_cannot,-0.0001576969953021,0.0001576969953021,0.0003087634395342,0.0004790174716617,0.22164948284626,0.7783505320549011,0.3292092680931091
609,18,6531,supports_cannot,0.0001576871582074,0.0001576871582074,0.000157821123139,0.0001504224783275,0.9948453903198242,0.9948453903198242,1.0482951402664185
610,24,6813,supports_cannot,0.000157303729793,0.000157303729793,0.0001613304193597,0.0002081834099953,0.938144326210022,0.938144326210022,0.7556016445159912
611,3,3271,supports_cannot,0.000157277303515,0.000157277303515,0.0001586137950653,0.0001558944786665,0.9896907210350036,0.9896907210350036,1.008870244026184
612,23,4802,suppresses_cannot,-0.0001572650071466,0.0001572650071466,0.0001573467307025,0.0001918655470944,0.0051546390168368,0.9948453903198242,0.8196625709533691
613,20,6783,supports_cannot,0.0001572601031512,0.0001572601031512,0.0001572601031512,0.0001434024015907,1.0,1.0,1.096635103225708
614,25,11654,supports_cannot,0.0001571654720464,0.0001571654720464,0.0001571654720464,0.0001294251705985,1.0,1.0,1.2143347263336182
615,23,11026,supports_cannot,0.0001570963358972,0.0001570963358972,0.0001783629122655,0.0002052037743851,0.8865979313850403,0.8865979313850403,0.7655625939369202
616,22,3334,supports_cannot,0.0001570794411236,0.0001570794411236,0.0001574327616253,0.0001552428875584,0.9793814420700072,0.9793814420700072,1.01183021068573
617,30,8465,supports_cannot,0.0001570149179315,0.0001570149179315,0.0001570149179315,0.0001615742366993,1.0,1.0,0.9717819094657898
618,15,2753,suppresses_cannot,-0.0001569845044286,0.0001569845044286,0.0001569845044286,0.0001465329260099,0.0,1.0,1.0713257789611816
619,30,559,suppresses_cannot,-0.0001569780433783,0.0001569780433783,0.0001569780433783,0.0001827586384024,0.0,1.0,0.8589363694190979
620,29,3311,suppresses_cannot,-0.0001568745065014,0.0001568745065014,0.0001568745065014,0.0001036145622492,0.0,1.0,1.5140198469161987
621,21,4675,supports_cannot,0.0001568219740875,0.0001568219740875,0.000157924965606,0.0001391658443026,0.9948453903198242,0.9948453903198242,1.126871109008789
622,28,1016,supports_cannot,0.0001568041479913,0.0001568041479913,0.0001568041479913,0.0001497893827036,1.0,1.0,1.0468308925628662
623,26,5578,supports_cannot,0.0001566628197906,0.0001566628197906,0.0001566628197906,0.0001501195511082,1.0,1.0,1.0435870885849
624,17,5345,supports_cannot,0.0001566155115142,0.0001566155115142,0.0001604000863153,0.0002297478495165,0.9175257682800292,0.9175257682800292,0.6816843152046204
625,29,643,suppresses_cannot,-0.0001565036654938,0.0001565036654938,0.0001565036654938,0.0001484778622398,0.0,1.0,1.0540539026260376
626,24,2874,suppresses_cannot,-0.0001564462145324,0.0001564462145324,0.0001564462145324,0.0001328108482994,0.0,1.0,1.1779626607894895
627,24,6081,suppresses_cannot,-0.0001562194665893,0.0001562194665893,0.0001562194665893,0.0001645508309593,0.0,1.0,0.9493690729141236
628,30,5947,suppresses_cannot,-0.0001561859826324,0.0001561859826324,0.0001561859826324,0.0001749278017086,0.0,1.0,0.892859697341919
629,20,10540,supports_cannot,0.0001561512617627,0.0001561512617627,0.0001561512617627,0.0001120803426601,1.0,1.0,1.3932082653045654
630,23,7055,supports_cannot,0.0001560163800604,0.0001560163800604,0.0001560163800604,0.0001504948886577,1.0,1.0,1.0366889238357544
631,29,3319,suppresses_cannot,-0.000155986577738,0.000155986577738,0.000155986577738,0.0001461668289266,0.0,1.0,1.0671818256378174
632,27,2478,suppresses_cannot,-0.000155843415996,0.000155843415996,0.000155843415996,0.000110998727905,0.0,1.0,1.404010772705078
633,26,1515,suppresses_cannot,-0.0001557045325171,0.0001557045325171,0.0001557045325171,0.0001213320720125,0.0,1.0,1.2832924127578735
634,31,2406,suppresses_cannot,-0.0001555281778564,0.0001555281778564,0.0001555281778564,0.0001811129768611,0.0,1.0,0.8587356805801392
635,31,1981,suppresses_cannot,-0.0001553499751025,0.0001553499751025,0.0001553499751025,0.0001444127701688,0.0,1.0,1.0757356882095337
636,27,5443,supports_cannot,0.0001553358451928,0.0001553358451928,0.0001553358451928,0.0001064765674527,1.0,1.0,1.4588735103607178
637,25,12633,suppresses_cannot,-0.0001552034227643,0.0001552034227643,0.0001554178888909,0.0002496578090358,0.0103092780336737,0.9896907210350036,0.6216645836830139
638,17,2519,suppresses_cannot,-0.0001550273736938,0.0001550273736938,0.0001550273736938,0.0001646045129746,0.0,1.0,0.9418172836303712
639,23,4291,suppresses_cannot,-0.0001549945009173,0.0001549945009173,0.0001549945009173,0.0001622967974981,0.0,1.0,0.9550065398216248
640,31,8680,supports_cannot,0.0001548206055304,0.0001548206055304,0.0001548206055304,0.0001175597790279,1.0,1.0,1.316952109336853
641,22,12322,suppresses_cannot,-0.0001540856901556,0.0001540856901556,0.0001541588135296,0.0001622573181521,0.0051546390168368,0.9948453903198242,0.9496378302574158
642,21,2077,supports_cannot,0.0001539483491797,0.0001539483491797,0.0001552903704578,0.0002563933958299,0.9587628841400146,0.9587628841400146,0.6004380583763123
643,26,1396,supports_cannot,0.0001538445067126,0.0001538445067126,0.0001538445067126,0.0001377891749143,1.0,1.0,1.1165210008621216
644,29,1567,suppresses_cannot,-0.0001536527852294,0.0001536527852294,0.0001536527852294,0.0001589532912475,0.0,1.0,0.9666537046432496
645,29,12471,supports_cannot,0.0001536411145934,0.0001536411145934,0.0001536411145934,0.0001448294206056,1.0,1.0,1.0608419179916382
646,24,6529,supports_cannot,0.0001536107010906,0.0001536107010906,0.0001536107010906,0.000147946368088,1.0,1.0,1.0382864475250244
647,24,2372,supports_cannot,0.0001532714959466,0.0001532714959466,0.0001532714959466,0.0001730463991407,1.0,1.0,0.8857248425483704
648,16,12032,suppresses_cannot,-0.0001532456954009,0.0001532456954009,0.00015363896091,0.0001651590428082,0.0051546390168368,0.9948453903198242,0.9278674125671388
649,19,13484,supports_cannot,0.000153120025061,0.000153120025061,0.0001543520629638,0.0002574812970124,0.9432989954948424,0.9432989954948424,0.5946840643882751
650,23,4077,supports_cannot,0.000152975320816,0.000152975320816,0.000155124158482,0.0001758233847795,0.9587628841400146,0.9587628841400146,0.8700510263442993
651,26,12789,suppresses_cannot,-0.0001529565779492,0.0001529565779492,0.0001529565779492,0.0001591659674886,0.0,1.0,0.9609879851341248
652,20,12584,suppresses_cannot,-0.0001529252476757,0.0001529252476757,0.0001579178933752,0.0002247765369247,0.041237112134695,0.9587628841400146,0.6803434491157532
653,22,4396,suppresses_cannot,-0.0001528060383861,0.0001528060383861,0.0001528060383861,0.0001724525209283,0.0,1.0,0.8860759735107422
654,15,3726,suppresses_cannot,-0.000152735679876,0.000152735679876,0.0001529894507257,0.0001416952145518,0.0103092780336737,0.9896907210350036,1.077916979789734
655,26,6423,suppresses_cannot,-0.0001526548730907,0.0001526548730907,0.0001538733777124,0.0001704626192804,0.041237112134695,0.9587628841400146,0.8955328464508057
656,16,2831,supports_cannot,0.0001526474952697,0.0001526474952697,0.0001526474952697,0.000130205109599,1.0,1.0,1.1723617315292358
657,30,12248,supports_cannot,0.0001524219842394,0.0001524219842394,0.0001524219842394,0.0001611148618394,1.0,1.0,0.946045458316803
658,27,3365,supports_cannot,0.0001522702077636,0.0001522702077636,0.0001522702077636,0.0001411475968779,1.0,1.0,1.0788012742996216
659,27,2270,supports_cannot,0.0001521193480584,0.0001521193480584,0.0001521193480584,0.0001505088439444,1.0,1.0,1.0107003450393677
660,31,13738,supports_cannot,0.0001518197823315,0.0001518197823315,0.000152922788402,0.0001431181299267,0.9896907210350036,0.9896907210350036,1.0608004331588743
661,11,12239,suppresses_cannot,-0.0001518124190624,0.0001518124190624,0.000201037255465,0.0002836235798895,0.1494845300912857,0.8505154848098755,0.5352602005004883
662,16,1038,suppresses_cannot,-0.0001515740004833,0.0001515740004833,0.000152776541654,0.0001499609206803,0.0463917516171932,0.9536082744598388,1.0107566118240356
663,29,11680,suppresses_cannot,-0.0001514796749688,0.0001514796749688,0.0001514796749688,0.0001070368962245,0.0,1.0,1.4152098894119265
664,20,8427,suppresses_cannot,-0.0001514560135547,0.0001514560135547,0.0001514560135547,0.0001430246047675,0.0,1.0,1.0589507818222046
665,15,7361,suppresses_cannot,-0.0001513669121777,0.0001513669121777,0.0002065313165076,0.0002882141852751,0.1391752511262893,0.8608247637748718,0.5251889824867249
666,29,4104,suppresses_cannot,-0.0001511957816546,0.0001511957816546,0.0001511957816546,0.0001191600458696,0.0,1.0,1.2688462734222412
667,15,1046,suppresses_cannot,-0.0001509330904809,0.0001509330904809,0.0001509330904809,0.000173971420736,0.0,1.0,0.8675740361213684
668,21,763,supports_cannot,0.0001508028217358,0.0001508028217358,0.0001508028217358,0.0001174095159512,1.0,1.0,1.2844173908233645
669,23,3123,suppresses_cannot,-0.000150760737597,0.000150760737597,0.000150760737597,0.000118638650747,0.0,1.0,1.270755648612976
670,16,1666,supports_cannot,0.0001507364650024,0.0001507364650024,0.000194767708308,0.0003253516042605,0.6391752362251282,0.6391752362251282,0.46330326795578
671,17,10466,suppresses_cannot,-0.0001507152628619,0.0001507152628619,0.0001554227928863,0.0002630132075864,0.0670103058218956,0.9329897165298462,0.5730330348014832
672,17,3428,suppresses_cannot,-0.0001504869869677,0.0001504869869677,0.0001504869869677,0.0001235320378327,0.0,1.0,1.2182021141052246
673,29,254,suppresses_cannot,-0.0001504178508184,0.0001504178508184,0.0001504178508184,0.0001492088777013,0.0,1.0,1.008102536201477
674,19,2606,suppresses_cannot,-0.0001504138635937,0.0001504138635937,0.0001504138635937,0.0001261514844372,0.0,1.0,1.1923273801803589
675,28,10332,suppresses_cannot,-0.0001503723760833,0.0001503723760833,0.0001503723760833,0.0001286540355067,0.0,1.0,1.168811917304993
676,22,8465,supports_cannot,0.0001503656239947,0.0001503656239947,0.0001503656239947,0.0001518415228929,1.0,1.0,0.990280032157898
677,28,3539,suppresses_cannot,-0.0001501941733295,0.0001501941733295,0.0001501941733295,0.0001934688480105,0.0,1.0,0.7763222455978394
678,17,6949,suppresses_cannot,-0.0001501155202277,0.0001501155202277,0.0001503914245404,0.0001822894118959,0.0103092780336737,0.9896907210350036,0.8235010504722595
679,28,4372,suppresses_cannot,-0.0001500952494097,0.0001500952494097,0.0001500952494097,0.0001379361929139,0.0,1.0,1.088149905204773
680,13,13608,suppresses_cannot,-0.0001500476209912,0.0001500476209912,0.0001501299702795,0.0001758153084665,0.0051546390168368,0.9948453903198242,0.8534389138221741
681,24,5457,suppresses_cannot,-0.0001500184444012,0.0001500184444012,0.0001500184444012,0.0001304961770074,0.0,1.0,1.1496002674102783
682,25,8904,supports_cannot,0.0001499837235314,0.0001499837235314,0.0001499837235314,0.0001121962777688,1.0,1.0,1.3367977142333984
683,17,5150,supports_cannot,0.0001499502250226,0.0001499502250226,0.0001499502250226,0.0001053907108143,1.0,1.0,1.4228030443191528
684,25,3071,suppresses_cannot,-0.0001499195059295,0.0001499195059295,0.0001499195059295,0.0001688926422502,0.0,1.0,0.8876615762710571
685,8,3355,supports_cannot,0.0001497572811786,0.0001497572811786,0.0001500411744927,0.0002374835166847,0.9742268323898317,0.9742268323898317,0.6306007504463196
686,31,3260,supports_cannot,0.0001497379271313,0.0001497379271313,0.0001497379271313,0.00016827332729,1.0,1.0,0.8898494243621826
687,23,4617,suppresses_cannot,-0.0001496918412158,0.0001496918412158,0.0001496918412158,0.0001545241393614,0.0,1.0,0.9687278866767884
688,18,11450,supports_cannot,0.0001496872282586,0.0001496872282586,0.0001498721976531,0.000164693366969,0.9948453903198242,0.9948453903198242,0.9088844060897828
689,22,12691,supports_cannot,0.0001496611221227,0.0001496611221227,0.0001496611221227,0.0001566151040606,1.0,1.0,0.9555982947349548
690,25,1216,suppresses_cannot,-0.0001494749303674,0.0001494749303674,0.0001494749303674,0.0001295974798267,0.0,1.0,1.1533783674240112
691,28,11641,supports_cannot,0.000149234663695,0.000149234663695,0.0001510037545813,0.0001444610534235,0.984536111354828,0.984536111354828,1.0330442190170288
692,27,2302,supports_cannot,0.0001491971779614,0.0001491971779614,0.0001492002629674,0.0001107909847632,0.9948453903198242,0.9948453903198242,1.3466545343399048
693,30,2779,supports_cannot,0.0001491916482336,0.0001491916482336,0.0001491916482336,0.0001663858711253,1.0,1.0,0.896660566329956
694,18,13565,suppresses_cannot,-0.0001491157599957,0.0001491157599957,0.0001493492745794,0.0001155827994807,0.0051546390168368,0.9948453903198242,1.2901207208633425
695,20,11879,suppresses_cannot,-0.0001489811984356,0.0001489811984356,0.0001569018495501,0.0001331422536168,0.0515463910996913,0.9484536051750184,1.1189625263214111
696,17,6842,suppresses_cannot,-0.0001489212882006,0.0001489212882006,0.0001489212882006,0.0001580797688802,0.0,1.0,0.9420641660690308
697,20,3796,suppresses_cannot,-0.000148762439494,0.000148762439494,0.0001491821312811,0.0001188304086099,0.0103092780336737,0.9896907210350036,1.251888632774353
698,16,9883,supports_cannot,0.0001487476984038,0.0001487476984038,0.0001502691447967,0.0002021338586928,0.9587628841400146,0.9587628841400146,0.7358871102333069
699,26,1810,suppresses_cannot,-0.0001486920809838,0.0001486920809838,0.0001486920809838,0.0001413023128407,0.0,1.0,1.052297592163086
700,30,4677,suppresses_cannot,-0.0001486702676629,0.0001486702676629,0.0001486702676629,0.0001567988947499,0.0,1.0,0.9481589198112488
701,31,11077,supports_cannot,0.0001485464454162,0.0001485464454162,0.0001485464454162,0.0001497314951848,1.0,1.0,0.9920855164527892
702,14,5439,supports_cannot,0.000148532926687,0.000148532926687,0.000148532926687,8.778618212090805e-05,1.0,1.0,1.691985249519348
703,19,3076,suppresses_cannot,-0.0001485243265051,0.0001485243265051,0.000148853068822,0.0002038484235526,0.0103092780336737,0.9896907210350036,0.7286018133163452
704,28,10181,supports_cannot,0.0001482751540606,0.0001482751540606,0.0001482751540606,0.0001137366125476,1.0,1.0,1.3036712408065796
705,22,7652,supports_cannot,0.0001482594816479,0.0001482594816479,0.000150592677528,0.0001303982717217,0.984536111354828,0.984536111354828,1.1369743347167969
706,23,4985,supports_cannot,0.0001481012586737,0.0001481012586737,0.0001481012586737,0.0001417547318851,1.0,1.0,1.0447711944580078
707,26,9907,supports_cannot,0.0001480987994,0.0001480987994,0.0001480987994,0.0001327987120021,1.0,1.0,1.1152125597000122
708,19,635,supports_cannot,0.0001480435021221,0.0001480435021221,0.0001480435021221,0.0001757745922077,1.0,1.0,0.8422349095344543
709,15,256,supports_cannot,0.000147932281834,0.000147932281834,0.000177265756065,0.0002755665918812,0.8969072103500366,0.8969072103500366,0.5368295311927795
710,17,3931,supports_cannot,0.000147818296682,0.000147818296682,0.000147818296682,0.0001790283859008,1.0,1.0,0.8256695866584778
711,29,11608,supports_cannot,0.0001478063059039,0.0001478063059039,0.0001478063059039,0.0001438828476238,1.0,1.0,1.027268409729004
712,26,6361,supports_cannot,0.0001476714242016,0.0001476714242016,0.0001476714242016,0.0001278128183912,1.0,1.0,1.1553726196289062
713,25,351,suppresses_cannot,-0.000147604761878,0.000147604761878,0.000147604761878,0.0001568049337947,0.0,1.0,0.9413272738456726
714,23,13662,suppresses_cannot,-0.0001474652672186,0.0001474652672186,0.0001474652672186,0.0001520976511528,0.0,1.0,0.9695433378219604
715,31,570,supports_cannot,0.0001474400778533,0.0001474400778533,0.0001474400778533,0.0001536402705824,1.0,1.0,0.9596447348594666
716,26,8671,suppresses_cannot,-0.0001473018201068,0.0001473018201068,0.0001473018201068,0.0001472889416618,0.0,1.0,1.0000873804092407
717,17,7337,suppresses_cannot,-0.0001467371039325,0.0001467371039325,0.0001467371039325,0.0001381173351546,0.0,1.0,1.0624090433120728
718,19,5106,suppresses_cannot,-0.0001465911773266,0.0001465911773266,0.0001465911773266,0.0001734953839331,0.0,1.0,0.8449283838272095
719,27,7424,suppresses_cannot,-0.0001465834939153,0.0001465834939153,0.0001465834939153,0.0001370027603115,0.0,1.0,1.069930911064148
720,19,13544,supports_cannot,0.0001465518434997,0.0001465518434997,0.0001465518434997,0.0001187027664855,1.0,1.0,1.2346118688583374
721,24,9303,supports_cannot,0.0001465413952246,0.0001465413952246,0.0001465413952246,0.000195718879695,1.0,1.0,0.7487340569496155
722,29,3852,suppresses_cannot,-0.0001464891684008,0.0001464891684008,0.0001464891684008,0.0001852003188105,0.0,1.0,0.790976881980896
723,23,3040,suppresses_cannot,-0.0001464854867663,0.0001464854867663,0.0001464854867663,0.0001449711853638,0.0,1.0,1.010445475578308
724,31,1123,suppresses_cannot,-0.0001464157394366,0.0001464157394366,0.0001464157394366,0.000123108155094,0.0,1.0,1.1893260478973389
725,14,3537,supports_cannot,0.0001463742664782,0.0001463742664782,0.0001506424450781,0.0002027971349889,0.9536082744598388,0.9536082744598388,0.7217767834663391
726,5,14319,suppresses_cannot,-0.0001463306252844,0.0001463306252844,0.0001569900341564,0.0002220243040937,0.1340206116437912,0.8659793734550476,0.6590747833251953
727,22,5872,suppresses_cannot,-0.0001463247899664,0.0001463247899664,0.0001463247899664,0.0001930218568304,0.0,1.0,0.7580736875534058
728,13,3523,suppresses_cannot,-0.0001461041974835,0.0001461041974835,0.0001622207928448,0.0001856012531789,0.0257731955498456,0.9742268323898317,0.787194013595581
729,11,469,supports_cannot,0.0001460464409319,0.0001460464409319,0.0001486303226556,0.0002784955431707,0.907216489315033,0.907216489315033,0.5244121551513672
730,22,6812,suppresses_cannot,-0.0001460341445636,0.0001460341445636,0.0001460341445636,0.0001250612840522,0.0,1.0,1.1677006483078003
731,22,12624,supports_cannot,0.0001459220075048,0.0001459220075048,0.0001459220075048,0.00010383380868,1.0,1.0,1.4053419828414917
732,26,8460,supports_cannot,0.0001459177001379,0.0001459177001379,0.0001459177001379,0.0001373458653688,1.0,1.0,1.062410593032837
733,19,6217,suppresses_cannot,-0.0001458814513171,0.0001458814513171,0.0001458814513171,0.0001022810465656,0.0,1.0,1.4262803792953491
734,28,11285,suppresses_cannot,-0.0001457348989788,0.0001457348989788,0.0001730989606585,0.0002960812416858,0.2061855643987655,0.7938144207000732,0.4922125339508056
735,18,6422,suppresses_cannot,-0.0001456208992749,0.0001456208992749,0.0001470587885705,0.000147264523548,0.041237112134695,0.9587628841400146,0.9888389706611632
736,31,13452,suppresses_cannot,-0.00014554655354,0.00014554655354,0.00014554655354,0.000136518763611,0.0,1.0,1.0661286115646362
737,8,1261,suppresses_cannot,-0.0001455278106732,0.0001455278106732,0.0001467887341277,0.0001478928897995,0.0206185560673475,0.9793814420700072,0.9840081334114076
738,21,4010,supports_cannot,0.0001455032324884,0.0001455032324884,0.0001455032324884,0.0001388955133734,1.0,1.0,1.0475733280181885
739,30,2137,supports_cannot,0.0001454847952118,0.0001454847952118,0.0001454847952118,0.0001011524291243,1.0,1.0,1.4382728338241575
740,24,9306,supports_cannot,0.0001454755838494,0.0001454755838494,0.0001454755838494,0.0001433206198271,1.0,1.0,1.0150359869003296
741,30,8730,supports_cannot,0.0001454245793865,0.0001454245793865,0.0001454245793865,0.0001502648374298,1.0,1.0,0.9677884578704834
742,20,4595,suppresses_cannot,-0.0001453898585168,0.0001453898585168,0.0001453898585168,0.0001732727396301,0.0,1.0,0.8390809893608093
743,30,7433,supports_cannot,0.0001450884592486,0.0001450884592486,0.0001450884592486,0.0001085567710106,1.0,1.0,1.3365215063095093
744,16,8569,supports_cannot,0.0001450460549676,0.0001450460549676,0.000157555041369,0.0002839634544216,0.8917526006698608,0.8917526006698608,0.5107913017272949
745,26,3426,suppresses_cannot,-0.0001450095005566,0.0001450095005566,0.0001454525336157,0.0001388270466122,0.0154639175161719,0.984536111354828,1.0445334911346436
746,20,10000,suppresses_cannot,-0.0001449827686883,0.0001449827686883,0.0001503809762652,0.0001871657295851,0.0824742242693901,0.9175257682800292,0.7746224403381348
747,19,1450,suppresses_cannot,-0.0001449213159503,0.0001449213159503,0.0001449213159503,9.272406168747692e-05,0.0,1.0,1.5629310607910156
748,29,5038,suppresses_cannot,-0.0001449001138098,0.0001449001138098,0.0001449001138098,0.0001522437669336,0.0,1.0,0.9517638683319092
749,28,8774,supports_cannot,0.0001448807597626,0.0001448807597626,0.0001448807597626,0.0001461715582991,1.0,1.0,0.991169273853302
750,14,174,supports_cannot,0.0001448555703973,0.0001448555703973,0.0001451449934393,0.0001558173971716,0.9948453903198242,0.9948453903198242,0.929649531841278
751,29,8437,suppresses_cannot,-0.0001446070091333,0.0001446070091333,0.0001501090737292,0.0001195407894556,0.0154639175161719,0.984536111354828,1.20968759059906
752,26,8035,suppresses_cannot,-0.0001445947273168,0.0001445947273168,0.0001445947273168,0.0001320948358625,0.0,1.0,1.0946282148361206
753,28,9883,supports_cannot,0.0001445879606762,0.0001445879606762,0.0001445879606762,0.0001184316934086,1.0,1.0,1.2208553552627563
754,24,4380,suppresses_cannot,-0.0001444850349798,0.0001444850349798,0.0001444850349798,0.0001083168535842,0.0,1.0,1.3339109420776367
755,28,2344,supports_cannot,0.000144406381878,0.000144406381878,0.000144406381878,9.772895282367244e-05,1.0,1.0,1.47762131690979
756,29,498,supports_cannot,0.0001442755019525,0.0001442755019525,0.0001442755019525,0.0001159787061624,1.0,1.0,1.2439826726913452
757,31,11299,suppresses_cannot,-0.0001440149644622,0.0001440149644622,0.0001440149644622,0.0001219543919432,0.0,1.0,1.180891990661621
758,19,13282,suppresses_cannot,-0.0001438217004761,0.0001438217004761,0.0001438217004761,0.0001433461729902,0.0,1.0,1.0033173561096191
759,26,13641,suppresses_cannot,-0.0001435765298083,0.0001435765298083,0.0001435826707165,0.0001090346704586,0.0051546390168368,0.9948453903198242,1.3167970180511477
760,15,704,suppresses_cannot,-0.0001435623998986,0.0001435623998986,0.0001477316545788,0.0002670260728336,0.0567010305821895,0.9432989954948424,0.5376343727111816
761,30,8891,suppresses_cannot,-0.0001434932637494,0.0001434932637494,0.0001434932637494,0.0001177224476123,0.0,1.0,1.2189116477966309
762,15,4722,supports_cannot,0.0001434198347851,0.0001434198347851,0.0001434198347851,0.0001676406100159,1.0,1.0,0.8555196523666382
763,19,3931,supports_cannot,0.0001432634453522,0.0001432634453522,0.0001432634453522,0.0001388843520544,1.0,1.0,1.031530499458313
764,22,7694,supports_cannot,0.0001431992423022,0.0001431992423022,0.0001454961602576,0.0002056033699773,0.9896907210350036,0.9896907210350036,0.6964829564094543
765,21,2449,suppresses_cannot,-0.0001431119744665,0.0001431119744665,0.0001431119744665,0.0001377473236061,0.0,1.0,1.038945555686951
766,18,4318,suppresses_cannot,-0.0001429377734893,0.0001429377734893,0.000143102457514,0.0001309788931393,0.0103092780336737,0.9896907210350036,1.091303825378418
767,19,2567,suppresses_cannot,-0.0001428668037988,0.0001428668037988,0.0001446014794055,0.0001553555921418,0.0154639175161719,0.984536111354828,0.9196115732192992
768,17,4209,suppresses_cannot,-0.0001428582036169,0.0001428582036169,0.0001650735212024,0.0001555620110593,0.0773195847868919,0.92268043756485,0.918336033821106
769,29,10544,suppresses_cannot,-0.0001428136456524,0.0001428136456524,0.0001428136456524,0.0001530762674519,0.0,1.0,0.9329574704170228
770,20,2651,suppresses_cannot,-0.0001426913659088,0.0001426913659088,0.0001426913659088,9.106855577556416e-05,0.0,1.0,1.5668566226959229
771,30,12598,supports_cannot,0.0001426892122253,0.0001426892122253,0.0001426892122253,0.0001082799644791,1.0,1.0,1.317780375480652
772,12,923,suppresses_cannot,-0.0001426492817699,0.0001426492817699,0.0001475473109167,0.0002335179160581,0.0515463910996913,0.9484536051750184,0.6108708381652832
773,24,4066,supports_cannot,0.0001426087255822,0.0001426087255822,0.0001426087255822,0.0001481472718296,1.0,1.0,0.9626145958900452
774,27,1592,suppresses_cannot,-0.000142541131936,0.000142541131936,0.000142541131936,9.067457722267136e-05,0.0,1.0,1.572007656097412
775,16,5657,suppresses_cannot,-0.0001424397341907,0.0001424397341907,0.00014448534057,0.0001745467598084,0.0154639175161719,0.984536111354828,0.8160548806190491
776,16,13510,suppresses_cannot,-0.0001424289803253,0.0001424289803253,0.000144298232044,0.0001813976559787,0.0515463910996913,0.9484536051750184,0.7851754426956177
777,25,11658,suppresses_cannot,-0.0001424047077307,0.0001424047077307,0.0001424047077307,0.0001362756447633,0.0,1.0,1.044975519180298
778,23,600,supports_cannot,0.0001423681533196,0.0001423681533196,0.0001423681533196,0.0001198587633552,1.0,1.0,1.187799334526062
779,16,13124,suppresses_cannot,-0.0001423300564056,0.0001423300564056,0.0001454743469366,0.0001383049966534,0.0257731955498456,0.9742268323898317,1.029102802276611
780,19,7922,supports_cannot,0.0001422587811248,0.0001422587811248,0.0001422587811248,0.0001334768603555,1.0,1.0,1.0657936334609983
781,19,7180,suppresses_cannot,-0.0001422083878424,0.0001422083878424,0.000149101630086,0.0001339669688604,0.0257731955498456,0.9742268323898317,1.061518311500549
782,27,2886,suppresses_cannot,-0.0001420765765942,0.0001420765765942,0.0001420765765942,0.0001102004316635,0.0,1.0,1.2892560958862305
783,23,13376,supports_cannot,0.0001419496838934,0.0001419496838934,0.0001517617201898,0.0001666583993937,0.9175257682800292,0.9175257682800292,0.8517403602600098
784,28,14310,supports_cannot,0.0001419377076672,0.0001419377076672,0.0001419377076672,0.0001097336353268,1.0,1.0,1.2934749126434326
785,30,13808,suppresses_cannot,-0.0001417982275597,0.0001417982275597,0.0001417982275597,0.0001392877602484,0.0,1.0,1.0180236101150513
786,14,714,suppresses_cannot,-0.0001417665771441,0.0001417665771441,0.0001508375426055,0.000233888727962,0.0927835032343864,0.907216489315033,0.6061282753944397
787,17,9635,supports_cannot,0.0001417496823705,0.0001417496823705,0.0001417496823705,0.0001362496986985,1.0,1.0,1.0403668880462646
788,18,6894,suppresses_cannot,-0.0001417386229149,0.0001417386229149,0.0001901289797388,0.0004533164901658,0.5206185579299927,0.5206185579299927,0.312670350074768
789,22,1612,suppresses_cannot,-0.0001417042076354,0.0001417042076354,0.0001417042076354,0.00011589397036,0.0,1.0,1.222705602645874
790,18,12138,supports_cannot,0.0001416295417584,0.0001416295417584,0.0001416295417584,0.0001245801686309,1.0,1.0,1.136854648590088
791,30,13251,supports_cannot,0.000141533993883,0.000141533993883,0.000141533993883,9.052101813722402e-05,1.0,1.0,1.5635484457015991
792,10,6230,supports_cannot,0.000141460870509,0.000141460870509,0.0001668886980041,0.0002894542121794,0.7113401889801025,0.7113401889801025,0.4887158870697021
793,17,13404,suppresses_cannot,-0.0001414415164617,0.0001414415164617,0.0001414415164617,8.633425750304013e-05,0.0,1.0,1.638301134109497
794,22,10995,supports_cannot,0.0001414147845935,0.0001414147845935,0.0001414147845935,0.0001372593396808,1.0,1.0,1.0302743911743164
795,25,2351,suppresses_cannot,-0.000141285432619,0.000141285432619,0.000141285432619,0.0001261821162188,0.0,1.0,1.1196945905685425
796,21,6216,supports_cannot,0.0001412565616192,0.0001412565616192,0.0001412565616192,0.0001075230102287,1.0,1.0,1.3137333393096924
797,19,14292,suppresses_cannot,-0.0001412218407494,0.0001412218407494,0.0001549831358715,0.0001736968697514,0.0824742242693901,0.9175257682800292,0.8130362033843994
798,30,38,supports_cannot,0.000141145021189,0.000141145021189,0.000141145021189,0.000120766708278,1.0,1.0,1.1687411069869995
799,18,14003,supports_cannot,0.0001409788092132,0.0001409788092132,0.0001409788092132,0.0001036083922372,1.0,1.0,1.3606890439987185
800,16,11405,suppresses_cannot,-0.0001408764946972,0.0001408764946972,0.0001436551829101,0.0001118311556638,0.0257731955498456,0.9742268323898317,1.2597249746322632
801,30,1529,suppresses_cannot,-0.0001408451644238,0.0001408451644238,0.0001408451644238,0.0001484533859184,0.0,1.0,0.9487500786781312
802,27,6678,supports_cannot,0.0001407416275469,0.0001407416275469,0.0001407416275469,0.0001570881722727,1.0,1.0,0.8959403038024902
803,27,12638,suppresses_cannot,-0.0001407194940838,0.0001407194940838,0.0001407194940838,0.0001297077251365,0.0,1.0,1.0848968029022217
804,28,10407,suppresses_cannot,-0.0001404773938702,0.0001404773938702,0.0001404773938702,0.0002066663146251,0.0,1.0,0.6797304749488831
805,30,10840,supports_cannot,0.0001401200715918,0.0001401200715918,0.0001402650959789,0.0001851954584708,0.9896907210350036,0.9896907210350036,0.75660640001297
806,14,1441,supports_cannot,0.0001401151530444,0.0001401151530444,0.0001438057370251,0.0001604745048098,0.9742268323898317,0.9742268323898317,0.8731303215026855
807,28,6953,supports_cannot,0.000140102871228,0.000140102871228,0.000140102871228,9.073612454812974e-05,1.0,1.0,1.5440694093704224
808,14,13298,suppresses_cannot,-0.0001400982582708,0.0001400982582708,0.0001453914010198,0.0001647713215788,0.0257731955498456,0.9742268323898317,0.8502587676048279
809,26,10343,supports_cannot,0.0001400656910846,0.0001400656910846,0.0001400656910846,0.0001267529150936,1.0,1.0,1.1050293445587158
810,4,12934,suppresses_cannot,-0.0001400199107592,0.0001400199107592,0.0002780323266051,0.0007158604566939,0.2474226802587509,0.7525773048400879,0.1955966502428054
811,23,8851,suppresses_cannot,-0.0001399913453496,0.0001399913453496,0.0001399913453496,0.0001273067027796,0.0,1.0,1.0996384620666504
812,0,491,supports_cannot,0.0001399384927935,0.0001399384927935,0.0001754511904437,0.0004489254497457,0.7216494679450989,0.7216494679450989,0.3117187917232513
813,27,2827,supports_cannot,0.0001398334134137,0.0001398334134137,0.0001398334134137,0.0001022001815726,1.0,1.0,1.3682305812835691
814,16,1754,supports_cannot,0.0001398168242303,0.0001398168242303,0.0001398168242303,0.000117860334285,1.0,1.0,1.1862924098968506
815,31,11750,supports_cannot,0.0001397888700012,0.0001397888700012,0.0001397888700012,0.000122457568068,1.0,1.0,1.1415290832519531
816,16,3669,supports_cannot,0.0001397096057189,0.0001397096057189,0.000140630712849,0.0001756931014824,0.969072163105011,0.969072163105011,0.7951911687850952
817,23,4089,suppresses_cannot,-0.0001396988518536,0.0001396988518536,0.0001396988518536,0.0001449379196856,0.0,1.0,0.9638530015945436
818,29,11848,suppresses_cannot,-0.0001396874722559,0.0001396874722559,0.0001396874722559,0.0001026170066324,0.0,1.0,1.3612507581710815
819,15,8329,supports_cannot,0.0001395756407873,0.0001395756407873,0.0001402153138769,0.0001710527285467,0.9742268323898317,0.9742268323898317,0.8159801959991455
820,30,4301,suppresses_cannot,-0.0001395492145093,0.0001395492145093,0.0001395492145093,0.0001635072840144,0.0,1.0,0.8534740209579468
821,31,1209,supports_cannot,0.0001394951395923,0.0001394951395923,0.0001394951395923,0.0001411800767527,1.0,1.0,0.9880653619766236
822,22,2061,suppresses_cannot,-0.0001394844002788,0.0001394844002788,0.0001394844002788,0.00013134200708,0.0,1.0,1.0619938373565674
823,19,7322,suppresses_cannot,-0.0001394112769048,0.0001394112769048,0.000140586766065,0.0001623569987714,0.0206185560673475,0.9793814420700072,0.8586711883544922
824,30,14296,suppresses_cannot,-0.0001393885322613,0.0001393885322613,0.0001393885322613,0.000149152445374,0.0,1.0,0.9345373511314392
825,19,11420,suppresses_cannot,-0.0001392994308844,0.0001392994308844,0.0001392994308844,0.0001034982851706,0.0,1.0,1.3459105491638184
826,14,12639,supports_cannot,0.0001392342965118,0.0001392342965118,0.0001858451287262,0.0002633834374137,0.8144329786300659,0.8144329786300659,0.5286372303962708
827,24,1816,suppresses_cannot,-0.0001392195554217,0.0001392195554217,0.0001392195554217,0.0001318942959187,0.0,1.0,1.0555388927459717
828,30,1127,suppresses_cannot,-0.0001390963443554,0.0001390963443554,0.0001390963443554,0.0001213818686665,0.0,1.0,1.1459400653839111
829,23,2240,supports_cannot,0.0001388484088238,0.0001388484088238,0.0001413370482623,0.000120607583085,0.984536111354828,0.984536111354828,1.1512410640716553
830,31,1332,supports_cannot,0.0001388035452691,0.0001388035452691,0.0001388035452691,0.0001030381099553,1.0,1.0,1.3471088409423828
831,30,5025,suppresses_cannot,-0.0001387980155413,0.0001387980155413,0.0001387980155413,0.000111099841888,0.0,1.0,1.2493088245391846
832,20,11241,supports_cannot,0.0001387841912219,0.0001387841912219,0.0001387841912219,0.0001080211441149,1.0,1.0,1.2847872972488403
833,17,9729,supports_cannot,0.0001386754302075,0.0001386754302075,0.0001386754302075,0.0001073626772267,1.0,1.0,1.2916539907455444
834,27,4641,suppresses_cannot,-0.0001386652875225,0.0001386652875225,0.0001386652875225,0.000103248617961,0.0,1.0,1.3430231809616089
835,13,5104,suppresses_cannot,-0.0001385721989208,0.0001385721989208,0.0001447342074243,0.0001637797104194,0.0721649453043937,0.9278350472450256,0.8460889458656311
836,11,6452,supports_cannot,0.0001385322539135,0.0001385322539135,0.000139342751936,0.0002245799842057,0.9432989954948424,0.9432989954948424,0.6168503761291504
837,30,3364,suppresses_cannot,-0.0001384585193591,0.0001384585193591,0.000139712676173,0.0001456420432077,0.0051546390168368,0.9948453903198242,0.9506768584251404
838,31,11488,supports_cannot,0.0001384413189953,0.0001384413189953,0.0001384413189953,0.000141592696309,1.0,1.0,0.97774338722229
839,15,7962,suppresses_cannot,-0.0001384158094879,0.0001384158094879,0.0001398198946844,0.0002659892197698,0.0567010305821895,0.9432989954948424,0.5203812718391418
840,8,11939,suppresses_cannot,-0.0001383801718475,0.0001383801718475,0.0001426059607183,0.0002662610204424,0.0979381427168846,0.9020618796348572,0.519716203212738
841,30,309,suppresses_cannot,-0.0001382462214678,0.0001382462214678,0.0001382462214678,0.0001145426867878,0.0,1.0,1.2069406509399414
842,2,10698,suppresses_cannot,-0.0001382071932312,0.0001382071932312,0.0001438610343029,0.0001294551766477,0.0257731955498456,0.9742268323898317,1.0676065683364868
843,29,166,suppresses_cannot,-0.0001381988986395,0.0001381988986395,0.0001384637434966,0.0001227634347742,0.0051546390168368,0.9948453903198242,1.1257333755493164
844,29,5951,suppresses_cannot,-0.0001381936745019,0.0001381936745019,0.0001381936745019,0.0001823919737944,0.0,1.0,0.7576740980148315
845,30,1171,supports_cannot,0.0001381011970806,0.0001381011970806,0.0001381011970806,0.0001401153713231,1.0,1.0,0.98562490940094
846,21,4473,suppresses_cannot,-0.0001380031899316,0.0001380031899316,0.0001394238643115,0.000127415638417,0.0103092780336737,0.9896907210350036,1.083094596862793
847,18,10741,supports_cannot,0.0001379537279717,0.0001379537279717,0.0001380643225274,0.0001408679236192,0.9948453903198242,0.9948453903198242,0.979312539100647
848,21,2568,suppresses_cannot,-0.0001379005698254,0.0001379005698254,0.0001379005698254,0.0001210039044963,0.0,1.0,1.1396373510360718
849,15,3366,suppresses_cannot,-0.0001378385059069,0.0001378385059069,0.0001378385059069,0.0001686855684965,0.0,1.0,0.8171327710151672
850,23,9335,supports_cannot,0.0001378326705889,0.0001378326705889,0.0001378326705889,0.0001026532918331,1.0,1.0,1.3427009582519531
851,31,3430,suppresses_cannot,-0.0001377540174871,0.0001377540174871,0.0001377540174871,0.0001152188488049,0.0,1.0,1.1955857276916504
852,17,2299,supports_cannot,0.0001376108411932,0.0001376108411932,0.0001629409671295,0.0001435629965271,0.8556700944900513,0.8556700944900513,0.9585397839546204
853,30,8539,suppresses_cannot,-0.0001375438587274,0.0001375438587274,0.0001376335712848,0.0001409919786965,0.0051546390168368,0.9948453903198242,0.9755438566207886
854,31,740,supports_cannot,0.000137446768349,0.000137446768349,0.000137446768349,0.0001180385952466,1.0,1.0,1.1644222736358645
855,21,6832,supports_cannot,0.0001373312552459,0.0001373312552459,0.0001373312552459,0.000167781865457,1.0,1.0,0.8185107111930847
856,15,749,suppresses_cannot,-0.0001372126571368,0.0001372126571368,0.0001401695335516,0.0001408585812896,0.0206185560673475,0.9793814420700072,0.9741164445877076
857,22,13090,suppresses_cannot,-0.0001372003607684,0.0001372003607684,0.0001375985448248,0.0002200497547164,0.0103092780336737,0.9896907210350036,0.6234970092773438
858,21,7609,suppresses_cannot,-0.0001371972903143,0.0001371972903143,0.0001371972903143,0.0001059956484823,0.0,1.0,1.2943671941757202
859,24,5857,suppresses_cannot,-0.0001371496764477,0.0001371496764477,0.0001371496764477,0.0001169394745375,0.0,1.0,1.1728261709213257
860,15,2500,suppresses_cannot,-0.0001371100370306,0.0001371100370306,0.0001371100370306,0.0001412044512107,0.0,1.0,0.9710036516189576
861,24,10738,suppresses_cannot,-0.0001370584213873,0.0001370584213873,0.0001370584213873,0.0001099667351809,0.0,1.0,1.246362566947937
862,16,11010,supports_cannot,0.0001370212412439,0.0001370212412439,0.0001394318533129,0.0002461586846038,0.9587628841400146,0.9587628841400146,0.5566378235816956
863,20,10996,supports_cannot,0.0001368651719531,0.0001368651719531,0.0001369075616821,0.0001223310682689,0.9948453903198242,0.9948453903198242,1.1188095808029177
864,17,1281,supports_cannot,0.0001368147786706,0.0001368147786706,0.0001368147786706,0.0001603325654286,1.0,1.0,0.8533186912536621
865,20,8898,supports_cannot,0.0001367508812109,0.0001367508812109,0.0001367508812109,0.0001165733265224,1.0,1.0,1.1730889081954956
866,24,5163,suppresses_cannot,-0.0001367484219372,0.0001367484219372,0.0001367484219372,0.0001084790419554,0.0,1.0,1.260597586631775
867,30,11709,supports_cannot,0.000136718925205,0.000136718925205,0.000136718925205,0.0001566044375067,1.0,1.0,0.8730207681655884
868,0,8092,supports_cannot,0.0001366712967865,0.0001366712967865,0.0001464267988922,0.0001314538239967,0.9896907210350036,0.9896907210350036,1.0396904945373535
869,21,9230,suppresses_cannot,-0.0001365029311273,0.0001365029311273,0.000136512768222,0.0001101793386624,0.0051546390168368,0.9948453903198242,1.2389159202575684
870,27,7985,suppresses_cannot,-0.0001364623749395,0.0001364623749395,0.0001364623749395,8.329283446073532e-05,0.0,1.0,1.6383447647094729
871,17,6469,suppresses_cannot,-0.0001364190538879,0.0001364190538879,0.0001365124626317,0.0001433677389286,0.0051546390168368,0.9948453903198242,0.9515324234962464
872,26,13342,suppresses_cannot,-0.0001364033814752,0.0001364033814752,0.0001364033814752,0.0001722517772577,0.0,1.0,0.7918837666511536
873,27,2874,suppresses_cannot,-0.0001363450137432,0.0001363450137432,0.0001363450137432,0.0001258664560737,0.0,1.0,1.0832513570785522
874,31,13814,suppresses_cannot,-0.0001362878683721,0.0001362878683721,0.0001367014046991,0.0001187909583677,0.0051546390168368,0.9948453903198242,1.1472915410995483
875,26,2776,supports_cannot,0.0001361585163976,0.0001361585163976,0.0001361585163976,0.0001064110838342,1.0,1.0,1.279551982879639
876,28,2510,suppresses_cannot,-0.0001359013549517,0.0001359013549517,0.0001359013549517,0.000116829352919,0.0,1.0,1.1632466316223145
877,24,1934,supports_cannot,0.0001358826120849,0.0001358826120849,0.0001358826120849,0.000126655184431,1.0,1.0,1.07285475730896
878,15,1871,suppresses_cannot,-0.0001358395966235,0.0001358395966235,0.0001388106174999,0.0001883395598269,0.0824742242693901,0.9175257682800292,0.7212483286857605
879,26,13357,supports_cannot,0.0001358147128485,0.0001358147128485,0.0001358147128485,8.695939322933555e-05,1.0,1.0,1.561817646026611
880,20,10660,supports_cannot,0.0001357784640276,0.0001357784640276,0.0001357968867523,0.000138373390655,0.9896907210350036,0.9896907210350036,0.9812469482421876
881,23,5948,suppresses_cannot,-0.000135754191433,0.000135754191433,0.000135754191433,0.0001043479060172,0.0,1.0,1.3009766340255735
882,22,7467,supports_cannot,0.0001357406727038,0.0001357406727038,0.0001381518959533,0.0001232507202075,0.969072163105011,0.969072163105011,1.1013377904891968
883,17,5610,supports_cannot,0.0001356746070086,0.0001356746070086,0.0001356746070086,0.0001025259698508,1.0,1.0,1.323319435119629
884,23,4124,suppresses_cannot,-0.000135540656629,0.000135540656629,0.000135540656629,0.0001257628173334,0.0,1.0,1.0777482986450195
885,21,6141,suppresses_cannot,-0.0001353563129669,0.0001353563129669,0.0001353563129669,0.0001124774717027,0.0,1.0,1.2034082412719729
886,21,3382,supports_cannot,0.0001352561521343,0.0001352561521343,0.0001352561521343,9.144440264208242e-05,1.0,1.0,1.4791080951690674
887,18,3223,suppresses_cannot,-0.0001352177496301,0.0001352177496301,0.0001354401902062,0.0001981906680157,0.0103092780336737,0.9896907210350036,0.6822609305381775
888,30,717,suppresses_cannot,-0.0001352146791759,0.0001352146791759,0.0001352146791759,9.40452518989332e-05,0.0,1.0,1.437761902809143
889,27,1544,supports_cannot,0.0001351160462945,0.0001351160462945,0.0001351160462945,0.0001302189921261,1.0,1.0,1.0376062393188477
890,28,5216,suppresses_cannot,-0.000134985166369,0.000134985166369,0.000134985166369,0.0001043883239617,0.0,1.0,1.293105959892273
891,29,2740,supports_cannot,0.0001348324585705,0.0001348324585705,0.0001348324585705,0.0001037110196193,1.0,1.0,1.3000783920288086
892,9,884,supports_cannot,0.0001347814686596,0.0001347814686596,0.000143301236676,0.0002541251888033,0.8969072103500366,0.8969072103500366,0.53037428855896
893,29,3237,suppresses_cannot,-0.0001347777724731,0.0001347777724731,0.0001348386140307,0.0001432475401088,0.0051546390168368,0.9948453903198242,0.9408732056617736
894,27,13129,supports_cannot,0.0001347445941064,0.0001347445941064,0.0001347445941064,9.87958992482163e-05,1.0,1.0,1.363868236541748
895,17,9707,supports_cannot,0.0001347086508758,0.0001347086508758,0.0001351566024823,0.0001142144756158,0.9948453903198242,0.9948453903198242,1.1794358491897583
896,17,12034,supports_cannot,0.0001346994249615,0.0001346994249615,0.0001346994249615,0.0001083319511963,1.0,1.0,1.243395209312439
897,31,12946,supports_cannot,0.0001346035714959,0.0001346035714959,0.0001346035714959,0.0001037208130583,1.0,1.0,1.2977489233016968
898,26,8392,supports_cannot,0.0001345974305877,0.0001345974305877,0.0001345974305877,0.0001556112110847,1.0,1.0,0.864959716796875
899,14,12852,supports_cannot,0.0001344441116089,0.0001344441116089,0.0001412556302966,0.0002526380121707,0.9123711585998536,0.9123711585998536,0.5321610569953918
900,17,8758,supports_cannot,0.0001343212206847,0.0001343212206847,0.0001343212206847,0.0001636322849662,1.0,1.0,0.8208723664283752
901,25,12715,suppresses_cannot,-0.0001342950999969,0.0001342950999969,0.0001342950999969,0.0002057018282357,0.0,1.0,0.6528629660606384
902,24,7661,suppresses_cannot,-0.0001342195173492,0.0001342195173492,0.0001342195173492,0.0001185732180601,0.0,1.0,1.131954789161682
903,31,1159,supports_cannot,0.0001341906463494,0.0001341906463494,0.0001341906463494,0.0001280652650166,1.0,1.0,1.0478301048278809
904,23,1983,suppresses_cannot,-0.0001340477756457,0.0001340477756457,0.0001340477756457,0.0001115622872021,0.0,1.0,1.2015509605407717
905,19,1040,supports_cannot,0.0001340164308203,0.0001340164308203,0.0001340164308203,0.0001208527464768,1.0,1.0,1.108923316001892
906,27,14202,suppresses_cannot,-0.0001340041490038,0.0001340041490038,0.0001340041490038,0.0001208391913678,0.0,1.0,1.1089460849761963
907,22,6493,suppresses_cannot,-0.0001339777227258,0.0001339777227258,0.0001356257562292,0.0001029557170113,0.0051546390168368,0.9948453903198242,1.301314115524292
908,21,12033,supports_cannot,0.0001339669688604,0.0001339669688604,0.0001339669688604,0.0001062911615008,1.0,1.0,1.260377287864685
909,27,5147,supports_cannot,0.0001339285663561,0.0001339285663561,0.000156603520736,0.0001636166853131,0.9742268323898317,0.9742268323898317,0.8185507655143738
910,18,2120,supports_cannot,0.0001338751026196,0.0001338751026196,0.0001338751026196,0.0001163224806077,1.0,1.0,1.1508961915969849
911,25,6717,supports_cannot,0.0001338557485723,0.0001338557485723,0.0001338557485723,7.985564297996461e-05,1.0,1.0,1.676221489906311
912,26,12294,suppresses_cannot,-0.0001338342408416,0.0001338342408416,0.0001338342408416,0.000113290057925,0.0,1.0,1.1813414096832275
913,21,7208,supports_cannot,0.0001337875437457,0.0001337875437457,0.0001337875437457,9.062559547601268e-05,1.0,1.0,1.476266622543335
914,23,11466,suppresses_cannot,-0.0001337076537311,0.0001337076537311,0.0001337076537311,9.07877620193176e-05,0.0,1.0,1.4727497100830078
915,29,13128,suppresses_cannot,-0.0001336781569989,0.0001336781569989,0.0001336781569989,0.0001828718959586,0.0,1.0,0.7309934496879578
916,29,12431,suppresses_cannot,-0.0001336511195404,0.0001336511195404,0.0001336511195404,0.0001533779723104,0.0,1.0,0.8713840842247009
917,27,3755,supports_cannot,0.0001336409914074,0.0001336409914074,0.000135292095365,0.0002848643925972,0.9587628841400146,0.9587628841400146,0.4691389799118042
918,19,3982,suppresses_cannot,-0.0001336376008111,0.0001336376008111,0.0001336376008111,0.0001306761550949,0.0,1.0,1.0226625204086304
919,17,4,suppresses_cannot,-0.0001334655535174,0.0001334655535174,0.0001334655535174,0.0001349721424048,0.0,1.0,0.9888377785682678
920,16,6364,supports_cannot,0.0001334452681476,0.0001334452681476,0.000134347952553,0.0001345896162092,0.984536111354828,0.984536111354828,0.99149751663208
921,29,2233,supports_cannot,0.0001334385160589,0.0001334385160589,0.0001334385160589,0.0001833351270761,1.0,1.0,0.7278393507003784
922,31,1760,suppresses_cannot,-0.000133362627821,0.000133362627821,0.000133362627821,0.0001316641428275,0.0,1.0,1.0129001140594482
923,23,13157,supports_cannot,0.0001332621613983,0.0001332621613983,0.0001332621613983,9.927038627211004e-05,1.0,1.0,1.3424160480499268
924,16,10676,suppresses_cannot,-0.0001332498650299,0.0001332498650299,0.0001332498650299,9.753966151038183e-05,0.0,1.0,1.3661096096038818
925,31,5831,supports_cannot,0.0001332317478954,0.0001332317478954,0.0001332317478954,0.0001165922367363,1.0,1.0,1.1427154541015625
926,14,11861,supports_cannot,0.00013320040307,0.00013320040307,0.000135172274895,0.0001911472500069,0.9329897165298462,0.9329897165298462,0.6968470811843872
927,17,10664,supports_cannot,0.000133142035338,0.000133142035338,0.000133142035338,0.0001012071516015,1.0,1.0,1.315539836883545
928,22,10324,suppresses_cannot,-0.0001331278908764,0.0001331278908764,0.0001331278908764,9.640888310968876e-05,0.0,1.0,1.3808674812316897
929,23,9544,suppresses_cannot,-0.0001330922532361,0.0001330922532361,0.0001342517789453,7.912843284429982e-05,0.0103092780336737,0.9896907210350036,1.68197762966156
930,21,13468,suppresses_cannot,-0.0001328747312072,0.0001328747312072,0.0001328747312072,0.000145561483805,0.0,1.0,0.9128426313400269
931,16,946,supports_cannot,0.0001328148209722,0.0001328148209722,0.0001333469554083,0.0001283761957893,0.9948453903198242,0.9948453903198242,1.03457510471344
932,29,14262,suppresses_cannot,-0.0001327930076513,0.0001327930076513,0.0001332538668066,0.0001793183182599,0.0154639175161719,0.984536111354828,0.7405434846878052
933,31,12913,supports_cannot,0.0001327140489593,0.0001327140489593,0.0001327140489593,0.0001406113588018,1.0,1.0,0.9438359141349792
934,20,8729,suppresses_cannot,-0.0001326037454418,0.0001326037454418,0.0001395910076098,0.0002044501452473,0.0567010305821895,0.9432989954948424,0.648587167263031
935,20,4645,suppresses_cannot,-0.0001325545890722,0.0001325545890722,0.0001325545890722,0.0001206872766488,0.0,1.0,1.098331093788147
936,17,650,supports_cannot,0.0001324393670074,0.0001324393670074,0.0001324393670074,0.0001475753815611,1.0,1.0,0.8974353671073914
937,31,636,suppresses_cannot,-0.0001324049662798,0.0001324049662798,0.0001324049662798,0.000104210768768,0.0,1.0,1.270549774169922
938,26,3280,suppresses_cannot,-0.000132373010274,0.000132373010274,0.000132373010274,0.0001271685323445,0.0,1.0,1.0409258604049685
939,13,7549,suppresses_cannot,-0.0001322052557952,0.0001322052557952,0.0001343123149126,0.0002353955496801,0.0670103058218956,0.9329897165298462,0.5616302490234375
940,31,9645,suppresses_cannot,-0.0001321149175055,0.0001321149175055,0.0001321149175055,0.000129772350192,0.0,1.0,1.0180513858795166
941,24,7470,supports_cannot,0.0001320620795013,0.0001320620795013,0.0001320620795013,0.0001447781687602,1.0,1.0,0.9121684432029724
942,14,5974,supports_cannot,0.0001320304290857,0.0001320304290857,0.0001347335346508,0.0002557840780355,0.9278350472450256,0.9278350472450256,0.5161792039871216
943,30,9250,supports_cannot,0.0001320150768151,0.0001320150768151,0.0001320150768151,0.0001184398279292,1.0,1.0,1.1146172285079956
944,21,3626,suppresses_cannot,-0.0001319914154009,0.0001319914154009,0.0001319914154009,0.0001010390333249,0.0,1.0,1.3063408136367798
945,19,7128,supports_cannot,0.0001319745206274,0.0001319745206274,0.0001408291864208,0.0001416102604707,0.9639175534248352,0.9639175534248352,0.9319559335708618
946,25,1476,supports_cannot,0.0001319290458923,0.0001319290458923,0.0001321576273767,0.0001205371518153,0.9948453903198242,0.9948453903198242,1.0945093631744385
947,26,11593,supports_cannot,0.0001319029252044,0.0001319029252044,0.0001327674981439,0.0002420233213342,0.984536111354828,0.984536111354828,0.5450009107589722
948,29,12911,suppresses_cannot,-0.000131889100885,0.000131889100885,0.000131889100885,9.259470243705437e-05,0.0,1.0,1.4243698120117188
949,20,10967,suppresses_cannot,-0.0001318605354754,0.0001318605354754,0.000132083587232,0.0001470083952881,0.0103092780336737,0.9896907210350036,0.8969592452049255
950,28,8102,supports_cannot,0.000131805834826,0.000131805834826,0.000131805834826,0.000126305167214,1.0,1.0,1.0435506105422974
951,16,11065,supports_cannot,0.000131757609779,0.000131757609779,0.000131757609779,9.75763614405878e-05,1.0,1.0,1.3503025770187378
952,17,5460,suppresses_cannot,-0.0001316823327215,0.0001316823327215,0.0001452125870855,0.0001857408497016,0.0721649453043937,0.9278350472450256,0.708957314491272
953,28,7098,supports_cannot,0.0001316562120337,0.0001316562120337,0.0001316562120337,0.000117300034617,1.0,1.0,1.122388482093811
954,21,1222,supports_cannot,0.0001316485286224,0.0001316485286224,0.0001317271817242,0.0001079841604223,0.9948453903198242,0.9948453903198242,1.2191466093063354
955,21,8140,supports_cannot,0.0001315956906182,0.0001315956906182,0.0001315956906182,0.000123258025269,1.0,1.0,1.0676440000534058
956,20,12370,supports_cannot,0.0001315843255724,0.0001315843255724,0.0001315843255724,0.0001671694044489,1.0,1.0,0.7871316075325012
957,23,12583,supports_cannot,0.0001315606641583,0.0001315606641583,0.0001315606641583,0.0001173108757939,1.0,1.0,1.121470332145691
958,30,6296,supports_cannot,0.0001315517583861,0.0001315517583861,0.0001315517583861,6.552384729729965e-05,1.0,1.0,2.007692813873291
959,16,6363,supports_cannot,0.000131444830913,0.000131444830913,0.0001315376139245,8.79598010214977e-05,0.9948453903198242,0.9948453903198242,1.4943739175796509
960,22,344,suppresses_cannot,-0.0001314343826379,0.0001314343826379,0.0001314343826379,0.000110870154458,0.0,1.0,1.1854802370071411
961,30,10657,suppresses_cannot,-0.0001314076507696,0.0001314076507696,0.0001314076507696,0.0001333928230451,0.0,1.0,0.9851178526878356
962,28,1504,suppresses_cannot,-0.0001313910615863,0.0001313910615863,0.0001313910615863,0.0001539547956781,0.0,1.0,0.853439211845398
963,29,969,suppresses_cannot,-0.0001313053508056,0.0001313053508056,0.0001313053508056,0.0001170703471871,0.0,1.0,1.1215935945510864
964,17,11518,suppresses_cannot,-0.0001310958032263,0.0001310958032263,0.000132513421704,0.0001798777520889,0.0154639175161719,0.984536111354828,0.7288050055503845
965,22,476,suppresses_cannot,-0.0001310537190875,0.0001310537190875,0.0001328768848907,0.0001031224601319,0.0103092780336737,0.9896907210350036,1.270855188369751
966,25,4109,suppresses_cannot,-0.0001310063962591,0.0001310063962591,0.0001315520639764,8.531943603884429e-05,0.0154639175161719,0.984536111354828,1.5354812145233154
967,14,8357,supports_cannot,0.0001308970240643,0.0001308970240643,0.0001308970240643,9.948010847438128e-05,1.0,1.0,1.315811038017273
968,22,3871,suppresses_cannot,-0.0001307615311816,0.0001307615311816,0.0001307615311816,0.0001381918846163,0.0,1.0,0.9462316036224364
969,24,9748,suppresses_cannot,-0.0001306927151745,0.0001306927151745,0.0001306927151745,0.0001531961170258,0.0,1.0,0.853107213973999
970,23,11273,supports_cannot,0.0001306914782617,0.0001306914782617,0.000130966771394,0.0001140172462328,0.9948453903198242,0.9948453903198242,1.1462430953979492
971,22,3418,supports_cannot,0.000130665677716,0.000130665677716,0.000130665677716,9.973706619348376e-05,1.0,1.0,1.3101015090942385
972,6,10666,supports_cannot,0.0001306579943047,0.0001306579943047,0.0001307833445025,0.0001328552898485,0.9948453903198242,0.9948453903198242,0.9834609627723694
973,23,8905,supports_cannot,0.0001306493941228,0.0001306493941228,0.0001306493941228,0.0001757890422595,1.0,1.0,0.7432169318199158
974,31,13597,suppresses_cannot,-0.0001306343328906,0.0001306343328906,0.0001306343328906,0.0001209391266456,0.0,1.0,1.080165982246399
975,23,13348,suppresses_cannot,-0.0001305796467931,0.0001305796467931,0.0001305796467931,0.0001287709019379,0.0,1.0,1.0140461921691897
976,4,1111,supports_cannot,0.0001305593614233,0.0001305593614233,0.0001373831764794,0.0001996964274439,0.9278350472450256,0.9278350472450256,0.6537891626358032
977,31,6398,supports_cannot,0.0001305280311498,0.0001305280311498,0.0001305280311498,0.0001296599657507,1.0,1.0,1.0066949129104614
978,15,5480,suppresses_cannot,-0.0001305175828747,0.0001305175828747,0.0001313723187195,0.0001319839648203,0.0206185560673475,0.9793814420700072,0.9888896942138672
979,17,7176,suppresses_cannot,-0.0001304628967773,0.0001304628967773,0.0001325054327026,0.0001643754949327,0.0257731955498456,0.9742268323898317,0.7936882376670837
980,17,3588,supports_cannot,0.0001303857716266,0.0001303857716266,0.0001303857716266,0.0001259538403246,1.0,1.0,1.035187005996704
981,24,8380,suppresses_cannot,-0.0001302435266552,0.0001302435266552,0.0001302435266552,8.843692921800539e-05,0.0,1.0,1.4727277755737305
982,21,6128,supports_cannot,0.0001301916054217,0.0001301916054217,0.0001301916054217,0.0001030082130455,1.0,1.0,1.2638953924179075
983,18,6375,supports_cannot,0.0001301676384173,0.0001301676384173,0.0001304416946368,0.0001524923136457,0.984536111354828,0.984536111354828,0.853601336479187
984,20,12953,supports_cannot,0.0001300032599829,0.0001300032599829,0.0001300032599829,0.000143571262015,1.0,1.0,0.9054964184761048
985,16,5496,suppresses_cannot,-0.0001299857540288,0.0001299857540288,0.0001299857540288,8.223117765737697e-05,0.0,1.0,1.580735683441162
986,14,8006,supports_cannot,0.0001298883580602,0.0001298883580602,0.0001306128251599,0.0001057664121617,0.9793814420700072,0.9793814420700072,1.2280681133270264
987,30,13145,supports_cannot,0.0001298588613281,0.0001298588613281,0.0001298588613281,0.000130954576889,1.0,1.0,0.991632878780365
988,31,7096,supports_cannot,0.0001297885028179,0.0001297885028179,0.0001297885028179,0.0001366203796351,1.0,1.0,0.9499937295913696
989,20,14234,supports_cannot,0.0001297141425311,0.0001297141425311,0.0001297159906243,0.0001135995480581,0.9948453903198242,0.9948453903198242,1.1418544054031372
990,28,9564,suppresses_cannot,-0.0001296923292102,0.0001296923292102,0.0001296923292102,9.373841021442786e-05,0.0,1.0,1.383555889129639
991,30,3935,suppresses_cannot,-0.0001296198315685,0.0001296198315685,0.0001296198315685,0.0001141563770943,0.0,1.0,1.1354584693908691
992,22,12258,suppresses_cannot,-0.0001295359543291,0.0001295359543291,0.0001295359543291,0.000129406369524,0.0,1.0,1.0010013580322266
993,29,7789,suppresses_cannot,-0.0001293731038458,0.0001293731038458,0.0001293731038458,0.0001097726271837,0.0,1.0,1.178555250167847
994,19,12738,suppresses_cannot,-0.0001293131936108,0.0001293131936108,0.0001293131936108,0.0001082141825463,0.0,1.0,1.1949745416641235
995,14,9164,suppresses_cannot,-0.0001291764783672,0.0001291764783672,0.0001291764783672,0.0001227598404511,0.0,1.0,1.0522698163986206
996,19,6227,suppresses_cannot,-0.0001291752414545,0.0001291752414545,0.0001434398000128,0.0001565677230246,0.0721649453043937,0.9278350472450256,0.8250438570976257
997,28,6624,suppresses_cannot,-0.000129089836264,0.000129089836264,0.000129089836264,0.0001723646710161,0.0,1.0,0.7489344477653503
998,28,10374,suppresses_cannot,-0.0001290704822167,0.0001290704822167,0.0001290704822167,0.0001216975797433,0.0,1.0,1.0605838298797607
999,17,11053,suppresses_cannot,-0.0001289104111492,0.0001289104111492,0.0001291254739044,0.0001220302729052,0.0051546390168368,0.9948453903198242,1.0563806295394895
1000,21,3847,suppresses_cannot,-0.0001288188504986,0.0001288188504986,0.0001288188504986,0.0001320821611443,0.0,1.0,0.9752933382987976
1001,23,5917,supports_cannot,0.0001287343620788,0.0001287343620788,0.0001287343620788,0.0001403212954755,1.0,1.0,0.9174256920814514
1002,16,10444,suppresses_cannot,-0.0001287024060729,0.0001287024060729,0.0001287024060729,9.876991680357604e-05,0.0,1.0,1.3030526638031006
1003,30,11928,supports_cannot,0.0001286971819354,0.0001286971819354,0.0001286971819354,0.0001153627599705,1.0,1.0,1.1155868768692017
1004,16,10631,suppresses_cannot,-0.0001284480094909,0.0001284480094909,0.0001284480094909,8.553564111934975e-05,0.0,1.0,1.501689910888672
1005,31,8245,suppresses_cannot,-0.0001283954770769,0.0001283954770769,0.0001283954770769,0.0001284513418795,0.0,1.0,0.999565064907074
1006,28,10816,supports_cannot,0.000128379499074,0.000128379499074,0.0001286351180169,0.0001106952840927,0.9896907210350036,0.9896907210350036,1.159755825996399
1007,30,14271,supports_cannot,0.0001283205056097,0.0001283205056097,0.0001283205056097,0.0001475488388678,1.0,1.0,0.8696815967559814
1008,23,4176,suppresses_cannot,-0.0001282123557757,0.0001282123557757,0.0001282123557757,0.0001117664578487,0.0,1.0,1.14714515209198
1009,31,8990,suppresses_cannot,-0.0001281914592254,0.0001281914592254,0.0001281914592254,0.00013516213221,0.0,1.0,0.9484273195266724
1010,17,4796,supports_cannot,0.0001281303266296,0.0001281303266296,0.0001299792929785,0.0001516544580226,0.984536111354828,0.984536111354828,0.8448833227157593
1011,27,5658,supports_cannot,0.0001281149598071,0.0001281149598071,0.0001285291218664,9.969012899091469e-05,0.9948453903198242,0.9948453903198242,1.285131812095642
1012,16,5614,suppresses_cannot,-0.0001280461438,0.0001280461438,0.0001280461438,0.0001729965879349,0.0,1.0,0.7401657104492188
1013,29,5869,suppresses_cannot,-0.0001280015858355,0.0001280015858355,0.0001280015858355,0.0001364605413982,0.0,1.0,0.9380117058753968
1014,29,7001,supports_cannot,0.0001279198622796,0.0001279198622796,0.0001279198622796,9.669055725680664e-05,1.0,1.0,1.3229819536209106
1015,0,13336,supports_cannot,0.0001278046547668,0.0001278046547668,0.0001375398715026,0.0001920301147038,0.9278350472450256,0.9278350472450256,0.665544867515564
1016,20,1617,supports_cannot,0.0001277674746233,0.0001277674746233,0.0001277674746233,7.81179842306301e-05,1.0,1.0,1.6355705261230469
1017,18,13301,supports_cannot,0.0001277339761145,0.0001277339761145,0.0001277339761145,0.0001065209944499,1.0,1.0,1.199143648147583
1018,31,12226,supports_cannot,0.0001276885159313,0.0001276885159313,0.0001276885159313,0.0001451661373721,1.0,1.0,0.8796026110649109
1019,18,13697,suppresses_cannot,-0.0001275991089642,0.0001275991089642,0.0001275991089642,0.0001032870641211,0.0,1.0,1.2353832721710205
1020,21,7760,supports_cannot,0.0001275348913623,0.0001275348913623,0.0001275348913623,0.0001053942687576,1.0,1.0,1.2100743055343628
1021,15,8860,supports_cannot,0.0001274897222174,0.0001274897222174,0.0001275253598578,0.0001213497453136,0.9948453903198242,0.9948453903198242,1.0505973100662231
1022,25,13462,suppresses_cannot,-0.0001274593087146,0.0001274593087146,0.0001274593087146,9.998797031585128e-05,0.0,1.0,1.2747464179992676
1023,30,1700,suppresses_cannot,-0.0001274276582989,0.0001274276582989,0.0001274276582989,0.0001208558387588,0.0,1.0,1.0543773174285889
1024,31,8154,supports_cannot,0.000127375125885,0.000127375125885,0.000127375125885,0.0001346574281342,1.0,1.0,0.9459198117256165
1025,29,699,suppresses_cannot,-0.0001273748202947,0.0001273748202947,0.0001273748202947,0.0001261995785171,0.0,1.0,1.0093125104904177
1026,18,1065,supports_cannot,0.0001273603847948,0.0001273603847948,0.0001274439418921,9.812745702220128e-05,0.9948453903198242,0.9948453903198242,1.2979077100753784
1027,18,1702,suppresses_cannot,-0.0001273188972845,0.0001273188972845,0.0001274239766644,0.0001224925508722,0.0051546390168368,0.9948453903198242,1.0394011735916138
1028,15,2315,supports_cannot,0.0001272052177228,0.0001272052177228,0.0001295052206842,0.0001740313455229,0.9536082744598388,0.9536082744598388,0.7309327721595764
1029,22,2851,suppresses_cannot,-0.0001270826323889,0.0001270826323889,0.0001271692744921,0.0001013366127153,0.0103092780336737,0.9896907210350036,1.2540643215179443
1030,16,10855,suppresses_cannot,-0.0001270727952942,0.0001270727952942,0.0002023086126428,0.0003657499037217,0.3092783391475677,0.6907216310501099,0.3474308252334595
1031,19,12000,supports_cannot,0.0001270549837499,0.0001270549837499,0.000134716334287,0.0001752411626512,0.8917526006698608,0.8917526006698608,0.7250293493270874
1032,25,11297,supports_cannot,0.0001270131906494,0.0001270131906494,0.0001270131906494,0.000120587166748,1.0,1.0,1.0532894134521484
1033,14,5616,supports_cannot,0.0001269664935534,0.0001269664935534,0.0001341380993835,0.0002670295943971,0.907216489315033,0.907216489315033,0.4754772484302521
1034,13,4642,supports_cannot,0.0001269016647711,0.0001269016647711,0.0001273508532904,0.0001847662933869,0.9896907210350036,0.9896907210350036,0.6868225932121277
1035,16,14271,suppresses_cannot,-0.0001268684864044,0.0001268684864044,0.0001269495987799,0.0001568373554619,0.0051546390168368,0.9948453903198242,0.8089175224304199
1036,23,8210,suppresses_cannot,-0.0001268411433557,0.0001268411433557,0.0001268411433557,9.665173274697736e-05,0.0,1.0,1.3123525381088257
1037,26,9583,supports_cannot,0.0001268236228497,0.0001268236228497,0.0001268236228497,0.0001457391772419,1.0,1.0,0.8702095150947571
1038,26,445,suppresses_cannot,-0.0001267901388928,0.0001267901388928,0.0001267901388928,0.0001251596549991,0.0,1.0,1.0130271911621094
1039,13,12622,supports_cannot,0.0001267477346118,0.0001267477346118,0.0001267477346118,0.0001356180146103,1.0,1.0,0.9345936179161072
1040,28,10927,suppresses_cannot,-0.0001265756873181,0.0001265756873181,0.000126657410874,0.0001107628631871,0.0051546390168368,0.9948453903198242,1.1427628993988037
1041,31,3320,suppresses_cannot,-0.000126508399262,0.000126508399262,0.000126508399262,0.0001289524079766,0.0,1.0,0.9810472130775452
1042,29,13152,suppresses_cannot,-0.000126458631712,0.000126458631712,0.000126458631712,0.0001269719068659,0.0,1.0,0.9959575533866882
1043,14,10884,suppresses_cannot,-0.0001264275924768,0.0001264275924768,0.0001465745735913,0.0002148620405932,0.1030927821993827,0.8969072103500366,0.588412880897522
1044,19,11694,supports_cannot,0.0001263879676116,0.0001263879676116,0.0001263879676116,9.80468321358785e-05,1.0,1.0,1.2890571355819702
1045,18,5421,supports_cannot,0.0001263778249267,0.0001263778249267,0.0001263778249267,0.0001358289737254,1.0,1.0,0.9304187297821044
1046,17,7259,suppresses_cannot,-0.0001263747544726,0.0001263747544726,0.0001263747544726,0.0001131701137637,0.0,1.0,1.116679549217224
1047,28,8240,suppresses_cannot,-0.0001262288133148,0.0001262288133148,0.0001262288133148,0.0001714678073767,0.0,1.0,0.73616623878479
1048,19,9843,supports_cannot,0.0001262020814465,0.0001262020814465,0.0001262020814465,0.0001780190796125,1.0,1.0,0.7089244723320007
1049,29,5060,suppresses_cannot,-0.0001261799625353,0.0001261799625353,0.0001261799625353,8.019334200071171e-05,0.0,1.0,1.5734468698501587
1050,15,10816,supports_cannot,0.0001261796569451,0.0001261796569451,0.0001290339132538,0.0001355759159196,0.9742268323898317,0.9742268323898317,0.930693745613098
1051,19,12750,supports_cannot,0.0001261080615222,0.0001261080615222,0.0001337528228759,0.0001893252338049,0.9432989954948424,0.9432989954948424,0.6660922169685364
1052,15,3816,supports_cannot,0.0001261037687072,0.0001261037687072,0.0002613768156152,0.0004778840520884,0.7577319741249084,0.7577319741249084,0.2638794183731079
1053,29,11482,supports_cannot,0.0001260496937902,0.0001260496937902,0.0001260496937902,0.0001102045716834,1.0,1.0,1.143779158592224
1054,29,2096,suppresses_cannot,-0.0001259538257727,0.0001259538257727,0.0001259538257727,0.0001083219394786,0.0,1.0,1.1627730131149292
1055,18,6526,suppresses_cannot,-0.0001259151176782,0.0001259151176782,0.0001259151176782,0.0001126910065067,0.0,1.0,1.1173484325408936
1056,28,6442,suppresses_cannot,-0.0001258383126696,0.0001258383126696,0.0001258383126696,0.0001825393555918,0.0,1.0,0.6893763542175293
1057,27,14038,suppresses_cannot,-0.00012573353888,0.00012573353888,0.00012573353888,0.0001300963194807,0.0,1.0,0.9664649963378906
1058,22,13079,suppresses_cannot,-0.0001255676324944,0.0001255676324944,0.0001255676324944,0.0001092908569262,0.0,1.0,1.1489307880401611
1059,17,12932,suppresses_cannot,-0.0001255295355804,0.0001255295355804,0.0001255295355804,9.904925536829978e-05,0.0,1.0,1.26734459400177
1060,18,7364,suppresses_cannot,-0.0001254358212463,0.0001254358212463,0.0001254358212463,0.0001710578508209,0.0,1.0,0.7332947254180908
1061,23,2359,supports_cannot,0.0001254164671991,0.0001254164671991,0.0001254164671991,9.776240767678246e-05,1.0,1.0,1.2828700542449951
1062,18,10365,suppresses_cannot,-0.0001252972579095,0.0001252972579095,0.0001252972579095,8.432299364358187e-05,0.0,1.0,1.4859204292297363
1063,14,3937,suppresses_cannot,-0.0001252573129022,0.0001252573129022,0.0001306155900238,0.0002115523820975,0.0927835032343864,0.907216489315033,0.5920864939689636
1064,21,5972,supports_cannot,0.000125245336676,0.000125245336676,0.0001252938818652,0.0001079048888641,0.9948453903198242,0.9948453903198242,1.1607012748718262
1065,0,8268,supports_cannot,0.0001252001675311,0.0001252001675311,0.0001297307317145,0.0002574340614955,0.8556700944900513,0.8556700944900513,0.4863387942314148
1066,13,5017,suppresses_cannot,-0.0001251808134838,0.0001251808134838,0.0001254388917004,0.0001148767551057,0.0206185560673475,0.9793814420700072,1.0896966457366943
1067,31,6688,suppresses_cannot,-0.0001251270441571,0.0001251270441571,0.0001251270441571,0.000131809443701,0.0,1.0,0.9493025541305542
1068,27,10102,supports_cannot,0.0001250960194738,0.0001250960194738,0.0001261897850781,0.0001248589396709,0.9742268323898317,0.9742268323898317,1.0018987655639648
1069,0,378,suppresses_cannot,-0.0001250867935596,0.0001250867935596,0.0001281168079003,0.0002176525304093,0.0670103058218956,0.9329897165298462,0.5747086405754089
1070,7,7756,suppresses_cannot,-0.0001250410132342,0.0001250410132342,0.0001302893069805,0.0002687243395484,0.1082474216818809,0.8917526006698608,0.4653133153915405
1071,31,2305,suppresses_cannot,-0.0001250001514563,0.0001250001514563,0.0001259489217773,0.0001952414022525,0.0309278350323438,0.969072163105011,0.6402338147163391
1072,18,8746,suppresses_cannot,-0.0001249433116754,0.0001249433116754,0.0001249433116754,8.664415508974344e-05,0.0,1.0,1.4420281648635864
1073,30,9415,suppresses_cannot,-0.0001248751068487,0.0001248751068487,0.0001248751068487,0.0001152189652202,0.0,1.0,1.0838068723678589
1074,30,1777,suppresses_cannot,-0.0001248379412572,0.0001248379412572,0.0001248379412572,0.00014091344201,0.0,1.0,0.8859193325042725
1075,22,336,supports_cannot,0.0001248367043444,0.0001248367043444,0.0001248367043444,0.0001121264795074,1.0,1.0,1.113356113433838
1076,22,12803,suppresses_cannot,-0.0001247795589733,0.0001247795589733,0.0001247795589733,0.0001407551608281,0.0,1.0,0.8865007758140564
1077,27,9494,suppresses_cannot,-0.0001247199543286,0.0001247199543286,0.0001247199543286,0.0001023654112941,0.0,1.0,1.2183798551559448
1078,18,6335,suppresses_cannot,-0.0001247119653271,0.0001247119653271,0.0001247119653271,8.506429003318772e-05,0.0,1.0,1.4660906791687012
1079,27,7629,supports_cannot,0.00012470735237,0.00012470735237,0.00012470735237,0.0001239808334503,1.0,1.0,1.0058599710464478
1080,31,14004,supports_cannot,0.0001246345345862,0.0001246345345862,0.0001246345345862,0.0001254360249731,1.0,1.0,0.993610382080078
1081,22,6366,suppresses_cannot,-0.0001245611056219,0.0001245611056219,0.0001245611056219,0.0001030288403853,0.0,1.0,1.208992600440979
1082,30,5697,suppresses_cannot,-0.0001245150197064,0.0001245150197064,0.0001245150197064,0.0001298738643527,0.0,1.0,0.958738088607788
1083,29,4425,supports_cannot,0.0001244686282007,0.0001244686282007,0.0001244686282007,0.0001446881651645,1.0,1.0,0.8602544069290161
1084,25,12014,suppresses_cannot,-0.0001244164013769,0.0001244164013769,0.0001244164013769,0.0001475460303481,0.0,1.0,0.8432378768920898
1085,17,10066,supports_cannot,0.0001243700098711,0.0001243700098711,0.0001243700098711,0.0001057354529621,1.0,1.0,1.1762375831604004
1086,25,8998,suppresses_cannot,-0.0001243190054083,0.0001243190054083,0.0001243190054083,0.0001405754301231,0.0,1.0,0.8843579888343811
1087,31,2816,suppresses_cannot,-0.000124233905808,0.000124233905808,0.000124233905808,0.0001375960855511,0.0,1.0,0.9028883576393129
1088,20,2989,supports_cannot,0.0001242169964825,0.0001242169964825,0.0001242169964825,0.0001235335948877,1.0,1.0,1.005532145500183
1089,16,7904,supports_cannot,0.0001242160797119,0.0001242160797119,0.0001292118104174,0.0001930778380483,0.9020618796348572,0.9020618796348572,0.6433471441268921
1090,25,6915,suppresses_cannot,-0.0001241392747033,0.0001241392747033,0.0001241392747033,0.0001045552053255,0.0,1.0,1.187308430671692
1091,31,10088,suppresses_cannot,-0.0001241340505657,0.0001241340505657,0.0001241340505657,0.0001316537091042,0.0,1.0,0.9428830742836
1092,21,7712,suppresses_cannot,-0.0001241251302417,0.0001241251302417,0.0001241251302417,0.0001741522282827,0.0,1.0,0.7127392888069153
1093,29,1101,suppresses_cannot,-0.0001239414123119,0.0001239414123119,0.0001260275748791,0.0001061594157363,0.0154639175161719,0.984536111354828,1.167502760887146
1094,30,961,supports_cannot,0.0001239223638549,0.0001239223638549,0.0001239223638549,0.0001308799837715,1.0,1.0,0.9468396902084352
1095,29,12268,suppresses_cannot,-0.0001237899414263,0.0001237899414263,0.0001237899414263,0.000147491635289,0.0,1.0,0.8393014073371887
1096,24,6041,supports_cannot,0.0001237773394677,0.0001237773394677,0.0001255488896276,0.0001063761155819,0.9742268323898317,0.9742268323898317,1.1635820865631104
1097,29,10537,supports_cannot,0.0001236882380908,0.0001236882380908,0.0001236882380908,8.602657908340916e-05,1.0,1.0,1.4377909898757937
1098,31,5881,supports_cannot,0.0001236320094903,0.0001236320094903,0.0001236320094903,0.0001135140264523,1.0,1.0,1.0891342163085938
1099,27,7525,supports_cannot,0.0001236065145349,0.0001236065145349,0.0001236065145349,7.868227839935571e-05,1.0,1.0,1.5709575414657593
1100,21,9031,suppresses_cannot,-0.0001235539821209,0.0001235539821209,0.0001235582749359,0.0001041841096593,0.0051546390168368,0.9948453903198242,1.1859196424484253
1101,29,11990,suppresses_cannot,-0.0001235174131579,0.0001235174131579,0.0001235174131579,9.394138032803312e-05,0.0,1.0,1.3148349523544312
1102,19,3905,suppresses_cannot,-0.0001235078962054,0.0001235078962054,0.0001235078962054,0.0001479122875025,0.0,1.0,0.8350076675415039
1103,1,4053,supports_cannot,0.0001234427618328,0.0001234427618328,0.0001562646357342,0.0001781776372808,0.8453608155250549,0.8453608155250549,0.6928072571754456
1104,17,11191,supports_cannot,0.0001234329247381,0.0001234329247381,0.0001271861692657,0.0001526507694507,0.9639175534248352,0.9639175534248352,0.8085967898368835
1105,25,13336,suppresses_cannot,-0.000123429854284,0.000123429854284,0.000123429854284,0.0001370828977087,0.0,1.0,0.9004030227661133
1106,22,4209,suppresses_cannot,-0.0001233929797308,0.0001233929797308,0.000124070138554,0.0001836847077356,0.0103092780336737,0.9896907210350036,0.671765148639679
1107,19,7368,supports_cannot,0.0001233094080816,0.0001233094080816,0.0001235988311236,0.0001614372449694,0.984536111354828,0.984536111354828,0.7638225555419922
1108,13,7084,supports_cannot,0.0001232820650329,0.0001232820650329,0.0001251789653906,0.0001396982261212,0.9742268323898317,0.9742268323898317,0.8824884295463562
1109,25,9961,supports_cannot,0.0001232620998052,0.0001232620998052,0.0001232620998052,9.494781988905744e-05,1.0,1.0,1.2982088327407837
1110,16,5905,supports_cannot,0.000123242745758,0.000123242745758,0.0001285758189624,0.0001081269292626,0.92268043756485,0.92268043756485,1.1397969722747805
1111,28,10965,supports_cannot,0.0001232144713867,0.0001232144713867,0.0001232144713867,0.0001210621994687,1.0,1.0,1.0177782773971558
1112,20,10890,supports_cannot,0.000123213554616,0.000123213554616,0.000123213554616,0.000106903949927,1.0,1.0,1.152563214302063
1113,19,4409,supports_cannot,0.0001232021895702,0.0001232021895702,0.0001328986982116,0.0001402422785758,0.8917526006698608,0.8917526006698608,0.8784953355789185
1114,15,3758,supports_cannot,0.0001231656206073,0.0001231656206073,0.0001231656206073,9.76309456746094e-05,1.0,1.0,1.261542797088623
1115,19,1520,suppresses_cannot,-0.0001230912748724,0.0001230912748724,0.0001230912748724,0.0001452647411497,0.0,1.0,0.847358226776123
1116,16,8191,suppresses_cannot,-0.0001229742192663,0.0001229742192663,0.0001229742192663,0.0001345108466921,0.0,1.0,0.9142327308654784
1117,17,10974,suppresses_cannot,-0.0001227616012329,0.0001227616012329,0.0001234209485119,0.0002223592891823,0.0360824726521968,0.9639175534248352,0.5520866513252258
1118,29,13274,supports_cannot,0.0001225207233801,0.0001225207233801,0.0001225207233801,0.0001326725177932,1.0,1.0,0.9234822988510132
1119,31,3023,suppresses_cannot,-0.0001224623556481,0.0001224623556481,0.0001224623556481,0.0001021895950543,0.0,1.0,1.1983838081359863
1120,31,4668,supports_cannot,0.000122446072055,0.000122446072055,0.000122446072055,8.18452681414783e-05,1.0,1.0,1.4960678815841677
1121,29,992,suppresses_cannot,-0.0001224187290063,0.0001224187290063,0.0001224187290063,0.0001397577725583,0.0,1.0,0.8759350180625916
1122,15,11140,supports_cannot,0.0001223640283569,0.0001223640283569,0.0001226737367687,0.0001723037858027,0.9948453903198242,0.9948453903198242,0.710164487361908
1123,28,5239,supports_cannot,0.0001223357685375,0.0001223357685375,0.0001246025931322,0.0001053462401614,0.9432989954948424,0.9432989954948424,1.1612732410430908
1124,27,11567,supports_cannot,0.0001222819992108,0.0001222819992108,0.0001222819992108,0.0001008214749163,1.0,1.0,1.212856650352478
1125,29,8231,supports_cannot,0.000122270634165,0.000122270634165,0.000122270634165,0.0001376743166474,1.0,1.0,0.8881150484085083
1126,24,4234,suppresses_cannot,-0.0001222125720232,0.0001222125720232,0.0001222125720232,9.263708489015698e-05,0.0,1.0,1.319261908531189
1127,21,5101,supports_cannot,0.0001221563434228,0.0001221563434228,0.0001221563434228,0.0001370435493299,1.0,1.0,0.8913688063621521
1128,16,8840,supports_cannot,0.0001221554121002,0.0001221554121002,0.0001222113351104,0.0001313072571065,0.9948453903198242,0.9948453903198242,0.930302083492279
1129,30,2087,suppresses_cannot,-0.0001221348356921,0.0001221348356921,0.0001221348356921,0.0001041097639244,0.0,1.0,1.1731352806091309
1130,19,397,suppresses_cannot,-0.000122101031593,0.000122101031593,0.000122101031593,0.0001333044201601,0.0,1.0,0.9159563779830932
1131,26,6675,suppresses_cannot,-0.0001220580234075,0.0001220580234075,0.000122089360957,0.0001345989730907,0.0051546390168368,0.9948453903198242,0.9068272709846495
1132,15,344,suppresses_cannot,-0.0001220269914483,0.0001220269914483,0.0001234894589288,0.0002872034383472,0.0051546390168368,0.9948453903198242,0.4248799681663513
1133,8,9373,supports_cannot,0.0001220128615386,0.0001220128615386,0.0001578493829583,0.0002744040975812,0.9123711585998536,0.9123711585998536,0.4446466565132141
1134,31,13705,suppresses_cannot,-0.0001220021076733,0.0001220021076733,0.0001220021076733,0.0001111239180318,0.0,1.0,1.0978924036026
1135,20,10952,suppresses_cannot,-0.000121988588944,0.000121988588944,0.000121988588944,0.0001115914274123,0.0,1.0,1.0931717157363892
1136,17,4294,supports_cannot,0.0001219741461682,0.0001219741461682,0.0001219741461682,0.0001338153670076,1.0,1.0,0.9115107655525208
1137,19,1038,supports_cannot,0.0001219157711602,0.0001219157711602,0.0001219157711602,0.0001424262154614,1.0,1.0,0.8559924960136414
1138,17,5328,suppresses_cannot,-0.000121884739201,0.000121884739201,0.0001227444008691,0.0001162461921921,0.0103092780336737,0.9896907210350036,1.048505187034607
1139,31,1042,supports_cannot,0.0001217821190948,0.0001217821190948,0.0001217821190948,0.0001388008386129,1.0,1.0,0.8773874640464783
1140,31,12944,suppresses_cannot,-0.0001217461758642,0.0001217461758642,0.0001217461758642,0.0001197144301841,0.0,1.0,1.0169715881347656
1141,10,2015,supports_cannot,0.0001217249737237,0.0001217249737237,0.0001217249737237,0.0001251731446245,1.0,1.0,0.9724528193473816
1142,31,7195,supports_cannot,0.000121715143905,0.000121715143905,0.000121715143905,0.0001284294849028,1.0,1.0,0.9477196335792542
1143,27,840,suppresses_cannot,-0.0001216973250848,0.0001216973250848,0.0001216973250848,8.154399256454781e-05,0.0,1.0,1.4924131631851196
1144,14,7839,suppresses_cannot,-0.0001216807286255,0.0001216807286255,0.0001449031988158,0.0001909078127937,0.2113402038812637,0.7886598110198975,0.63737952709198
1145,22,5315,supports_cannot,0.0001216586097143,0.0001216586097143,0.0001216586097143,0.0001102410678868,1.0,1.0,1.1035689115524292
1146,16,3096,suppresses_cannot,-0.000121595316159,0.000121595316159,0.000121595316159,7.590308814542368e-05,0.0,1.0,1.6019811630249023
1147,30,670,supports_cannot,0.0001215599841088,0.0001215599841088,0.0001215599841088,8.004010305739939e-05,1.0,1.0,1.5187385082244873
1148,30,2507,supports_cannot,0.000121541241242,0.000121541241242,0.000121541241242,0.0001243609876837,1.0,1.0,0.9773260951042176
1149,27,11478,supports_cannot,0.0001214899384649,0.0001214899384649,0.0001214899384649,0.0001477933692513,1.0,1.0,0.8220256567001343
1150,16,3215,suppresses_cannot,-0.0001214413932757,0.0001214413932757,0.0001214413932757,8.401011291425675e-05,0.0,1.0,1.445556879043579
1151,24,2417,supports_cannot,0.0001214260264532,0.0001214260264532,0.0001214450749102,0.0001453749136999,0.9948453903198242,0.9948453903198242,0.8352612257003784
1152,27,12493,supports_cannot,0.0001212638089782,0.0001212638089782,0.0001212638089782,0.0001061003858922,1.0,1.0,1.1429158449172974
1153,21,10983,supports_cannot,0.0001212300121551,0.0001212300121551,0.0001212300121551,0.000108267442556,1.0,1.0,1.1197272539138794
1154,12,9894,suppresses_cannot,-0.000121225399198,0.000121225399198,0.000123138888739,0.0001538267824798,0.041237112134695,0.9587628841400146,0.7880643010139465
1155,31,12477,suppresses_cannot,-0.0001212140341522,0.0001212140341522,0.0001212140341522,0.000123987410916,0.0,1.0,0.9776318073272704
1156,19,9711,suppresses_cannot,-0.0001212017450598,0.0001212017450598,0.0001213400028063,0.0001766809291439,0.0154639175161719,0.984536111354828,0.6859922409057617
1157,20,11263,suppresses_cannot,-0.0001211873022839,0.0001211873022839,0.0001211873022839,0.0001069534991984,0.0,1.0,1.133084058761597
1158,20,11544,suppresses_cannot,-0.0001211725539178,0.0001211725539178,0.0001211725539178,0.0001086908014258,0.0,1.0,1.1148372888565063
1159,17,13186,supports_cannot,0.0001210948248626,0.0001210948248626,0.0001276027905987,0.0001358860608888,0.907216489315033,0.907216489315033,0.8911496996879578
1160,20,11743,supports_cannot,0.0001210892951348,0.0001210892951348,0.0001210892951348,0.0001020042109303,1.0,1.0,1.187100887298584
1161,23,2423,suppresses_cannot,-0.0001210680929943,0.0001210680929943,0.0001210680929943,9.2252048489172e-05,0.0,1.0,1.3123620748519895
1162,24,6363,supports_cannot,0.0001210060290759,0.0001210060290759,0.0001210060290759,9.860264253802598e-05,1.0,1.0,1.2272087335586548
1163,21,5622,suppresses_cannot,-0.0001209780748467,0.0001209780748467,0.0001209780748467,0.0001073441308108,0.0,1.0,1.12701153755188
1164,20,5382,supports_cannot,0.0001209562615258,0.0001209562615258,0.0001209562615258,9.752932965056972e-05,1.0,1.0,1.2402039766311646
1165,21,10067,suppresses_cannot,-0.000120908327517,0.000120908327517,0.000120908327517,9.431259240955114e-05,0.0,1.0,1.2819955348968506
1166,15,877,supports_cannot,0.000120865930512,0.000120865930512,0.0001235739473486,0.000169515638845,0.9536082744598388,0.9536082744598388,0.7130075693130493
1167,18,8284,suppresses_cannot,-0.0001208521061926,0.0001208521061926,0.0001208521061926,0.0001438346807844,0.0,1.0,0.8402153253555298
1168,30,12257,suppresses_cannot,-0.0001207497916766,0.0001207497916766,0.0001207497916766,9.172422142000868e-05,0.0,1.0,1.316443920135498
1169,20,10731,suppresses_cannot,-0.0001207427267218,0.0001207427267218,0.0001207427267218,9.233369200956076e-05,0.0,1.0,1.3076778650283811
1170,22,11009,suppresses_cannot,-0.0001207405730383,0.0001207405730383,0.0001207405730383,7.271765207406133e-05,0.0,1.0,1.660402536392212
1171,22,2728,supports_cannot,0.0001206603847094,0.0001206603847094,0.0001206603847094,0.000186950303032,1.0,1.0,0.6454142332077026
1172,20,12159,suppresses_cannot,-0.0001206315064337,0.0001206315064337,0.0001206315064337,0.0001028812985168,0.0,1.0,1.1725308895111084
1173,30,10685,suppresses_cannot,-0.0001204063009936,0.0001204063009936,0.0001204063009936,8.228412480093539e-05,0.0,1.0,1.46329927444458
1174,26,5335,suppresses_cannot,-0.000120345466712,0.000120345466712,0.000120345466712,0.0001178282473119,0.0,1.0,1.0213634967803955
1175,23,9907,supports_cannot,0.000120345466712,0.000120345466712,0.000120345466712,0.0001087071723304,1.0,1.0,1.1070609092712402
1176,23,13537,suppresses_cannot,-0.000120338088891,0.000120338088891,0.0001220359044964,9.50957473833114e-05,0.0154639175161719,0.984536111354828,1.2654412984848022
1177,19,8709,suppresses_cannot,-0.0001203202700708,0.0001203202700708,0.0001210742411785,0.0001410573895554,0.0206185560673475,0.9793814420700072,0.852988064289093
1178,31,12373,supports_cannot,0.0001202677303808,0.0001202677303808,0.0001202677303808,0.000115013179311,1.0,1.0,1.0456864833831787
1179,22,1570,suppresses_cannot,-0.0001201091945404,0.0001201091945404,0.0001201091945404,0.0001281381119042,0.0,1.0,0.9373416900634766
1180,30,1604,supports_cannot,0.0001201036648126,0.0001201036648126,0.0001201036648126,9.451016376260668e-05,1.0,1.0,1.2708015441894531
1181,20,4357,supports_cannot,0.0001201036648126,0.0001201036648126,0.0001427786191925,0.0001940522197401,0.9432989954948424,0.9432989954948424,0.6189244389533997
1182,19,8947,supports_cannot,0.0001200956758111,0.0001200956758111,0.0001202628191094,0.0001158568484243,0.984536111354828,0.984536111354828,1.0365867614746094
1183,31,5287,suppresses_cannot,-0.0001200858459924,0.0001200858459924,0.0001200858459924,0.0001228911569342,0.0,1.0,0.9771723747253418
1184,18,14009,supports_cannot,0.0001200240876642,0.0001200240876642,0.0001203337888,0.0001106091076508,0.9896907210350036,0.9896907210350036,1.085119366645813
1185,2,12761,supports_cannot,0.0001200022743432,0.0001200022743432,0.0001246379251824,0.0001172826378024,0.969072163105011,0.969072163105011,1.0231887102127075
1186,25,11681,suppresses_cannot,-0.0001199601829284,0.0001199601829284,0.0001199601829284,0.0001131835670094,0.0,1.0,1.0598727464675903
1187,26,11380,suppresses_cannot,-0.0001198796890093,0.0001198796890093,0.0001198796890093,0.0001268319465452,0.0,1.0,0.9451853036880492
1188,29,2715,suppresses_cannot,-0.000119863099826,0.000119863099826,0.000119863099826,8.889789023669437e-05,0.0,1.0,1.3483233451843262
1189,19,6627,supports_cannot,0.0001198581812786,0.0001198581812786,0.0001198581812786,0.0001501303340774,1.0,1.0,0.7983608245849609
1190,13,13922,supports_cannot,0.0001198517275042,0.0001198517275042,0.0001198517275042,0.0001304585312027,1.0,1.0,0.9186959862709044
1191,31,13062,supports_cannot,0.0001198363679577,0.0001198363679577,0.0001198363679577,0.0001086980118998,1.0,1.0,1.102470636367798
1192,10,14295,suppresses_cannot,-0.000119695039757,0.000119695039757,0.0001236559764947,0.0001081738737411,0.0257731955498456,0.9742268323898317,1.1065059900283811
1193,16,13567,suppresses_cannot,-0.0001195153017761,0.0001195153017761,0.0001195153017761,8.910713222576305e-05,0.0,1.0,1.3412539958953855
1194,10,6759,supports_cannot,0.0001194206706713,0.0001194206706713,0.0001234492083312,0.0001960291410796,0.9536082744598388,0.9536082744598388,0.6091985702514648
1195,22,1132,supports_cannot,0.0001193131392938,0.0001193131392938,0.0001200904516736,8.715454896446317e-05,0.9896907210350036,0.9896907210350036,1.368983507156372
1196,16,10882,supports_cannot,0.0001192882482428,0.0001192882482428,0.0001192882482428,0.0001107760326704,1.0,1.0,1.0768417119979858
1197,19,11646,suppresses_cannot,-0.0001192787240142,0.0001192787240142,0.000130056112539,0.0001321335294051,0.0360824726521968,0.9639175534248352,0.9027135372161864
1198,29,9028,suppresses_cannot,-0.0001192738127429,0.0001192738127429,0.0001192738127429,8.518425602233037e-05,0.0,1.0,1.4001860618591309
1199,18,6581,suppresses_cannot,-0.0001191140472656,0.0001191140472656,0.0001191140472656,0.0001067908742697,0.0,1.0,1.115395426750183
1200,31,4651,supports_cannot,0.0001190823968499,0.0001190823968499,0.0001190823968499,7.287303742486984e-05,1.0,1.0,1.6341078281402588
1201,17,8778,suppresses_cannot,-0.0001190719558508,0.0001190719558508,0.0001190719558508,0.0002076436940114,0.0,1.0,0.5734436511993408
1202,29,12964,supports_cannot,0.0001190639668493,0.0001190639668493,0.0001190639668493,0.00011345261737,1.0,1.0,1.0494598150253296
1203,31,8936,supports_cannot,0.0001190378461615,0.0001190378461615,0.0001190378461615,0.0001159485473181,1.0,1.0,1.0266437530517578
1204,25,4746,suppresses_cannot,-0.0001190249458886,0.0001190249458886,0.0001190249458886,0.0001023478835122,0.0,1.0,1.1629449129104614
1205,29,4148,suppresses_cannot,-0.0001190058974316,0.0001190058974316,0.0001190058974316,0.0001296245754929,0.0,1.0,0.918081283569336
1206,29,9380,supports_cannot,0.0001189714821521,0.0001189714821521,0.0001189714821521,9.357282397104429e-05,1.0,1.0,1.2714320421218872
1207,21,12164,suppresses_cannot,-0.0001189447575598,0.0001189447575598,0.0001189447575598,8.662573964102194e-05,0.0,1.0,1.3730878829956057
1208,31,6017,supports_cannot,0.0001189118775073,0.0001189118775073,0.0001189118775073,0.0001014677109196,1.0,1.0,1.1719183921813965
1209,30,4761,supports_cannot,0.0001188965179608,0.0001188965179608,0.0001188965179608,0.0001552997855469,1.0,1.0,0.7655935883522034
1210,25,9166,supports_cannot,0.0001188372189062,0.0001188372189062,0.0001188372189062,0.0001159500243375,1.0,1.0,1.0249003171920776
1211,17,11456,supports_cannot,0.0001188175592687,0.0001188175592687,0.0001192102135973,0.000121775563457,0.9948453903198242,0.9948453903198242,0.9757093787193298
1212,17,3526,suppresses_cannot,-0.0001187843736261,0.0001187843736261,0.0001188531969091,8.355033787665889e-05,0.0051546390168368,0.9948453903198242,1.4217102527618408
1213,17,14085,suppresses_cannot,-0.0001187733141705,0.0001187733141705,0.0001187733141705,9.440415306016804e-05,0.0,1.0,1.258136510848999
1214,4,13921,suppresses_cannot,-0.0001187702437164,0.0001187702437164,0.0001187702437164,0.0001130981108872,0.0,1.0,1.05015230178833
1215,29,14206,supports_cannot,0.0001187502712127,0.0001187502712127,0.0001187502712127,0.0001194090727949,1.0,1.0,0.9944828152656556
1216,26,10873,suppresses_cannot,-0.0001186620938824,0.0001186620938824,0.0001186620938824,0.0001043485317495,0.0,1.0,1.137170672416687
1217,29,4951,suppresses_cannot,-0.0001186504159704,0.0001186504159704,0.0001186504159704,0.0001040817005559,0.0,1.0,1.1399738788604736
1218,24,11848,supports_cannot,0.0001186445806524,0.0001186445806524,0.0001186445806524,0.000100965189631,1.0,1.0,1.175103783607483
1219,11,4210,suppresses_cannot,-0.0001186221561511,0.0001186221561511,0.0001229763583978,0.0001464878587285,0.0154639175161719,0.984536111354828,0.80977463722229
1220,13,13505,supports_cannot,0.0001185868168249,0.0001185868168249,0.0001201863124151,0.0001725751935737,0.9536082744598388,0.9536082744598388,0.6871602535247803
1221,25,5652,supports_cannot,0.0001185192304546,0.0001185192304546,0.0001185192304546,0.0001210879054269,1.0,1.0,0.9787867069244384
1222,24,8606,suppresses_cannot,-0.0001184482534881,0.0001184482534881,0.0001184482534881,0.0001112062600441,0.0,1.0,1.065122127532959
1223,29,11558,suppresses_cannot,-0.0001184359643957,0.0001184359643957,0.0001184359643957,0.0001002116187009,0.0,1.0,1.1818586587905884
1224,20,3077,supports_cannot,0.0001182556152343,0.0001182556152343,0.0001182556152343,0.0001007236060104,1.0,1.0,1.174060583114624
1225,14,12629,suppresses_cannot,-0.0001181204279419,0.0001181204279419,0.0001181204279419,0.0001529867149656,0.0,1.0,0.7720959782600403
1226,24,5318,supports_cannot,0.0001180549879791,0.0001180549879791,0.000119336793432,0.0002063712890958,0.969072163105011,0.969072163105011,0.5720514059066772
1227,19,11306,suppresses_cannot,-0.0001180006074719,0.0001180006074719,0.0001186998852062,0.0001624957076273,0.0154639175161719,0.984536111354828,0.7261767387390137
1228,18,13390,supports_cannot,0.0001179032115032,0.0001179032115032,0.0001179032115032,0.0001167257287306,1.0,1.0,1.0100876092910769
1229,17,4161,suppresses_cannot,-0.0001178973761852,0.0001178973761852,0.0001178973761852,9.653143206378444e-05,0.0,1.0,1.2213366031646729
1230,24,425,suppresses_cannot,-0.0001178509774035,0.0001178509774035,0.0001178509774035,9.983036579797044e-05,0.0,1.0,1.180512309074402
1231,15,11228,supports_cannot,0.0001177637241198,0.0001177637241198,0.0001177637241198,0.0001257742260349,1.0,1.0,0.9363104701042176
1232,14,13831,suppresses_cannot,-0.0001176432851934,0.0001176432851934,0.0001270350039703,0.0002889558090828,0.2113402038812637,0.7886598110198975,0.4071324467658996
1233,30,9672,supports_cannot,0.000117619318189,0.000117619318189,0.000117619318189,0.0001253697409993,1.0,1.0,0.9381794929504396
1234,23,7665,supports_cannot,0.0001175385186797,0.0001175385186797,0.0001182248888653,0.0001266858016606,0.969072163105011,0.969072163105011,0.9277955293655396
1235,29,6196,supports_cannot,0.0001174878198071,0.0001174878198071,0.0001174878198071,9.581376070855184e-05,1.0,1.0,1.2262102365493774
1236,21,13890,suppresses_cannot,-0.0001174362041638,0.0001174362041638,0.0001174362041638,9.746178693603724e-05,0.0,1.0,1.2049461603164673
1237,31,14215,suppresses_cannot,-0.0001174217613879,0.0001174217613879,0.0001174217613879,0.0001034626475302,0.0,1.0,1.1349194049835205
1238,19,8345,suppresses_cannot,-0.0001173913478851,0.0001173913478851,0.0001187604138976,0.0001158324157586,0.0309278350323438,0.969072163105011,1.013458490371704
1239,15,8452,suppresses_cannot,-0.0001173830532934,0.0001173830532934,0.0001207037057611,9.7383075626567e-05,0.0103092780336737,0.9896907210350036,1.205374240875244
1240,31,9193,supports_cannot,0.0001173461860162,0.0001173461860162,0.0001173461860162,9.571669943397863e-05,1.0,1.0,1.2259739637374878
1241,16,4836,supports_cannot,0.0001172921110992,0.0001172921110992,0.0001172921110992,9.110333485295996e-05,1.0,1.0,1.28746235370636
1242,14,75,suppresses_cannot,-0.0001172116099041,0.0001172116099041,0.0001528760767541,0.0002478859096299,0.22164948284626,0.7783505320549011,0.4728449881076813
1243,25,5108,suppresses_cannot,-0.0001171649128082,0.0001171649128082,0.0001173019409179,0.000148691717186,0.0103092780336737,0.9896907210350036,0.7879720330238342
1244,23,4900,supports_cannot,0.0001171142139355,0.0001171142139355,0.0001175750803668,0.0001343236217508,0.9948453903198242,0.9948453903198242,0.8718810081481934
1245,27,6048,supports_cannot,0.000117093019071,0.000117093019071,0.000117093019071,0.0001001728451228,1.0,1.0,1.168909788131714
1246,29,430,suppresses_cannot,-0.0001170254254247,0.0001170254254247,0.0001172404954559,9.696902270661668e-05,0.0103092780336737,0.9896907210350036,1.2068331241607666
1247,27,2327,suppresses_cannot,-0.0001170146715594,0.0001170146715594,0.0001187733141705,0.0001505821855971,0.0103092780336737,0.9896907210350036,0.7770817875862122
1248,31,566,supports_cannot,0.0001170063769677,0.0001170063769677,0.0001170991599792,0.0001427947863703,0.9896907210350036,0.9896907210350036,0.819402277469635
1249,17,13463,suppresses_cannot,-0.0001169864044641,0.0001169864044641,0.0001228780456585,0.0001774220872903,0.1134020611643791,0.8865979313850403,0.6593677401542664
1250,19,2902,suppresses_cannot,-0.0001169860988738,0.0001169860988738,0.0001169860988738,0.0001135779020842,0.0,1.0,1.0300076007843018
1251,18,12254,suppresses_cannot,-0.0001169492315966,0.0001169492315966,0.0001169492315966,7.285553874680772e-05,0.0,1.0,1.605220913887024
1252,17,2244,suppresses_cannot,-0.0001168773378594,0.0001168773378594,0.0001168773378594,7.611632463522255e-05,0.0,1.0,1.535509467124939
1253,24,6230,supports_cannot,0.0001168589005828,0.0001168589005828,0.0001168589005828,0.0001071462102117,1.0,1.0,1.090648889541626
1254,25,7849,suppresses_cannot,-0.0001168567468994,0.0001168567468994,0.0001173446507891,0.000132403569296,0.0309278350323438,0.969072163105011,0.882580041885376
1255,31,10210,suppresses_cannot,-0.0001168469170806,0.0001168469170806,0.0001168469170806,0.0001531092275399,0.0,1.0,0.7631605267524719
1256,23,12148,supports_cannot,0.0001168097442132,0.0001168097442132,0.0001168097442132,0.0001318057184107,1.0,1.0,0.8862266540527344
1257,23,11744,supports_cannot,0.000116786082799,0.000116786082799,0.000116786082799,0.0001225328742293,1.0,1.0,0.9531000256538392
1258,28,8517,supports_cannot,0.0001167682639788,0.0001167682639788,0.0001167682639788,9.284638508688658e-05,1.0,1.0,1.2576501369476318
1259,18,272,suppresses_cannot,-0.000116726172564,0.000116726172564,0.000116726172564,0.000151589498273,0.0,1.0,0.7700148820877075
1260,20,4576,supports_cannot,0.0001166567381005,0.0001166567381005,0.0001167439913842,0.0001098082866519,0.9948453903198242,0.9948453903198242,1.06236732006073
1261,24,13724,supports_cannot,0.0001165556532214,0.0001165556532214,0.0001167584341601,8.451487519778311e-05,0.9948453903198242,0.9948453903198242,1.379114031791687
1262,18,6933,suppresses_cannot,-0.0001165461289929,0.0001165461289929,0.0001165461289929,8.973098010756075e-05,0.0,1.0,1.2988393306732178
1263,15,6996,suppresses_cannot,-0.0001165255453088,0.0001165255453088,0.0001165353751275,0.0001055050233844,0.0051546390168368,0.9948453903198242,1.1044549942016602
1264,26,9795,suppresses_cannot,-0.0001164573404821,0.0001164573404821,0.0001164573404821,9.432972728973256e-05,0.0,1.0,1.2345772981643677
1265,23,8597,suppresses_cannot,-0.0001163756096502,0.0001163756096502,0.0001163756096502,7.629924220964313e-05,0.0,1.0,1.5252524614334106
1266,18,2016,supports_cannot,0.0001163531851489,0.0001163531851489,0.0001226190506713,8.136036922223866e-05,0.9536082744598388,0.9536082744598388,1.4300966262817385
1267,22,6521,suppresses_cannot,-0.0001163258348242,0.0001163258348242,0.0001163258348242,0.0001121616078307,0.0,1.0,1.0371270179748535
1268,18,13306,suppresses_cannot,-0.0001162914268206,0.0001162914268206,0.0001162914268206,0.0001134904159698,0.0,1.0,1.0246806144714355
1269,11,9513,suppresses_cannot,-0.0001161986438091,0.0001161986438091,0.0001162342814495,0.0002098416007356,0.0103092780336737,0.9896907210350036,0.5537445545196533
1270,21,12274,suppresses_cannot,-0.0001161586988018,0.0001161586988018,0.0001161586988018,9.697466884972528e-05,0.0,1.0,1.1978251934051514
1271,24,10067,suppresses_cannot,-0.0001161565451184,0.0001161565451184,0.0001166481306427,0.0001365162752335,0.0051546390168368,0.9948453903198242,0.8508622646331787
1272,31,7591,suppresses_cannot,-0.0001161120017059,0.0001161120017059,0.0001161120017059,9.201583452522756e-05,0.0,1.0,1.2618697881698608
1273,29,11182,suppresses_cannot,-0.0001160880347015,0.0001160880347015,0.0001160880347015,9.787371527636424e-05,0.0,1.0,1.1861002445220947
1274,31,9658,supports_cannot,0.0001160803512902,0.0001160803512902,0.0001160803512902,0.0001732774544507,1.0,1.0,0.6699103116989136
1275,26,1751,suppresses_cannot,-0.0001159989333245,0.0001159989333245,0.0001159989333245,9.270216105505824e-05,0.0,1.0,1.251307725906372
1276,18,4299,suppresses_cannot,-0.0001159983221441,0.0001159983221441,0.0001159983221441,0.0001609739993,0.0,1.0,0.7206028699874878
1277,27,8449,supports_cannot,0.0001159663661383,0.0001159663661383,0.0001159663661383,0.0001773782423697,1.0,1.0,0.6537801027297974
1278,20,2443,suppresses_cannot,-0.0001159562307293,0.0001159562307293,0.0001159562307293,8.45397007651627e-05,0.0,1.0,1.371618628501892
1279,26,2135,supports_cannot,0.0001159110615844,0.0001159110615844,0.0001159110615844,7.953991735121235e-05,1.0,1.0,1.4572690725326538
1280,20,619,supports_cannot,0.0001158975428552,0.0001158975428552,0.0001158975428552,8.076196536421776e-05,1.0,1.0,1.4350510835647583
1281,31,4512,supports_cannot,0.0001157903170678,0.0001157903170678,0.0001202311686938,0.0002100318233715,0.9329897165298462,0.9329897165298462,0.5512989163398743
1282,29,10660,suppresses_cannot,-0.0001157168881036,0.0001157168881036,0.0001157168881036,0.000151177693624,0.0,1.0,0.7654362320899963
1283,23,8466,supports_cannot,0.0001157168881036,0.0001157168881036,0.0001158821833087,0.0001334619155386,0.9896907210350036,0.9896907210350036,0.8670405149459839
1284,15,2463,supports_cannot,0.0001156677317339,0.0001156677317339,0.0001156677317339,0.0001218578618136,1.0,1.0,0.9492020606994628
1285,16,118,supports_cannot,0.0001156400758191,0.0001156400758191,0.0001156400758191,0.0001287889026571,1.0,1.0,0.8979040384292603
1286,27,8122,supports_cannot,0.0001156188809545,0.0001156188809545,0.0001210656337207,0.0001132737015723,0.9432989954948424,0.9432989954948424,1.020703673362732
1287,16,10835,suppresses_cannot,-0.0001156176513177,0.0001156176513177,0.0001156207217718,0.0001138674851972,0.0051546390168368,0.9948453903198242,1.01537024974823
1288,31,10867,suppresses_cannot,-0.0001155475983978,0.0001155475983978,0.0001155475983978,0.0001019598275888,0.0,1.0,1.1332659721374512
1289,30,12619,supports_cannot,0.0001155463687609,0.0001155463687609,0.0001155463687609,8.553257794119418e-05,1.0,1.0,1.3509048223495483
1290,14,4954,supports_cannot,0.000115537768579,0.000115537768579,0.000115537768579,0.0001494572643423,1.0,1.0,0.7730488777160645
1291,6,10642,suppresses_cannot,-0.0001154062701971,0.0001154062701971,0.0001396930165356,0.0005760228959843,0.22164948284626,0.7783505320549011,0.2003501504659652
1292,27,7017,suppresses_cannot,-0.0001153958219219,0.0001153958219219,0.0001153958219219,8.67459166329354e-05,0.0,1.0,1.3302738666534424
1293,29,3358,supports_cannot,0.000115385679237,0.000115385679237,0.000115385679237,0.0001078620261978,1.0,1.0,1.06975257396698
1294,21,2704,supports_cannot,0.0001153595658252,0.0001153595658252,0.0001153595658252,0.0001240017445525,1.0,1.0,0.9303060173988342
1295,25,13973,suppresses_cannot,-0.0001153282282757,0.0001153282282757,0.0001153282282757,0.0001260312274098,0.0,1.0,0.9150766134262084
1296,17,3008,supports_cannot,0.0001152738477685,0.0001152738477685,0.0001152738477685,0.0001263440644834,1.0,1.0,0.9123803973197936
1297,30,13607,supports_cannot,0.0001151988835772,0.0001151988835772,0.0001180340914288,9.143890929408371e-05,0.9896907210350036,0.9896907210350036,1.2598453760147097
1298,25,10187,supports_cannot,0.0001151497199316,0.0001151497199316,0.0001151613978436,0.0001890631101559,0.9948453903198242,0.9948453903198242,0.6090543866157532
1299,19,2290,supports_cannot,0.000115107934107,0.000115107934107,0.000115107934107,0.0001248193875653,1.0,1.0,0.9221959710121156
1300,30,8726,suppresses_cannot,-0.0001151039396063,0.0001151039396063,0.0001151039396063,0.0001335670094704,0.0,1.0,0.8617692589759827
1301,23,6270,suppresses_cannot,-0.0001150507887359,0.0001150507887359,0.0001150507887359,0.0001025499295792,0.0,1.0,1.121900200843811
1302,16,12008,suppresses_cannot,-0.0001150354291894,0.0001150354291894,0.0001159350285888,0.0001327337231487,0.0154639175161719,0.984536111354828,0.8666631579399109
1303,17,8936,supports_cannot,0.0001149967138189,0.0001149967138189,0.0001149967138189,0.0001047269397531,1.0,1.0,1.0980623960494995
1304,26,12463,suppresses_cannot,-0.0001149426389019,0.0001149426389019,0.0001149745949078,0.0001309535873588,0.0051546390168368,0.9948453903198242,0.8777356743812561
1305,7,2165,suppresses_cannot,-0.000114914990263,0.000114914990263,0.0001150243697338,0.0001143282061093,0.0051546390168368,0.9948453903198242,1.0051324367523191
1306,26,8882,supports_cannot,0.0001148624505731,0.0001148624505731,0.0001172675329144,0.0001302655582549,0.9793814420700072,0.9793814420700072,0.8817561268806458
1307,28,12867,suppresses_cannot,-0.0001148455557995,0.0001148455557995,0.0001148455557995,0.0001109285876736,0.0,1.0,1.0353107452392578
1308,12,6255,supports_cannot,0.0001148427909356,0.0001148427909356,0.0001154068813775,0.0001818229648051,0.9793814420700072,0.9793814420700072,0.6316187381744385
1309,16,3562,supports_cannot,0.000114824353659,0.000114824353659,0.000114824353659,0.0001110114026232,1.0,1.0,1.034347414970398
1310,27,2604,supports_cannot,0.0001148108349298,0.0001148108349298,0.0001148108349298,8.704142965143546e-05,1.0,1.0,1.319036602973938
1311,19,2811,suppresses_cannot,-0.0001147420116467,0.0001147420116467,0.0001151279066107,0.0001650326448725,0.0257731955498456,0.9742268323898317,0.6952685713768005
1312,22,9155,supports_cannot,0.0001147297225543,0.0001147297225543,0.0001147297225543,0.0001067808407242,1.0,1.0,1.0744410753250122
1313,16,4577,supports_cannot,0.0001147054499597,0.0001147054499597,0.0001147054499597,0.0001186042500194,1.0,1.0,0.9671276807785034
1314,30,8664,supports_cannot,0.0001145843998529,0.0001145843998529,0.0001145843998529,0.000106153114757,1.0,1.0,1.0794256925582886
1315,11,5147,suppresses_cannot,-0.0001145607384387,0.0001145607384387,0.0001199528123834,0.0001177372905658,0.0670103058218956,0.9329897165298462,0.9730200171470642
1316,21,6233,supports_cannot,0.0001145401547546,0.0001145401547546,0.0001145401547546,0.0001364011404803,1.0,1.0,0.8397302031517029
1317,30,1891,suppresses_cannot,-0.0001144482885138,0.0001144482885138,0.0001144482885138,9.172039426630364e-05,0.0,1.0,1.2477954626083374
1318,11,3677,suppresses_cannot,-0.0001143757835961,0.0001143757835961,0.0001143757835961,0.0001191384071717,0.0,1.0,0.9600244760513306
1319,30,8952,suppresses_cannot,-0.0001142418259405,0.0001142418259405,0.0001142418259405,0.0001066119293682,0.0,1.0,1.0715670585632324
1320,4,10275,suppresses_cannot,-0.0001142255423474,0.0001142255423474,0.0001464366359869,0.0002509740879759,0.2422680407762527,0.7577319741249084,0.4551288187503814
1321,23,2132,suppresses_cannot,-0.0001142110995715,0.0001142110995715,0.0001142110995715,0.0001043620504788,0.0,1.0,1.0943738222122192
1322,27,635,suppresses_cannot,-0.0001141130924224,0.0001141130924224,0.0001141997345257,9.16727731237188e-05,0.0051546390168368,0.9948453903198242,1.2447872161865234
1323,19,6798,supports_cannot,0.000114094968012,0.000114094968012,0.000114094968012,9.694736945675686e-05,1.0,1.0,1.176875352859497
1324,19,3668,supports_cannot,0.0001140138556365,0.0001140138556365,0.0001140138556365,9.72502020886168e-05,1.0,1.0,1.17237651348114
1325,16,11293,suppresses_cannot,-0.0001139929590863,0.0001139929590863,0.0001139929590863,0.0001268349296879,0.0,1.0,0.8987505435943604
1326,20,10811,suppresses_cannot,-0.0001139542509918,0.0001139542509918,0.0001139542509918,9.142600174527617e-05,0.0,1.0,1.2464096546173096
1327,20,4836,supports_cannot,0.0001138989464379,0.0001138989464379,0.0001139032465289,9.310861059930176e-05,0.9948453903198242,0.9948453903198242,1.223291277885437
1328,31,4935,supports_cannot,0.0001138427178375,0.0001138427178375,0.0001138427178375,0.0001147142756963,1.0,1.0,0.9924023747444152
1329,24,5623,supports_cannot,0.0001138310472015,0.0001138310472015,0.0001138310472015,0.000135611888254,1.0,1.0,0.8393884301185608
1330,9,12078,suppresses_cannot,-0.0001138178340625,0.0001138178340625,0.0001281075819861,0.0001850838307291,0.1340206116437912,0.8659793734550476,0.6149528622627258
1331,29,7859,supports_cannot,0.0001137993967859,0.0001137993967859,0.0001137993967859,0.0001243536971742,1.0,1.0,0.9151267409324646
1332,13,9215,suppresses_cannot,-0.0001137502404162,0.0001137502404162,0.000190269696759,0.0002967041800729,0.3453608155250549,0.6546391844749451,0.3833793103694916
1333,20,10804,suppresses_cannot,-0.0001136915598181,0.0001136915598181,0.0001136915598181,0.0001090669393306,0.0,1.0,1.042401671409607
1334,16,1662,suppresses_cannot,-0.0001136737409979,0.0001136737409979,0.0001136737409979,8.443087426712736e-05,0.0,1.0,1.3463528156280518
1335,16,6034,supports_cannot,0.0001136629871325,0.0001136629871325,0.0001143831541412,0.0001291427906835,0.9742268323898317,0.9742268323898317,0.8801342248916626
1336,17,4282,suppresses_cannot,-0.0001136488499469,0.0001136488499469,0.0001136488499469,8.968445035861805e-05,0.0,1.0,1.2672079801559448
1337,15,13258,suppresses_cannot,-0.0001136371793108,0.0001136371793108,0.0001136371793108,0.000142350589158,0.0,1.0,0.7982909083366394
1338,13,7554,supports_cannot,0.0001136356440838,0.0001136356440838,0.000114282076538,0.0001044822347466,0.9948453903198242,0.9948453903198242,1.0876073837280271
1339,20,11285,suppresses_cannot,-0.0001136282662628,0.0001136282662628,0.0001136313367169,0.000109933418571,0.0051546390168368,0.9948453903198242,1.0336098670959473
1340,27,12194,suppresses_cannot,-0.0001136015343945,0.0001136015343945,0.0001136015343945,9.80903787421994e-05,0.0,1.0,1.1581312417984009
1341,18,6532,supports_cannot,0.0001135840211645,0.0001135840211645,0.000115613656817,0.0001057722256518,0.9536082744598388,0.9536082744598388,1.073854923248291
1342,29,1703,suppresses_cannot,-0.0001135778802563,0.0001135778802563,0.0001135778802563,9.548236266709864e-05,0.0,1.0,1.1895169019699097
1343,23,2217,suppresses_cannot,-0.0001134958438342,0.0001134958438342,0.0001134958438342,0.0001022060896502,0.0,1.0,1.110460638999939
1344,20,3416,supports_cannot,0.0001134703488787,0.0001134703488787,0.0001134703488787,9.915546979755165e-05,1.0,1.0,1.144368052482605
1345,28,3382,suppresses_cannot,-0.0001134138146881,0.0001134138146881,0.0001134138146881,9.821574349189176e-05,0.0,1.0,1.154741644859314
1346,16,3796,supports_cannot,0.0001133969126385,0.0001133969126385,0.0001157128936029,0.0001282015000469,0.9536082744598388,0.9536082744598388,0.884520947933197
1347,19,13481,supports_cannot,0.0001133784826379,0.0001133784826379,0.0001133784826379,9.651746222516522e-05,1.0,1.0,1.174693942070007
1348,16,723,suppresses_cannot,-0.0001133016703533,0.0001133016703533,0.0001133016703533,0.0001185163564514,0.0,1.0,0.95600026845932
1349,15,8112,supports_cannot,0.0001132113393396,0.0001132113393396,0.000159914343385,0.0002540316490922,0.7113401889801025,0.7113401889801025,0.445658415555954
1350,16,2756,suppresses_cannot,-0.0001131793906097,0.0001131793906097,0.0001297310518566,0.000205080199521,0.1340206116437912,0.8659793734550476,0.5518786907196045
1351,17,4343,suppresses_cannot,-0.0001131437456933,0.0001131437456933,0.0001131437456933,0.000107772379124,0.0,1.0,1.049839973449707
1352,21,9244,supports_cannot,0.0001131237804656,0.0001131237804656,0.0001131415992858,0.0001410914701409,0.9896907210350036,0.9896907210350036,0.8017761707305908
1353,17,7584,suppresses_cannot,-0.0001130626405938,0.0001130626405938,0.0001130626405938,9.883721213554963e-05,0.0,1.0,1.143927812576294
1354,21,9576,suppresses_cannot,-0.0001130546515923,0.0001130546515923,0.0001134055200964,0.000124999001855,0.0051546390168368,0.9948453903198242,0.904444456100464
1355,19,3032,supports_cannot,0.0001130279197241,0.0001130279197241,0.0001130279197241,0.0001017090326058,1.0,1.0,1.111286997795105
1356,16,10195,supports_cannot,0.0001129698503063,0.0001129698503063,0.0001129698503063,9.66989537118934e-05,1.0,1.0,1.1682634353637695
1357,20,13412,supports_cannot,0.0001129492666223,0.0001129492666223,0.0001129492666223,8.669687667861581e-05,1.0,1.0,1.3028066158294678
1358,17,5304,suppresses_cannot,-0.0001129308293457,0.0001129308293457,0.0001145125061157,9.592712012818085e-05,0.0154639175161719,0.984536111354828,1.1772565841674805
1359,22,8231,suppresses_cannot,-0.0001128779840655,0.0001128779840655,0.0001128779840655,0.0001033126827678,0.0,1.0,1.0925859212875366
1360,13,1378,supports_cannot,0.0001128540243371,0.0001128540243371,0.0001129449665313,0.0001638602698221,0.9896907210350036,0.9896907210350036,0.6887211203575134
1361,26,10144,suppresses_cannot,-0.0001127977957366,0.0001127977957366,0.0001127977957366,0.0001052764710038,0.0,1.0,1.0714435577392578
1362,15,5132,supports_cannot,0.0001127741415984,0.0001127741415984,0.0001131796961999,0.0001595112553332,0.984536111354828,0.984536111354828,0.7069979906082153
1363,27,1312,supports_cannot,0.0001126997885876,0.0001126997885876,0.0001126997885876,0.0001002688295557,1.0,1.0,1.1239763498306274
1364,25,12076,suppresses_cannot,-0.0001126859569922,0.0001126859569922,0.0001126859569922,0.0001178392121801,0.0,1.0,0.9562687277793884
1365,16,226,suppresses_cannot,-0.0001126512433984,0.0001126512433984,0.0001126512433984,8.498971146764234e-05,0.0,1.0,1.325469136238098
1366,23,12216,supports_cannot,0.0001126457136706,0.0001126457136706,0.0001126457136706,0.0001104883704101,1.0,1.0,1.0195255279541016
1367,25,8371,suppresses_cannot,-0.0001126420247601,0.0001126420247601,0.0001126420247601,0.0001121664390666,0.0,1.0,1.0042400360107422
1368,18,763,suppresses_cannot,-0.0001126192873925,0.0001126192873925,0.0001130567979998,0.0001534321781946,0.0257731955498456,0.9742268323898317,0.7340004444122314
1369,13,4048,supports_cannot,0.0001126051574829,0.0001126051574829,0.0001159110615844,0.0001698460691841,0.9536082744598388,0.9536082744598388,0.6629835963249207
1370,23,9356,suppresses_cannot,-0.0001125983981182,0.0001125983981182,0.0001125983981182,0.000115829941933,0.0,1.0,0.9721009731292723
1371,15,12921,suppresses_cannot,-0.0001125765847973,0.0001125765847973,0.0001125765847973,0.0001012756692944,0.0,1.0,1.1115857362747192
1372,21,1600,supports_cannot,0.0001125744311138,0.0001125744311138,0.0001125744311138,8.584688475821167e-05,1.0,1.0,1.3113397359848022
1373,27,5737,suppresses_cannot,-0.000112489942694,0.000112489942694,0.000112489942694,7.986206037458032e-05,0.0,1.0,1.4085530042648315
1374,24,12608,supports_cannot,0.0001124788832385,0.0001124788832385,0.0001130939781432,0.0001084686809917,0.984536111354828,0.984536111354828,1.036971092224121
1375,27,3842,supports_cannot,0.000112463516416,0.000112463516416,0.0001126454080804,0.0001566237478982,0.9948453903198242,0.9948453903198242,0.7180489301681519
1376,31,10180,suppresses_cannot,-0.0001124162008636,0.0001124162008636,0.0001124162008636,0.0001440921187167,0.0,1.0,0.7801689505577087
1377,24,2504,supports_cannot,0.0001123317124438,0.0001123317124438,0.0001123317124438,0.000102101417724,1.0,1.0,1.100197434425354
1378,29,54,supports_cannot,0.0001122168032452,0.0001122168032452,0.0001122168032452,0.0001500421203672,1.0,1.0,0.7479020357131958
1379,28,5568,supports_cannot,0.000112209119834,0.000112209119834,0.000112209119834,0.0001013117071124,1.0,1.0,1.1075632572174072
1380,30,10945,supports_cannot,0.0001122032845159,0.0001122032845159,0.0001122247922467,0.0001120181623264,0.9948453903198242,0.9948453903198242,1.0016525983810425
1381,18,7634,supports_cannot,0.0001121452150982,0.0001121452150982,0.0001121452150982,9.27039800444618e-05,1.0,1.0,1.209713101387024
1382,13,7283,suppresses_cannot,-0.0001121163368225,0.0001121163368225,0.0001121163368225,8.265152428066358e-05,0.0,1.0,1.356494426727295
1383,22,11066,supports_cannot,0.0001121132663683,0.0001121132663683,0.0001121138775488,0.0001249460765393,0.9948453903198242,0.9948453903198242,0.897293210029602
1384,31,10951,suppresses_cannot,-0.0001120094166253,0.0001120094166253,0.0001120094166253,0.0001093314349418,0.0,1.0,1.024494171142578
1385,29,10116,suppresses_cannot,-0.0001119630251196,0.0001119630251196,0.0001150194511865,0.0001047197802108,0.0103092780336737,0.9896907210350036,1.0691678524017334
1386,30,936,supports_cannot,0.0001119495063903,0.0001119495063903,0.0001119495063903,0.0001314174296567,1.0,1.0,0.8518619537353516
1387,19,3056,suppresses_cannot,-0.0001119061853387,0.0001119061853387,0.0001119061853387,9.336350922239944e-05,0.0,1.0,1.198607325553894
1388,20,9681,supports_cannot,0.00011172091763,0.00011172091763,0.00011172091763,0.0001022689320961,1.0,1.0,1.0924228429794312
1389,20,448,supports_cannot,0.0001116607018047,0.0001116607018047,0.0001116607018047,8.945015724748373e-05,1.0,1.0,1.2483007907867432
1390,30,5442,suppresses_cannot,-0.0001116517887567,0.0001116517887567,0.0001116517887567,0.0001257853582501,0.0,1.0,0.8876373767852783
1391,15,11604,supports_cannot,0.000111645029392,0.000111645029392,0.000111645029392,9.400335693499072e-05,1.0,1.0,1.1876707077026367
1392,28,3143,supports_cannot,0.0001115666818805,0.0001115666818805,0.0001119734733947,8.136748510878533e-05,0.9896907210350036,0.9896907210350036,1.371145725250244
1393,28,8714,suppresses_cannot,-0.0001115525519708,0.0001115525519708,0.0001115525519708,8.637657447252423e-05,0.0,1.0,1.2914676666259766
1394,22,13182,supports_cannot,0.0001114757396862,0.0001114757396862,0.0001114757396862,9.294341725762932e-05,1.0,1.0,1.199393630027771
1395,31,8082,suppresses_cannot,-0.0001114508559112,0.0001114508559112,0.0001114508559112,9.655422036303209e-05,0.0,1.0,1.154282569885254
1396,28,4234,supports_cannot,0.0001114231999963,0.0001114231999963,0.0001114231999963,0.0001059743444784,1.0,1.0,1.0514167547225952
1397,12,9114,suppresses_cannot,-0.0001114145998144,0.0001114145998144,0.0001312408276135,0.0002980188874062,0.1855670064687729,0.8144329786300659,0.3738507926464081
1398,23,11278,suppresses_cannot,-0.0001114084516302,0.0001114084516302,0.0001114084516302,0.000101479316072,0.0,1.0,1.097843885421753
1399,15,2012,suppresses_cannot,-0.0001113061443902,0.0001113061443902,0.0001134328631451,0.0001040373390424,0.0360824726521968,0.9639175534248352,1.0698672533035278
1400,19,10040,suppresses_cannot,-0.0001112677418859,0.0001112677418859,0.0001115915729315,7.605731661897153e-05,0.0103092780336737,0.9896907210350036,1.4629459381103516
1401,27,477,supports_cannot,0.0001112665122491,0.0001112665122491,0.0001112665122491,8.563460141886026e-05,1.0,1.0,1.2993172407150269
1402,28,9581,supports_cannot,0.0001112591344281,0.0001112591344281,0.0001112591344281,0.0001148516676039,1.0,1.0,0.9687202572822572
1403,30,7826,suppresses_cannot,-0.0001112188911065,0.0001112188911065,0.0001112188911065,9.900829172693192e-05,0.0,1.0,1.1233290433883667
1404,20,8830,supports_cannot,0.0001111746460082,0.0001111746460082,0.0001385018404107,0.0002768810954876,0.7268041372299194,0.7268041372299194,0.4015248715877533
1405,28,11889,supports_cannot,0.000111166962597,0.000111166962597,0.0001112253376049,7.191863551270217e-05,0.9948453903198242,0.9948453903198242,1.5457323789596558
1406,30,1103,supports_cannot,0.0001111454548663,0.0001111454548663,0.0001111454548663,0.0001258875272469,1.0,1.0,0.8828948736190796
1407,22,11805,supports_cannot,0.000111137778731,0.000111137778731,0.0001111906240112,8.679299207869917e-05,0.9948453903198242,0.9948453903198242,1.2804925441741943
1408,31,8893,supports_cannot,0.0001111297897296,0.0001111297897296,0.0001111297897296,8.884986164048314e-05,1.0,1.0,1.250759243965149
1409,19,13125,supports_cannot,0.0001110671073547,0.0001110671073547,0.0001132921461248,0.0001787737564882,0.9793814420700072,0.9793814420700072,0.6212718486785889
1410,26,4392,suppresses_cannot,-0.0001110456069,0.0001110456069,0.0001110456069,0.0001110850062104,0.0,1.0,0.9996453523635864
1411,14,7797,suppresses_cannot,-0.0001110342345782,0.0001110342345782,0.0001111448436859,0.0001437491737306,0.0051546390168368,0.9948453903198242,0.7724165320396423
1412,20,12009,suppresses_cannot,-0.0001109850782086,0.0001109850782086,0.0001115282793762,0.0002087956381728,0.041237112134695,0.9587628841400146,0.5315488576889038
1413,19,1664,suppresses_cannot,-0.0001109552758862,0.0001109552758862,0.0001109552758862,0.00013791694073,0.0,1.0,0.8045079708099365
1414,25,660,suppresses_cannot,-0.0001108803116949,0.0001108803116949,0.0001108803116949,0.0001125903290812,0.0,1.0,0.9848120212554932
1415,27,8178,suppresses_cannot,-0.0001108108699554,0.0001108108699554,0.0001108108699554,9.536011930322276e-05,0.0,1.0,1.1620253324508667
1416,26,4441,supports_cannot,0.0001107027201214,0.0001107027201214,0.0001107027201214,9.279342339141294e-05,1.0,1.0,1.1930017471313477
1417,26,9335,suppresses_cannot,-0.0001105838236981,0.0001105838236981,0.0001105838236981,9.955370478564872e-05,0.0,1.0,1.1107956171035769
1418,13,12230,supports_cannot,0.0001105835108319,0.0001105835108319,0.0001105835108319,0.000131264256197,1.0,1.0,0.8424495458602905
1419,22,13610,supports_cannot,0.0001105638511944,0.0001105638511944,0.0001105638511944,9.527116344543174e-05,1.0,1.0,1.1605174541473389
1420,24,4777,suppresses_cannot,-0.0001105583214666,0.0001105583214666,0.0001105583214666,9.604065417079256e-05,0.0,1.0,1.1511616706848145
1421,19,2150,suppresses_cannot,-0.0001104692200897,0.0001104692200897,0.0001104692200897,0.0001466891844756,0.0,1.0,0.7530835866928101
1422,27,6752,suppresses_cannot,-0.000110436041723,0.000110436041723,0.000110436041723,9.408635378349572e-05,0.0,1.0,1.173773169517517
1423,20,8651,suppresses_cannot,-0.0001103887261706,0.0001103887261706,0.0001115248960559,0.0001322180905845,0.0567010305821895,0.9432989954948424,0.834898829460144
1424,31,4436,suppresses_cannot,-0.0001103260437957,0.0001103260437957,0.000116840157716,0.0001859003095887,0.041237112134695,0.9587628841400146,0.5934688448905945
1425,29,11192,suppresses_cannot,-0.0001103192844311,0.0001103192844311,0.0001103192844311,8.84734618011862e-05,0.0,1.0,1.2469195127487185
1426,15,5019,suppresses_cannot,-0.000110298700747,0.000110298700747,0.0001108929063775,0.0002074887743219,0.0360824726521968,0.9639175534248352,0.5315887331962585
1427,29,10844,supports_cannot,0.0001102394016925,0.0001102394016925,0.0001102394016925,6.71897578286007e-05,1.0,1.0,1.640717387199402
1428,17,5921,suppresses_cannot,-0.0001102283422369,0.0001102283422369,0.0001102283422369,7.885192462708801e-05,0.0,1.0,1.3979157209396362
1429,26,3524,supports_cannot,0.0001102215828723,0.0001102215828723,0.0001102215828723,0.0001055540924426,1.0,1.0,1.044218897819519
1430,26,7088,suppresses_cannot,-0.000110208064143,0.000110208064143,0.000110208064143,9.414505620952696e-05,0.0,1.0,1.1706197261810305
1431,17,8977,suppresses_cannot,-0.0001101690504583,0.0001101690504583,0.0001101690504583,8.967310714069754e-05,0.0,1.0,1.228562831878662
1432,16,13328,supports_cannot,0.0001101410889532,0.0001101410889532,0.0001101410889532,0.0001164530476671,1.0,1.0,0.9457982778549194
1433,15,8759,supports_cannot,0.0001101051384466,0.0001101051384466,0.0001184153807116,0.0001507458655396,0.969072163105011,0.969072163105011,0.7304023504257202
1434,18,9012,supports_cannot,0.0001100498411688,0.0001100498411688,0.0001100498411688,0.000100828561699,1.0,1.0,1.0914549827575684
1435,11,10594,supports_cannot,0.0001100323279388,0.0001100323279388,0.0001100999143091,0.0001739255967549,0.984536111354828,0.984536111354828,0.6326402425765991
1436,14,12067,supports_cannot,0.0001100258741644,0.0001100258741644,0.0001109998265746,0.0002092074864776,0.9536082744598388,0.9536082744598388,0.5259174704551697
1437,1,2829,suppresses_cannot,-0.0001099745641113,0.0001099745641113,0.0001104827388189,9.500756277702747e-05,0.0103092780336737,0.9896907210350036,1.1575348377227783
1438,28,7677,suppresses_cannot,-0.0001097917556762,0.0001097917556762,0.0001097917556762,9.946342470357196e-05,0.0,1.0,1.103840470314026
1439,25,4438,suppresses_cannot,-0.0001097450585803,0.0001097450585803,0.0001097450585803,8.915059879655018e-05,0.0,1.0,1.2310075759887695
1440,26,3663,supports_cannot,0.0001096995838452,0.0001096995838452,0.0001102925598388,0.0001000475313048,0.984536111354828,0.984536111354828,1.0964746475219729
1441,14,1938,suppresses_cannot,-0.0001096946652978,0.0001096946652978,0.0001098144930438,0.0001220845297211,0.0103092780336737,0.9896907210350036,0.8985140323638916
1442,31,7487,suppresses_cannot,-0.000109627690108,0.000109627690108,0.000109627690108,8.675469871377572e-05,0.0,1.0,1.2636513710021973
1443,27,9054,suppresses_cannot,-0.0001096114065148,0.0001096114065148,0.0001096114065148,0.0001115295890485,0.0,1.0,0.9828011393547058
1444,20,8105,supports_cannot,0.0001095988118322,0.0001095988118322,0.0001121347740991,8.221366442739964e-05,0.969072163105011,0.969072163105011,1.333097219467163
1445,15,13963,suppresses_cannot,-0.0001095287589123,0.0001095287589123,0.0001095287589123,0.0001182619234896,0.0,1.0,0.9261540174484252
1446,28,11982,supports_cannot,0.0001095164698199,0.0001095164698199,0.0001095164698199,8.86640846147202e-05,1.0,1.0,1.2351840734481812
1447,21,8719,supports_cannot,0.0001095155457733,0.0001095155457733,0.0001095388943213,0.0001478658668929,0.9896907210350036,0.9896907210350036,0.740641176700592
1448,27,3657,suppresses_cannot,-0.0001094832841772,0.0001094832841772,0.0001094832841772,0.0001065245305653,0.0,1.0,1.0277752876281738
1449,25,6393,suppresses_cannot,-0.0001094393519451,0.0001094393519451,0.0001094805193133,8.064181747613475e-05,0.0051546390168368,0.9948453903198242,1.3571041822433472
1450,29,7583,suppresses_cannot,-0.0001093812825274,0.0001093812825274,0.0001093812825274,0.0001438565377611,0.0,1.0,0.7603497505187988
1451,21,2249,supports_cannot,0.0001093751343432,0.0001093751343432,0.0001147500006482,0.0001229863410117,0.9536082744598388,0.9536082744598388,0.8893274664878845
1452,28,1709,supports_cannot,0.0001093407263397,0.0001093407263397,0.0001093407263397,9.296501957578585e-05,1.0,1.0,1.1761491298675537
1453,24,970,supports_cannot,0.0001093182945623,0.0001093182945623,0.0001121307795983,0.0001509964058641,0.9587628841400146,0.9587628841400146,0.7239794731140137
1454,16,12072,supports_cannot,0.0001093081591534,0.0001093081591534,0.0001093081591534,7.861981430323794e-05,1.0,1.0,1.3903385400772097
1455,30,4593,suppresses_cannot,-0.0001093007886083,0.0001093007886083,0.0001093007886083,0.000102796991996,0.0,1.0,1.0632683038711548
1456,28,3713,supports_cannot,0.0001092927996069,0.0001092927996069,0.0001093044702429,0.0001120254673878,0.9948453903198242,0.9948453903198242,0.9756067395210266
1457,27,5054,supports_cannot,0.0001092387246899,0.0001092387246899,0.0001092921811505,0.0001008516337606,0.9948453903198242,0.9948453903198242,1.0831626653671265
1458,4,7578,supports_cannot,0.0001092368765966,0.0001092368765966,0.0001092368765966,8.972798968898132e-05,1.0,1.0,1.2174224853515625
1459,21,5536,supports_cannot,0.0001092338061425,0.0001092338061425,0.0001092338061425,8.029739547055215e-05,1.0,1.0,1.3603655099868774
1460,30,3593,supports_cannot,0.0001092218226403,0.0001092218226403,0.0001092218226403,0.0001191702394862,1.0,1.0,0.916519284248352
1461,27,4672,supports_cannot,0.0001091493177227,0.0001091493177227,0.0001635904773138,0.0002035497163888,0.8659793734550476,0.8659793734550476,0.5362292528152466
1462,17,10671,suppresses_cannot,-0.0001091244266717,0.0001091244266717,0.0001091791200451,8.273006096715108e-05,0.0051546390168368,0.9948453903198242,1.3190419673919678
1463,31,11752,suppresses_cannot,-0.0001090992373065,0.0001090992373065,0.0001090992373065,9.228228009305894e-05,0.0,1.0,1.1822339296340942
1464,22,6783,supports_cannot,0.0001090694349841,0.0001090694349841,0.0001090694349841,0.0001001563869067,1.0,1.0,1.0889912843704224
1465,21,464,suppresses_cannot,-0.0001090577570721,0.0001090577570721,0.0001090577570721,9.006412437884137e-05,0.0,1.0,1.2108900547027588
1466,17,3110,suppresses_cannot,-0.0001089960060198,0.0001089960060198,0.0001094427279895,7.939721399452537e-05,0.0051546390168368,0.9948453903198242,1.3727937936782837
1467,29,10391,supports_cannot,0.0001089609795599,0.0001089609795599,0.0001089609795599,0.0001167977825389,1.0,1.0,0.9329028129577636
1468,19,20,suppresses_cannot,-0.0001089591314666,0.0001089591314666,0.0001203196588903,0.0001006983584375,0.0257731955498456,0.9742268323898317,1.0820348262786863
1469,21,7051,supports_cannot,0.0001089443831006,0.0001089443831006,0.0001089443831006,8.602868911111727e-05,1.0,1.0,1.2663726806640625
1470,15,3081,suppresses_cannot,-0.0001089244178729,0.0001089244178729,0.0001120429078582,0.0001712795638013,0.0567010305821895,0.9432989954948424,0.635945200920105
1471,19,7747,supports_cannot,0.0001088989156414,0.0001088989156414,0.0001089413126464,0.0001251651410711,0.9948453903198242,0.9948453903198242,0.8700419068336487
1472,21,11352,suppresses_cannot,-0.0001088303979486,0.0001088303979486,0.0001088303979486,0.0001029782797559,0.0,1.0,1.0568286180496216
1473,15,12102,suppresses_cannot,-0.0001088199569494,0.0001088199569494,0.0001091253507183,0.0001226786553161,0.0463917516171932,0.9536082744598388,0.8870325088500977
1474,30,5098,suppresses_cannot,-0.0001088144272216,0.0001088144272216,0.0001088144272216,9.97787356027402e-05,0.0,1.0,1.090557336807251
1475,25,7407,supports_cannot,0.0001087996788555,0.0001087996788555,0.0001089453071472,0.000118350762932,0.9948453903198242,0.9948453903198242,0.919298529624939
1476,29,4723,supports_cannot,0.0001087787823053,0.0001087787823053,0.0001087787823053,7.979210931807756e-05,1.0,1.0,1.3632774353027344
1477,26,7376,suppresses_cannot,-0.0001087471391656,0.0001087471391656,0.0001087471391656,9.608257096260786e-05,0.0,1.0,1.1318092346191406
1478,18,7075,supports_cannot,0.0001087397613446,0.0001087397613446,0.0001087397613446,9.83242061920464e-05,1.0,1.0,1.1059306859970093
1479,18,9933,suppresses_cannot,-0.0001087056589312,0.0001087056589312,0.0001087259370251,0.0001396294392179,0.0051546390168368,0.9948453903198242,0.7785296440124512
1480,16,1172,suppresses_cannot,-0.0001086973643396,0.0001086973643396,0.0001086973643396,0.0001291440275963,0.0,1.0,0.8416755199432373
1481,26,9463,supports_cannot,0.0001086623378796,0.0001086623378796,0.0001086623378796,9.307208529207855e-05,1.0,1.0,1.167507290840149
1482,9,520,suppresses_cannot,-0.0001086104166461,0.0001086104166461,0.0001296557747991,0.0006909412913955,0.3608247339725494,0.639175295829773,0.1571919620037078
1483,26,11352,suppresses_cannot,-0.0001085735493688,0.0001085735493688,0.0001085735493688,7.169080345192924e-05,0.0,1.0,1.5144697427749634
1484,17,5579,supports_cannot,0.0001085695548681,0.0001085695548681,0.0001102225069189,8.37583138491027e-05,0.9948453903198242,0.9948453903198242,1.2962242364883425
1485,16,9919,supports_cannot,0.0001085191688616,0.0001085191688616,0.0001085191688616,7.151566387619823e-05,1.0,1.0,1.5174181461334229
1486,20,10076,suppresses_cannot,-0.000108505031676,0.000108505031676,0.000108505031676,0.0001651915372349,0.0,1.0,0.6568437814712524
1487,30,7332,suppresses_cannot,-0.0001084696996258,0.0001084696996258,0.0001084696996258,9.246866829926148e-05,0.0,1.0,1.1730427742004397
1488,12,3275,supports_cannot,0.0001084239193005,0.0001084239193005,0.0001084239193005,9.088074875762686e-05,1.0,1.0,1.1930350065231323
1489,12,6262,supports_cannot,0.0001084119357983,0.0001084119357983,0.0001143994377343,0.0001861914934124,0.92268043756485,0.92268043756485,0.5822604298591614
1490,28,2488,suppresses_cannot,-0.0001083117749658,0.0001083117749658,0.0001083117749658,0.0001102963942685,0.0,1.0,0.9820064902305604
1491,30,9249,supports_cannot,0.0001082991802832,0.0001082991802832,0.0001083139286492,6.663987733190879e-05,0.9948453903198242,0.9948453903198242,1.6251407861709597
1492,3,6390,suppresses_cannot,-0.0001082844319171,0.0001082844319171,0.0003498067671898,0.0008572964579798,0.2989690601825714,0.701030969619751,0.1263092011213302
1493,24,9260,supports_cannot,0.0001082598537323,0.0001082598537323,0.0001082598537323,0.0001014888985082,1.0,1.0,1.066716194152832
1494,12,1577,supports_cannot,0.0001082368107745,0.0001082368107745,0.0001089127399609,9.398572728969155e-05,0.9742268323898317,0.9742268323898317,1.1516302824020386
1495,19,845,suppresses_cannot,-0.0001082352755474,0.0001082352755474,0.0001082352755474,9.467555355513468e-05,0.0,1.0,1.1432230472564695
1496,17,7593,supports_cannot,0.0001081538575817,0.0001081538575817,0.0001096992782549,0.0001456314930692,0.9793814420700072,0.9793814420700072,0.7426543235778809
1497,30,5799,suppresses_cannot,-0.0001081378795788,0.0001081378795788,0.0001081378795788,6.779067916795611e-05,0.0,1.0,1.5951732397079468
1498,28,1401,suppresses_cannot,-0.0001081363443518,0.0001081363443518,0.0001081363443518,0.0001169073657365,0.0,1.0,0.9249746203422546
1499,19,11630,suppresses_cannot,-0.0001081163718481,0.0001081163718481,0.0001081163718481,7.688484038226306e-05,0.0,1.0,1.4062118530273438
1500,25,6687,supports_cannot,0.000108109001303,0.000108109001303,0.000108109001303,0.0001738452119752,1.0,1.0,0.6218693256378174
1501,12,8078,supports_cannot,0.0001081010123016,0.0001081010123016,0.0001148099108831,0.0002365393156651,0.7216494679450989,0.7216494679450989,0.4570107460021972
1502,20,2609,supports_cannot,0.0001080868751159,0.0001080868751159,0.0001082361995941,0.0001340190065093,0.9948453903198242,0.9948453903198242,0.8065040707588196
1503,19,3846,suppresses_cannot,-0.0001080739748431,0.0001080739748431,0.0001081901136785,6.823819421697408e-05,0.0103092780336737,0.9896907210350036,1.5837754011154177
1504,23,7621,suppresses_cannot,-0.000108059226477,0.000108059226477,0.000108059226477,0.0001092709571821,0.0,1.0,0.9889107942581176
1505,28,497,suppresses_cannot,-0.0001080303482012,0.0001080303482012,0.0001080303482012,7.732329686405137e-05,0.0,1.0,1.397125482559204
1506,19,10627,supports_cannot,0.0001079962457879,0.0001079962457879,0.0001079962457879,8.603755122749135e-05,1.0,1.0,1.255222201347351
1507,24,11188,suppresses_cannot,-0.0001079913272405,0.0001079913272405,0.0001079913272405,9.50025423662737e-05,0.0,1.0,1.1367204189300537
1508,16,7454,supports_cannot,0.0001079793437384,0.0001079793437384,0.0001104587718145,8.174018876161426e-05,0.9793814420700072,0.9793814420700072,1.3210067749023438
1509,16,11446,suppresses_cannot,-0.0001079682842828,0.0001079682842828,0.0001079682842828,0.0001491780130891,0.0,1.0,0.7237547039985657
1510,28,735,suppresses_cannot,-0.0001079667490557,0.0001079667490557,0.0001079667490557,9.676926129031926e-05,0.0,1.0,1.1157132387161257
1511,27,3231,supports_cannot,0.0001079572248272,0.0001079572248272,0.0001101705856854,0.0001266362523892,0.9536082744598388,0.9536082744598388,0.8524985909461975
1512,31,12835,suppresses_cannot,-0.0001079338762792,0.0001079338762792,0.0001079338762792,9.765972208697347e-05,0.0,1.0,1.105203628540039
1513,18,5810,suppresses_cannot,-0.0001079246576409,0.0001079246576409,0.0001156228754553,0.0001358876324957,0.0824742242693901,0.9175257682800292,0.7942198514938354
1514,22,3312,suppresses_cannot,-0.0001079022258636,0.0001079022258636,0.0001079022258636,0.0001399343891534,0.0,1.0,0.7710915803909302
1515,19,1035,supports_cannot,0.0001078933200915,0.0001078933200915,0.0001078933200915,9.252646123059094e-05,1.0,1.0,1.1660807132720947
1516,31,11006,supports_cannot,0.0001077913111657,0.0001077913111657,0.0001077913111657,0.0001385948999086,1.0,1.0,0.7777436971664429
1517,26,1748,supports_cannot,0.0001077673514373,0.0001077673514373,0.0001077673514373,0.0001017795439111,1.0,1.0,1.0588310956954956
1518,21,1011,suppresses_cannot,-0.0001077501437976,0.0001077501437976,0.0001594740751897,0.0001835690782172,0.2628865838050842,0.7371134161949158,0.586973249912262
1519,23,5179,suppresses_cannot,-0.0001077261767932,0.0001077261767932,0.0001077261767932,9.012519876705484e-05,0.0,1.0,1.195294737815857
1520,20,11209,suppresses_cannot,-0.000107708357973,0.000107708357973,0.0001080967122106,0.0001210423361044,0.0103092780336737,0.9896907210350036,0.8898403644561768
1521,17,162,suppresses_cannot,-0.0001076951448339,0.0001076951448339,0.0001076951448339,0.0001163796332548,0.0,1.0,0.9253779649734496
1522,31,13558,supports_cannot,0.0001076874686987,0.0001076874686987,0.0001076874686987,0.0001208403118653,1.0,1.0,0.8911551833152771
1523,16,11873,suppresses_cannot,-0.0001076693370123,0.0001076693370123,0.0001076693370123,0.0001040239876601,0.0,1.0,1.0350433588027954
1524,20,8584,suppresses_cannot,-0.0001076650369213,0.0001076650369213,0.0001076650369213,9.365725418319926e-05,0.0,1.0,1.149564266204834
1525,16,12813,supports_cannot,0.0001076232510968,0.0001076232510968,0.0001076656553777,0.0001177085359813,0.9948453903198242,0.9948453903198242,0.91431987285614
1526,15,7882,supports_cannot,0.0001075009713531,0.0001075009713531,0.0001149306626757,0.000143047000165,0.9278350472450256,0.9278350472450256,0.7515080571174622
1527,18,10824,suppresses_cannot,-0.0001074982064892,0.0001074982064892,0.0001074982064892,0.000101042955066,0.0,1.0,1.0638861656188965
1528,16,12418,suppresses_cannot,-0.0001074809988494,0.0001074809988494,0.0001145979185821,0.000543519097846,0.2061855643987655,0.7938144207000732,0.1977501809597015
1529,14,3444,supports_cannot,0.0001074588799383,0.0001074588799383,0.0001085311450879,0.0001705678150756,0.9639175534248352,0.9639175534248352,0.6300067901611328
1530,27,1721,suppresses_cannot,-0.0001074453612091,0.0001074453612091,0.0001076487533282,9.872468945104627e-05,0.0051546390168368,0.9948453903198242,1.088333249092102
1531,16,5561,suppresses_cannot,-0.0001073636376531,0.0001073636376531,0.0001086896809283,0.0001136384526034,0.041237112134695,0.9587628841400146,0.9447826147079468
1532,22,5721,supports_cannot,0.0001072994200512,0.0001072994200512,0.0001072994200512,8.427065040450543e-05,1.0,1.0,1.273271560668945
1533,31,11443,supports_cannot,0.0001072963495971,0.0001072963495971,0.0001072963495971,9.44026542128995e-05,1.0,1.0,1.1365818977355957
1534,21,11564,supports_cannot,0.0001072822124115,0.0001072822124115,0.0001072822124115,0.0001047020850819,1.0,1.0,1.0246425867080688
1535,15,12333,suppresses_cannot,-0.0001072671584552,0.0001072671584552,0.0001072671584552,0.000136854374432,0.0,1.0,0.7838051319122314
1536,21,14234,supports_cannot,0.0001071716105798,0.0001071716105798,0.0001071716105798,8.149214409058914e-05,1.0,1.0,1.3151158094406128
1537,24,9587,suppresses_cannot,-0.0001071138467523,0.0001071138467523,0.0001071138467523,0.0001008017206913,0.0,1.0,1.0626192092895508
1538,21,13353,suppresses_cannot,-0.0001070966391125,0.0001070966391125,0.0001070966391125,9.799149847822264e-05,0.0,1.0,1.0929176807403564
1539,28,14182,suppresses_cannot,-0.0001070536309271,0.0001070536309271,0.0001073184685083,8.412900206167251e-05,0.0154639175161719,0.984536111354828,1.2724937200546265
1540,25,2639,supports_cannot,0.0001070207508746,0.0001070207508746,0.000108923188236,0.0001002935314318,0.9948453903198242,0.9948453903198242,1.067075252532959
1541,30,8026,supports_cannot,0.0001070121506927,0.0001070121506927,0.0001071577862603,8.276730659417808e-05,0.9948453903198242,0.9948453903198242,1.2929277420043943
1542,15,10312,suppresses_cannot,-0.0001069974023266,0.0001069974023266,0.0001078343266271,0.0001031886858982,0.0257731955498456,0.9742268323898317,1.0369101762771606
1543,30,5459,suppresses_cannot,-0.0001069832724169,0.0001069832724169,0.0001069832724169,9.445527393836528e-05,0.0,1.0,1.132634162902832
1544,28,10497,suppresses_cannot,-0.0001069460922735,0.0001069460922735,0.0001069460922735,8.495966903865337e-05,0.0,1.0,1.2587865591049194
1545,23,7833,supports_cannot,0.000106935032818,0.000106935032818,0.0001103269678424,0.0001223971339641,0.9484536051750184,0.9484536051750184,0.8736726641654968
1546,14,7467,supports_cannot,0.0001069209029083,0.0001069209029083,0.0001086518968804,0.0001445810776203,0.9484536051750184,0.9484536051750184,0.7395220994949341
1547,18,2300,suppresses_cannot,-0.0001068640631274,0.0001068640631274,0.0001068640631274,7.528359128627926e-05,0.0,1.0,1.4194867610931396
1548,22,11634,supports_cannot,0.0001068265773938,0.0001068265773938,0.0001068265773938,9.348036837764084e-05,1.0,1.0,1.1427701711654663
1549,19,413,suppresses_cannot,-0.0001068078345269,0.0001068078345269,0.0001096799169317,8.869561861502007e-05,0.041237112134695,0.9587628841400146,1.204206466674805
1550,18,11099,supports_cannot,0.0001067746561602,0.0001067746561602,0.0001276706898352,0.0001372445840388,0.9123711585998536,0.9123711585998536,0.7779881358146667
1551,30,11920,suppresses_cannot,-0.0001067082921508,0.0001067082921508,0.0001329527731286,0.0002853351761586,0.257731944322586,0.7422680854797363,0.3739752471446991
1552,22,3913,suppresses_cannot,-0.0001067055272869,0.0001067055272869,0.0001067055272869,0.0001000245101749,0.0,1.0,1.0667937994003296
1553,30,2094,supports_cannot,0.0001066873956006,0.0001066873956006,0.0001066873956006,0.000124823898659,1.0,1.0,0.8547033071517944
1554,21,5504,supports_cannot,0.0001066870900103,0.0001066870900103,0.0001066870900103,0.00013837768347,1.0,1.0,0.7709847688674927
1555,29,2822,suppresses_cannot,-0.0001066603581421,0.0001066603581421,0.0001066603581421,0.0001014870795188,0.0,1.0,1.050974726676941
1556,18,5646,suppresses_cannot,-0.000106629639049,0.000106629639049,0.0001067666671588,0.0001320467126788,0.0051546390168368,0.9948453903198242,0.8075145483016968
1557,15,5540,supports_cannot,0.0001065709511749,0.0001065709511749,0.0001065709511749,0.0001246320025529,1.0,1.0,0.8550849556922913
1558,12,7877,suppresses_cannot,-0.0001065598917193,0.0001065598917193,0.0001065598917193,0.0001048060585162,0.0,1.0,1.0167341232299805
1559,19,14180,supports_cannot,0.0001065439137164,0.0001065439137164,0.0001065439137164,0.0001004260775516,1.0,1.0,1.0609188079833984
1560,23,13424,suppresses_cannot,-0.0001065205651684,0.0001065205651684,0.0001065205651684,0.0001467607362428,0.0,1.0,0.7258110642433167
1561,27,7732,suppresses_cannot,-0.0001065107353497,0.0001065107353497,0.0001065107353497,9.839116682996972e-05,0.0,1.0,1.0825233459472656
1562,28,1642,supports_cannot,0.0001064720199792,0.0001064720199792,0.0001064720199792,9.72586203715764e-05,1.0,1.0,1.0947309732437134
1563,15,9635,suppresses_cannot,-0.0001064686439349,0.0001064686439349,0.0003023885074071,0.0005238240701146,0.3195876181125641,0.6804124116897583,0.2032526731491089
1564,19,12247,suppresses_cannot,-0.00010645850125,0.00010645850125,0.0001065291726263,0.0001044083037413,0.0051546390168368,0.9948453903198242,1.0196363925933838
1565,20,2806,supports_cannot,0.0001064523603417,0.0001064523603417,0.0001064523603417,9.126204531639814e-05,1.0,1.0,1.1664472818374634
1566,22,8699,supports_cannot,0.0001064311582013,0.0001064311582013,0.0001064311582013,8.352573058800772e-05,1.0,1.0,1.274232029914856
1567,21,12043,supports_cannot,0.0001064010502886,0.0001064010502886,0.0001064010502886,8.917260856833309e-05,1.0,1.0,1.193203330039978
1568,17,10618,supports_cannot,0.0001063362215063,0.0001063362215063,0.0001086835400201,0.0001096966589102,0.969072163105011,0.969072163105011,0.9693660736083984
1569,17,8747,suppresses_cannot,-0.000106278770545,0.000106278770545,0.000106278770545,0.0001037458350765,0.0,1.0,1.0244147777557373
1570,27,8531,supports_cannot,0.0001062409792211,0.0001062409792211,0.000106369407149,8.212353714043275e-05,0.9948453903198242,0.9948453903198242,1.2936726808547974
1571,25,8160,supports_cannot,0.0001062332958099,0.0001062332958099,0.0001062332958099,0.0001334377739112,1.0,1.0,0.796126127243042
1572,15,7021,supports_cannot,0.0001062296068994,0.0001062296068994,0.0001062296068994,0.000108234999061,1.0,1.0,0.9814718961715698
1573,31,1513,suppresses_cannot,-0.0001062182418536,0.0001062182418536,0.0001062182418536,0.0001043965385179,0.0,1.0,1.0174498558044434
1574,29,13755,suppresses_cannot,-0.0001062004230334,0.0001062004230334,0.0001062004230334,9.616671013645828e-05,0.0,1.0,1.1043366193771362
1575,0,10729,suppresses_cannot,-0.000106157407572,0.000106157407572,0.0001065555916284,0.000137945608003,0.0206185560673475,0.9793814420700072,0.769559919834137
1576,29,9588,suppresses_cannot,-0.0001061414295691,0.0001061414295691,0.0001061414295691,7.791587995598093e-05,0.0,1.0,1.362256646156311
1577,20,11033,supports_cannot,0.0001060759896063,0.0001060759896063,0.0001131818498834,0.0001720452855806,0.8659793734550476,0.8659793734550476,0.6165585517883301
1578,16,7170,supports_cannot,0.0001060723006958,0.0001060723006958,0.0001065896940417,7.125539559638128e-05,0.9948453903198242,0.9948453903198242,1.4886213541030884
1579,19,5894,supports_cannot,0.0001060271388269,0.0001060271388269,0.0001060271388269,9.142594353761524e-05,1.0,1.0,1.1597051620483398
1580,19,118,suppresses_cannot,-0.000106020073872,0.000106020073872,0.000106020073872,8.190531661966816e-05,0.0,1.0,1.2944223880767822
1581,18,9362,supports_cannot,0.0001060044014593,0.0001060044014593,0.0001060044014593,0.0001126196657423,1.0,1.0,0.9412601590156556
1582,22,10575,supports_cannot,0.0001059970309142,0.0001059970309142,0.0001059970309142,8.71233205543831e-05,1.0,1.0,1.2166321277618408
1583,31,6831,suppresses_cannot,-0.0001058956404449,0.0001058956404449,0.0001058956404449,0.0001416934537701,0.0,1.0,0.7473573088645935
1584,28,11012,supports_cannot,0.0001058922571246,0.0001058922571246,0.0001058922571246,0.000121393277368,1.0,1.0,0.8723074197769165
1585,11,4052,suppresses_cannot,-0.0001058729030773,0.0001058729030773,0.000106126681203,0.0001293192617595,0.0103092780336737,0.9896907210350036,0.818693995475769
1586,0,5163,supports_cannot,0.0001058581547113,0.0001058581547113,0.0001059128480846,0.0001376132859149,0.9948453903198242,0.9948453903198242,0.7692437171936035
1587,21,6057,supports_cannot,0.0001058556954376,0.0001058556954376,0.0001062587980413,8.175381663022563e-05,0.9896907210350036,0.9896907210350036,1.29481041431427
1588,15,11492,supports_cannot,0.0001058541602105,0.0001058541602105,0.0001058541602105,8.864380652084947e-05,1.0,1.0,1.194151759147644
1589,20,3123,suppresses_cannot,-0.0001058277412084,0.0001058277412084,0.0001061681614373,9.36577416723594e-05,0.0051546390168368,0.9948453903198242,1.12994122505188
1590,31,10200,supports_cannot,0.0001058157577062,0.0001058157577062,0.0001058157577062,0.0001010144333122,1.0,1.0,1.0475311279296875
1591,26,7092,suppresses_cannot,-0.0001057902554748,0.0001057902554748,0.0001057902554748,0.0001361396571155,0.0,1.0,0.7770715355873108
1592,31,14071,suppresses_cannot,-0.0001057893314282,0.0001057893314282,0.0001057893314282,0.0001075139880413,0.0,1.0,0.9839587807655334
1593,17,4644,supports_cannot,0.0001057881090673,0.0001057881090673,0.0001057881090673,8.08985423645936e-05,1.0,1.0,1.307663917541504
1594,28,165,supports_cannot,0.0001057460103766,0.0001057460103766,0.0001057460103766,7.237616227939725e-05,1.0,1.0,1.4610613584518433
1595,23,2713,supports_cannot,0.0001057346453308,0.0001057346453308,0.0001057346453308,6.724939885316417e-05,1.0,1.0,1.5722764730453491
1596,22,30,supports_cannot,0.0001057251211022,0.0001057251211022,0.0001057251211022,9.185701492242516e-05,1.0,1.0,1.1509748697280884
1597,18,11041,suppresses_cannot,-0.0001056372493621,0.0001056372493621,0.0001115098420996,0.0002123196463799,0.0824742242693901,0.9175257682800292,0.4975387454032898
1598,29,11582,supports_cannot,0.0001056314140441,0.0001056314140441,0.0001056314140441,7.869211549405009e-05,1.0,1.0,1.342337965965271
1599,26,8554,supports_cannot,0.0001056271139532,0.0001056271139532,0.0001056271139532,9.835902892518789e-05,1.0,1.0,1.073893427848816
1600,28,6048,supports_cannot,0.0001056068358593,0.0001056068358593,0.0001060762951965,9.154793224297464e-05,0.9793814420700072,0.9793814420700072,1.1535687446594238
1601,23,10584,supports_cannot,0.0001055613611242,0.0001055613611242,0.0001055613611242,0.000107286410639,1.0,1.0,0.9839211106300354
1602,15,9221,supports_cannot,0.0001055352477123,0.0001055352477123,0.0001072017184924,0.0001478639751439,0.9639175534248352,0.9639175534248352,0.7137320041656494
1603,24,5024,suppresses_cannot,-0.0001055214233929,0.0001055214233929,0.0001055675093084,0.0001019452538457,0.0051546390168368,0.9948453903198242,1.0350793600082395
1604,19,3066,supports_cannot,0.0001054811727954,0.0001054811727954,0.0001054811727954,8.969785994850099e-05,1.0,1.0,1.175960898399353
1605,22,6406,suppresses_cannot,-0.0001054667300195,0.0001054667300195,0.0001057862609741,0.0002611096133477,0.0103092780336737,0.9896907210350036,0.4039174616336822
1606,10,13540,suppresses_cannot,-0.0001054077438311,0.0001054077438311,0.0001054077438311,0.0002005376591114,0.0,1.0,0.5256257057189941
1607,27,1958,suppresses_cannot,-0.000105392995465,0.000105392995465,0.000105392995465,8.19578199298121e-05,0.0,1.0,1.2859419584274292
1608,2,4380,suppresses_cannot,-0.0001053340020007,0.0001053340020007,0.0001444524677935,0.0002271909906994,0.0721649453043937,0.9278350472450256,0.4636363387107849
1609,17,13143,suppresses_cannot,-0.0001052768566296,0.0001052768566296,0.0001052768566296,9.995891741709784e-05,0.0,1.0,1.0532011985778809
1610,31,12601,supports_cannot,0.0001051665603881,0.0001051665603881,0.0001051665603881,0.00011111220374,1.0,1.0,0.9464897513389589
1611,31,4518,supports_cannot,0.000105163482658,0.000105163482658,0.000105163482658,8.394767792196944e-05,1.0,1.0,1.2527265548706057
1612,7,7198,suppresses_cannot,-0.0001051075669238,0.0001051075669238,0.0001051075669238,9.729043813422322e-05,0.0,1.0,1.0803483724594116
1613,18,2945,suppresses_cannot,-0.0001050897481036,0.0001050897481036,0.0001050897481036,6.6442480601836e-05,0.0,1.0,1.5816650390625
1614,10,10752,supports_cannot,0.0001050590217346,0.0001050590217346,0.0001071230653906,0.0001030527273542,0.9639175534248352,0.9639175534248352,1.0194686651229858
1615,27,8723,suppresses_cannot,-0.0001050562568707,0.0001050562568707,0.0001050562568707,0.0001214255680679,0.0,1.0,0.8651905655860901
1616,14,6551,supports_cannot,0.0001050147839123,0.0001050147839123,0.0001050147839123,8.451358007732779e-05,1.0,1.0,1.2425788640975952
1617,17,2614,suppresses_cannot,-0.0001049183047143,0.0001049183047143,0.000105125385744,0.0001069017525878,0.0051546390168368,0.9948453903198242,0.981446087360382
1618,19,3264,suppresses_cannot,-0.0001048928097588,0.0001048928097588,0.0001049069396685,0.0001286260667257,0.0051546390168368,0.9948453903198242,0.8154864311218262
1619,28,14127,supports_cannot,0.000104884202301,0.000104884202301,0.000104884202301,8.727834210731089e-05,1.0,1.0,1.2017208337783811
1620,31,8350,suppresses_cannot,-0.0001048276753863,0.0001048276753863,0.0001232147769769,0.0001994128542719,0.1701030880212783,0.8298969268798828,0.5256816148757935
1621,20,11580,supports_cannot,0.000104814156657,0.000104814156657,0.000104814156657,9.947405487764628e-05,1.0,1.0,1.0536834001541138
1622,15,9949,supports_cannot,0.0001048120029736,0.0001048120029736,0.000106421939563,0.0002088837936753,0.907216489315033,0.907216489315033,0.5017718076705933
1623,30,4048,suppresses_cannot,-0.0001048070844262,0.0001048070844262,0.0001048070844262,8.76609847182408e-05,0.0,1.0,1.195595622062683
1624,25,1155,suppresses_cannot,-0.0001047975601977,0.0001047975601977,0.0001047975601977,0.0001157818041974,0.0,1.0,0.9051297903060912
1625,28,2924,supports_cannot,0.0001047299665515,0.0001047299665515,0.0001047299665515,8.671788236824796e-05,1.0,1.0,1.2077089548110962
1626,30,1885,supports_cannot,0.0001047189070959,0.0001047189070959,0.0001047189070959,8.741139754420146e-05,1.0,1.0,1.1980005502700806
1627,16,10996,supports_cannot,0.000104698629002,0.000104698629002,0.0001058452544384,0.0001071888473234,0.984536111354828,0.984536111354828,0.9767679572105408
1628,20,12554,suppresses_cannot,-0.000104692793684,0.000104692793684,0.000104692793684,0.0001110782250179,0.0,1.0,0.9425141215324402
1629,23,4349,supports_cannot,0.0001046543911797,0.0001046543911797,0.0001065709511749,9.935065463650972e-05,0.984536111354828,0.984536111354828,1.0533840656280518
1630,17,852,suppresses_cannot,-0.0001046368779498,0.0001046368779498,0.0001046368779498,0.0001100593726732,0.0,1.0,0.9507311582565308
1631,12,11804,supports_cannot,0.0001046316538122,0.0001046316538122,0.0001070029320544,0.0001066934055415,0.969072163105011,0.969072163105011,0.9806759357452391
1632,24,7683,suppresses_cannot,-0.0001045745084411,0.0001045745084411,0.0001045745084411,0.0001048714402713,0.0,1.0,0.9971686005592346
1633,17,13422,suppresses_cannot,-0.0001045692843035,0.0001045692843035,0.0001045692843035,7.457041647285223e-05,0.0,1.0,1.4022891521453855
1634,27,2846,suppresses_cannot,-0.0001045440876623,0.0001045440876623,0.0001045440876623,8.521785639459267e-05,0.0,1.0,1.2267861366271973
1635,22,9222,supports_cannot,0.0001045385579345,0.0001045385579345,0.0001045385579345,8.299299224745482e-05,1.0,1.0,1.2596070766448977
1636,22,9988,supports_cannot,0.0001045281096594,0.0001045281096594,0.0001045403987518,0.0001283990422962,0.9948453903198242,0.9948453903198242,0.8140879273414612
1637,21,3054,suppresses_cannot,-0.0001045207391143,0.0001045207391143,0.0001048236808856,7.666770397918299e-05,0.0051546390168368,0.9948453903198242,1.363295555114746
1638,28,808,suppresses_cannot,-0.0001044789532897,0.0001044789532897,0.0001044789532897,8.916720253182575e-05,0.0,1.0,1.1717195510864258
1639,29,7997,supports_cannot,0.0001044731179717,0.0001044731179717,0.0001045474709826,0.0001025396340992,0.9948453903198242,0.9948453903198242,1.0188559293746948
1640,23,8266,supports_cannot,0.0001044448508764,0.0001044448508764,0.0001062317605828,7.208340684883296e-05,0.969072163105011,0.969072163105011,1.4489444494247437
1641,16,12849,supports_cannot,0.0001043812517309,0.0001043812517309,0.0001106796771637,0.0001127596478909,0.8711340427398682,0.8711340427398682,0.925696849822998
1642,19,64,suppresses_cannot,-0.0001043410011334,0.0001043410011334,0.0001043410011334,0.0001131773533415,0.0,1.0,0.9219247102737428
1643,23,5537,supports_cannot,0.000104322876723,0.000104322876723,0.000104322876723,0.000114837232104,1.0,1.0,0.9084412455558776
1644,15,8240,suppresses_cannot,-0.0001042961448547,0.0001042961448547,0.0001042961448547,0.0001156178768724,0.0,1.0,0.9020763039588928
1645,17,11845,supports_cannot,0.0001042592775775,0.0001042592775775,0.0001042592775775,6.297846994129941e-05,1.0,1.0,1.6554749011993408
1646,29,5947,suppresses_cannot,-0.0001042469884851,0.0001042469884851,0.0001042469884851,0.0001118659274652,0.0,1.0,0.9318922162055968
1647,28,1430,suppresses_cannot,-0.0001042131916619,0.0001042131916619,0.0001042131916619,9.971427789423616e-05,0.0,1.0,1.0451180934906006
1648,30,459,supports_cannot,0.0001042122676153,0.0001042122676153,0.0001042122676153,0.0001166947768069,1.0,1.0,0.8930328488349915
1649,26,6488,suppresses_cannot,-0.0001041947543853,0.0001041947543853,0.0001041947543853,9.8812575743068e-05,0.0,1.0,1.0544685125350952
1650,23,11168,suppresses_cannot,-0.0001041554278344,0.0001041554278344,0.0001047225960064,0.0001224003062816,0.0051546390168368,0.9948453903198242,0.8509408831596375
1651,25,8265,supports_cannot,0.0001041161012835,0.0001041161012835,0.0001052799270837,6.94070549798198e-05,0.9742268323898317,0.9742268323898317,1.5000795125961304
1652,18,10963,suppresses_cannot,-0.0001041044306475,0.0001041044306475,0.0001041044306475,0.0001106185663957,0.0,1.0,0.9411117434501648
1653,16,2284,suppresses_cannot,-0.0001040746283251,0.0001040746283251,0.000104276172351,0.0001691887737251,0.0257731955498456,0.9742268323898317,0.6151390671730042
1654,21,6178,supports_cannot,0.0001040540373651,0.0001040540373651,0.0001047342739184,0.0001746671478031,0.969072163105011,0.969072163105011,0.5957275629043579
1655,16,14242,suppresses_cannot,-0.0001040147108142,0.0001040147108142,0.0001250096829608,0.0001745670451782,0.1701030880212783,0.8298969268798828,0.5958439111709595
1656,31,7841,supports_cannot,0.0001039182388922,0.0001039182388922,0.0001039182388922,8.932038326747715e-05,1.0,1.0,1.163432478904724
1657,23,6958,suppresses_cannot,-0.000103859558294,0.000103859558294,0.000103859558294,0.0001295617985306,0.0,1.0,0.8016217947006226
1658,28,6940,supports_cannot,0.0001036964094964,0.0001036964094964,0.0001036964094964,8.273767161881551e-05,1.0,1.0,1.253315567970276
1659,24,12981,supports_cannot,0.0001036813555401,0.0001036813555401,0.0001036813555401,9.545747161610052e-05,1.0,1.0,1.0861523151397705
1660,31,4364,suppresses_cannot,-0.0001036613903124,0.0001036613903124,0.0001036613903124,8.303393406094983e-05,0.0,1.0,1.2484220266342163
1661,14,8147,suppresses_cannot,-0.0001036487883538,0.0001036487883538,0.0001063838426489,0.000118536685477,0.0670103058218956,0.9329897165298462,0.874402642250061
1662,26,1039,suppresses_cannot,-0.0001036312751239,0.0001036312751239,0.0001039637136273,0.0001061424190993,0.0051546390168368,0.9948453903198242,0.976341724395752
1663,12,3254,supports_cannot,0.0001036269750329,0.0001036269750329,0.0001042789372149,0.0001095213956432,0.984536111354828,0.984536111354828,0.9461801648139954
1664,18,4479,suppresses_cannot,-0.0001036137618939,0.0001036137618939,0.0001036561661749,0.0001086723204934,0.0051546390168368,0.9948453903198242,0.9534512758255004
1665,18,2646,supports_cannot,0.0001036011672113,0.0001036011672113,0.0001036011672113,8.483990677632391e-05,1.0,1.0,1.2211371660232544
1666,28,6862,suppresses_cannot,-0.0001035891837091,0.0001035891837091,0.0001041409923345,8.279857866000384e-05,0.0103092780336737,0.9896907210350036,1.2510986328125
1667,24,7892,supports_cannot,0.0001035292734741,0.0001035292734741,0.0001039821436279,9.55018331296742e-05,0.9948453903198242,0.9948453903198242,1.0840553045272827
1668,26,10723,suppresses_cannot,-0.0001035271197906,0.0001035271197906,0.0001035271197906,9.131732804235072e-05,0.0,1.0,1.1337072849273682
1669,26,10440,suppresses_cannot,-0.000103485341242,0.000103485341242,0.000103485341242,9.900546865537764e-05,0.0,1.0,1.0452487468719482
1670,31,13214,suppresses_cannot,-0.0001034140586853,0.0001034140586853,0.0001034140586853,8.871850150171667e-05,0.0,1.0,1.165642499923706
1671,28,3340,supports_cannot,0.0001034023807733,0.0001034023807733,0.0001034023807733,8.373318996746093e-05,1.0,1.0,1.2349032163619995
1672,26,9012,supports_cannot,0.0001033682783599,0.0001033682783599,0.0001033682783599,9.053755638888106e-05,1.0,1.0,1.1417170763015747
1673,17,8148,suppresses_cannot,-0.0001033320222632,0.0001033320222632,0.0001033320222632,8.339735359186307e-05,0.0,1.0,1.2390323877334597
1674,31,7687,suppresses_cannot,-0.0001033138978527,0.0001033138978527,0.0001033138978527,0.000103431440948,0.0,1.0,0.9988635778427124
1675,28,7412,supports_cannot,0.0001032890140777,0.0001032890140777,0.0001032890140777,9.799607505556196e-05,1.0,1.0,1.0540117025375366
1676,19,11149,suppresses_cannot,-0.0001032788713928,0.0001032788713928,0.0001048697668011,0.0001248435291927,0.0309278350323438,0.969072163105011,0.8272665143013
1677,19,10301,suppresses_cannot,-0.000103232479887,0.000103232479887,0.000103232479887,7.866605301387608e-05,0.0,1.0,1.3122875690460205
1678,16,7717,supports_cannot,0.0001031989886541,0.0001031989886541,0.0001046755860443,0.0001022620053845,0.9742268323898317,0.9742268323898317,1.0091625452041626
1679,14,11560,suppresses_cannot,-0.000103194382973,0.000103194382973,0.000103194382973,0.0001133268960984,0.0,1.0,0.910590410232544
1680,19,4897,suppresses_cannot,-0.0001031117353704,0.0001031117353704,0.0001031117353704,0.0001105566043406,0.0,1.0,0.9326601028442384
1681,22,10287,suppresses_cannot,-0.0001031043575494,0.0001031043575494,0.0001031043575494,8.23727750685066e-05,0.0,1.0,1.2516800165176392
1682,24,12543,supports_cannot,0.0001030871571856,0.0001030871571856,0.0001030871571856,0.0001406234805472,1.0,1.0,0.7330721616744995
1683,18,13709,suppresses_cannot,-0.0001030843923217,0.0001030843923217,0.0001030843923217,9.9928023701068e-05,0.0,1.0,1.0315864086151123
1684,24,9405,supports_cannot,0.0001030724088195,0.0001030724088195,0.0001030724088195,8.387160778511316e-05,1.0,1.0,1.2289308309555054
1685,22,12203,suppresses_cannot,-0.0001030659550451,0.0001030659550451,0.0001030659550451,8.909137250157073e-05,0.0,1.0,1.1568567752838137
1686,21,13320,supports_cannot,0.0001030545899993,0.0001030545899993,0.0001030545899993,0.0001093821265385,1.0,1.0,0.9421520233154296
1687,21,1471,suppresses_cannot,-0.0001030232524499,0.0001030232524499,0.0001030232524499,0.0001224354928126,0.0,1.0,0.8414492607116699
1688,21,5862,supports_cannot,0.0001030192579491,0.0001030192579491,0.0001030192579491,7.755238038953394e-05,1.0,1.0,1.328382968902588
1689,13,12569,suppresses_cannot,-0.0001029885315801,0.0001029885315801,0.0001197921228595,0.0002134502719854,0.2680412232875824,0.7319587469100952,0.4824942648410797
1690,17,232,supports_cannot,0.0001029608756653,0.0001029608756653,0.0001029608756653,8.39958738652058e-05,1.0,1.0,1.2257848978042605
1691,29,10482,supports_cannot,0.0001029482809826,0.0001029482809826,0.0001029482809826,7.254264346556738e-05,1.0,1.0,1.4191415309906006
1692,25,7804,suppresses_cannot,-0.0001029071136144,0.0001029071136144,0.0001029071136144,0.0001279565622098,0.0,1.0,0.8042347431182861
1693,30,8250,suppresses_cannot,-0.0001029058839776,0.0001029058839776,0.0001029058839776,9.501721797278152e-05,0.0,1.0,1.0830235481262207
1694,30,11777,suppresses_cannot,-0.0001028413607855,0.0001028413607855,0.0001028413607855,9.410786151420324e-05,0.0,1.0,1.092803120613098
1695,27,12756,supports_cannot,0.0001028382903314,0.0001028382903314,0.0001028382903314,0.0001319850416621,1.0,1.0,0.7791662812232971
1696,20,6638,supports_cannot,0.0001028047990985,0.0001028047990985,0.0001034340311889,0.0001009297047858,0.9793814420700072,0.9793814420700072,1.0185781717300415
1697,22,2472,suppresses_cannot,-0.0001027802209137,0.0001027802209137,0.0001034377128235,7.061289215926081e-05,0.0051546390168368,0.9948453903198242,1.4555447101593018
1698,20,12763,supports_cannot,0.0001027390535455,0.0001027390535455,0.0001027390535455,0.0001109029108192,1.0,1.0,0.926387369632721
1699,30,3020,suppresses_cannot,-0.0001027298349072,0.0001027298349072,0.0001027298349072,6.905685586389154e-05,0.0,1.0,1.4876123666763306
1700,22,12237,suppresses_cannot,-0.0001027212347253,0.0001027212347253,0.0001027212347253,0.000134660716867,0.0,1.0,0.7628151774406433
1701,21,12490,suppresses_cannot,-0.000102712016087,0.000102712016087,0.000104371109046,0.0001204013387905,0.0206185560673475,0.9793814420700072,0.8530803322792053
1702,19,8664,supports_cannot,0.0001027018734021,0.0001027018734021,0.0001078524510376,0.0001465612585889,0.9329897165298462,0.9329897165298462,0.7007436752319336
1703,31,7585,supports_cannot,0.0001026656245812,0.0001026656245812,0.0001028892947942,0.0001306203048443,0.9948453903198242,0.9948453903198242,0.7859851717948914
1704,31,11233,supports_cannot,0.0001026548707159,0.0001026548707159,0.0001026548707159,7.534524775110185e-05,1.0,1.0,1.3624597787857056
1705,29,6665,suppresses_cannot,-0.0001026459576678,0.0001026459576678,0.0001026459576678,0.0001137078652391,0.0,1.0,0.9027163982391356
1706,18,7994,supports_cannot,0.0001026348982122,0.0001026348982122,0.0001053306259564,0.0001684524177107,0.9536082744598388,0.9536082744598388,0.6092812418937683
1707,17,7445,supports_cannot,0.0001026189202093,0.0001026189202093,0.0001032960790325,9.528159716865048e-05,0.984536111354828,0.984536111354828,1.077006697654724
1708,25,12210,suppresses_cannot,-0.0001026020254357,0.0001026020254357,0.0001029092600219,8.351968426723033e-05,0.0051546390168368,0.9948453903198242,1.228477120399475
1709,14,11799,suppresses_cannot,-0.0001025780584313,0.0001025780584313,0.0001030296989483,0.0001627944147912,0.0721649453043937,0.9278350472450256,0.6301079988479614
1710,26,12431,supports_cannot,0.0001025740639306,0.0001025740639306,0.0001025740639306,6.363892316585407e-05,1.0,1.0,1.6118133068084717
1711,20,12900,supports_cannot,0.0001025626988848,0.0001025626988848,0.0001025626988848,7.048863335512578e-05,1.0,1.0,1.4550246000289917
1712,19,13424,supports_cannot,0.0001025464152917,0.0001025464152917,0.0001030748680932,0.0001101423040381,0.984536111354828,0.984536111354828,0.9310356974601746
1713,22,3009,suppresses_cannot,-0.0001025095407385,0.0001025095407385,0.0001025095407385,0.000105972874735,0.0,1.0,0.9673186540603638
1714,26,12780,supports_cannot,0.0001025003221002,0.0001025003221002,0.0001025003221002,6.828011100878939e-05,1.0,1.0,1.501173973083496
1715,19,7053,suppresses_cannot,-0.0001024628436425,0.0001024628436425,0.0001024628436425,0.0001105283081415,0.0,1.0,0.9270280599594116
1716,29,5003,supports_cannot,0.000102422593045,0.000102422593045,0.000102422593045,8.532840729458258e-05,1.0,1.0,1.200334072113037
1717,29,9302,suppresses_cannot,-0.0001023522345349,0.0001023522345349,0.0001023522345349,7.374639244517311e-05,0.0,1.0,1.3878947496414185
1718,18,1121,supports_cannot,0.0001023433287627,0.0001023433287627,0.0001028060287353,0.0001151193209807,0.9793814420700072,0.9793814420700072,0.8890195488929749
1719,24,11576,suppresses_cannot,-0.0001023255026666,0.0001023255026666,0.0001023255026666,0.0001609506871318,0.0,1.0,0.6357568502426147
1720,16,12329,supports_cannot,0.000102301237348,0.000102301237348,0.000102301237348,7.123967225197703e-05,1.0,1.0,1.436015009880066
1721,29,8964,supports_cannot,0.0001022818760247,0.0001022818760247,0.0001022818760247,8.520470146322623e-05,1.0,1.0,1.2004252672195437
1722,22,2572,supports_cannot,0.0001022579162963,0.0001022579162963,0.0001024858866003,0.0001007549435598,0.9896907210350036,0.9896907210350036,1.0149171352386477
1723,29,10259,suppresses_cannot,-0.0001022032229229,0.0001022032229229,0.0001022032229229,8.015608182176948e-05,0.0,1.0,1.2750526666641235
1724,24,2019,suppresses_cannot,-0.0001021768039208,0.0001021768039208,0.0001021768039208,0.0001087098353309,0.0,1.0,0.939903974533081
1725,16,13272,suppresses_cannot,-0.0001021648204186,0.0001021648204186,0.0001024732919177,0.0001007358223432,0.0051546390168368,0.9948453903198242,1.0141855478286743
1726,23,12931,suppresses_cannot,-0.000102163896372,0.000102163896372,0.000102163896372,0.0001047364930855,0.0,1.0,0.9754374623298644
1727,31,5766,suppresses_cannot,-0.000102163896372,0.000102163896372,0.000102163896372,9.98765171971172e-05,0.0,1.0,1.0229021310806274
1728,18,922,suppresses_cannot,-0.0001021052157739,0.0001021052157739,0.0001029206323437,7.954704051371664e-05,0.0309278350323438,0.969072163105011,1.2835828065872192
1729,19,12201,supports_cannot,0.0001020984564092,0.0001020984564092,0.0001020984564092,8.358297782251611e-05,1.0,1.0,1.221522092819214
1730,21,5453,supports_cannot,0.0001020901618176,0.0001020901618176,0.0001020901618176,0.0001360724418191,1.0,1.0,0.7502633333206177
1731,17,8034,suppresses_cannot,-0.00010206742445,0.00010206742445,0.00010206742445,0.0001101554444176,0.0,1.0,0.9265763163566588
1732,25,11114,suppresses_cannot,-0.0001020572817651,0.0001020572817651,0.0001020572817651,5.292701825965196e-05,0.0,1.0,1.9282643795013428
1733,21,9493,supports_cannot,0.0001020394629449,0.0001020394629449,0.0001020394629449,0.0001029316263156,1.0,1.0,0.991332471370697
1734,26,13503,suppresses_cannot,-0.0001020007548504,0.0001020007548504,0.0001020007548504,0.0001240138226421,0.0,1.0,0.8224950432777405
1735,27,1363,suppresses_cannot,-0.0001019531337078,0.0001019531337078,0.0001019531337078,7.943055970827118e-05,0.0,1.0,1.283550500869751
1736,27,11966,suppresses_cannot,-0.0001019383853417,0.0001019383853417,0.0001020342388073,0.0001286098995478,0.0051546390168368,0.9948453903198242,0.7926169633865356
1737,30,58,suppresses_cannot,-0.000101934390841,0.000101934390841,0.000101934390841,8.877242362359539e-05,0.0,1.0,1.1482664346694946
1738,17,2591,supports_cannot,0.0001019024348352,0.0001019024348352,0.0001019024348352,8.947827154770494e-05,1.0,1.0,1.1388511657714844
1739,12,6165,suppresses_cannot,-0.0001018778566503,0.0001018778566503,0.0001018913753796,8.367303962586448e-05,0.0051546390168368,0.9948453903198242,1.2175709009170532
1740,20,597,suppresses_cannot,-0.0001018732509692,0.0001018732509692,0.0001036398825817,6.533705163747072e-05,0.0103092780336737,0.9896907210350036,1.5591957569122314
1741,14,13470,supports_cannot,0.0001018093389575,0.0001018093389575,0.0001038543341564,0.0001114818733185,0.9536082744598388,0.9536082744598388,0.9132367372512816
1742,22,9892,suppresses_cannot,-0.0001017921385937,0.0001017921385937,0.0001017921385937,0.0001033911757986,0.0,1.0,0.9845340847969056
1743,20,6887,suppresses_cannot,-0.0001017712420434,0.0001017712420434,0.0001017712420434,6.962913903407753e-05,0.0,1.0,1.4616185426712036
1744,24,2964,supports_cannot,0.0001017669419525,0.0001017669419525,0.0001017669419525,0.0001007718819892,1.0,1.0,1.0098743438720703
1745,31,11766,supports_cannot,0.0001017571121337,0.0001017571121337,0.0001476127508794,0.0002107078762492,0.8298969268798828,0.8298969268798828,0.4829297959804535
1746,15,4454,suppresses_cannot,-0.0001017429749481,0.0001017429749481,0.0001017429749481,9.853487426880748e-05,0.0,1.0,1.0325579643249512
1747,27,5509,suppresses_cannot,-0.000101718091173,0.000101718091173,0.000101718091173,8.541165880160406e-05,0.0,1.0,1.190915822982788
1748,23,5876,suppresses_cannot,-0.0001017064132611,0.0001017064132611,0.0001262807345483,0.0001598286180524,0.1340206116437912,0.8659793734550476,0.636346697807312
1749,21,12181,suppresses_cannot,-0.0001017051909002,0.0001017051909002,0.0001017051909002,6.701152597088367e-05,0.0,1.0,1.5177267789840698
1750,25,2207,supports_cannot,0.0001017042668536,0.0001017042668536,0.0001017042668536,8.186943887267262e-05,1.0,1.0,1.2422739267349243
1751,22,11889,suppresses_cannot,-0.0001016855239868,0.0001016855239868,0.0001016855239868,0.000109728454845,0.0,1.0,0.9267014861106871
1752,17,10747,suppresses_cannot,-0.0001016489622998,0.0001016489622998,0.0001071276710717,0.0001045808530761,0.0670103058218956,0.9329897165298462,0.9719653129577636
1753,23,10571,suppresses_cannot,-0.0001015930465655,0.0001015930465655,0.000103726524685,6.683256651740521e-05,0.0154639175161719,0.984536111354828,1.5201128721237185
1754,28,2962,suppresses_cannot,-0.000101552795968,0.000101552795968,0.000101552795968,0.0001269318017875,0.0,1.0,0.8000579476356506
1755,18,10237,suppresses_cannot,-0.000101535282738,0.000101535282738,0.000101535282738,8.398837962886319e-05,0.0,1.0,1.2089205980300903
1756,17,12398,supports_cannot,0.000101516234281,0.000101516234281,0.0001023906443151,0.0001105002156691,0.9793814420700072,0.9793814420700072,0.9186971783638
1757,17,10046,supports_cannot,0.0001015082452795,0.0001015082452795,0.0001015082452795,8.86693160282448e-05,1.0,1.0,1.1447956562042236
1758,22,2839,suppresses_cannot,-0.0001014895024127,0.0001014895024127,0.0001014895024127,7.76999004301615e-05,0.0,1.0,1.3061728477478027
1759,18,6735,supports_cannot,0.0001014772133203,0.0001014772133203,0.0001014772133203,8.544226147932932e-05,1.0,1.0,1.1876699924468994
1760,16,7308,suppresses_cannot,-0.0001014553999993,0.0001014553999993,0.000102307072666,0.0001086991978809,0.0206185560673475,0.9793814420700072,0.9333592057228088
1761,22,1045,supports_cannot,0.0001014372755889,0.0001014372755889,0.0001014372755889,9.75804650806822e-05,1.0,1.0,1.0395244359970093
1762,12,6062,suppresses_cannot,-0.0001014019435388,0.0001014019435388,0.0001014019435388,9.419520938536152e-05,0.0,1.0,1.0765085220336914
1763,19,7037,supports_cannot,0.0001013991786749,0.0001013991786749,0.0001014071676763,0.0001065955875674,0.9948453903198242,0.9948453903198242,0.951251208782196
1764,30,4377,supports_cannot,0.0001013967194012,0.0001013967194012,0.0001013967194012,9.94761794572696e-05,1.0,1.0,1.0193065404891968
1765,16,11275,supports_cannot,0.0001013924193102,0.0001013924193102,0.0001013924193102,7.185967842815444e-05,1.0,1.0,1.4109779596328735
1766,14,12614,supports_cannot,0.0001012830398394,0.0001012830398394,0.0001348005171166,0.0003638519847299,0.5773195624351501,0.5773195624351501,0.278363287448883
1767,17,5071,suppresses_cannot,-0.0001012639913824,0.0001012639913824,0.0001012639913824,8.651318785268813e-05,0.0,1.0,1.1705034971237185
1768,16,1677,supports_cannot,0.0001012295761029,0.0001012295761029,0.0001012295761029,8.516227535437793e-05,1.0,1.0,1.188666820526123
1769,18,8822,suppresses_cannot,-0.0001011410931823,0.0001011410931823,0.0001011410931823,9.649546700529754e-05,0.0,1.0,1.04814350605011
1770,28,1851,supports_cannot,0.0001010424675769,0.0001010424675769,0.0001010424675769,8.55096586747095e-05,1.0,1.0,1.1816498041152954
1771,23,8668,supports_cannot,0.0001010421619866,0.0001010421619866,0.0001010421619866,0.0001151204414782,1.0,1.0,0.8777082562446594
1772,14,5011,supports_cannot,0.0001010258783935,0.0001010258783935,0.0001021663556457,0.0001284197933273,0.969072163105011,0.969072163105011,0.7866846323013306
1773,25,4058,supports_cannot,0.0001010151245282,0.0001010151245282,0.0001010151245282,0.0001070840953616,1.0,1.0,0.9433251619338988
1774,27,3831,supports_cannot,0.0001009705738397,0.0001009705738397,0.0001009705738397,8.639850420877337e-05,1.0,1.0,1.168661117553711
1775,16,9219,suppresses_cannot,-0.0001009573607007,0.0001009573607007,0.0001009573607007,8.216690912377089e-05,0.0,1.0,1.2286863327026367
1776,29,11048,supports_cannot,0.0001009561383398,0.0001009561383398,0.0001011134445434,8.429605077253655e-05,0.9948453903198242,0.9948453903198242,1.1976377964019775
1777,25,13638,supports_cannot,0.0001009518309729,0.0001009518309729,0.0001009518309729,0.0001134905251092,1.0,1.0,0.8895177245140076
1778,29,5,supports_cannot,0.000100914039649,0.000100914039649,0.0001307753555011,0.0001778386213118,0.92268043756485,0.92268043756485,0.5674472451210022
1779,17,13555,supports_cannot,0.0001009051338769,0.0001009051338769,0.0001009051338769,0.0001129467054852,1.0,1.0,0.8933871388435364
1780,9,6060,supports_cannot,0.0001008916151477,0.0001008916151477,0.0001482385996496,0.0002573925303295,0.6907216310501099,0.6907216310501099,0.3919757008552551
1781,21,9703,supports_cannot,0.0001008012841339,0.0001008012841339,0.0001008012841339,0.0001061142975231,1.0,1.0,0.9499312043190002
1782,15,6520,supports_cannot,0.0001007508981274,0.0001007508981274,0.0001007508981274,0.0001133771365857,1.0,1.0,0.8886350393295288
1783,14,14318,suppresses_cannot,-0.0001007266255328,0.0001007266255328,0.0001083935057977,0.0001198763347929,0.0463917516171932,0.9536082744598388,0.8402544856071472
1784,15,8213,supports_cannot,0.000100703582575,0.000100703582575,0.0001010151245282,0.0001203298888867,0.984536111354828,0.984536111354828,0.8368958234786987
1785,25,12659,suppresses_cannot,-0.000100691911939,0.000100691911939,0.000100691911939,0.0001047843616106,0.0,1.0,0.9609440565109252
1786,27,12958,supports_cannot,0.0001006651800707,0.0001006651800707,0.0001018972106976,9.735595813253894e-05,0.9793814420700072,0.9793814420700072,1.0339909791946411
1787,30,8586,supports_cannot,0.0001005991216516,0.0001005991216516,0.0001005991216516,8.20766799733974e-05,1.0,1.0,1.2256723642349243
1788,24,1600,suppresses_cannot,-0.0001005951271508,0.0001005951271508,0.0001006154052447,0.0001137204599217,0.0051546390168368,0.9948453903198242,0.8845824599266052
1789,28,12994,suppresses_cannot,-0.0001005760786938,0.0001005760786938,0.0001023967852233,0.0001027955004246,0.0206185560673475,0.9793814420700072,0.9784093499183656
1790,14,8138,suppresses_cannot,-0.0001005561061901,0.0001005561061901,0.0001062265364453,9.15135387913324e-05,0.0360824726521968,0.9639175534248352,1.0988112688064575
1791,12,5724,supports_cannot,0.0001005508820526,0.0001005508820526,0.0001011862550512,0.0001478807243984,0.9793814420700072,0.9793814420700072,0.6799458265304565
1792,17,4843,supports_cannot,0.0001005425874609,0.0001005425874609,0.0001043468437273,0.000185072174645,0.8711340427398682,0.8711340427398682,0.5432615280151367
1793,22,13914,supports_cannot,0.0001005183148663,0.0001005183148663,0.0001009963816613,6.609193951589987e-05,0.9948453903198242,0.9948453903198242,1.5208861827850342
1794,30,13047,suppresses_cannot,-0.0001004845180432,0.0001004845180432,0.0001008870094665,0.0001043815573211,0.0206185560673475,0.9793814420700072,0.9626654386520386
1795,21,1718,supports_cannot,0.0001004393561743,0.0001004393561743,0.0001004393561743,7.370074308710173e-05,1.0,1.0,1.3627997636795044
1796,22,6229,suppresses_cannot,-0.0001004034129437,0.0001004034129437,0.0001004034129437,7.55666769691743e-05,0.0,1.0,1.3286731243133545
1797,24,9352,suppresses_cannot,-0.0001003984943963,0.0001003984943963,0.0001005570302368,0.0001132448451244,0.0103092780336737,0.9896907210350036,0.8865612745285034
1798,13,11924,suppresses_cannot,-0.0001003849756671,0.0001003849756671,0.0001003849756671,0.000130210260977,0.0,1.0,0.7709451913833618
1799,21,13997,supports_cannot,0.0001003840516204,0.0001003840516204,0.0001003840516204,9.59789103944786e-05,1.0,1.0,1.0458970069885254
1800,21,1917,supports_cannot,0.0001003517900244,0.0001003517900244,0.0001003517900244,0.000101589008409,1.0,1.0,0.9878213405609132
1801,27,9665,suppresses_cannot,-0.0001003391953418,0.0001003391953418,0.0001003391953418,8.178618008969352e-05,0.0,1.0,1.226847767829895
1802,16,13302,suppresses_cannot,-0.0001003047873382,0.0001003047873382,0.0001006482780212,6.734255293849856e-05,0.0051546390168368,0.9948453903198242,1.4894710779190063
1803,31,7633,suppresses_cannot,-0.0001003007928375,0.0001003007928375,0.0001003007928375,9.079069423023613e-05,0.0,1.0,1.1047475337982178
1804,29,13830,supports_cannot,0.0001002728313324,0.0001002728313324,0.0001002728313324,0.0001267867482965,1.0,1.0,0.7908778786659241
1805,17,7605,suppresses_cannot,-0.0001002288991003,0.0001002288991003,0.0001002288991003,6.663452222710475e-05,0.0,1.0,1.5041587352752686
1806,16,2012,suppresses_cannot,-0.0001002061617327,0.0001002061617327,0.0001002061617327,0.0001126337665482,0.0,1.0,0.889663577079773
1807,24,2626,supports_cannot,0.0001001735945465,0.0001001735945465,0.0001001735945465,0.0001143717818195,1.0,1.0,0.8758593797683716
1808,29,13310,suppresses_cannot,-0.000100115830719,0.000100115830719,0.000100115830719,0.0001270688662771,0.0,1.0,0.787886381149292
1809,21,5790,supports_cannot,0.000100098317489,0.000100098317489,0.000100098317489,8.997428085422143e-05,1.0,1.0,1.112521409988403
1810,20,4671,suppresses_cannot,-0.0001000703632598,0.0001000703632598,0.0001000703632598,7.757799176033586e-05,0.0,1.0,1.289932370185852
1811,15,13821,supports_cannot,0.0001000654447125,0.0001000654447125,0.0001009201878332,8.794217137619853e-05,0.9793814420700072,0.9793814420700072,1.137855052947998
1812,31,5371,suppresses_cannot,-0.0001000623742584,0.0001000623742584,0.0001115617706091,0.0001275507675018,0.1030927821993827,0.8969072103500366,0.7844905853271484
1813,17,3267,suppresses_cannot,-0.000100061755802,0.000100061755802,0.0001539904478704,0.0002742993819992,0.3917525708675384,0.6082473993301392,0.3647903203964233
1814,25,529,supports_cannot,0.000100025194115,0.000100025194115,0.000100025194115,0.0001043550073518,1.0,1.0,0.9585087895393372
1815,22,2443,supports_cannot,9.999631583923474e-05,9.999631583923474e-05,0.0001026834434014,0.0001565096463309,0.9020618796348572,0.9020618796348572,0.6389147043228149
1816,16,9394,suppresses_cannot,-9.999139729188757e-05,9.999139729188757e-05,9.999139729188757e-05,0.000101785044535,0.0,1.0,0.98237806558609
1817,19,7541,supports_cannot,9.993578714784236e-05,9.993578714784236e-05,9.993578714784236e-05,6.905045302119106e-05,1.0,1.0,1.4472864866256714
1818,10,2277,suppresses_cannot,-9.993056301027536e-05,9.993056301027536e-05,0.0001193555362988,0.0002397232601651,0.2422680407762527,0.7577319741249084,0.4168580174446106
1819,13,9457,suppresses_cannot,-9.989953832700849e-05,9.989953832700849e-05,0.0001009337065625,0.0001010354681056,0.0206185560673475,0.9793814420700072,0.9887571334838868
1820,31,2518,supports_cannot,9.987803059630096e-05,9.987803059630096e-05,9.987803059630096e-05,0.0003022863529622,1.0,1.0,0.3304086625576019
1821,25,240,supports_cannot,9.987373050535098e-05,9.987373050535098e-05,9.987373050535098e-05,7.820496102795005e-05,1.0,1.0,1.2770766019821167
1822,18,2218,supports_cannot,9.98700415948406e-05,9.98700415948406e-05,9.98700415948406e-05,0.0001083778115571,1.0,1.0,0.921498954296112
1823,30,3952,supports_cannot,9.985436918213964e-05,9.985436918213964e-05,9.985436918213964e-05,6.911689706612378e-05,1.0,1.0,1.4447171688079834
1824,21,1117,supports_cannot,9.984484495362268e-05,9.984484495362268e-05,9.990137914428487e-05,8.908461313694715e-05,0.984536111354828,0.984536111354828,1.1207866668701172
1825,27,3967,supports_cannot,9.983501513488592e-05,9.983501513488592e-05,9.983501513488592e-05,9.61592813837342e-05,1.0,1.0,1.0382254123687744
1826,16,9605,suppresses_cannot,-9.983102063415572e-05,9.983102063415572e-05,9.983102063415572e-05,6.848420889582485e-05,0.0,1.0,1.4577232599258425
1827,17,3884,suppresses_cannot,-9.982641495298594e-05,9.982641495298594e-05,0.0001050894425134,0.0001044636956066,0.0618556700646877,0.938144326210022,0.9556086659431458
1828,1,198,supports_cannot,9.981780749512836e-05,9.981780749512836e-05,0.0001324596523772,0.0001532172027509,0.8350515365600586,0.8350515365600586,0.6514791250228882
1829,29,12950,suppresses_cannot,-9.981473704101518e-05,9.981473704101518e-05,9.981473704101518e-05,6.774057692382485e-05,0.0,1.0,1.473485231399536
1830,24,10530,supports_cannot,9.98067480395548e-05,9.98067480395548e-05,9.98067480395548e-05,7.390846440102905e-05,1.0,1.0,1.350410223007202
1831,31,4107,suppresses_cannot,-9.978124580811708e-05,9.978124580811708e-05,9.978124580811708e-05,0.0001044443270075,0.0,1.0,0.9553534388542176
1832,17,12976,suppresses_cannot,-9.976957517210394e-05,9.976957517210394e-05,0.0001001063064904,9.714372572489084e-05,0.0051546390168368,0.9948453903198242,1.02703058719635
1833,24,2312,suppresses_cannot,-9.976312139770016e-05,9.976312139770016e-05,9.976312139770016e-05,8.315130253322423e-05,0.0,1.0,1.1997781991958618
1834,28,12346,supports_cannot,9.970874089049175e-05,9.970874089049175e-05,9.970874089049175e-05,0.0001097898202715,1.0,1.0,0.9081783890724182
1835,25,13151,suppresses_cannot,-9.967187361326069e-05,9.967187361326069e-05,0.000100387740531,0.0001166287183878,0.0309278350323438,0.969072163105011,0.8546082973480225
1836,17,7561,supports_cannot,9.965281788026914e-05,9.965281788026914e-05,0.0001000915581244,0.0001173281707451,0.9896907210350036,0.9896907210350036,0.849351167678833
1837,30,10050,supports_cannot,9.96383823803626e-05,9.96383823803626e-05,9.96383823803626e-05,5.986391988699325e-05,1.0,1.0,1.664414644241333
1838,26,10999,suppresses_cannot,-9.962056356016546e-05,9.962056356016546e-05,9.962056356016546e-05,7.459196785930544e-05,0.0,1.0,1.3355400562286377
1839,27,10109,supports_cannot,9.96088856481947e-05,9.96088856481947e-05,9.96088856481947e-05,5.448546289699152e-05,1.0,1.0,1.8281736373901367
1840,28,29,supports_cannot,9.953822154784576e-05,9.953822154784576e-05,9.953822154784576e-05,7.450277189491317e-05,1.0,1.0,1.336033821105957
1841,26,3674,suppresses_cannot,-9.953023254638538e-05,9.953023254638538e-05,9.953023254638538e-05,7.810007082298398e-05,0.0,1.0,1.2743936777114868
1842,16,11581,suppresses_cannot,-9.951640822691844e-05,9.951640822691844e-05,9.951640822691844e-05,8.815508772386238e-05,0.0,1.0,1.128878831863403
1843,29,5757,supports_cannot,9.950258390745148e-05,9.950258390745148e-05,9.950258390745148e-05,9.27438959479332e-05,1.0,1.0,1.0728747844696045
1844,7,14192,suppresses_cannot,-9.9471551948227e-05,9.9471551948227e-05,0.0001192387862829,0.000318300561048,0.1649484485387802,0.8350515365600586,0.3125082552433014
1845,30,11752,suppresses_cannot,-9.946017962647602e-05,9.946017962647602e-05,9.946017962647602e-05,6.988306995481253e-05,0.0,1.0,1.4232370853424072
1846,29,8961,suppresses_cannot,-9.942546603269876e-05,9.942546603269876e-05,9.942546603269876e-05,0.0001007742757792,0.0,1.0,0.9866155385971068
1847,23,14275,suppresses_cannot,-9.939719893736763e-05,9.939719893736763e-05,9.95243972283788e-05,0.0001030479033943,0.0051546390168368,0.9948453903198242,0.9645727276802064
1848,15,6693,suppresses_cannot,-9.9352648248896e-05,9.9352648248896e-05,9.9352648248896e-05,9.009976201923564e-05,0.0,1.0,1.1026960611343384
1849,27,7144,suppresses_cannot,-9.926938218995927e-05,9.926938218995927e-05,9.93523426586762e-05,0.0001087576820282,0.0051546390168368,0.9948453903198242,0.9127574563026428
1850,24,3541,suppresses_cannot,-9.92408095044084e-05,9.92408095044084e-05,9.924326877808198e-05,8.6672866018489e-05,0.0051546390168368,0.9948453903198242,1.145004391670227
1851,23,5310,supports_cannot,9.919257718138395e-05,9.919257718138395e-05,9.919257718138395e-05,8.118424739222974e-05,1.0,1.0,1.2218204736709597
1852,20,10600,suppresses_cannot,-9.91802880889736e-05,9.91802880889736e-05,9.91802880889736e-05,0.0001091528392862,0.0,1.0,0.9086368083953856
1853,30,5044,supports_cannot,9.917752322508022e-05,9.917752322508022e-05,9.917752322508022e-05,0.0001485795655753,1.0,1.0,0.6675044894218445
1854,13,11685,suppresses_cannot,-9.915785631164908e-05,9.915785631164908e-05,0.0001003431898425,0.0001008561594062,0.0103092780336737,0.9896907210350036,0.9831611514091492
1855,25,5311,suppresses_cannot,-9.913604299072176e-05,9.913604299072176e-05,9.913604299072176e-05,7.498993363697082e-05,0.0,1.0,1.3219913244247437
1856,24,12538,suppresses_cannot,-9.91280539892614e-05,9.91280539892614e-05,9.91280539892614e-05,6.376978126354516e-05,0.0,1.0,1.5544675588607788
1857,25,346,suppresses_cannot,-9.909487562254073e-05,9.909487562254073e-05,9.909487562254073e-05,0.0001624944125069,0.0,1.0,0.6098355650901794
1858,20,13707,suppresses_cannot,-9.902082820190115e-05,9.902082820190115e-05,9.902082820190115e-05,9.461961599299684e-05,0.0,1.0,1.0465147495269775
1859,12,3477,suppresses_cannot,-9.900392615236342e-05,9.900392615236342e-05,0.0001067672783392,0.0001290926884394,0.1185567006468772,0.8814433217048645,0.7669212222099304
1860,4,7053,suppresses_cannot,-9.896429401123896e-05,9.896429401123896e-05,9.99241165118292e-05,0.000101134799479,0.0103092780336737,0.9896907210350036,0.9785385131835938
1861,17,9793,suppresses_cannot,-9.894555114442484e-05,9.894555114442484e-05,9.894555114442484e-05,7.326020568143576e-05,0.0,1.0,1.3506042957305908
1862,20,6637,supports_cannot,9.890561341308056e-05,9.890561341308056e-05,9.91544802673161e-05,8.900624379748479e-05,0.9896907210350036,0.9896907210350036,1.1112210750579834
1863,31,6094,suppresses_cannot,-9.88951651379466e-05,9.88951651379466e-05,9.88970132311806e-05,0.000122431301861,0.0051546390168368,0.9948453903198242,0.80776047706604
1864,24,5627,supports_cannot,9.88939355011098e-05,9.88939355011098e-05,9.90143744274974e-05,7.213804201455787e-05,0.9948453903198242,0.9948453903198242,1.3708984851837158
1865,20,7620,suppresses_cannot,-9.8723110568244e-05,9.8723110568244e-05,9.8723110568244e-05,0.000114089307317,0.0,1.0,0.8653143048286438
1866,20,2800,supports_cannot,9.871758084045724e-05,9.871758084045724e-05,9.871758084045724e-05,9.022852464113384e-05,1.0,1.0,1.0940839052200315
1867,28,1983,suppresses_cannot,-9.871021029539406e-05,9.871021029539406e-05,9.871021029539406e-05,8.254895510617644e-05,0.0,1.0,1.1957777738571167
1868,22,1118,supports_cannot,9.870713256532326e-05,9.870713256532326e-05,9.870713256532326e-05,0.0001055026077665,1.0,1.0,0.9355894923210144
1869,26,5437,suppresses_cannot,-9.870160283753648e-05,9.870160283753648e-05,9.900515578920022e-05,9.089290688280016e-05,0.0309278350323438,0.969072163105011,1.0859109163284302
1870,20,379,supports_cannot,9.866412437986584e-05,9.866412437986584e-05,9.866412437986584e-05,7.70573242334649e-05,1.0,1.0,1.2803990840911863
1871,26,9255,supports_cannot,9.857716941041872e-05,9.857716941041872e-05,9.857716941041872e-05,9.992238483391702e-05,1.0,1.0,0.9865373969078064
1872,21,3857,supports_cannot,9.845519525697456e-05,9.845519525697456e-05,9.845519525697456e-05,7.715235551586375e-05,1.0,1.0,1.2761138677597046
1873,16,13509,supports_cannot,9.843676525633782e-05,9.843676525633782e-05,9.843676525633782e-05,6.473847315646708e-05,1.0,1.0,1.5205296277999878
1874,13,13321,suppresses_cannot,-9.841863356996328e-05,9.841863356996328e-05,0.0001212207935168,0.0001865056110545,0.128865972161293,0.8711340427398682,0.5276979804039001
1875,15,10396,supports_cannot,9.83860663836822e-05,9.83860663836822e-05,9.83860663836822e-05,8.084774162853137e-05,1.0,1.0,1.216930270195007
1876,31,1252,supports_cannot,9.835226956056432e-05,9.835226956056432e-05,9.849298658082262e-05,9.2035043053329e-05,0.9948453903198242,0.9948453903198242,1.0686393976211548
1877,28,6,supports_cannot,9.8326156148687e-05,9.8326156148687e-05,9.8326156148687e-05,5.4616801207885146e-05,1.0,1.0,1.8002914190292358
1878,14,5649,suppresses_cannot,-9.829451300902292e-05,9.829451300902292e-05,0.000104806778836,0.0001678015833022,0.0670103058218956,0.9329897165298462,0.5857782363891602
1879,17,9787,supports_cannot,9.821340063354e-05,9.821340063354e-05,0.0001049438069458,0.0001088624703697,0.9432989954948424,0.9432989954948424,0.9021787047386168
1880,16,13958,suppresses_cannot,-9.820848208619282e-05,9.820848208619282e-05,9.983071504393592e-05,7.794303382979706e-05,0.0051546390168368,0.9948453903198242,1.2600033283233645
1881,29,10111,suppresses_cannot,-9.820080595090984e-05,9.820080595090984e-05,9.820080595090984e-05,0.0001009778861771,0.0,1.0,0.9724981188774108
1882,18,4348,supports_cannot,9.818973921937868e-05,9.818973921937868e-05,0.0001021285643219,0.0001885962847154,0.8092783689498901,0.8092783689498901,0.5206345319747925
1883,27,7979,supports_cannot,9.817038517212497e-05,9.817038517212497e-05,9.817038517212497e-05,9.955032146535814e-05,1.0,1.0,0.9861382842063904
1884,19,9505,suppresses_cannot,-9.81587145361118e-05,9.81587145361118e-05,9.824719745665789e-05,5.8534224081086e-05,0.0103092780336737,0.9896907210350036,1.676945686340332
1885,14,10148,supports_cannot,9.81580960797146e-05,9.81580960797146e-05,9.992718696594238e-05,0.0001508486602688,0.9432989954948424,0.9432989954948424,0.6507058143615723
1886,18,11457,suppresses_cannot,-9.814580698730424e-05,9.814580698730424e-05,9.859437705017626e-05,8.657109719933942e-05,0.0103092780336737,0.9896907210350036,1.1337018013000488
1887,18,10229,suppresses_cannot,-9.808589675230904e-05,9.808589675230904e-05,9.808589675230904e-05,0.0001115419290727,0.0,1.0,0.879363477230072
1888,14,14167,supports_cannot,9.807821334106848e-05,9.807821334106848e-05,0.000128638188471,0.0002264046488562,0.7474226951599121,0.7474226951599121,0.4331987500190735
1889,16,9050,suppresses_cannot,-9.803858119994402e-05,9.803858119994402e-05,9.803858119994402e-05,9.221933578373864e-05,0.0,1.0,1.0631022453308103
1890,16,8456,supports_cannot,9.797651728149503e-05,9.797651728149503e-05,9.797651728149503e-05,7.10216918378137e-05,1.0,1.0,1.3795294761657717
1891,23,11475,suppresses_cannot,-9.797191160032526e-05,9.797191160032526e-05,9.797191160032526e-05,0.0001324351760558,0.0,1.0,0.7397725582122803
1892,19,7133,suppresses_cannot,-9.796330414246768e-05,9.796330414246768e-05,9.796330414246768e-05,7.328174251597375e-05,0.0,1.0,1.336803674697876
1893,21,9036,suppresses_cannot,-9.79319665930234e-05,9.79319665930234e-05,9.79319665930234e-05,9.267729183193296e-05,0.0,1.0,1.0566986799240112
1894,17,5112,suppresses_cannot,-9.79027827270329e-05,9.79027827270329e-05,9.79027827270329e-05,8.833648462314159e-05,0.0,1.0,1.108293890953064
1895,21,1054,supports_cannot,9.79009346337989e-05,9.79009346337989e-05,0.0001010802589007,0.0001802340702852,0.9123711585998536,0.9123711585998536,0.5431877374649048
1896,16,11332,suppresses_cannot,-9.789878822630273e-05,9.789878822630273e-05,9.789878822630273e-05,8.251095277955756e-05,0.0,1.0,1.1864944696426392
1897,24,2756,supports_cannot,9.788373426999895e-05,9.788373426999895e-05,9.788373426999895e-05,8.977350080385804e-05,1.0,1.0,1.090341091156006
1898,27,3108,supports_cannot,9.785484871827066e-05,9.785484871827066e-05,0.0001077369306585,0.0001687963958829,0.8247422575950623,0.8247422575950623,0.579721212387085
1899,29,2594,suppresses_cannot,-9.784901340026408e-05,9.784901340026408e-05,9.784901340026408e-05,0.0001214222284033,0.0,1.0,0.8058574795722961
1900,21,13671,suppresses_cannot,-9.783180576050654e-05,9.783180576050654e-05,0.0001012169814202,9.017045522341503e-05,0.0463917516171932,0.9536082744598388,1.0849652290344238
1901,19,7479,supports_cannot,9.782597044249997e-05,9.782597044249997e-05,0.0001226221211254,0.0001948502613231,0.7113401889801025,0.7113401889801025,0.5020571947097778
1902,17,7875,supports_cannot,9.78201351244934e-05,9.78201351244934e-05,9.97213355731219e-05,0.0001613641215953,0.9484536051750184,0.9484536051750184,0.6062074899673462
1903,16,789,supports_cannot,9.780108666745946e-05,9.780108666745946e-05,9.780108666745946e-05,7.335213012993336e-05,1.0,1.0,1.3333094120025637
1904,27,6765,suppresses_cannot,-9.77878735284321e-05,9.77878735284321e-05,9.77878735284321e-05,0.000162033480592,0.0,1.0,0.6035041213035583
1905,23,5002,suppresses_cannot,-9.776974184205756e-05,9.776974184205756e-05,9.878609853331e-05,0.0001163437336799,0.0051546390168368,0.9948453903198242,0.840352475643158
1906,15,10013,suppresses_cannot,-9.77583767962642e-05,9.77583767962642e-05,9.805025183595716e-05,8.634594996692613e-05,0.0103092780336737,0.9896907210350036,1.1321709156036377
1907,30,583,supports_cannot,9.77556119323708e-05,9.77556119323708e-05,9.77556119323708e-05,0.0001057270783348,1.0,1.0,0.9246033430099488
1908,17,4527,suppresses_cannot,-9.775131184142084e-05,9.775131184142084e-05,9.775131184142084e-05,0.0001333970722043,0.0,1.0,0.7327845096588135
1909,12,10719,suppresses_cannot,-9.774178761290386e-05,9.774178761290386e-05,9.974130807677284e-05,0.0001106962881749,0.041237112134695,0.9587628841400146,0.8829725980758667
1910,27,2212,suppresses_cannot,-9.771659097168596e-05,9.771659097168596e-05,9.771659097168596e-05,9.98163377516903e-05,0.0,1.0,0.9789639115333556
1911,24,1076,supports_cannot,9.771536133484916e-05,9.771536133484916e-05,9.826041059568524e-05,0.0001085289986804,0.969072163105011,0.969072163105011,0.9003617763519287
1912,20,7,suppresses_cannot,-9.763547859620304e-05,9.763547859620304e-05,9.763547859620304e-05,7.145343261072412e-05,0.0,1.0,1.366421103477478
1913,17,11137,supports_cannot,9.76185838226229e-05,9.76185838226229e-05,9.76185838226229e-05,8.374729077331722e-05,1.0,1.0,1.165632724761963
1914,27,5747,suppresses_cannot,-9.760444663697854e-05,9.760444663697854e-05,9.760444663697854e-05,9.321360994363204e-05,0.0,1.0,1.047105073928833
1915,29,199,supports_cannot,9.757495718076824e-05,9.757495718076824e-05,9.757495718076824e-05,9.753356425790116e-05,1.0,1.0,1.0004243850708008
1916,24,9871,suppresses_cannot,-9.757464431459084e-05,9.757464431459084e-05,9.757464431459084e-05,0.0001091266385628,0.0,1.0,0.8941413760185242
1917,31,4742,supports_cannot,9.757157386047766e-05,9.757157386047766e-05,9.757157386047766e-05,9.009500354295596e-05,1.0,1.0,1.0829854011535645
1918,23,4350,supports_cannot,9.756204963196068e-05,9.756204963196068e-05,9.756204963196068e-05,7.252776413224638e-05,1.0,1.0,1.3451683521270752
1919,29,538,suppresses_cannot,-9.746618889039382e-05,9.746618889039382e-05,9.778633830137552e-05,0.0001027199832606,0.0051546390168368,0.9948453903198242,0.9488532543182372
1920,29,4188,supports_cannot,9.74431459326297e-05,9.74431459326297e-05,9.746772411745042e-05,7.615158392582089e-05,0.9896907210350036,0.9896907210350036,1.2795944213867188
1921,29,11573,supports_cannot,9.743485134094954e-05,9.743485134094954e-05,9.743485134094954e-05,8.44161695567891e-05,1.0,1.0,1.1542202234268188
1922,17,2097,supports_cannot,9.737954678712411e-05,9.737954678712411e-05,0.0001119605658459,0.0001632197236176,0.7731958627700806,0.7731958627700806,0.596616268157959
1923,24,4628,suppresses_cannot,-9.73577334661968e-05,9.73577334661968e-05,9.73577334661968e-05,0.0001136533464887,0.0,1.0,0.8566200137138367
1924,21,13821,supports_cannot,9.731749014463276e-05,9.731749014463276e-05,9.731749014463276e-05,0.0001060453359968,1.0,1.0,0.917697012424469
1925,16,3319,suppresses_cannot,-9.729106386657804e-05,9.729106386657804e-05,9.757617954164743e-05,9.563783532939853e-05,0.0051546390168368,0.9948453903198242,1.0172863006591797
1926,19,5068,supports_cannot,9.728676377562806e-05,9.728676377562806e-05,9.728676377562806e-05,8.30667995614931e-05,1.0,1.0,1.1711870431900024
1927,30,1649,suppresses_cannot,-9.726402640808374e-05,9.726402640808374e-05,9.726402640808374e-05,0.0001074216634151,0.0,1.0,0.9054414629936218
1928,19,12578,suppresses_cannot,-9.724958363221958e-05,9.724958363221958e-05,9.724958363221958e-05,7.971914601512253e-05,0.0,1.0,1.219902515411377
1929,17,13155,suppresses_cannot,-9.7193056717515e-05,9.7193056717515e-05,0.0001095889747375,0.0001526386477053,0.1546391695737838,0.8453608155250549,0.6367526054382324
1930,19,3009,supports_cannot,9.718506771605462e-05,9.718506771605462e-05,9.88146712188609e-05,9.79596734396182e-05,0.9432989954948424,0.9432989954948424,0.9920926094055176
1931,15,10418,supports_cannot,9.715373016661032e-05,9.715373016661032e-05,9.71598710748367e-05,9.916423732647672e-05,0.9948453903198242,0.9948453903198242,0.9797254800796508
1932,22,12748,suppresses_cannot,-9.71312983892858e-05,9.71312983892858e-05,9.71312983892858e-05,9.88513565971516e-05,0.0,1.0,0.9825995564460754
1933,30,12541,suppresses_cannot,-9.712730388855562e-05,9.712730388855562e-05,9.712730388855562e-05,0.0001178711099782,0.0,1.0,0.824012815952301
1934,24,864,supports_cannot,9.712330938782544e-05,9.712330938782544e-05,9.712330938782544e-05,6.032518649590202e-05,1.0,1.0,1.60999596118927
1935,24,4393,suppresses_cannot,-9.709780715638772e-05,9.709780715638772e-05,9.709780715638772e-05,9.764619608176872e-05,0.0,1.0,0.9943839311599731
1936,31,12861,supports_cannot,9.707875869935378e-05,9.707875869935378e-05,0.0001086303891497,0.0001185065484605,0.984536111354828,0.984536111354828,0.8191847801208496
1937,22,11622,suppresses_cannot,-9.70735345617868e-05,9.70735345617868e-05,9.932622197084128e-05,8.847157005220652e-05,0.0463917516171932,0.9536082744598388,1.0972285270690918
1938,24,4413,supports_cannot,9.699642396299168e-05,9.699642396299168e-05,9.699642396299168e-05,7.467118848580867e-05,1.0,1.0,1.2989805936813354
1939,26,13825,supports_cannot,9.698290523374452e-05,9.698290523374452e-05,9.698290523374452e-05,6.063486580387689e-05,1.0,1.0,1.5994577407836914
1940,27,73,suppresses_cannot,-9.688397403806448e-05,9.688397403806448e-05,9.688397403806448e-05,6.663266685791314e-05,0.0,1.0,1.4540011882781982
1941,12,11481,supports_cannot,9.685478289611638e-05,9.685478289611638e-05,0.0001031568972393,0.0002505954180378,0.8298969268798828,0.8298969268798828,0.3864986300468445
1942,24,1538,suppresses_cannot,-9.68486347119324e-05,9.68486347119324e-05,0.0001100513763958,0.0001300136500503,0.0979381427168846,0.9020618796348572,0.744911253452301
1943,31,9884,suppresses_cannot,-9.6847717941273e-05,9.6847717941273e-05,9.6847717941273e-05,8.752923895372078e-05,0.0,1.0,1.1064612865447998
1944,31,9171,suppresses_cannot,-9.682928066467866e-05,9.682928066467866e-05,9.682928066467866e-05,0.0001344525953754,0.0,1.0,0.7201741337776184
1945,22,12411,suppresses_cannot,-9.681576193543152e-05,9.681576193543152e-05,0.000126229118905,0.0001543949911138,0.1185567006468772,0.8814433217048645,0.6270654201507568
1946,23,518,suppresses_cannot,-9.680869698058814e-05,9.680869698058814e-05,9.720442176330836e-05,8.086178422672674e-05,0.0103092780336737,0.9896907210350036,1.197211980819702
1947,31,9704,suppresses_cannot,-9.680040238890796e-05,9.680040238890796e-05,9.680040238890796e-05,9.004775347420946e-05,0.0,1.0,1.074989676475525
1948,25,6030,suppresses_cannot,-9.67933374340646e-05,9.67933374340646e-05,9.67933374340646e-05,0.0001090947334887,0.0,1.0,0.8872411847114563
1949,30,3426,suppresses_cannot,-9.67905725701712e-05,9.67905725701712e-05,9.67905725701712e-05,8.601795707363635e-05,0.0,1.0,1.1252368688583374
1950,16,1760,supports_cannot,9.67616870184429e-05,9.67616870184429e-05,9.686922567198052e-05,0.0001381756010232,0.9896907210350036,0.9896907210350036,0.7002805471420288
1951,12,13464,suppresses_cannot,-9.675954061094671e-05,9.675954061094671e-05,9.737831715028732e-05,0.0001146944923675,0.0154639175161719,0.984536111354828,0.843628466129303
1952,22,2805,suppresses_cannot,-9.674325701780616e-05,9.674325701780616e-05,9.674325701780616e-05,0.0001104127441067,0.0,1.0,0.8761964440345764
1953,15,14195,supports_cannot,9.670177678344773e-05,9.670177678344773e-05,9.670177678344773e-05,9.92793939076364e-05,1.0,1.0,0.9740367531776428
1954,30,11560,supports_cannot,9.667105041444302e-05,9.667105041444302e-05,9.667105041444302e-05,7.820718747097999e-05,1.0,1.0,1.236089110374451
1955,19,9738,supports_cannot,9.664832032285632e-05,9.664832032285632e-05,9.664832032285632e-05,7.239227852551267e-05,1.0,1.0,1.335063934326172
1956,22,35,suppresses_cannot,-9.663172386353835e-05,9.663172386353835e-05,9.665446123108268e-05,0.0001135677812271,0.0103092780336737,0.9896907210350036,0.8508726954460144
1957,13,10476,suppresses_cannot,-9.66243533184752e-05,9.66243533184752e-05,9.66243533184752e-05,0.0001189173999591,0.0,1.0,0.8125333786010742
1958,18,1553,supports_cannot,9.660438081482424e-05,9.660438081482424e-05,9.899962606141344e-05,0.0001210029513458,0.9175257682800292,0.9175257682800292,0.7983638644218445
1959,19,11136,supports_cannot,9.658103226684034e-05,9.658103226684034e-05,9.658103226684034e-05,7.337955321418121e-05,1.0,1.0,1.3161845207214355
1960,25,13859,suppresses_cannot,-9.653187589719892e-05,9.653187589719892e-05,9.653187589719892e-05,6.281740934355184e-05,0.0,1.0,1.536705732345581
1961,30,6813,supports_cannot,9.652665175963192e-05,9.652665175963192e-05,9.652665175963192e-05,8.370867726625875e-05,1.0,1.0,1.1531260013580322
1962,18,13044,suppresses_cannot,-9.648148261476308e-05,9.648148261476308e-05,9.653801680542529e-05,8.760693890508264e-05,0.0051546390168368,0.9948453903198242,1.101299524307251
1963,18,4698,supports_cannot,9.645721002016217e-05,9.645721002016217e-05,9.65069848462008e-05,9.503104229224846e-05,0.9948453903198242,0.9948453903198242,1.0150073766708374
1964,20,3292,supports_cannot,9.642310760682447e-05,9.642310760682447e-05,9.642310760682447e-05,8.507935126544908e-05,1.0,1.0,1.133331537246704
1965,25,3295,suppresses_cannot,-9.639945346862078e-05,9.639945346862078e-05,9.65346407610923e-05,9.667578706284984e-05,0.0103092780336737,0.9896907210350036,0.997141659259796
1966,31,5104,supports_cannot,9.637948096496984e-05,9.637948096496984e-05,9.637948096496984e-05,8.212174725485966e-05,1.0,1.0,1.1736170053482056
1967,16,9184,supports_cannot,9.637395123718306e-05,9.637395123718306e-05,9.637395123718306e-05,7.060611096676439e-05,1.0,1.0,1.3649519681930542
1968,21,11384,suppresses_cannot,-9.636749746277928e-05,9.636749746277928e-05,9.891574882203712e-05,0.0001463697262806,0.0257731955498456,0.9742268323898317,0.6583840847015381
1969,16,2254,supports_cannot,9.635213791625574e-05,9.635213791625574e-05,9.673864406067878e-05,0.0001224071165779,0.9793814420700072,0.9793814420700072,0.7871448993682861
1970,25,4546,suppresses_cannot,-9.631711145630106e-05,9.631711145630106e-05,9.691991726867856e-05,0.0001019241826725,0.0103092780336737,0.9896907210350036,0.9449878334999084
1971,21,2032,suppresses_cannot,-9.629775740904734e-05,9.629775740904734e-05,9.629775740904734e-05,0.0001085097901523,0.0,1.0,0.8874568343162537
1972,13,2655,suppresses_cannot,-9.626795508665964e-05,9.626795508665964e-05,0.0001031243300531,0.0001034619708661,0.0309278350323438,0.969072163105011,0.9304670691490172
1973,14,2455,supports_cannot,9.624890662962572e-05,9.624890662962572e-05,9.663787204772234e-05,6.935172132216394e-05,0.984536111354828,0.984536111354828,1.387837290763855
1974,24,2873,supports_cannot,9.621541539672762e-05,9.621541539672762e-05,9.621541539672762e-05,8.924651774577796e-05,1.0,1.0,1.0780858993530271
1975,26,9666,suppresses_cannot,-9.620619675843044e-05,9.620619675843044e-05,9.620619675843044e-05,9.234486060449854e-05,0.0,1.0,1.0418143272399902
1976,24,1787,supports_cannot,9.620405035093428e-05,9.620405035093428e-05,9.620405035093428e-05,8.226582576753572e-05,1.0,1.0,1.169429063796997
1977,28,9042,supports_cannot,9.608852269593626e-05,9.608852269593626e-05,9.608852269593626e-05,8.108926704153419e-05,1.0,1.0,1.1849721670150757
1978,28,2191,supports_cannot,9.608760592527688e-05,9.608760592527688e-05,9.647657134337352e-05,8.841175440466031e-05,0.984536111354828,0.984536111354828,1.086819410324097
1979,29,3812,suppresses_cannot,-9.608391701476648e-05,9.608391701476648e-05,9.608391701476648e-05,0.0001046499746735,0.0,1.0,0.9181456565856934
1980,16,544,suppresses_cannot,-9.607009269529954e-05,9.607009269529954e-05,9.607009269529954e-05,8.306039671879262e-05,0.0,1.0,1.1566293239593506
1981,30,13683,suppresses_cannot,-9.60553443292156e-05,9.60553443292156e-05,9.608299296814948e-05,8.66846603457816e-05,0.0051546390168368,0.9948453903198242,1.1081008911132812
1982,30,8947,suppresses_cannot,-9.604428487364204e-05,9.604428487364204e-05,9.906261402647942e-05,0.0001107468197005,0.0463917516171932,0.9536082744598388,0.8672419190406799
1983,19,12553,supports_cannot,9.59972749114968e-05,9.59972749114968e-05,9.59972749114968e-05,7.662740244995803e-05,1.0,1.0,1.2527799606323242
1984,17,8922,suppresses_cannot,-9.597546159056948e-05,9.597546159056948e-05,0.0001104458715417,0.0002274105645483,0.1649484485387802,0.8350515365600586,0.4220360815525055
1985,17,8999,supports_cannot,9.594688890501855e-05,9.594688890501855e-05,9.594688890501855e-05,0.0001093982718884,1.0,1.0,0.8770421147346497
1986,15,2675,supports_cannot,9.594289440428838e-05,9.594289440428838e-05,9.606763342162594e-05,0.0001446111855329,0.9896907210350036,0.9896907210350036,0.6634541749954224
1987,28,13013,supports_cannot,9.589680848876014e-05,9.589680848876014e-05,9.589680848876014e-05,9.978671005228534e-05,1.0,1.0,0.9610178470611572
1988,25,3803,supports_cannot,9.588912507751957e-05,9.588912507751957e-05,9.588912507751957e-05,6.32329101790674e-05,1.0,1.0,1.516443371772766
1989,24,8314,suppresses_cannot,-9.588820103090256e-05,9.588820103090256e-05,9.588820103090256e-05,7.883000216679648e-05,0.0,1.0,1.216392159461975
1990,22,1926,suppresses_cannot,-9.586024680174889e-05,9.586024680174889e-05,9.659025090513752e-05,0.0001473184820497,0.0257731955498456,0.9742268323898317,0.6507007479667664
1991,26,14313,supports_cannot,9.584549843566492e-05,9.584549843566492e-05,9.584549843566492e-05,7.495599129470065e-05,1.0,1.0,1.2786903381347656
1992,23,9662,suppresses_cannot,-9.584487997926772e-05,9.584487997926772e-05,9.90666085272096e-05,8.413050818489864e-05,0.0103092780336737,0.9896907210350036,1.1392405033111572
1993,28,3725,supports_cannot,9.583197970641776e-05,9.583197970641776e-05,9.583197970641776e-05,7.571711466880515e-05,1.0,1.0,1.2656581401824951
1994,20,10266,supports_cannot,9.578650497132912e-05,9.578650497132912e-05,0.000108740379801,0.000111585810373,0.92268043756485,0.92268043756485,0.8584111332893372
1995,26,5728,supports_cannot,9.572721319273114e-05,9.572721319273114e-05,9.572721319273114e-05,9.38289231271483e-05,1.0,1.0,1.0202313661575315
1996,29,8390,supports_cannot,9.569495159666984e-05,9.569495159666984e-05,9.569495159666984e-05,8.411075395997614e-05,1.0,1.0,1.1377254724502563
1997,21,1874,suppresses_cannot,-9.56826625042595e-05,9.56826625042595e-05,0.0001074358369805,0.0001352147228317,0.1494845300912857,0.8505154848098755,0.7076349258422852
1998,16,8853,suppresses_cannot,-9.558311285218224e-05,9.558311285218224e-05,9.558311285218224e-05,8.696497388882563e-05,0.0,1.0,1.0990989208221436
1999,29,7590,suppresses_cannot,-9.557021257933228e-05,9.557021257933228e-05,9.557021257933228e-05,0.000110227301775,0.0,1.0,0.8670284748077393
2000,20,4504,suppresses_cannot,-9.55665236688219e-05,9.55665236688219e-05,9.55665236688219e-05,6.500966264866292e-05,0.0,1.0,1.4700356721878052
2001,13,8818,supports_cannot,9.556160512147473e-05,9.556160512147473e-05,9.61048062890768e-05,0.0001019618866848,0.984536111354828,0.984536111354828,0.9372286796569824
2002,11,3394,suppresses_cannot,-9.537972073303536e-05,9.537972073303536e-05,0.0001090672813006,0.000141981508932,0.1237113401293754,0.876288652420044,0.6717756390571594
2003,13,2048,supports_cannot,9.51397669268772e-05,9.51397669268772e-05,9.608053369447588e-05,8.923267887439579e-05,0.9639175534248352,0.9639175534248352,1.066198706626892
2004,12,96,suppresses_cannot,-9.481777669861911e-05,9.481777669861911e-05,0.0001049819038598,0.0001145673668361,0.0927835032343864,0.907216489315033,0.8276159167289734
2005,13,7261,supports_cannot,9.443987073609604e-05,9.443987073609604e-05,9.443987073609604e-05,0.0001177500744233,1.0,1.0,0.8020365834236145
2006,12,7597,supports_cannot,9.40591999096796e-05,9.40591999096796e-05,9.416059037903324e-05,0.0001330826198682,0.9896907210350036,0.9896907210350036,0.7067729830741882
2007,12,12926,supports_cannot,9.355717338621616e-05,9.355717338621616e-05,0.000113068781502,0.0002713192079681,0.7525773048400879,0.7525773048400879,0.344823271036148
2008,11,13939,suppresses_cannot,-9.264866093872116e-05,9.264866093872116e-05,9.264866093872116e-05,8.356216858373955e-05,0.0,1.0,1.1087392568588257
2009,12,513,suppresses_cannot,-9.26345310290344e-05,9.26345310290344e-05,9.453204256715252e-05,0.0001115884806495,0.0309278350323438,0.969072163105011,0.8301442265510559
2010,12,13973,supports_cannot,9.211651922669262e-05,9.211651922669262e-05,9.211651922669262e-05,7.12788023520261e-05,1.0,1.0,1.2923409938812256
2011,13,7787,suppresses_cannot,-9.210515418089926e-05,9.210515418089926e-05,0.0001546574640087,0.0002754614688456,0.1804123669862747,0.8195876479148865,0.3343667387962341
2012,12,5972,suppresses_cannot,-9.208487608702852e-05,9.208487608702852e-05,0.0001199270045617,0.0002409333537798,0.2319587618112564,0.7680412530899048,0.3822006285190582
2013,3,11012,supports_cannot,9.185475209960714e-05,9.185475209960714e-05,0.0001107322168536,0.0001357325963908,0.8659793734550476,0.8659793734550476,0.6767331957817078
2014,13,8022,supports_cannot,9.13828334887512e-05,9.13828334887512e-05,9.256754856323823e-05,0.0001417896855855,0.9278350472450256,0.9278350472450256,0.6444956064224243
2015,13,2482,supports_cannot,9.100523311644793e-05,9.100523311644793e-05,9.503069304628298e-05,0.0001253294030902,0.969072163105011,0.969072163105011,0.726128339767456
2016,10,9940,supports_cannot,9.084516204893588e-05,9.084516204893588e-05,9.3145776190795e-05,9.807669266592713e-05,0.938144326210022,0.938144326210022,0.9262665510177612
2017,13,11854,supports_cannot,9.055973350768908e-05,9.055973350768908e-05,9.055973350768908e-05,0.0001433334109606,1.0,1.0,0.6318117380142212
2018,13,10139,supports_cannot,9.040057921083644e-05,9.040057921083644e-05,9.044605394592509e-05,9.156826126854868e-05,0.9948453903198242,0.9948453903198242,0.9872479438781738
2019,12,231,supports_cannot,9.03597174328752e-05,9.03597174328752e-05,9.333872003480792e-05,0.0001344698830507,0.9793814420700072,0.9793814420700072,0.6719699501991272
2020,13,13614,supports_cannot,9.019534627441315e-05,9.019534627441315e-05,9.073178807739168e-05,8.532582432962954e-05,0.9742268323898317,0.9742268323898317,1.0570697784423828
2021,3,5299,supports_cannot,9.01898165466264e-05,9.01898165466264e-05,0.000101209298009,0.0001122867251979,0.9742268323898317,0.9742268323898317,0.8032099604606628
2022,11,2613,supports_cannot,8.989302295958623e-05,8.989302295958623e-05,9.03827603906393e-05,7.643970457138494e-05,0.9793814420700072,0.9793814420700072,1.1759990453720093
2023,13,12467,supports_cannot,8.980975690064952e-05,8.980975690064952e-05,8.991237700683996e-05,0.0001156745784101,0.9896907210350036,0.9896907210350036,0.7764001488685608
2024,13,7240,supports_cannot,8.97556819836609e-05,8.97556819836609e-05,9.118804155150428e-05,0.0001102182504837,0.9793814420700072,0.9793814420700072,0.8143450021743774
2025,13,7000,suppresses_cannot,-8.969700138550252e-05,8.969700138550252e-05,8.969700138550252e-05,0.0001006449820124,0.0,1.0,0.891221821308136
2026,2,9968,supports_cannot,8.95031334948726e-05,8.95031334948726e-05,0.0001375733554596,0.0002363777894061,0.7474226951599121,0.7474226951599121,0.3786444365978241
2027,0,13463,suppresses_cannot,-8.946441812440753e-05,8.946441812440753e-05,0.0001476514589739,0.0002286931703565,0.3144329786300659,0.6855670213699341,0.391198456287384
2028,12,2916,supports_cannot,8.932954369811341e-05,8.932954369811341e-05,9.031271474668756e-05,0.0001221584534505,0.9432989954948424,0.9432989954948424,0.7312596440315247
2029,13,10963,supports_cannot,8.930957119446248e-05,8.930957119446248e-05,8.9444758486934e-05,7.210408512037247e-05,0.984536111354828,0.984536111354828,1.2386201620101929
2030,8,5710,supports_cannot,8.898420492187142e-05,8.898420492187142e-05,0.0001006507372949,0.0001245043386006,0.984536111354828,0.984536111354828,0.7147076725959778
2031,12,3327,supports_cannot,8.869570592651144e-05,8.869570592651144e-05,0.0001421389461029,0.0002924673608504,0.6649484634399414,0.6649484634399414,0.3032670319080353
2032,12,7202,supports_cannot,8.840874215820804e-05,8.840874215820804e-05,8.842963870847598e-05,8.71246520546265e-05,0.9948453903198242,0.9948453903198242,1.0147385597229004
2033,8,5712,suppresses_cannot,-8.825819531921297e-05,8.825819531921297e-05,0.0001062526498571,0.0006111529073677,0.1958762854337692,0.8041236996650696,0.1444126218557357
2034,3,2145,supports_cannot,8.81054947967641e-05,8.81054947967641e-05,9.064883488463238e-05,6.873605161672458e-05,0.984536111354828,0.984536111354828,1.281794548034668
2035,11,7498,suppresses_cannot,-8.810211875243112e-05,8.810211875243112e-05,8.930465264711529e-05,8.918027015170082e-05,0.0154639175161719,0.984536111354828,0.9879104495048524
2036,13,1502,suppresses_cannot,-8.8077227701433e-05,8.8077227701433e-05,8.8077227701433e-05,6.767824379494414e-05,0.0,1.0,1.301411271095276
2037,13,5427,suppresses_cannot,-8.76845806487836e-05,8.76845806487836e-05,8.822224481264129e-05,7.910714339232072e-05,0.0257731955498456,0.9742268323898317,1.108428120613098
2038,12,4926,supports_cannot,8.691463153809309e-05,8.691463153809309e-05,0.0001156588186859,0.0001431534765288,0.9278350472450256,0.9278350472450256,0.607142984867096
2039,10,3056,suppresses_cannot,-8.650078234495595e-05,8.650078234495595e-05,0.0001014320514514,0.000103170001239,0.159793809056282,0.8402062058448792,0.8384295701980591
2040,13,1358,supports_cannot,8.641260501462966e-05,8.641260501462966e-05,0.0001100922381738,0.0001888076367322,0.7731958627700806,0.7731958627700806,0.4576753675937652
2041,2,14246,supports_cannot,8.635821723146364e-05,8.635821723146364e-05,8.841058297548443e-05,8.877153595676646e-05,0.9587628841400146,0.9587628841400146,0.9728142619132996
2042,9,592,supports_cannot,8.633825200377032e-05,8.633825200377032e-05,0.0001043572847265,0.0001776525168679,0.7010309100151062,0.7010309100151062,0.4859950840473175
2043,11,7504,suppresses_cannot,-8.566446922486648e-05,8.566446922486648e-05,9.892250818666072e-05,0.0001104858602047,0.1494845300912857,0.8505154848098755,0.7753432989120483
2044,1,12638,suppresses_cannot,-8.535692177247256e-05,8.535692177247256e-05,8.678620361024514e-05,0.0001079070498235,0.0360824726521968,0.9639175534248352,0.7910226583480835
2045,12,3237,suppresses_cannot,-8.523371798219159e-05,8.523371798219159e-05,8.573391096433625e-05,0.0001009829938993,0.0154639175161719,0.984536111354828,0.8440403342247009
2046,9,11308,supports_cannot,8.508808969054371e-05,8.508808969054371e-05,8.789319690549746e-05,0.0001553779729874,0.8969072103500366,0.8969072103500366,0.5476199984550476
2047,3,1072,suppresses_cannot,-8.476886432617903e-05,8.476886432617903e-05,8.99858059710823e-05,0.0001092575694201,0.0206185560673475,0.9793814420700072,0.7758626341819763
2048,8,4480,suppresses_cannot,-8.474029164062813e-05,8.474029164062813e-05,9.53099806793034e-05,0.0004234632360748,0.0463917516171932,0.9536082744598388,0.2001125067472458
2049,12,11278,supports_cannot,8.45230752020143e-05,8.45230752020143e-05,9.226061956724152e-05,7.874645234551281e-05,0.938144326210022,0.938144326210022,1.0733572244644165
2050,12,7997,supports_cannot,8.41500805108808e-05,8.41500805108808e-05,8.446654101135209e-05,0.0001218491452164,0.9587628841400146,0.9587628841400146,0.6906086802482605
2051,12,13076,suppresses_cannot,-8.41248911456205e-05,8.41248911456205e-05,8.757766045164317e-05,0.000118358155305,0.0154639175161719,0.984536111354828,0.7107654809951782
2052,12,5697,supports_cannot,8.405637345276773e-05,8.405637345276773e-05,8.510713814757764e-05,0.0001689722121227,0.9536082744598388,0.9536082744598388,0.4974567890167236
2053,13,6737,suppresses_cannot,-8.345633250428364e-05,8.345633250428364e-05,8.372977754333988e-05,9.26635693758726e-05,0.0103092780336737,0.9896907210350036,0.9006379842758179
2054,10,10415,suppresses_cannot,-8.328612602781504e-05,8.328612602781504e-05,8.430001616943628e-05,0.0001206638407893,0.0515463910996913,0.9484536051750184,0.6902326941490173
2055,0,11779,supports_cannot,8.326492388732731e-05,8.326492388732731e-05,8.364221139345318e-05,9.44031198741868e-05,0.9948453903198242,0.9948453903198242,0.8820145130157471
2056,12,12812,suppresses_cannot,-8.324925147462636e-05,8.324925147462636e-05,8.653488475829363e-05,9.027311170939356e-05,0.0515463910996913,0.9484536051750184,0.9221932291984558
2057,10,12642,suppresses_cannot,-8.320808410644531e-05,8.320808410644531e-05,0.0001888342667371,0.0003082480689045,0.3402061760425567,0.6597938537597656,0.2699387073516845
2058,11,2909,suppresses_cannot,-8.319886546814814e-05,8.319886546814814e-05,0.0001006906823022,0.000346620887285,0.3195876181125641,0.6804124116897583,0.2400284260511398
2059,11,1244,suppresses_cannot,-8.315892773680389e-05,8.315892773680389e-05,8.923184213927016e-05,9.54623319557868e-05,0.0515463910996913,0.9484536051750184,0.8711177110671997
2060,6,12689,suppresses_cannot,-8.259913010988384e-05,8.259913010988384e-05,0.0002274113794555,0.0003929410304408,0.3608247339725494,0.639175295829773,0.2102074474096298
2061,5,5270,supports_cannot,8.259605965577066e-05,8.259605965577066e-05,0.000104137303424,0.0001244620798388,0.9175257682800292,0.9175257682800292,0.6636242866516113
2062,13,4306,suppresses_cannot,-8.254413842223585e-05,8.254413842223585e-05,8.256994624389336e-05,0.0001073809835361,0.0051546390168368,0.9948453903198242,0.7687035202980042
2063,13,4078,suppresses_cannot,-8.249682286987081e-05,8.249682286987081e-05,8.399738726438954e-05,0.0001019103146973,0.0721649453043937,0.9278350472450256,0.8095041513442993
2064,13,12704,supports_cannot,8.239512681029737e-05,8.239512681029737e-05,8.252478437498212e-05,0.0001035400855471,0.9896907210350036,0.9896907210350036,0.7957800030708313
2065,12,13620,supports_cannot,8.187189814634621e-05,8.187189814634621e-05,8.280221663881093e-05,0.0001337891153525,0.9639175534248352,0.9639175534248352,0.6119473576545715
2066,9,5679,suppresses_cannot,-8.183564204955474e-05,8.183564204955474e-05,8.91344461706467e-05,9.44469284149818e-05,0.0618556700646877,0.938144326210022,0.8664722442626953
2067,13,2114,supports_cannot,8.156342664733529e-05,8.156342664733529e-05,8.21262874524109e-05,0.0001831013505579,0.9432989954948424,0.9432989954948424,0.4454550743103027
2068,12,10373,suppresses_cannot,-8.146664185915142e-05,8.146664185915142e-05,8.713031274965033e-05,9.2091788246762e-05,0.0515463910996913,0.9484536051750184,0.8846243619918823
2069,6,10980,supports_cannot,8.142332080751657e-05,8.142332080751657e-05,8.142332080751657e-05,7.752310193609446e-05,1.0,1.0,1.0503103733062744
2070,1,8823,supports_cannot,8.130933565553278e-05,8.130933565553278e-05,8.481617987854406e-05,8.798214548733085e-05,0.9896907210350036,0.9896907210350036,0.9241572022438048
2071,11,11553,supports_cannot,8.128967601805925e-05,8.128967601805925e-05,8.366280235350132e-05,8.549851918360218e-05,0.9742268323898317,0.9742268323898317,0.9507729411125184
2072,0,8727,supports_cannot,8.116923709167168e-05,8.116923709167168e-05,0.0001020222625811,0.0001129614174715,0.8402062058448792,0.8402062058448792,0.7185571789741516
2073,4,2027,suppresses_cannot,-8.116308890748769e-05,8.116308890748769e-05,0.0001355163840344,0.0001999520609388,0.1546391695737838,0.8453608155250549,0.4059127271175384
2074,12,9356,supports_cannot,8.075876394286752e-05,8.075876394286752e-05,8.108689507935196e-05,0.0001056833425536,0.9793814420700072,0.9793814420700072,0.7641579508781433
2075,1,11930,supports_cannot,8.042970875976607e-05,8.042970875976607e-05,8.053355850279331e-05,8.858720684656873e-05,0.9896907210350036,0.9896907210350036,0.9079155921936036
2076,2,138,supports_cannot,8.017470099730417e-05,8.017470099730417e-05,8.812915621092543e-05,0.0001096531705115,0.9587628841400146,0.9587628841400146,0.7311663031578064
2077,10,3204,supports_cannot,8.014520426513627e-05,8.014520426513627e-05,9.885123290587217e-05,0.0001202924031531,0.8659793734550476,0.8659793734550476,0.6662532687187195
2078,6,4125,supports_cannot,8.010587771423161e-05,8.010587771423161e-05,8.347814582521096e-05,0.0001470704446546,0.9896907210350036,0.9896907210350036,0.5446768999099731
2079,11,9527,suppresses_cannot,-8.001616515684873e-05,8.001616515684873e-05,8.03055809228681e-05,5.143647649674677e-05,0.0051546390168368,0.9948453903198242,1.555630803108215
2080,8,7281,supports_cannot,7.946804544189945e-05,7.946804544189945e-05,9.364719153381884e-05,0.0001336044369963,0.8969072103500366,0.8969072103500366,0.5948009490966797
2081,4,2388,suppresses_cannot,-7.942994852783158e-05,7.942994852783158e-05,8.317091123899445e-05,9.098467853618786e-05,0.0567010305821895,0.9432989954948424,0.8730035424232483
2082,3,1074,suppresses_cannot,-7.85450974944979e-05,7.85450974944979e-05,8.437098586000502e-05,0.0001184418506454,0.1237113401293754,0.876288652420044,0.6631532311439514
2083,11,8081,suppresses_cannot,-7.852758426452056e-05,7.852758426452056e-05,8.088289177976549e-05,0.000155216694111,0.1237113401293754,0.876288652420044,0.505922257900238
2084,8,8632,supports_cannot,7.807379006408155e-05,7.807379006408155e-05,0.0001805329375201,0.0003538905584719,0.5103092789649963,0.5103092789649963,0.2206156402826309
2085,10,5449,suppresses_cannot,-7.798222941346467e-05,7.798222941346467e-05,7.826243381714448e-05,0.0001211081398651,0.041237112134695,0.9587628841400146,0.643905758857727
2086,7,9983,supports_cannot,7.765225745970383e-05,7.765225745970383e-05,8.650201198179275e-05,0.0001646129094297,0.7371134161949158,0.7371134161949158,0.4717264175415039
2087,0,11579,supports_cannot,7.758773426758125e-05,7.758773426758125e-05,8.604913455201313e-05,0.0001455317542422,0.8350515365600586,0.8350515365600586,0.5331326723098755
2088,8,7903,supports_cannot,7.745715993223712e-05,7.745715993223712e-05,7.767591159790754e-05,8.061415428528562e-05,0.9948453903198242,0.9948453903198242,0.9608381986618042
2089,2,11898,suppresses_cannot,-7.705805182922632e-05,7.705805182922632e-05,7.979064685059711e-05,0.0001037944894051,0.0154639175161719,0.984536111354828,0.7424098253250122
2090,11,5364,suppresses_cannot,-7.702456059632823e-05,7.702456059632823e-05,8.15004386822693e-05,9.974023851100355e-05,0.0309278350323438,0.969072163105011,0.7722516059875488
2091,11,12936,suppresses_cannot,-7.685773016419262e-05,7.685773016419262e-05,8.270451507996768e-05,0.0001415224687661,0.1391752511262893,0.8608247637748718,0.5430779457092285
2092,10,6985,suppresses_cannot,-7.682055729674175e-05,7.682055729674175e-05,7.686787284910679e-05,7.973493484314531e-05,0.0051546390168368,0.9948453903198242,0.9634491801261902
2093,4,3869,suppresses_cannot,-7.584261038573459e-05,7.584261038573459e-05,9.010225039673968e-05,0.000109229433292,0.1340206116437912,0.8659793734550476,0.6943422555923462
2094,9,2142,suppresses_cannot,-7.563092367490754e-05,7.563092367490754e-05,0.0001193026910186,0.000265331036644,0.1340206116437912,0.8659793734550476,0.2850436270236969
2095,10,8892,supports_cannot,7.531569281127304e-05,7.531569281127304e-05,7.535993790952489e-05,6.38706042082049e-05,0.9948453903198242,0.9948453903198242,1.179191827774048
2096,6,8149,suppresses_cannot,-7.453898433595896e-05,7.453898433595896e-05,7.453898433595896e-05,7.864052167860791e-05,0.0,1.0,0.9478445053100586
2097,9,1516,suppresses_cannot,-7.446463860105723e-05,7.446463860105723e-05,9.346069418825208e-05,0.000168225946254,0.2886597812175751,0.7113401889801025,0.4426465630531311
2098,10,10671,suppresses_cannot,-7.370206731138751e-05,7.370206731138751e-05,7.370206731138751e-05,8.266035001724958e-05,0.0,1.0,0.8916254043579102
2099,7,3720,supports_cannot,7.357916911132634e-05,7.357916911132634e-05,0.0001038460395648,0.0002066563902189,0.7783505320549011,0.7783505320549011,0.3560459315776825
2100,11,7903,supports_cannot,7.353001274168491e-05,7.353001274168491e-05,7.354353147093207e-05,9.063300240086392e-05,0.9948453903198242,0.9948453903198242,0.8112940192222595
2101,11,9000,supports_cannot,7.327776256715879e-05,7.327776256715879e-05,7.376873691100627e-05,9.254127508029342e-05,0.969072163105011,0.969072163105011,0.7918387055397034
2102,8,2253,supports_cannot,7.326547347474843e-05,7.326547347474843e-05,7.911840657470748e-05,8.679078746354207e-05,0.938144326210022,0.938144326210022,0.844161868095398
2103,4,2119,supports_cannot,7.291859947144985e-05,7.291859947144985e-05,7.291859947144985e-05,7.515021570725366e-05,1.0,1.0,0.9703046083450316
2104,10,9322,supports_cannot,7.23062694305554e-05,7.23062694305554e-05,8.13329970696941e-05,0.0001089129073079,0.8402062058448792,0.8402062058448792,0.6638907194137573
2105,10,4148,suppresses_cannot,-7.201562402769923e-05,7.201562402769923e-05,8.178094867616892e-05,0.000121166165627,0.0721649453043937,0.9278350472450256,0.5943542122840881
2106,0,2612,suppresses_cannot,-7.050768908811733e-05,7.050768908811733e-05,7.894574082456529e-05,9.594242146704346e-05,0.0824742242693901,0.9175257682800292,0.7348958849906921
2107,10,13152,suppresses_cannot,-7.038970943540335e-05,7.038970943540335e-05,7.07448780303821e-05,5.956874156254344e-05,0.0154639175161719,0.984536111354828,1.1816551685333252
2108,10,9238,suppresses_cannot,-6.990641850279644e-05,6.990641850279644e-05,6.990641850279644e-05,0.0001067250486812,0.0,1.0,0.655014157295227
2109,8,4143,suppresses_cannot,-6.982530612731352e-05,6.982530612731352e-05,6.982530612731352e-05,7.250617636600509e-05,0.0,1.0,0.9630256295204164
2110,11,1797,suppresses_cannot,-6.908577779540792e-05,6.908577779540792e-05,6.912879325682297e-05,7.134133920772001e-05,0.0103092780336737,0.9896907210350036,0.9683835506439208
2111,10,1009,suppresses_cannot,-6.861877045594156e-05,6.861877045594156e-05,6.861877045594156e-05,6.526015204144642e-05,0.0,1.0,1.0514650344848633
2112,6,13894,supports_cannot,6.861508154543117e-05,6.861508154543117e-05,9.534622950013728e-05,0.0004020023916382,0.6185566782951355,0.6185566782951355,0.1706832647323608
2113,3,749,supports_cannot,6.831521750427783e-05,6.831521750427783e-05,7.349959196290001e-05,9.57646843744442e-05,0.9742268323898317,0.9742268323898317,0.7133654356002808
2114,9,4665,suppresses_cannot,-6.799845141358674e-05,6.799845141358674e-05,6.799845141358674e-05,7.72610364947468e-05,0.0,1.0,0.8801131248474121
2115,10,12328,supports_cannot,6.7639906774275e-05,6.7639906774275e-05,6.767984450561926e-05,9.656241309130564e-05,0.9896907210350036,0.9896907210350036,0.7004786133766174
2116,8,3133,suppresses_cannot,-6.748690066160634e-05,6.748690066160634e-05,7.224605360534042e-05,0.000102700505522,0.0154639175161719,0.984536111354828,0.657123327255249
2117,11,2049,supports_cannot,6.743343692505732e-05,6.743343692505732e-05,6.760672113159671e-05,7.34510540496558e-05,0.9896907210350036,0.9896907210350036,0.9180731177330016
2118,6,6352,supports_cannot,6.725492858095095e-05,6.725492858095095e-05,6.725492858095095e-05,7.126976561266929e-05,1.0,1.0,0.9436670541763306
2119,6,2843,suppresses_cannot,-6.724878767272457e-05,6.724878767272457e-05,7.752720557618886e-05,0.000109784246888,0.1546391695737838,0.8453608155250549,0.6125540733337402
2120,4,11927,suppresses_cannot,-6.724263948854059e-05,6.724263948854059e-05,6.935768760740757e-05,0.0008238704758696,0.22164948284626,0.7783505320549011,0.0816179737448692
2121,11,8208,suppresses_cannot,-6.714340270264074e-05,6.714340270264074e-05,8.679019811097533e-05,0.0001188656679005,0.1701030880212783,0.8298969268798828,0.5648679137229919
2122,11,1792,suppresses_cannot,-6.702019891235977e-05,6.702019891235977e-05,6.8325360189192e-05,9.465153561905026e-05,0.0309278350323438,0.969072163105011,0.7080730199813843
2123,6,9066,supports_cannot,6.660235521849245e-05,6.660235521849245e-05,8.481372060487047e-05,0.0001891773572424,0.7474226951599121,0.7474226951599121,0.3520630300045013
2124,11,7150,supports_cannot,6.616392056457698e-05,6.616392056457698e-05,7.475005986634642e-05,0.000105353523395,0.9484536051750184,0.9484536051750184,0.6280180811882019
2125,9,12428,suppresses_cannot,-6.612336437683553e-05,6.612336437683553e-05,6.768722232664004e-05,0.0002018079976551,0.0670103058218956,0.9329897165298462,0.3276548385620117
2126,10,12492,suppresses_cannot,-6.57580530969426e-05,6.57580530969426e-05,8.408310532104224e-05,0.0001468727277824,0.3659793734550476,0.6340206265449524,0.4477213323116302
2127,11,7052,supports_cannot,6.542592745972797e-05,6.542592745972797e-05,6.710223533445969e-05,6.925308116478845e-05,0.984536111354828,0.984536111354828,0.9447367191314696
2128,8,11419,suppresses_cannot,-6.518044392578304e-05,6.518044392578304e-05,7.734286191407591e-05,0.0001781896135071,0.2783505022525787,0.7216495275497437,0.3657926023006439
2129,1,4798,suppresses_cannot,-6.516969006042928e-05,6.516969006042928e-05,6.542777555296198e-05,8.067383896559477e-05,0.0103092780336737,0.9896907210350036,0.8078169226646423
2130,5,13418,supports_cannot,6.49659923510626e-05,6.49659923510626e-05,6.564438081113622e-05,6.86909188516438e-05,0.969072163105011,0.969072163105011,0.945772647857666
2131,11,12723,supports_cannot,6.460406439146027e-05,6.460406439146027e-05,6.473310349974781e-05,7.259455014718696e-05,0.984536111354828,0.984536111354828,0.8899299502372742
2132,11,5133,suppresses_cannot,-6.443722668336704e-05,6.443722668336704e-05,7.250290218507871e-05,9.123859490500764e-05,0.1546391695737838,0.8453608155250549,0.7062496542930603
2133,7,11029,suppresses_cannot,-6.406393367797136e-05,6.406393367797136e-05,6.479761941591278e-05,0.0001070441358024,0.0206185560673475,0.9793814420700072,0.5984814763069153
2134,5,2988,supports_cannot,6.403597217286006e-05,6.403597217286006e-05,6.409742491086945e-05,8.543063449906185e-05,0.9896907210350036,0.9896907210350036,0.7495668530464172
2135,10,2238,suppresses_cannot,-6.348631723085418e-05,6.348631723085418e-05,9.666460391599684e-05,0.0001214792355312,0.2783505022525787,0.7216495275497437,0.5226104259490967
2136,11,10895,suppresses_cannot,-6.346726877382025e-05,6.346726877382025e-05,6.346726877382025e-05,0.0001011366694001,0.0,1.0,0.6275396347045898
2137,11,4146,supports_cannot,6.344760913634673e-05,6.344760913634673e-05,6.754619244020432e-05,0.0001018335970002,0.9175257682800292,0.9175257682800292,0.6230518221855164
2138,11,81,supports_cannot,6.338646926451474e-05,6.338646926451474e-05,6.765895523130894e-05,9.756706276675686e-05,0.8041236996650696,0.8041236996650696,0.6496707797050476
2139,11,12117,supports_cannot,6.312684854492545e-05,6.312684854492545e-05,7.488494156859815e-05,0.0001172503834823,0.9278350472450256,0.9278350472450256,0.5383935570716858
2140,2,5499,suppresses_cannot,-6.272436439758167e-05,6.272436439758167e-05,6.648437556577846e-05,8.977407560450956e-05,0.0206185560673475,0.9793814420700072,0.6986913084983826
2141,11,4114,suppresses_cannot,-6.269149162108079e-05,6.269149162108079e-05,6.269149162108079e-05,7.157090294640511e-05,0.0,1.0,0.875935435295105
2142,11,3871,supports_cannot,6.261068483581766e-05,6.261068483581766e-05,6.344023131532595e-05,9.067804785445333e-05,0.9536082744598388,0.9536082744598388,0.6904723644256592
2143,7,14299,suppresses_cannot,-6.242572999326512e-05,6.242572999326512e-05,6.858466804260388e-05,0.0001067649573087,0.1134020611643791,0.8865979313850403,0.5847024321556091
2144,11,1568,suppresses_cannot,-6.23436935711652e-05,6.23436935711652e-05,6.239407957764342e-05,7.678331166971475e-05,0.0051546390168368,0.9948453903198242,0.8119432926177979
2145,10,6822,suppresses_cannot,-6.232095620362088e-05,6.232095620362088e-05,7.77167733758688e-05,0.0001110521770897,0.1391752511262893,0.8608247637748718,0.5611862540245056
2146,9,11959,supports_cannot,6.202508666319773e-05,6.202508666319773e-05,8.549763879273087e-05,0.0001040883144014,0.876288652420044,0.876288652420044,0.5958890318870544
2147,6,5517,supports_cannot,6.198576011229306e-05,6.198576011229306e-05,6.198576011229306e-05,4.9253150791628286e-05,1.0,1.0,1.258513569831848
2148,11,11291,supports_cannot,6.19163183728233e-05,6.19163183728233e-05,6.19163183728233e-05,5.465069261845201e-05,1.0,1.0,1.1329466104507446
2149,11,6464,suppresses_cannot,-6.160477641969919e-05,6.160477641969919e-05,6.621830107178539e-05,0.0001474222372053,0.1030927821993827,0.8969072103500366,0.4178798198699951
2150,11,6266,supports_cannot,6.158757605589926e-05,6.158757605589926e-05,6.387283065123484e-05,0.0001210784103022,0.9278350472450256,0.9278350472450256,0.5086585879325867
2151,9,10930,suppresses_cannot,-6.133440911071375e-05,6.133440911071375e-05,6.298613152466714e-05,0.0001357005530735,0.0773195847868919,0.92268043756485,0.4519834816455841
2152,6,5760,supports_cannot,6.130307156126946e-05,6.130307156126946e-05,8.273739513242617e-05,0.0003962577902711,0.6494845151901245,0.6494845151901245,0.1547050327062606
2153,10,14261,supports_cannot,6.128862878540531e-05,6.128862878540531e-05,6.493066030088812e-05,8.564910967834294e-05,0.969072163105011,0.969072163105011,0.7155781388282776
2154,11,13978,suppresses_cannot,-6.124992069089785e-05,6.124992069089785e-05,6.226319965207949e-05,8.053981582634151e-05,0.0360824726521968,0.9639175534248352,0.7604924440383911
2155,9,1228,suppresses_cannot,-6.09227063250728e-05,6.09227063250728e-05,8.13922961242497e-05,0.0002287884999532,0.3350515365600586,0.6649484634399414,0.2662839591503143
2156,2,1601,supports_cannot,6.0573067457880825e-05,6.0573067457880825e-05,8.760776836425066e-05,0.0001202856583404,0.8092783689498901,0.8092783689498901,0.5035768151283264
2157,11,9719,supports_cannot,6.048888099030592e-05,6.048888099030592e-05,6.096633296692744e-05,9.155157022178172e-05,0.984536111354828,0.984536111354828,0.6607083082199097
2158,9,8690,supports_cannot,6.039332947693765e-05,6.039332947693765e-05,6.095742355682887e-05,8.416779746767133e-05,0.969072163105011,0.969072163105011,0.7175348401069641
2159,10,12035,suppresses_cannot,-6.022066008881666e-05,6.022066008881666e-05,8.820903894957155e-05,0.000131655295263,0.1030927821993827,0.8969072103500366,0.4574116170406341
2160,11,12227,supports_cannot,5.99244813201949e-05,5.99244813201949e-05,0.0001152873664977,0.0001562199468025,0.7628865838050842,0.7628865838050842,0.3835904598236084
2161,11,6404,suppresses_cannot,-5.976011016173288e-05,5.976011016173288e-05,6.15752869634889e-05,8.267268276540563e-05,0.0154639175161719,0.984536111354828,0.7228519320487976
2162,10,3769,suppresses_cannot,-5.9746897022705525e-05,5.9746897022705525e-05,6.085603672545403e-05,6.149921682663262e-05,0.0463917516171932,0.9536082744598388,0.971506655216217
2163,11,8989,supports_cannot,5.960341513855383e-05,5.960341513855383e-05,6.184197263792157e-05,5.971771315671504e-05,0.938144326210022,0.938144326210022,0.9980860352516174
2164,2,3452,supports_cannot,5.87870781600941e-05,5.87870781600941e-05,7.541554805357009e-05,0.0004723615420516,0.3402061760425567,0.6597938537597656,0.124453566968441
2165,0,2762,supports_cannot,5.8705660194391385e-05,5.8705660194391385e-05,6.94633781677112e-05,8.361664367839694e-05,0.9536082744598388,0.9536082744598388,0.702081024646759
2166,10,12385,supports_cannot,5.866602441528812e-05,5.866602441528812e-05,7.355858542723581e-05,0.0001053823943948,0.7989690899848938,0.7989690899848938,0.5566966533660889
2167,8,9963,suppresses_cannot,-5.8627927501220256e-05,5.8627927501220256e-05,5.8627927501220256e-05,5.3404481150209904e-05,0.0,1.0,1.0978091955184937
2168,10,650,supports_cannot,5.860488454345614e-05,5.860488454345614e-05,6.449099601013586e-05,8.547738252673298e-05,0.8969072103500366,0.8969072103500366,0.6856186389923096
2169,6,3888,suppresses_cannot,-5.8231893490301445e-05,5.8231893490301445e-05,6.688685971312225e-05,6.742429104633629e-05,0.0876288637518882,0.9123711585998536,0.8636634349822998
2170,2,4190,suppresses_cannot,-5.820823571411893e-05,5.820823571411893e-05,5.9108449931954965e-05,7.983997056726366e-05,0.0257731955498456,0.9742268323898317,0.7290613651275635
2171,4,9185,supports_cannot,5.813572715851478e-05,5.813572715851478e-05,6.393765943357721e-05,7.21146134310402e-05,0.9793814420700072,0.9793814420700072,0.8061573505401611
2172,9,6683,supports_cannot,5.798425991088152e-05,5.798425991088152e-05,5.85305315325968e-05,9.311654866905884e-05,0.9329897165298462,0.9329897165298462,0.6227062940597534
2173,8,3912,supports_cannot,5.796336699859239e-05,5.796336699859239e-05,0.0001597109512658,0.0002916959056165,0.592783510684967,0.592783510684967,0.1987116187810897
2174,10,6050,supports_cannot,5.790775685454719e-05,5.790775685454719e-05,5.827644417877309e-05,4.432391142472625e-05,0.9742268323898317,0.9742268323898317,1.3064676523208618
2175,4,1721,supports_cannot,5.774307646788657e-05,5.774307646788657e-05,6.407345790648833e-05,0.0001039155977196,0.8608247637748718,0.8608247637748718,0.555672824382782
2176,9,9571,suppresses_cannot,-5.7528926845407113e-05,5.7528926845407113e-05,0.0001080367946997,0.0002113299851771,0.3917525708675384,0.6082473993301392,0.2722232043743133
2177,2,13353,suppresses_cannot,-5.714457074645907e-05,5.714457074645907e-05,5.7958757679443806e-05,5.806664194096811e-05,0.0154639175161719,0.984536111354828,0.9841204881668092
2178,10,1918,suppresses_cannot,-5.708496610168368e-05,5.708496610168368e-05,0.0001298886636504,0.0001881411444628,0.3659793734550476,0.6340206265449524,0.3034156560897827
2179,8,4337,suppresses_cannot,-5.6951623264467344e-05,5.6951623264467344e-05,7.941458898130804e-05,0.0004469819250516,0.5463917255401611,0.5463917255401611,0.1274137049913406
2180,9,388,suppresses_cannot,-5.679032256011851e-05,5.679032256011851e-05,6.811336061218753e-05,0.0001961461966857,0.257731944322586,0.7422680854797363,0.2895305752754211
2181,4,3517,supports_cannot,5.668493759003468e-05,5.668493759003468e-05,8.230756066041067e-05,0.0001384868228342,0.7268041372299194,0.7268041372299194,0.4093164801597595
2182,10,11611,suppresses_cannot,-5.6665889133000746e-05,5.6665889133000746e-05,6.10624992987141e-05,0.000105292579974,0.0824742242693901,0.9175257682800292,0.5381755232810974
2183,6,12809,suppresses_cannot,-5.657126166624949e-05,5.657126166624949e-05,5.676236469298601e-05,6.475162808783352e-05,0.0051546390168368,0.9948453903198242,0.873665452003479
2184,9,10476,suppresses_cannot,-5.617891292786226e-05,5.617891292786226e-05,5.976133616059087e-05,0.0001588698505656,0.1237113401293754,0.876288652420044,0.353615939617157
2185,10,5884,supports_cannot,5.613190660369583e-05,5.613190660369583e-05,5.960187991149724e-05,6.500558811239898e-05,0.9742268323898317,0.9742268323898317,0.8634935617446899
2186,7,9523,suppresses_cannot,-5.583971869782545e-05,5.583971869782545e-05,5.7058849051827565e-05,5.4574320529354736e-05,0.041237112134695,0.9587628841400146,1.0231866836547852
2187,0,1698,supports_cannot,5.560160934692249e-05,5.560160934692249e-05,5.749789852416143e-05,7.095904584275559e-05,0.9278350472450256,0.9278350472450256,0.7835732102394104
2188,9,616,supports_cannot,5.545904787140898e-05,5.545904787140898e-05,5.60821317776572e-05,8.001285459613428e-05,0.9639175534248352,0.9639175534248352,0.6931267380714417
2189,3,3214,supports_cannot,5.541757127502933e-05,5.541757127502933e-05,7.565918349428102e-05,0.0001005275407806,0.9587628841400146,0.9587628841400146,0.5512675642967224
2190,9,3459,suppresses_cannot,-5.540128768188879e-05,5.540128768188879e-05,5.542893995880149e-05,5.808969945064746e-05,0.0103092780336737,0.9896907210350036,0.953719675540924
2191,8,7331,suppresses_cannot,-5.526702443603426e-05,5.526702443603426e-05,9.993302228394896e-05,0.0002366077242186,0.3041236996650696,0.6958763003349304,0.2335808128118515
2192,8,14144,supports_cannot,5.516686360351741e-05,5.516686360351741e-05,5.577458432526328e-05,6.263139948714525e-05,0.984536111354828,0.984536111354828,0.8808180093765259
2193,6,12140,suppresses_cannot,-5.507161768036895e-05,5.507161768036895e-05,7.012025889707729e-05,0.0001074283645721,0.0824742242693901,0.9175257682800292,0.5126357078552246
2194,10,7078,supports_cannot,5.50571785424836e-05,5.50571785424836e-05,5.510203482117504e-05,4.8953999794321135e-05,0.9948453903198242,0.9948453903198242,1.1246716976165771
2195,4,576,suppresses_cannot,-5.504673390532844e-05,5.504673390532844e-05,5.504673390532844e-05,5.964380761724897e-05,0.0,1.0,0.9229245185852052
2196,5,11276,suppresses_cannot,-5.476222941069864e-05,5.476222941069864e-05,5.550021887756884e-05,6.116826261859387e-05,0.0154639175161719,0.984536111354828,0.8952719569206238
2197,9,6294,supports_cannot,5.4549003834836185e-05,5.4549003834836185e-05,6.000682333251461e-05,0.0001579097588546,0.7938144207000732,0.7938144207000732,0.3454441726207733
2198,10,1973,suppresses_cannot,-5.4516742238774896e-05,5.4516742238774896e-05,7.449474651366472e-05,9.7621617896948e-05,0.159793809056282,0.8402062058448792,0.5584495067596436
2199,7,6718,suppresses_cannot,-5.444238922791556e-05,5.444238922791556e-05,5.444238922791556e-05,4.593831181409769e-05,0.0,1.0,1.1851195096969604
2200,0,11154,suppresses_cannot,-5.43164205737412e-05,5.43164205737412e-05,5.831915041198954e-05,9.371402120450512e-05,0.128865972161293,0.8711340427398682,0.5795975923538208
2201,7,8496,supports_cannot,5.428999793366529e-05,5.428999793366529e-05,7.735576946288347e-05,0.000134704314405,0.8298969268798828,0.8298969268798828,0.4030308723449707
2202,10,4263,suppresses_cannot,-5.4176322009880096e-05,5.4176322009880096e-05,5.54286343685817e-05,5.003753540222533e-05,0.0257731955498456,0.9742268323898317,1.082713603973389
2203,9,7629,suppresses_cannot,-5.416587373474613e-05,5.416587373474613e-05,6.263342220336199e-05,8.071228512562811e-05,0.041237112134695,0.9587628841400146,0.6710982322692871
2204,9,13457,suppresses_cannot,-5.4084455769043416e-05,5.4084455769043416e-05,6.029931682860479e-05,6.204404780874029e-05,0.0515463910996913,0.9484536051750184,0.8717105984687805
2205,10,7999,suppresses_cannot,-5.3766463679494336e-05,5.3766463679494336e-05,5.849980880157091e-05,8.288745448226109e-05,0.1185567006468772,0.8814433217048645,0.6486682891845703
2206,10,7595,suppresses_cannot,-5.341221549315378e-05,5.341221549315378e-05,5.3455842135008425e-05,5.945397060713731e-05,0.0051546390168368,0.9948453903198242,0.8983792662620544
2207,9,6435,suppresses_cannot,-5.331113061401993e-05,5.331113061401993e-05,0.0001450746349291,0.0002487621677573,0.2628865838050842,0.7371134161949158,0.2143056243658065
2208,2,13942,supports_cannot,5.321004937286489e-05,5.321004937286489e-05,6.907532952027395e-05,9.671002044342458e-05,0.7989690899848938,0.7989690899848938,0.5502020120620728
2209,10,8888,supports_cannot,5.303737998474389e-05,5.303737998474389e-05,5.610302468994632e-05,0.0001041766590788,0.8865979313850403,0.8865979313850403,0.5091100335121155
2210,10,5354,suppresses_cannot,-5.290649642120116e-05,5.290649642120116e-05,5.399719884735532e-05,9.530522947898136e-05,0.0721649453043937,0.9278350472450256,0.5551269054412842
2211,0,11311,suppresses_cannot,-5.276147930999287e-05,5.276147930999287e-05,8.845666889101267e-05,0.0001600633258931,0.2989690601825714,0.701030969619751,0.3296287953853607
2212,9,7318,supports_cannot,5.274642535368912e-05,5.274642535368912e-05,5.330068597686477e-05,7.92150676716119e-05,0.984536111354828,0.984536111354828,0.6658635139465332
2213,9,12650,suppresses_cannot,-5.273413262329996e-05,5.273413262329996e-05,5.569716086029075e-05,5.8924706536345184e-05,0.0309278350323438,0.969072163105011,0.894940972328186
2214,3,6864,suppresses_cannot,-5.248864908935502e-05,5.248864908935502e-05,5.429153679870069e-05,4.201968113193288e-05,0.0154639175161719,0.984536111354828,1.249144434928894
2215,6,2439,suppresses_cannot,-5.235684147919528e-05,5.235684147919528e-05,5.927159509155899e-05,0.0001236245443578,0.2422680407762527,0.7577319741249084,0.4235149323940277
2216,5,12767,suppresses_cannot,-5.2023486205143854e-05,5.2023486205143854e-05,5.71064738323912e-05,7.754903344903141e-05,0.1443298906087875,0.8556700944900513,0.6708463430404663
2217,10,1174,supports_cannot,5.196572601562366e-05,5.196572601562366e-05,5.5113097914727405e-05,7.392426050500944e-05,0.9742268323898317,0.9742268323898317,0.7029590010643005
2218,7,2899,suppresses_cannot,-5.18686392751988e-05,5.18686392751988e-05,7.116272172424942e-05,0.0001412846904713,0.190721645951271,0.8092783689498901,0.3671214282512665
2219,2,2882,suppresses_cannot,-5.1825318223563954e-05,5.1825318223563954e-05,5.675038119079545e-05,9.716456406749784e-05,0.0979381427168846,0.9020618796348572,0.5333767533302307
2220,7,14021,suppresses_cannot,-5.146308103576303e-05,5.146308103576303e-05,5.427125870482996e-05,7.117546920198947e-05,0.1494845300912857,0.8505154848098755,0.7230451703071594
2221,2,7332,suppresses_cannot,-5.1223432819824666e-05,5.1223432819824666e-05,5.964981028228067e-05,8.43596862978302e-05,0.1237113401293754,0.876288652420044,0.6072027683258057
2222,8,8675,suppresses_cannot,-5.117673208587803e-05,5.117673208587803e-05,7.249492045957595e-05,0.0001446835231035,0.3298968970775604,0.6701030731201172,0.3537150025367737
2223,10,3956,suppresses_cannot,-5.1134946261299774e-05,5.1134946261299774e-05,6.165178638184443e-05,0.0002689629036467,0.4845360815525055,0.5154639482498169,0.1901189535856247
2224,5,13839,suppresses_cannot,-5.09561323269736e-05,5.09561323269736e-05,5.09561323269736e-05,5.700968176824972e-05,0.0,1.0,0.8938153982162476
2225,6,12543,supports_cannot,5.092540959594771e-05,5.092540959594771e-05,6.660266080871224e-05,0.0001197714445879,0.8195876479148865,0.8195876479148865,0.4251882433891296
2226,7,7107,supports_cannot,5.0826172810047865e-05,5.0826172810047865e-05,5.993339073029347e-05,9.98711766442284e-05,0.92268043756485,0.92268043756485,0.5089173316955566
2227,9,12015,suppresses_cannot,-5.056839654571377e-05,5.056839654571377e-05,5.062738637207076e-05,7.709817145951092e-05,0.0051546390168368,0.9948453903198242,0.6558961868286133
2228,10,4084,supports_cannot,5.0566246500238776e-05,5.0566246500238776e-05,6.021728040650487e-05,6.572200072696432e-05,0.876288652420044,0.876288652420044,0.7693960070610046
2229,5,5118,suppresses_cannot,-5.037053415435366e-05,5.037053415435366e-05,7.888674736022949e-05,0.000129751075292,0.3608247339725494,0.639175295829773,0.3882089853286743
2230,4,2577,suppresses_cannot,-5.02737530041486e-05,5.02737530041486e-05,5.444730777526274e-05,5.300247357808985e-05,0.0515463910996913,0.9484536051750184,0.948517084121704
2231,3,5869,supports_cannot,5.013826012145728e-05,5.013826012145728e-05,6.155961455078796e-05,0.0001194668730022,0.7835051417350769,0.7835051417350769,0.4196833670139313
2232,2,5502,suppresses_cannot,-5.011521716369316e-05,5.011521716369316e-05,5.583726306213066e-05,8.476311631966382e-05,0.0927835032343864,0.907216489315033,0.5912384986877441
2233,9,11726,suppresses_cannot,-5.0044858653564006e-05,5.0044858653564006e-05,5.059543400420807e-05,6.57003402011469e-05,0.041237112134695,0.9587628841400146,0.7617138624191284
2234,7,11957,supports_cannot,4.988263390259817e-05,4.988263390259817e-05,5.062247146270238e-05,7.784806803101674e-05,0.969072163105011,0.969072163105011,0.6407690644264221
2235,7,12910,suppresses_cannot,-4.960949809174053e-05,4.960949809174053e-05,8.043984416872263e-05,0.0001335436245426,0.3195876181125641,0.6804124116897583,0.3714853227138519
2236,5,13861,supports_cannot,4.926415931549855e-05,4.926415931549855e-05,0.0001243721635546,0.0002045354631263,0.6443299055099487,0.6443299055099487,0.2408587634563446
2237,1,88,supports_cannot,4.9258629587711766e-05,4.9258629587711766e-05,5.147322008269839e-05,5.78204017074313e-05,0.9484536051750184,0.9484536051750184,0.8519247174263
2238,7,5489,supports_cannot,4.9203328671865165e-05,4.9203328671865165e-05,9.437627159059048e-05,0.0001609360770089,0.6288659572601318,0.6288659572601318,0.3057321310043335
2239,0,10390,supports_cannot,4.915570389130153e-05,4.915570389130153e-05,5.019233503844589e-05,5.2927549404557794e-05,0.969072163105011,0.969072163105011,0.9287356734275818
2240,9,2365,supports_cannot,4.904571324004792e-05,4.904571324004792e-05,4.926876863464713e-05,5.07863296661526e-05,0.9896907210350036,0.9896907210350036,0.965726673603058
2241,8,12482,suppresses_cannot,-4.87925462948624e-05,4.87925462948624e-05,4.8932648496702313e-05,4.373671617941e-05,0.0051546390168368,0.9948453903198242,1.115596890449524
2242,8,11129,suppresses_cannot,-4.877011815551669e-05,4.877011815551669e-05,5.359686474548653e-05,6.672157178400084e-05,0.0463917516171932,0.9536082744598388,0.7309497594833374
2243,8,1854,suppresses_cannot,-4.872372301178984e-05,4.872372301178984e-05,5.044181307312101e-05,6.65561092318967e-05,0.0206185560673475,0.9793814420700072,0.7320699095726013
2244,7,10827,suppresses_cannot,-4.8712663556216285e-05,4.8712663556216285e-05,5.307732135406695e-05,6.799747643526644e-05,0.0515463910996913,0.9484536051750184,0.7163892984390259
2245,9,7054,suppresses_cannot,-4.86527533212211e-05,4.86527533212211e-05,4.884754162048921e-05,7.887608808232471e-05,0.0206185560673475,0.9793814420700072,0.6168251037597656
2246,2,6973,supports_cannot,4.852064012084156e-05,4.852064012084156e-05,5.253135532257147e-05,8.512123895343393e-05,0.8814433217048645,0.8814433217048645,0.5700179934501648
2247,7,8236,suppresses_cannot,-4.8459805839229375e-05,4.8459805839229375e-05,4.848622847930528e-05,5.2118615712970495e-05,0.0103092780336737,0.9896907210350036,0.929798424243927
2248,5,3463,suppresses_cannot,-4.821124821319245e-05,4.821124821319245e-05,4.9856211262522265e-05,8.436966891167685e-05,0.0309278350323438,0.969072163105011,0.571428656578064
2249,1,286,suppresses_cannot,-4.811846156371757e-05,4.811846156371757e-05,5.116505781188607e-05,5.247463923296891e-05,0.041237112134695,0.9587628841400146,0.9169850945472716
2250,9,4728,suppresses_cannot,-4.806408105650917e-05,4.806408105650917e-05,5.264749052003026e-05,0.0001627573510631,0.2061855643987655,0.7938144207000732,0.2953112721443176
2251,6,6514,supports_cannot,4.7972829634090886e-05,4.7972829634090886e-05,5.685207725036889e-05,0.0004740681033581,0.3762886524200439,0.623711347579956,0.1011939644813537
2252,4,8232,supports_cannot,4.784225166076794e-05,4.784225166076794e-05,4.784225166076794e-05,4.59649418189656e-05,1.0,1.0,1.0408421754837036
2253,6,399,supports_cannot,4.7824123612372205e-05,4.7824123612372205e-05,6.570183177245781e-05,0.0001148857409134,0.7474226951599121,0.7474226951599121,0.4162755310535431
2254,3,5138,suppresses_cannot,-4.774700573761948e-05,4.774700573761948e-05,7.610284228576347e-05,0.0006132041453383,0.5773195624351501,0.5773195624351501,0.0778647810220718
2255,3,12375,suppresses_cannot,-4.771597741637379e-05,4.771597741637379e-05,4.772396277985536e-05,4.9380392738385126e-05,0.0051546390168368,0.9948453903198242,0.96629399061203
2256,3,11398,suppresses_cannot,-4.75983033538796e-05,4.75983033538796e-05,4.777158756041899e-05,7.517519406974316e-05,0.0257731955498456,0.9742268323898317,0.6331650018692017
2257,9,349,suppresses_cannot,-4.749937215819955e-05,4.749937215819955e-05,5.526087988982909e-05,0.0001058366106008,0.2680412232875824,0.7319587469100952,0.4487990736961365
2258,6,13117,supports_cannot,4.7388457460328937e-05,4.7388457460328937e-05,6.347987073240802e-05,0.0001023889853968,0.8350515365600586,0.8350515365600586,0.4628276824951172
2259,1,3400,suppresses_cannot,-4.734421600005589e-05,4.734421600005589e-05,6.568647222593427e-05,0.0001483052474213,0.1701030880212783,0.8298969268798828,0.3192349374294281
2260,9,4402,suppresses_cannot,-4.726678889710456e-05,4.726678889710456e-05,5.967807373963296e-05,5.920722105656751e-05,0.0979381427168846,0.9020618796348572,0.7983281016349792
2261,9,5536,supports_cannot,4.707968037109822e-05,4.707968037109822e-05,6.088215013733134e-05,0.0001120549131883,0.7371134161949158,0.7371134161949158,0.4201482832431793
2262,8,3440,supports_cannot,4.705264291260392e-05,4.705264291260392e-05,4.938275378663093e-05,7.106426346581429e-05,0.9278350472450256,0.9278350472450256,0.6621139645576477
2263,9,7310,suppresses_cannot,-4.704311868408695e-05,4.704311868408695e-05,5.612023232970387e-05,0.0001579753152327,0.2268041223287582,0.7731958627700806,0.2977877855300903
2264,7,11354,supports_cannot,4.704250386566855e-05,4.704250386566855e-05,6.603979272767901e-05,0.000160948940902,0.592783510684967,0.592783510684967,0.2922821640968323
2265,7,4978,supports_cannot,4.678964614868164e-05,4.678964614868164e-05,5.643699478241615e-05,7.719847053522244e-05,0.8917526006698608,0.8917526006698608,0.6060954928398132
2266,0,5290,supports_cannot,4.678442201111466e-05,4.678442201111466e-05,4.6785036829533055e-05,5.857706855749712e-05,0.9948453903198242,0.9948453903198242,0.7986814975738525
2267,9,932,suppresses_cannot,-4.674263982451521e-05,4.674263982451521e-05,5.159519423614256e-05,9.310874884249642e-05,0.1030927821993827,0.8969072103500366,0.5020219683647156
2268,3,7677,suppresses_cannot,-4.663940489990637e-05,4.663940489990637e-05,4.76250315841753e-05,4.337461359682493e-05,0.0154639175161719,0.984536111354828,1.07526957988739
2269,0,2605,suppresses_cannot,-4.655706652556546e-05,4.655706652556546e-05,0.0001773874100763,0.0003560207551345,0.2835051417350769,0.7164948582649231,0.1307706534862518
2270,6,319,suppresses_cannot,-4.639914186554961e-05,4.639914186554961e-05,4.855474253417924e-05,6.31629372946918e-05,0.0206185560673475,0.9793814420700072,0.7345944046974182
2271,3,3117,supports_cannot,4.6330937038874254e-05,4.6330937038874254e-05,5.196203710511327e-05,5.6699002016102895e-05,0.9432989954948424,0.9432989954948424,0.8171384930610657
2272,9,7463,supports_cannot,4.627102316590026e-05,4.627102316590026e-05,4.743853787658736e-05,4.275783430784941e-05,0.9639175534248352,0.9639175534248352,1.0821647644042969
2273,2,10709,suppresses_cannot,-4.622340202331543e-05,4.622340202331543e-05,4.759246439789422e-05,9.378948743687944e-05,0.0876288637518882,0.9123711585998536,0.4928420484066009
2274,7,9629,supports_cannot,4.6133380237733945e-05,4.6133380237733945e-05,5.169443102204241e-05,6.328642484731972e-05,0.9123711585998536,0.9123711585998536,0.728961706161499
2275,6,10831,supports_cannot,4.611064650816843e-05,4.611064650816843e-05,5.8106539654545486e-05,9.607234096620232e-05,0.8144329786300659,0.8144329786300659,0.4799575507640838
2276,9,8332,suppresses_cannot,-4.599696694640443e-05,4.599696694640443e-05,4.992226968170144e-05,6.284499249886721e-05,0.0979381427168846,0.9020618796348572,0.7319114208221436
2277,9,3027,supports_cannot,4.597238512360491e-05,4.597238512360491e-05,4.607684968505055e-05,6.98654621373862e-05,0.984536111354828,0.984536111354828,0.6580130457878113
2278,9,2309,supports_cannot,4.57474852737505e-05,4.57474852737505e-05,5.2399856940610334e-05,0.0001073892199201,0.7886598110198975,0.7886598110198975,0.4259969890117645
2279,2,11905,supports_cannot,4.572106263367459e-05,4.572106263367459e-05,4.6762608690187335e-05,3.995060978922993e-05,0.9896907210350036,0.9896907210350036,1.144439697265625
2280,3,544,suppresses_cannot,-4.544639159576036e-05,4.544639159576036e-05,5.640012750518508e-05,0.0001384105999022,0.3969072103500366,0.6030927896499634,0.3283447325229645
2281,7,5038,suppresses_cannot,-4.540153531706892e-05,4.540153531706892e-05,4.85366144857835e-05,9.271786257158964e-05,0.128865972161293,0.8711340427398682,0.4896740913391113
2282,5,3001,supports_cannot,4.537142376648262e-05,4.537142376648262e-05,4.563995389617048e-05,4.40989933849778e-05,0.9896907210350036,0.9896907210350036,1.0288540124893188
2283,6,1271,suppresses_cannot,-4.535882908385247e-05,4.535882908385247e-05,4.614904901245609e-05,5.187010538065806e-05,0.0309278350323438,0.969072163105011,0.8744695782661438
2284,9,5555,suppresses_cannot,-4.522394738160074e-05,4.522394738160074e-05,4.6459670556942e-05,7.908324914751574e-05,0.041237112134695,0.9587628841400146,0.571852445602417
2285,7,8668,supports_cannot,4.522087692748755e-05,4.522087692748755e-05,4.541075031738728e-05,6.974714051466435e-05,0.9742268323898317,0.9742268323898317,0.6483545899391174
2286,4,7096,suppresses_cannot,-4.513054955168627e-05,4.513054955168627e-05,5.4647625802317634e-05,0.0001496308395871,0.041237112134695,0.9587628841400146,0.3016126155853271
2287,5,11302,suppresses_cannot,-4.4822387280873954e-05,4.4822387280873954e-05,4.7024685045471415e-05,4.509666177909821e-05,0.041237112134695,0.9587628841400146,0.9939180612564088
2288,5,2625,suppresses_cannot,-4.481132418732159e-05,4.481132418732159e-05,4.84816191601567e-05,9.39311139518395e-05,0.1340206116437912,0.8659793734550476,0.4770658314228058
2289,4,5889,suppresses_cannot,-4.467091639526189e-05,4.467091639526189e-05,5.688372402801178e-05,8.29708733363077e-05,0.2525773048400879,0.7474226951599121,0.5383927226066589
2290,1,5573,supports_cannot,4.460332274902612e-05,4.460332274902612e-05,5.193715333007276e-05,8.146672917064279e-05,0.8711340427398682,0.8711340427398682,0.5475035309791565
2291,9,6431,suppresses_cannot,-4.451023050933145e-05,4.451023050933145e-05,4.649868787964806e-05,4.3503001506906e-05,0.0360824726521968,0.9639175534248352,1.0231530666351318
2292,3,9762,suppresses_cannot,-4.4355689169606194e-05,4.4355689169606194e-05,4.731072476715781e-05,4.004364745924249e-05,0.0257731955498456,0.9742268323898317,1.107683539390564
2293,7,980,suppresses_cannot,-4.42684322479181e-05,4.42684322479181e-05,4.4895201426697895e-05,7.20822426956147e-05,0.0360824726521968,0.9639175534248352,0.6141378283500671
2294,9,4003,suppresses_cannot,-4.4248459744267166e-05,4.4248459744267166e-05,7.613325578859076e-05,0.000127163293655,0.1546391695737838,0.8453608155250549,0.347965657711029
2295,2,11154,suppresses_cannot,-4.423678547027521e-05,4.423678547027521e-05,4.5236545702209696e-05,3.504180131130852e-05,0.0206185560673475,0.9793814420700072,1.2624003887176514
2296,9,1745,supports_cannot,4.4098527723690495e-05,4.4098527723690495e-05,4.4098527723690495e-05,3.27115849358961e-05,1.0,1.0,1.348101258277893
2297,4,11621,supports_cannot,4.390865433379077e-05,4.390865433379077e-05,4.390865433379077e-05,5.800654616905376e-05,1.0,1.0,0.7569603323936462
2298,8,9126,suppresses_cannot,-4.390128015074879e-05,4.390128015074879e-05,9.783672430785371e-05,0.0002992427034769,0.4484536051750183,0.5515463948249817,0.1467079371213913
2299,7,3368,supports_cannot,4.3779611587524414e-05,4.3779611587524414e-05,6.515187124023214e-05,0.0004426758096087,0.4536082446575165,0.5463917255401611,0.0988976806402206
2300,0,3805,supports_cannot,4.359987724456005e-05,4.359987724456005e-05,4.454986265045591e-05,4.860282570007257e-05,0.984536111354828,0.984536111354828,0.8970646858215332
2301,9,11943,suppresses_cannot,-4.316267222748138e-05,4.316267222748138e-05,5.037606388214044e-05,0.0001736856793286,0.1701030880212783,0.8298969268798828,0.248510256409645
2302,5,6180,supports_cannot,4.3095693399664015e-05,4.3095693399664015e-05,4.386133878142573e-05,6.278646469581872e-05,0.9484536051750184,0.9484536051750184,0.6863850951194763
2303,5,12374,suppresses_cannot,-4.308002462494187e-05,4.308002462494187e-05,4.94767700729426e-05,8.75402765814215e-05,0.0979381427168846,0.9020618796348572,0.492116630077362
2304,2,9805,suppresses_cannot,-4.305114271119237e-05,4.305114271119237e-05,7.190409087343141e-05,0.0001746519847074,0.3195876181125641,0.6804124116897583,0.2464967221021652
2305,4,985,suppresses_cannot,-4.2942996515193954e-05,4.2942996515193954e-05,5.897726077819243e-05,0.0001452620344934,0.3247422575950622,0.6752577424049377,0.2956243753433227
2306,5,13548,supports_cannot,4.2939616832882166e-05,4.2939616832882166e-05,4.3543652282096446e-05,4.433226422406733e-05,0.9793814420700072,0.9793814420700072,0.9685861468315125
2307,4,5014,supports_cannot,4.289383650757373e-05,4.289383650757373e-05,4.599696694640443e-05,6.510984530905262e-05,0.907216489315033,0.907216489315033,0.6587918400764465
2308,2,11649,supports_cannot,4.288953641662374e-05,4.288953641662374e-05,4.329079092713073e-05,4.944054307998158e-05,0.9896907210350036,0.9896907210350036,0.8674972653388977
2309,0,309,suppresses_cannot,-4.28729435952846e-05,4.28729435952846e-05,4.402939885039814e-05,5.588567000813782e-05,0.041237112134695,0.9587628841400146,0.7671545147895813
2310,6,3583,supports_cannot,4.285205432097428e-05,4.285205432097428e-05,5.941661220276728e-05,0.0002613427059259,0.7319587469100952,0.7319587469100952,0.1639688163995742
2311,4,1115,suppresses_cannot,-4.283822636352852e-05,4.283822636352852e-05,4.923927554045804e-05,6.210825085872784e-05,0.0927835032343864,0.907216489315033,0.6897348761558533
2312,6,13713,supports_cannot,4.279859422240406e-05,4.279859422240406e-05,4.285082468413748e-05,5.957114262855612e-05,0.9793814420700072,0.9793814420700072,0.7184450626373291
2313,8,12312,supports_cannot,4.267815529601648e-05,4.267815529601648e-05,8.102913852781057e-05,0.0001357943110633,0.7422680258750916,0.7422680258750916,0.3142853081226349
2314,6,5108,supports_cannot,4.248182813171297e-05,4.248182813171297e-05,5.8298566727899015e-05,9.07744761207141e-05,0.7474226951599121,0.7474226951599121,0.4679931104183197
2315,4,8203,suppresses_cannot,-4.2452331399545074e-05,4.2452331399545074e-05,4.270672798156738e-05,4.544370312942192e-05,0.0206185560673475,0.9793814420700072,0.934174120426178
2316,3,3768,suppresses_cannot,-4.235462984070182e-05,4.235462984070182e-05,0.0001211077251355,0.0002746015670709,0.4072164893150329,0.592783510684967,0.1542403101921081
2317,8,10712,suppresses_cannot,-4.234910011291504e-05,4.234910011291504e-05,4.770184386870824e-05,8.253176929429173e-05,0.1082474216818809,0.8917526006698608,0.5131248235702515
2318,5,10795,supports_cannot,4.2348179704276845e-05,4.2348179704276845e-05,5.356798646971584e-05,5.571929068537429e-05,0.9175257682800292,0.9175257682800292,0.7600272297859192
2319,8,5144,supports_cannot,4.232913124724291e-05,4.232913124724291e-05,4.924879976897501e-05,0.000119903779705,0.7680412530899048,0.7680412530899048,0.3530258238315582
2320,1,12320,supports_cannot,4.229011028655805e-05,4.229011028655805e-05,4.680838901549578e-05,7.842545892344788e-05,0.8556700944900513,0.8556700944900513,0.5392395853996277
2321,5,6834,suppresses_cannot,-4.228243051329628e-05,4.228243051329628e-05,0.0001114526967285,0.0002026919828495,0.561855673789978,0.561855673789978,0.2086043506860733
2322,5,13620,supports_cannot,4.218073081574403e-05,4.218073081574403e-05,4.439532131073065e-05,6.0193717217771336e-05,0.9793814420700072,0.9793814420700072,0.7007497549057007
2323,4,11701,suppresses_cannot,-4.2161682358710095e-05,4.2161682358710095e-05,5.356399196898565e-05,5.725750816054642e-05,0.1082474216818809,0.8917526006698608,0.7363520264625549
2324,7,12316,suppresses_cannot,-4.21607619500719e-05,4.21607619500719e-05,5.850533852935769e-05,0.00015406672901,0.2061855643987655,0.7938144207000732,0.2736526131629944
2325,8,6823,suppresses_cannot,-4.205814184388146e-05,4.205814184388146e-05,4.89083759021014e-05,7.155635103117675e-05,0.1237113401293754,0.876288652420044,0.5877625346183777
2326,2,4175,supports_cannot,4.199270188109949e-05,4.199270188109949e-05,4.199270188109949e-05,5.3775220294483006e-05,1.0,1.0,0.7808931469917297
2327,4,13204,supports_cannot,4.192787309875712e-05,4.192787309875712e-05,8.445179264526814e-05,0.0001631753984838,0.6443299055099487,0.6443299055099487,0.2569497227668762
2328,2,14211,suppresses_cannot,-4.181081385468133e-05,4.181081385468133e-05,5.213532131165266e-05,8.965608867583796e-05,0.2474226802587509,0.7525773048400879,0.4663466215133667
2329,7,9046,supports_cannot,4.170358806732111e-05,4.170358806732111e-05,4.843030910706148e-05,8.143542072502896e-05,0.8659793734550476,0.8659793734550476,0.5121062397956848
2330,6,3620,supports_cannot,4.167409133515321e-05,4.167409133515321e-05,5.206557761994191e-05,0.0001177269878098,0.7474226951599121,0.7474226951599121,0.3539892733097076
2331,6,8102,suppresses_cannot,-4.160066237091087e-05,4.160066237091087e-05,4.315345722716302e-05,4.4293956307228655e-05,0.041237112134695,0.9587628841400146,0.9391949772834778
2332,1,2341,suppresses_cannot,-4.151862958678976e-05,4.151862958678976e-05,4.1938321373891085e-05,4.944326792610809e-05,0.0309278350323438,0.969072163105011,0.8397225737571716
2333,7,8627,supports_cannot,4.1447656258242205e-05,4.1447656258242205e-05,4.3644424295052886e-05,4.696951145888306e-05,0.9742268323898317,0.9742268323898317,0.8824374675750732
2334,8,9536,suppresses_cannot,-4.131339301238768e-05,4.131339301238768e-05,4.148114749114029e-05,5.728414907935076e-05,0.0154639175161719,0.984536111354828,0.7212011218070984
2335,6,7009,suppresses_cannot,-4.120585799682885e-05,4.120585799682885e-05,4.614321369444952e-05,5.98479928157758e-05,0.0927835032343864,0.907216489315033,0.6885086297988892
2336,7,10620,supports_cannot,4.114594776183367e-05,4.114594776183367e-05,5.429153679870069e-05,0.0001056240726029,0.8092783689498901,0.8092783689498901,0.3895508646965027
2337,5,3133,suppresses_cannot,-4.110969166504219e-05,4.110969166504219e-05,4.4033393351128325e-05,5.786330439150333e-05,0.1391752511262893,0.8608247637748718,0.710462212562561
2338,2,8872,suppresses_cannot,-4.101905506104231e-05,4.101905506104231e-05,4.101905506104231e-05,4.730925502371974e-05,0.0,1.0,0.8670408129692078
2339,5,3741,suppresses_cannot,-4.099294164916501e-05,4.099294164916501e-05,6.340428808471188e-05,0.0001266930194105,0.1546391695737838,0.8453608155250549,0.3235611617565155
2340,3,13673,suppresses_cannot,-4.085437467438169e-05,4.085437467438169e-05,4.21036165789701e-05,5.8466725022299215e-05,0.0927835032343864,0.907216489315033,0.698762834072113
2341,6,5972,suppresses_cannot,-4.0807983168633655e-05,4.0807983168633655e-05,4.1747523937374353e-05,3.9979488065000623e-05,0.0257731955498456,0.9742268323898317,1.0207229852676392
2342,8,2762,suppresses_cannot,-4.0723185520619154e-05,4.0723185520619154e-05,5.995827814331278e-05,0.0001084782998077,0.3144329786300659,0.6855670213699341,0.3754039704799652
2343,5,12553,supports_cannot,4.06239450967405e-05,4.06239450967405e-05,4.576714854920283e-05,4.7160345275187865e-05,0.9175257682800292,0.9175257682800292,0.8614004850387573
2344,0,10282,supports_cannot,4.053699740325101e-05,4.053699740325101e-05,4.112444003112614e-05,5.1195049309171736e-05,0.9536082744598388,0.9536082744598388,0.7918148040771484
2345,2,10405,supports_cannot,4.033606091979891e-05,4.033606091979891e-05,4.158529918640852e-05,4.937805715599097e-05,0.9278350472450256,0.9278350472450256,0.816882312297821
2346,7,3553,supports_cannot,4.019042899017222e-05,4.019042899017222e-05,4.030595300719142e-05,7.143913535401225e-05,0.9793814420700072,0.9793814420700072,0.562582790851593
2347,8,5762,supports_cannot,4.004141737823375e-05,4.004141737823375e-05,4.004141737823375e-05,3.767987436731346e-05,1.0,1.0,1.062673807144165
2348,0,9187,supports_cannot,3.9930811908561736e-05,3.9930811908561736e-05,4.02239165850915e-05,5.559341298067011e-05,0.984536111354828,0.984536111354828,0.718265175819397
2349,0,10734,suppresses_cannot,-3.992251367890276e-05,3.992251367890276e-05,5.869244705536403e-05,7.880632620071992e-05,0.2731958627700805,0.7268041372299194,0.5065901875495911
2350,0,13976,suppresses_cannot,-3.990438926848583e-05,3.990438926848583e-05,5.2490184316411614e-05,8.868631266523153e-05,0.257731944322586,0.7422680854797363,0.4499498009681701
2351,0,3804,supports_cannot,3.9794704207452014e-05,3.9794704207452014e-05,4.979783625458367e-05,7.557186472695321e-05,0.8969072103500366,0.8969072103500366,0.5265809297561646
2352,0,3467,suppresses_cannot,-3.969915269408375e-05,3.969915269408375e-05,6.051407763152383e-05,0.0001172252450487,0.2628865838050842,0.7371134161949158,0.338657021522522
2353,5,12196,supports_cannot,3.968010423704982e-05,3.968010423704982e-05,4.023375004180707e-05,4.0037426515482366e-05,0.9742268323898317,0.9742268323898317,0.9910752773284912
2354,6,10840,supports_cannot,3.933814514311962e-05,3.933814514311962e-05,4.250886559020728e-05,9.883953316602856e-05,0.8350515365600586,0.8350515365600586,0.3980001211166382
2355,5,720,suppresses_cannot,-3.9330156141659245e-05,3.9330156141659245e-05,6.500562449218705e-05,0.0006500741001218,0.876288652420044,0.876288652420044,0.0605010353028774
2356,5,7190,suppresses_cannot,-3.922323594451882e-05,3.922323594451882e-05,3.922323594451882e-05,4.700291538028978e-05,0.0,1.0,0.8344851732254028
2357,5,385,suppresses_cannot,-3.902567914337851e-05,3.902567914337851e-05,4.011700002592988e-05,3.695491614053026e-05,0.0257731955498456,0.9742268323898317,1.056034803390503
2358,8,8079,supports_cannot,3.8996491639409214e-05,3.8996491639409214e-05,3.961834590882063e-05,6.772124470444396e-05,0.984536111354828,0.984536111354828,0.5758383870124817
2359,7,1231,suppresses_cannot,-3.898143768310547e-05,3.898143768310547e-05,4.271072248229757e-05,5.7756587921176106e-05,0.0824742242693901,0.9175257682800292,0.6749262809753418
2360,8,9527,supports_cannot,3.896392445312813e-05,3.896392445312813e-05,4.465155871002935e-05,0.0001213957075378,0.8041236996650696,0.8041236996650696,0.3209662437438965
2361,0,2867,supports_cannot,3.895194095093757e-05,3.895194095093757e-05,4.352306496002712e-05,7.69707330618985e-05,0.907216489315033,0.907216489315033,0.5060617327690125
2362,1,8979,supports_cannot,3.889602521667257e-05,3.889602521667257e-05,4.13637790188659e-05,3.7825520848855376e-05,0.9639175534248352,0.9639175534248352,1.0283011198043823
2363,8,11258,suppresses_cannot,-3.886868216795847e-05,3.886868216795847e-05,4.7138979425653815e-05,0.000290154654067,0.5257731676101685,0.5257731676101685,0.1339585036039352
2364,5,6220,suppresses_cannot,-3.885147452820093e-05,3.885147452820093e-05,4.039320629090071e-05,5.749197953264229e-05,0.0670103058218956,0.9329897165298462,0.6757720708847046
2365,3,10591,supports_cannot,3.880047370330431e-05,3.880047370330431e-05,3.9055481465766206e-05,3.822716098511592e-05,0.9896907210350036,0.9896907210350036,1.014997482299805
2366,0,2215,suppresses_cannot,-3.847848347504623e-05,3.847848347504623e-05,4.143536716583185e-05,6.765546277165413e-05,0.1185567006468772,0.8814433217048645,0.5687416791915894
2367,4,8742,supports_cannot,3.847787229460664e-05,3.847787229460664e-05,4.695832103607245e-05,7.832986739231274e-05,0.876288652420044,0.876288652420044,0.4912286102771759
2368,4,7789,suppresses_cannot,-3.84320919692982e-05,3.84320919692982e-05,4.257676482666284e-05,3.930414459318854e-05,0.0670103058218956,0.9329897165298462,0.9778127074241638
2369,6,11682,supports_cannot,3.838815609924495e-05,3.838815609924495e-05,3.880354415741749e-05,3.5926303098676726e-05,0.9896907210350036,0.9896907210350036,1.0685250759124756
2370,2,13831,supports_cannot,3.837771146208979e-05,3.837771146208979e-05,3.947148798033595e-05,3.675750485854224e-05,0.9742268323898317,0.9742268323898317,1.0440782308578491
2371,6,10487,supports_cannot,3.829782872344367e-05,3.829782872344367e-05,3.829782872344367e-05,4.560739034786821e-05,0.9948453903198242,0.9948453903198242,0.839728593826294
2372,4,657,supports_cannot,3.807169923675247e-05,3.807169923675247e-05,3.8452060834970325e-05,4.494975655688904e-05,0.9896907210350036,0.9896907210350036,0.8469834327697754
2373,3,6425,suppresses_cannot,-3.782037674682215e-05,3.782037674682215e-05,3.78633885702584e-05,5.673234045389109e-05,0.0154639175161719,0.984536111354828,0.6666458249092102
2374,5,458,supports_cannot,3.7806858017575e-05,3.7806858017575e-05,3.7806858017575e-05,3.945537901017815e-05,1.0,1.0,0.9582180976867676
2375,2,11506,suppresses_cannot,-3.7629579310305417e-05,3.7629579310305417e-05,4.099693614989519e-05,7.410677062580362e-05,0.128865972161293,0.8711340427398682,0.5077751874923706
2376,8,5337,supports_cannot,3.762619962799363e-05,3.762619962799363e-05,3.85165840270929e-05,3.5131120966980234e-05,0.9639175534248352,0.9639175534248352,1.0710219144821167
2377,5,217,suppresses_cannot,-3.752573320525698e-05,3.752573320525698e-05,3.752573320525698e-05,3.237451892346144e-05,0.0,1.0,1.1591132879257202
2378,8,3354,suppresses_cannot,-3.745107460417785e-05,3.745107460417785e-05,3.9284685044549406e-05,4.185954458080232e-05,0.0721649453043937,0.9278350472450256,0.8946842551231384
2379,4,13775,suppresses_cannot,-3.731588731170632e-05,3.731588731170632e-05,3.748794188140892e-05,4.6338715037563816e-05,0.0154639175161719,0.984536111354828,0.8052853345870972
2380,6,13757,supports_cannot,3.728239971678704e-05,3.728239971678704e-05,3.907115024048835e-05,5.143878297531046e-05,0.9587628841400146,0.9587628841400146,0.7247916460037231
2381,6,9776,supports_cannot,3.724860289366916e-05,3.724860289366916e-05,3.724860289366916e-05,2.7690441129379902e-05,1.0,1.0,1.3451789617538452
2382,7,12683,supports_cannot,3.708945223479532e-05,3.708945223479532e-05,4.778018774231896e-05,7.06814244040288e-05,0.9536082744598388,0.9536082744598388,0.5247411727905273
2383,8,11254,supports_cannot,3.69782283087261e-05,3.69782283087261e-05,4.792274921783246e-05,7.123136310838163e-05,0.7783505320549011,0.7783505320549011,0.5191284418106079
2384,5,4283,suppresses_cannot,-3.693521648528986e-05,3.693521648528986e-05,3.710850069182925e-05,4.636683661374264e-05,0.0257731955498456,0.9742268323898317,0.7965869307518005
2385,6,12236,suppresses_cannot,-3.692139216582291e-05,3.692139216582291e-05,3.799366095336154e-05,9.28350564208813e-05,0.1082474216818809,0.8917526006698608,0.3977095782756805
2386,6,3245,suppresses_cannot,-3.686147829284892e-05,3.686147829284892e-05,3.986997762694955e-05,4.200829425826669e-05,0.0927835032343864,0.907216489315033,0.8774809837341309
2387,8,7630,suppresses_cannot,-3.681723683257587e-05,3.681723683257587e-05,3.8404439692385495e-05,7.086787809384987e-05,0.0824742242693901,0.9175257682800292,0.5195193886756897
2388,6,7569,suppresses_cannot,-3.681570160551928e-05,3.681570160551928e-05,6.908823706908152e-05,0.0002094158407999,0.4587628841400146,0.5412371158599854,0.1758018881082534
2389,0,10486,supports_cannot,3.672721504699439e-05,3.672721504699439e-05,5.087563840788789e-05,9.77614035946317e-05,0.7628865838050842,0.7628865838050842,0.3756821453571319
2390,8,5225,supports_cannot,3.671400190796703e-05,3.671400190796703e-05,6.155131995910779e-05,0.0002606023626867,0.469072163105011,0.530927836894989,0.1408813148736953
2391,6,4966,suppresses_cannot,-3.661875962279737e-05,3.661875962279737e-05,4.609466850524768e-05,5.828694702358917e-05,0.128865972161293,0.8711340427398682,0.6282497644424438
2392,8,8481,supports_cannot,3.655823093140498e-05,3.655823093140498e-05,4.266986070433632e-05,5.045645957579836e-05,0.8453608155250549,0.8453608155250549,0.7245500683784485
2393,8,11499,supports_cannot,3.653027306427248e-05,3.653027306427248e-05,3.709928205353208e-05,4.922784137306735e-05,0.9587628841400146,0.9587628841400146,0.7420653104782104
2394,3,10835,supports_cannot,3.648510755738244e-05,3.648510755738244e-05,3.87445543310605e-05,7.875890150899068e-05,0.8969072103500366,0.8969072103500366,0.4632505774497986
2395,5,13404,suppresses_cannot,-3.644486059783958e-05,3.644486059783958e-05,4.656597593566403e-05,8.911840996006504e-05,0.1855670064687729,0.8144329786300659,0.4089487195014953
2396,7,4100,supports_cannot,3.642796218628064e-05,3.642796218628064e-05,3.7108806282049045e-05,7.462458597728983e-05,0.9329897165298462,0.9329897165298462,0.4881496131420135
2397,7,52,suppresses_cannot,-3.642181764007546e-05,3.642181764007546e-05,4.17327755712904e-05,7.631498738192022e-05,0.2422680407762527,0.7577319741249084,0.4772564172744751
2398,8,13044,supports_cannot,3.63256513082888e-05,3.63256513082888e-05,5.295964729157277e-05,8.851969323586673e-05,0.8350515365600586,0.8350515365600586,0.4103680253028869
2399,8,7545,suppresses_cannot,-3.6268505937187e-05,3.6268505937187e-05,4.057171463500708e-05,7.064293458824977e-05,0.1237113401293754,0.876288652420044,0.513405978679657
2400,5,1242,supports_cannot,3.616680623963475e-05,3.616680623963475e-05,5.080312621430494e-05,8.783119119470939e-05,0.8195876479148865,0.8195876479148865,0.4117763340473175
2401,4,10516,suppresses_cannot,-3.611549982451834e-05,3.611549982451834e-05,3.6206442018738016e-05,4.124375118408352e-05,0.0257731955498456,0.9742268323898317,0.8756599426269531
2402,4,4009,supports_cannot,3.608907718444243e-05,3.608907718444243e-05,3.869140346068889e-05,4.299104693927802e-05,0.9278350472450256,0.9278350472450256,0.8394556641578674
2403,5,4510,suppresses_cannot,-3.606726386351511e-05,3.606726386351511e-05,3.700987508636899e-05,4.220488335704431e-05,0.0567010305821895,0.9432989954948424,0.8545756340026855
2404,6,1874,suppresses_cannot,-3.605190067901276e-05,3.605190067901276e-05,5.048236926086247e-05,8.120639540720731e-05,0.2113402038812637,0.7886598110198975,0.4439539611339569
2405,8,1375,suppresses_cannot,-3.602025390136987e-05,3.602025390136987e-05,3.769471368286759e-05,5.8670186263043433e-05,0.0927835032343864,0.907216489315033,0.6139447689056396
2406,6,9652,suppresses_cannot,-3.593545625335537e-05,3.593545625335537e-05,5.0412625569151714e-05,8.464858547085896e-05,0.128865972161293,0.8711340427398682,0.4245251715183258
2407,1,4634,supports_cannot,3.580149859772064e-05,3.580149859772064e-05,3.628018021117896e-05,3.795597149292007e-05,0.9896907210350036,0.9896907210350036,0.943237602710724
2408,3,5530,supports_cannot,3.568536340026185e-05,3.568536340026185e-05,3.9102491427911445e-05,4.164940401096828e-05,0.9278350472450256,0.9278350472450256,0.8568037152290344
2409,8,314,supports_cannot,3.5615619708551094e-05,3.5615619708551094e-05,3.722494511748664e-05,4.9107235099654645e-05,0.9536082744598388,0.9536082744598388,0.7252621650695801
2410,0,1494,supports_cannot,3.5606401070253924e-05,3.5606401070253924e-05,3.9720351196592674e-05,5.486437294166535e-05,0.9639175534248352,0.9639175534248352,0.6489894986152649
2411,8,8590,suppresses_cannot,-3.554495197022334e-05,3.554495197022334e-05,4.114594776183367e-05,0.0001071182559826,0.1391752511262893,0.8608247637748718,0.3318290710449219
2412,5,3187,supports_cannot,3.554372597136535e-05,3.554372597136535e-05,3.807907341979444e-05,5.4539323173230514e-05,0.938144326210022,0.938144326210022,0.6517082452774048
2413,4,2617,suppresses_cannot,-3.5497945646056905e-05,3.5497945646056905e-05,3.654317697510123e-05,4.050668576383032e-05,0.0206185560673475,0.9793814420700072,0.8763478398323059
2414,0,6119,suppresses_cannot,-3.548504173522815e-05,3.548504173522815e-05,3.907115024048835e-05,0.0004433295107446,0.4639175236225128,0.5360825061798096,0.0800421386957168
2415,4,8207,suppresses_cannot,-3.548289168975316e-05,3.548289168975316e-05,3.585157901397906e-05,4.5778586354572326e-05,0.0360824726521968,0.9639175534248352,0.7750980257987976
2416,8,10415,suppresses_cannot,-3.545892468537204e-05,3.545892468537204e-05,3.7986901588737965e-05,0.0001128329095081,0.0979381427168846,0.9020618796348572,0.3142604827880859
2417,7,13293,suppresses_cannot,-3.5398399631958455e-05,3.5398399631958455e-05,4.943682870361954e-05,8.292006532428786e-05,0.2783505022525787,0.7216495275497437,0.4268978834152221
2418,7,2317,supports_cannot,3.5390105040278286e-05,3.5390105040278286e-05,3.665470649139024e-05,6.93161491653882e-05,0.876288652420044,0.876288652420044,0.5105607509613037
2419,0,10673,suppresses_cannot,-3.52712013409473e-05,3.52712013409473e-05,4.247598917572759e-05,8.34693419164978e-05,0.22164948284626,0.7783505320549011,0.4225647449493408
2420,7,1185,suppresses_cannot,-3.52152856066823e-05,3.52152856066823e-05,3.832517177215777e-05,0.0001039097478496,0.1340206116437912,0.8659793734550476,0.3389026224613189
2421,5,7571,supports_cannot,3.520483733154833e-05,3.520483733154833e-05,3.520483733154833e-05,2.876297185139265e-05,1.0,1.0,1.223963737487793
2422,4,11580,supports_cannot,3.517749428283423e-05,3.517749428283423e-05,3.745537469512783e-05,3.996954546892084e-05,0.9793814420700072,0.9793814420700072,0.8801074624061584
2423,5,9185,suppresses_cannot,-3.51575217791833e-05,3.51575217791833e-05,3.51575217791833e-05,4.1326304199174047e-05,0.0,1.0,0.8507298827171326
2424,7,9570,suppresses_cannot,-3.503431798890233e-05,3.503431798890233e-05,3.614468732848764e-05,3.329637547722086e-05,0.0360824726521968,0.9639175534248352,1.0521961450576782
2425,1,8714,suppresses_cannot,-3.500543971313164e-05,3.500543971313164e-05,4.321244705352001e-05,4.899797568214126e-05,0.0773195847868919,0.92268043756485,0.7144262194633484
2426,5,7473,suppresses_cannot,-3.4948599932249635e-05,3.4948599932249635e-05,4.425614315550774e-05,0.0001162604239652,0.1185567006468772,0.8814433217048645,0.3006061613559723
2427,8,7332,supports_cannot,3.4763641451718286e-05,3.4763641451718286e-05,4.05956780014094e-05,8.489639731124043e-05,0.8505154848098755,0.8505154848098755,0.4094831049442291
2428,5,11434,suppresses_cannot,-3.471110176178627e-05,3.471110176178627e-05,3.670693695312366e-05,0.0001969052536878,0.1752577275037765,0.8247422575950623,0.1762832701206207
2429,7,10948,supports_cannot,3.460971493041143e-05,3.460971493041143e-05,3.491941242828034e-05,3.910245868610218e-05,0.969072163105011,0.969072163105011,0.8851032853126526
2430,8,941,suppresses_cannot,-3.4582062653498724e-05,3.4582062653498724e-05,4.386133878142573e-05,5.9677346143871546e-05,0.0515463910996913,0.9484536051750184,0.5794839262962341
2431,7,7382,supports_cannot,3.457161437836476e-05,3.457161437836476e-05,3.690111407195218e-05,3.458462379057892e-05,0.9123711585998536,0.9123711585998536,0.9996238350868224
2432,1,9581,supports_cannot,3.453904719208367e-05,3.453904719208367e-05,3.5865097743226215e-05,5.340408824849874e-05,0.984536111354828,0.984536111354828,0.6467491388320923
2433,6,5430,suppresses_cannot,-3.442045272095129e-05,3.442045272095129e-05,4.788864680449478e-05,6.675851182080805e-05,0.1391752511262893,0.8608247637748718,0.5155964493751526
2434,7,3399,suppresses_cannot,-3.440662840148434e-05,3.440662840148434e-05,3.442444722168148e-05,5.463723937282339e-05,0.0051546390168368,0.9948453903198242,0.6297285556793213
2435,3,2866,suppresses_cannot,-3.43885003530886e-05,3.43885003530886e-05,3.5116045182803646e-05,3.611738793551922e-05,0.0154639175161719,0.984536111354828,0.952131450176239
2436,4,5812,suppresses_cannot,-3.438112617004663e-05,3.438112617004663e-05,3.5181179555365816e-05,4.575012280838564e-05,0.0360824726521968,0.9639175534248352,0.7514979839324951
2437,6,6202,supports_cannot,3.432521043578163e-05,3.432521043578163e-05,3.621412179199979e-05,7.700922287767753e-05,0.907216489315033,0.907216489315033,0.4457285702228546
2438,5,1367,supports_cannot,3.4282809792784974e-05,3.4282809792784974e-05,4.2261843191226944e-05,0.0002682739577721,0.4948453605175018,0.5051546096801758,0.1277903020381927
2439,5,4176,supports_cannot,3.425454269745387e-05,3.425454269745387e-05,3.634869426605292e-05,5.021340257371776e-05,0.9329897165298462,0.9329897165298462,0.6821792721748352
2440,5,7382,suppresses_cannot,-3.3712571166688576e-05,3.3712571166688576e-05,3.880661824950949e-05,7.010198896750808e-05,0.1340206116437912,0.8659793734550476,0.4809074699878692
2441,7,11484,suppresses_cannot,-3.36784687533509e-05,3.36784687533509e-05,4.452774373930879e-05,5.691162368748337e-05,0.1546391695737838,0.8453608155250549,0.5917678475379944
2442,6,8938,suppresses_cannot,-3.365143129485659e-05,3.365143129485659e-05,4.568726581055671e-05,0.0001164247587439,0.3969072103500366,0.6030927896499634,0.2890401780605316
2443,7,4663,suppresses_cannot,-3.361456037964672e-05,3.361456037964672e-05,3.4600801882334054e-05,0.0001420047919964,0.2113402038812637,0.7886598110198975,0.2367142736911773
2444,7,11968,supports_cannot,3.3610875107115135e-05,3.3610875107115135e-05,3.82612670364324e-05,6.107310036895797e-05,0.8247422575950623,0.8247422575950623,0.5503384470939636
2445,6,11481,suppresses_cannot,-3.35924414684996e-05,3.35924414684996e-05,3.642335286713205e-05,6.747997394995764e-05,0.1185567006468772,0.8814433217048645,0.4978134930133819
2446,5,14182,supports_cannot,3.3484597224742174e-05,3.3484597224742174e-05,4.479043127503246e-05,6.671340088360012e-05,0.876288652420044,0.876288652420044,0.5019171237945557
2447,5,7077,suppresses_cannot,-3.348152677062899e-05,3.348152677062899e-05,4.958399949828163e-05,7.897810428403318e-05,0.2010309249162674,0.7989690899848938,0.4239342808723449
2448,5,6955,supports_cannot,3.34216165356338e-05,3.34216165356338e-05,3.866743645630777e-05,4.241148053552024e-05,0.8711340427398682,0.8711340427398682,0.7880322933197021
2449,3,11396,supports_cannot,3.3397958759451285e-05,3.3397958759451285e-05,3.528318484313786e-05,4.41557822341565e-05,0.9536082744598388,0.9536082744598388,0.7563666105270386
2450,5,11080,suppresses_cannot,-3.339519025757909e-05,3.339519025757909e-05,3.339519025757909e-05,2.5200370146194476e-05,0.0,1.0,1.3251863718032837
2451,6,6574,suppresses_cannot,-3.33641619363334e-05,3.33641619363334e-05,0.000126851897221,0.0002397320786258,0.3711340129375458,0.6288659572601318,0.1391727030277252
2452,6,4341,supports_cannot,3.333927452331409e-05,3.333927452331409e-05,4.5473429054254666e-05,8.072308992268518e-05,0.8453608155250549,0.8453608155250549,0.413007915019989
2453,7,11464,suppresses_cannot,-3.332760024932213e-05,3.332760024932213e-05,3.332760024932213e-05,3.504301275825128e-05,0.0,1.0,0.9510483741760254
2454,4,8280,suppresses_cannot,-3.3189033274538815e-05,3.3189033274538815e-05,3.653795283753425e-05,3.923145777662285e-05,0.0670103058218956,0.9329897165298462,0.8459801077842712
2455,4,2975,supports_cannot,3.314540663268417e-05,3.314540663268417e-05,4.190298568573781e-05,5.674278145306744e-05,0.9020618796348572,0.9020618796348572,0.5841343402862549
2456,7,6181,suppresses_cannot,-3.311590990051627e-05,3.311590990051627e-05,3.357246896484867e-05,5.0064849347108975e-05,0.0154639175161719,0.984536111354828,0.661460280418396
2457,7,3800,supports_cannot,3.3090411307057366e-05,3.3090411307057366e-05,3.470895171631128e-05,4.06182007282041e-05,0.9536082744598388,0.9536082744598388,0.8146695494651794
2458,6,12790,suppresses_cannot,-3.298625597381033e-05,3.298625597381033e-05,6.260914960876107e-05,0.000121368379041,0.257731944322586,0.7422680854797363,0.2717862427234649
2459,4,2435,suppresses_cannot,-3.29364811477717e-05,3.29364811477717e-05,5.425405106507242e-05,0.0001816537405829,0.2319587618112564,0.7680412530899048,0.1813146322965622
2460,2,13146,suppresses_cannot,-3.290206950623542e-05,3.290206950623542e-05,4.674878437072039e-05,7.251462375279516e-05,0.128865972161293,0.8711340427398682,0.4537301361560821
2461,7,1639,supports_cannot,3.279853262938559e-05,3.279853262938559e-05,3.38191821356304e-05,5.744685404351912e-05,0.9432989954948424,0.9432989954948424,0.5709369778633118
2462,0,7375,suppresses_cannot,-3.274967821198516e-05,3.274967821198516e-05,4.466262180358172e-05,6.014944665366784e-05,0.1546391695737838,0.8453608155250549,0.544471800327301
2463,2,13335,supports_cannot,3.2726024073781446e-05,3.2726024073781446e-05,4.347513458924368e-05,0.0002506140153855,0.6804123520851135,0.6804123520851135,0.1305833756923675
2464,4,11277,supports_cannot,3.272049070801586e-05,3.272049070801586e-05,4.153706322540529e-05,9.587454405846074e-05,0.7680412530899048,0.7680412530899048,0.3412844538688659
2465,6,5697,suppresses_cannot,-3.2659965654602274e-05,3.2659965654602274e-05,3.5205761378165334e-05,4.466714017326012e-05,0.0979381427168846,0.9020618796348572,0.7311854958534241
2466,3,5557,suppresses_cannot,-3.26525914715603e-05,3.26525914715603e-05,3.2704821933293715e-05,3.794128861045465e-05,0.0051546390168368,0.9948453903198242,0.8606083989143372
2467,2,714,supports_cannot,3.264552651671693e-05,3.264552651671693e-05,5.07585791638121e-05,9.617066098144278e-05,0.7061855792999268,0.7061855792999268,0.3394541144371032
2468,4,4547,supports_cannot,3.2588377507636324e-05,3.2588377507636324e-05,4.772427200805396e-05,7.941656076582149e-05,0.8402062058448792,0.8402062058448792,0.4103473722934723
2469,4,11943,suppresses_cannot,-3.250757436035201e-05,3.250757436035201e-05,3.5670305805979297e-05,4.654079020838253e-05,0.0463917516171932,0.9536082744598388,0.6984748840332031
2470,3,12225,supports_cannot,3.250695954193361e-05,3.250695954193361e-05,3.3383825211785734e-05,4.4988919398747385e-05,0.9587628841400146,0.9587628841400146,0.7225548028945923
2471,5,2845,supports_cannot,3.245841435273178e-05,3.245841435273178e-05,3.4208456781925634e-05,3.0445349693764e-05,0.9175257682800292,0.9175257682800292,1.0661205053329468
2472,0,8693,suppresses_cannot,-3.236900738556869e-05,3.236900738556869e-05,3.407910844543949e-05,3.521986218402162e-05,0.0206185560673475,0.9793814420700072,0.9190554618835448
2473,4,11010,suppresses_cannot,-3.229127833037637e-05,3.229127833037637e-05,3.781546183745377e-05,4.330905358074233e-05,0.1030927821993827,0.8969072103500366,0.7456011176109314
2474,5,4956,suppresses_cannot,-3.21699189953506e-05,3.21699189953506e-05,3.253553222748451e-05,5.789425267721526e-05,0.0515463910996913,0.9484536051750184,0.5556668639183044
2475,0,5343,suppresses_cannot,-3.2016912882681936e-05,3.2016912882681936e-05,3.391319842194207e-05,3.5071399906883016e-05,0.041237112134695,0.9587628841400146,0.9129065871238708
2476,0,10834,suppresses_cannot,-3.201015351805836e-05,3.201015351805836e-05,3.673796891234815e-05,4.714882743428461e-05,0.1391752511262893,0.8608247637748718,0.6789172887802124
2477,4,3884,supports_cannot,3.19987848342862e-05,3.19987848342862e-05,3.260712037445046e-05,3.615832247305661e-05,0.9896907210350036,0.9896907210350036,0.8849632143974304
2478,5,3129,suppresses_cannot,-3.192934673279524e-05,3.192934673279524e-05,3.379429836058989e-05,4.86036115034949e-05,0.1340206116437912,0.8659793734550476,0.656933605670929
2479,5,1074,suppresses_cannot,-3.1816896807868034e-05,3.1816896807868034e-05,3.199202546966262e-05,3.099135938100517e-05,0.0206185560673475,0.9793814420700072,1.0266376733779907
2480,5,2574,suppresses_cannot,-3.1626408599549904e-05,3.1626408599549904e-05,5.8016517868964e-05,0.0001095025800168,0.2628865838050842,0.7371134161949158,0.2888188362121582
2481,4,7513,supports_cannot,3.160766573273577e-05,3.160766573273577e-05,3.1757601391291246e-05,2.6836349206860177e-05,0.9742268323898317,0.9742268323898317,1.177793025970459
2482,1,3973,suppresses_cannot,-3.145466325804591e-05,3.145466325804591e-05,3.244459003326483e-05,6.091911200201139e-05,0.0515463910996913,0.9484536051750184,0.5163348913192749
2483,2,3301,supports_cannot,3.124051363556646e-05,3.124051363556646e-05,4.1227671317756176e-05,9.260647493647411e-05,0.8659793734550476,0.8659793734550476,0.3373469710350036
2484,3,6682,suppresses_cannot,-3.074370761169121e-05,3.074370761169121e-05,3.438696512603201e-05,4.235093365423381e-05,0.0309278350323438,0.969072163105011,0.7259275317192078
2485,1,12657,suppresses_cannot,-3.0707145924679935e-05,3.0707145924679935e-05,3.396450847503729e-05,6.608259718632326e-05,0.1443298906087875,0.8556700944900513,0.4646782577037811
2486,4,1996,supports_cannot,3.054123590118252e-05,3.054123590118252e-05,3.605251549743116e-05,5.290206536301412e-05,0.8608247637748718,0.8608247637748718,0.5773165225982666
2487,0,1090,supports_cannot,3.052095780731179e-05,3.052095780731179e-05,3.100516914855689e-05,3.501015453366563e-05,0.938144326210022,0.938144326210022,0.871774435043335
2488,4,10072,suppresses_cannot,-3.039744660782162e-05,3.039744660782162e-05,3.298195224488154e-05,3.668673525680788e-05,0.0309278350323438,0.969072163105011,0.8285678029060364
2489,3,10654,suppresses_cannot,-3.0286226319731213e-05,3.0286226319731213e-05,3.500912498566322e-05,7.598267984576523e-05,0.0567010305821895,0.9432989954948424,0.3985938131809234
2490,1,10124,supports_cannot,3.019251744262874e-05,3.019251744262874e-05,4.334056575316936e-05,6.368875619955361e-05,0.8402062058448792,0.8402062058448792,0.4740635454654693
2491,0,7279,supports_cannot,3.0191289624781348e-05,3.0191289624781348e-05,5.876096111023799e-05,0.0001149405361502,0.6185566782951355,0.6185566782951355,0.2626687586307525
2492,4,3191,suppresses_cannot,-3.0041663194424476e-05,3.0041663194424476e-05,4.2491046770010144e-05,8.935020014178008e-05,0.1546391695737838,0.8453608155250549,0.3362237811088562
2493,0,10357,suppresses_cannot,-2.9986973459017463e-05,2.9986973459017463e-05,3.2729403756093234e-05,3.202606239938177e-05,0.0567010305821895,0.9432989954948424,0.9363303184509276
2494,0,9516,supports_cannot,2.9978986276546493e-05,2.9978986276546493e-05,3.2425232348032296e-05,0.0002582264423836,0.4432989656925201,0.5567010641098022,0.1160957291722297
2495,4,13651,suppresses_cannot,-2.9784809157717973e-05,2.9784809157717973e-05,3.07464724755846e-05,3.4040120226563886e-05,0.0154639175161719,0.984536111354828,0.8749912977218628
2496,3,12958,supports_cannot,2.970124114654027e-05,2.970124114654027e-05,3.309747626190074e-05,6.328243762254715e-05,0.8350515365600586,0.8350515365600586,0.4693441390991211
2497,3,4677,suppresses_cannot,-2.96640646411106e-05,2.96640646411106e-05,2.9798635296174325e-05,4.574048580252565e-05,0.0309278350323438,0.969072163105011,0.6485297083854675
2498,1,5083,supports_cannot,2.9577729947050105e-05,2.9577729947050105e-05,3.078825830016285e-05,4.055046156281605e-05,0.9484536051750184,0.9484536051750184,0.7294055223464966
2499,0,3692,supports_cannot,2.9517510483856316e-05,2.9517510483856316e-05,2.9517510483856316e-05,3.051913881790824e-05,1.0,1.0,0.96718031167984
2500,2,6216,suppresses_cannot,-2.9446231565088965e-05,2.9446231565088965e-05,3.196744728484191e-05,0.0003438112908042,0.3195876181125641,0.6804124116897583,0.0856464952230453
2501,2,5843,suppresses_cannot,-2.93233351840172e-05,2.93233351840172e-05,3.730544267455116e-05,7.173957419581711e-05,0.2474226802587509,0.7525773048400879,0.408746987581253
2502,1,626,supports_cannot,2.9315653591766026e-05,2.9315653591766026e-05,5.1096543757012114e-05,9.388187754666431e-05,0.6288659572601318,0.6288659572601318,0.3122610449790954
2503,1,10614,suppresses_cannot,-2.913898970291484e-05,2.913898970291484e-05,2.97209044219926e-05,4.2754410969791934e-05,0.0515463910996913,0.9484536051750184,0.6815434694290161
2504,0,2234,supports_cannot,2.9062181056360718e-05,2.9062181056360718e-05,3.5101911635138094e-05,4.570216697175056e-05,0.9639175534248352,0.9639175534248352,0.6359037756919861
2505,0,11180,suppresses_cannot,-2.8839123842772096e-05,2.8839123842772096e-05,3.007361556228716e-05,3.315011417726055e-05,0.0103092780336737,0.9896907210350036,0.8699554800987244
2506,2,8465,suppresses_cannot,-2.879488056350965e-05,2.879488056350965e-05,2.905910696426872e-05,3.823240695055574e-05,0.0103092780336737,0.9896907210350036,0.7531537413597107
2507,0,12271,suppresses_cannot,-2.8778596970369108e-05,2.8778596970369108e-05,2.8951266358490105e-05,4.221197741571814e-05,0.0154639175161719,0.984536111354828,0.681763768196106
2508,3,430,supports_cannot,2.8483338610385545e-05,2.8483338610385545e-05,2.8582884624483995e-05,4.032467040815391e-05,0.9948453903198242,0.9948453903198242,0.7063502073287964
2509,3,12241,supports_cannot,2.836750900314655e-05,2.836750900314655e-05,2.843448783096392e-05,2.656138713064138e-05,0.9896907210350036,0.9896907210350036,1.067997932434082
2510,3,6058,supports_cannot,2.78998904832406e-05,2.78998904832406e-05,3.397218824829906e-05,4.3745323637267575e-05,0.8298969268798828,0.8298969268798828,0.637779951095581
2511,0,6100,supports_cannot,2.7797885195468552e-05,2.7797885195468552e-05,2.8050437322235663e-05,3.1831717933528125e-05,0.9742268323898317,0.9742268323898317,0.8732762932777405
2512,1,5760,suppresses_cannot,-2.7670996132656e-05,2.7670996132656e-05,2.7670996132656e-05,2.6101495677721687e-05,0.0,1.0,1.060130596160889
2513,2,9808,supports_cannot,2.757636502792593e-05,2.757636502792593e-05,2.909904833359178e-05,5.742851863033138e-05,0.8865979313850403,0.8865979313850403,0.4801858961582184
2514,3,10818,supports_cannot,2.754533488769084e-05,2.754533488769084e-05,3.869140346068889e-05,6.401022983482108e-05,0.7474226951599121,0.7474226951599121,0.4303270876407623
2515,2,8252,suppresses_cannot,-2.745439087448176e-05,2.745439087448176e-05,2.9188455300754867e-05,3.497521174722351e-05,0.0257731955498456,0.9742268323898317,0.7849671244621277
2516,0,3892,supports_cannot,2.7330572265782397e-05,2.7330572265782397e-05,2.7339176085661165e-05,3.3031596103683114e-05,0.9896907210350036,0.9896907210350036,0.8274069428443909
2517,0,13214,suppresses_cannot,-2.729401057877112e-05,2.729401057877112e-05,3.022938653884921e-05,2.7151912945555523e-05,0.0309278350323438,0.969072163105011,1.0052334070205688
2518,3,1530,suppresses_cannot,-2.7282336304779164e-05,2.7282336304779164e-05,3.094587009400129e-05,5.105041054775938e-05,0.1494845300912857,0.8505154848098755,0.5344195365905762
2519,3,7797,supports_cannot,2.7248232072452083e-05,2.7248232072452083e-05,3.7132773286430165e-05,7.143750553950667e-05,0.8195876479148865,0.8195876479148865,0.381427526473999
2520,1,8776,suppresses_cannot,-2.720644806686323e-05,2.720644806686323e-05,2.896324804169126e-05,2.797630259010475e-05,0.0463917516171932,0.9536082744598388,0.9724818468093872
2521,3,3682,supports_cannot,2.7105365006718785e-05,2.7105365006718785e-05,3.8418573240051046e-05,8.506667654728517e-05,0.561855673789978,0.561855673789978,0.3186366856098175
2522,2,6922,suppresses_cannot,-2.699506694625597e-05,2.699506694625597e-05,2.816565211105626e-05,3.535407086019404e-05,0.0721649453043937,0.9278350472450256,0.7635631561279297
2523,1,3452,suppresses_cannot,-2.697233139770105e-05,2.697233139770105e-05,2.779389251372777e-05,5.145630348124541e-05,0.0979381427168846,0.9020618796348572,0.5241793394088745
2524,2,8451,suppresses_cannot,-2.697079435165506e-05,2.697079435165506e-05,4.1545052226865664e-05,0.0001272276422241,0.469072163105011,0.530927836894989,0.211988478899002
2525,2,3796,supports_cannot,2.686018706299365e-05,2.686018706299365e-05,4.160834214417264e-05,0.0001618543756194,0.5154638886451721,0.5154638886451721,0.1659528017044067
2526,3,4007,supports_cannot,2.6741592591861263e-05,2.6741592591861263e-05,2.7199381293030456e-05,3.6354998883325607e-05,0.9948453903198242,0.9948453903198242,0.7355685234069824
2527,2,1683,suppresses_cannot,-2.6584286388242617e-05,2.6584286388242617e-05,2.7566840799408965e-05,3.513335468596779e-05,0.0309278350323438,0.969072163105011,0.7566680312156677
2528,2,13093,supports_cannot,2.6481668101041574e-05,2.6481668101041574e-05,2.7722919185180217e-05,3.5050950828008354e-05,0.9793814420700072,0.9793814420700072,0.7555192708969116
2529,1,12767,suppresses_cannot,-2.6439269277034327e-05,2.6439269277034327e-05,2.716681410674937e-05,4.061701110913418e-05,0.0463917516171932,0.9536082744598388,0.6509407758712769
2530,1,11000,suppresses_cannot,-2.6279503799742088e-05,2.6279503799742088e-05,3.065092096221633e-05,4.320238440413959e-05,0.0618556700646877,0.938144326210022,0.6082882881164551
2531,1,7650,suppresses_cannot,-2.606843008834403e-05,2.606843008834403e-05,2.6894906113739125e-05,3.0384511774173006e-05,0.0309278350323438,0.969072163105011,0.8579512238502502
2532,2,1499,supports_cannot,2.5783003366086632e-05,2.5783003366086632e-05,2.672008668014314e-05,2.2766602342016995e-05,0.9742268323898317,0.9742268323898317,1.1324923038482666
2533,3,11569,suppresses_cannot,-2.5676697987364605e-05,2.5676697987364605e-05,3.069209196837619e-05,4.474496745388024e-05,0.128865972161293,0.8711340427398682,0.5738455057144165
2534,1,2696,supports_cannot,2.5617400751798414e-05,2.5617400751798414e-05,2.703377867874224e-05,4.5059830881655216e-05,0.907216489315033,0.907216489315033,0.5685197114944458
2535,3,9217,supports_cannot,2.55642480624374e-05,2.55642480624374e-05,3.115725121460855e-05,3.941828981623985e-05,0.8041236996650696,0.8041236996650696,0.6485377550125122
2536,2,3885,supports_cannot,2.5533216103212908e-05,2.5533216103212908e-05,2.908245733124204e-05,4.545014235191047e-05,0.876288652420044,0.876288652420044,0.5617851614952087
2537,3,13603,suppresses_cannot,-2.5394650947418995e-05,2.5394650947418995e-05,2.6163366783293892e-05,2.572771700215526e-05,0.0206185560673475,0.9793814420700072,0.9870541095733644
2538,2,13951,suppresses_cannot,-2.5380517399753444e-05,2.5380517399753444e-05,3.015073343703989e-05,4.043536682729609e-05,0.0463917516171932,0.9536082744598388,0.6276811361312866
2539,2,4287,supports_cannot,2.536730607971549e-05,2.536730607971549e-05,2.594614852569066e-05,2.7377998776501045e-05,0.9742268323898317,0.9742268323898317,0.9265580177307128
2540,3,4072,supports_cannot,2.532552207412664e-05,2.532552207412664e-05,2.9816148526151665e-05,4.284262467990629e-05,0.907216489315033,0.907216489315033,0.5911291241645813
2541,1,7906,supports_cannot,2.526561002014205e-05,2.526561002014205e-05,2.6639589123078625e-05,3.332237247377634e-05,0.8814433217048645,0.8814433217048645,0.7582176327705383
2542,3,3171,supports_cannot,2.5169136279146187e-05,2.5169136279146187e-05,2.5210307285306044e-05,3.403706068638712e-05,0.9896907210350036,0.9896907210350036,0.739462673664093
2543,2,14074,supports_cannot,2.4841925551299937e-05,2.4841925551299937e-05,3.408064367249608e-05,7.990945596247911e-05,0.7886598110198975,0.7886598110198975,0.3108759224414825
2544,1,1476,suppresses_cannot,-2.4811508410493843e-05,2.4811508410493843e-05,2.548006341385189e-05,3.039803596038837e-05,0.041237112134695,0.9587628841400146,0.8162207007408142
2545,1,13136,supports_cannot,2.4810893592075445e-05,2.4810893592075445e-05,3.252139867981896e-05,4.839363100472838e-05,0.7783505320549011,0.7783505320549011,0.5126892328262329
2546,1,3500,supports_cannot,2.448798477416858e-05,2.448798477416858e-05,3.197727710357867e-05,4.925698158331216e-05,0.8711340427398682,0.8711340427398682,0.4971475005149841
2547,2,7876,supports_cannot,2.4450193450320512e-05,2.4450193450320512e-05,2.4450193450320512e-05,2.3039689040160735e-05,1.0,1.0,1.0612205266952517
2548,1,4670,supports_cannot,2.4383829440921545e-05,2.4383829440921545e-05,2.446555663482286e-05,2.6186948161921464e-05,0.9896907210350036,0.9896907210350036,0.9311442971229552
2549,2,5997,suppresses_cannot,-2.4381371986237355e-05,2.4381371986237355e-05,2.45681749220239e-05,3.586808452382684e-05,0.0154639175161719,0.984536111354828,0.6797511577606201
2550,2,5681,supports_cannot,2.423174555588048e-05,2.423174555588048e-05,5.814125688630156e-05,9.569439862389116e-05,0.6958763003349304,0.6958763003349304,0.2532201111316681
2551,3,67,supports_cannot,2.4133736587828025e-05,2.4133736587828025e-05,3.160090636811219e-05,4.536200503935106e-05,0.8247422575950623,0.8247422575950623,0.5320253372192383
2552,1,4263,supports_cannot,2.3954000425874256e-05,2.3954000425874256e-05,2.4674785890965723e-05,3.668633871711791e-05,0.9587628841400146,0.9587628841400146,0.6529406309127808
2553,3,2537,supports_cannot,2.381697231612634e-05,2.381697231612634e-05,2.398165270278696e-05,3.4459484595572576e-05,0.984536111354828,0.984536111354828,0.6911587119102478
2554,3,2459,suppresses_cannot,-2.3814205633243543e-05,2.3814205633243543e-05,2.441639662720263e-05,3.0075598260737024e-05,0.041237112134695,0.9587628841400146,0.791811466217041
2555,3,352,suppresses_cannot,-2.367932756897062e-05,2.367932756897062e-05,2.9008106139372103e-05,3.235707845306024e-05,0.1082474216818809,0.8917526006698608,0.7318128943443298
2556,3,3761,suppresses_cannot,-2.367748493270483e-05,2.367748493270483e-05,2.367748493270483e-05,3.0587849323637784e-05,0.0,1.0,0.7740814089775085
2557,1,3049,supports_cannot,2.2550219000549987e-05,2.2550219000549987e-05,2.4727938580326736e-05,3.178570841555484e-05,0.9432989954948424,0.9432989954948424,0.7094452381134033
2558,1,4568,supports_cannot,2.217415749328211e-05,2.217415749328211e-05,2.3269161829375665e-05,2.2653923224424943e-05,0.9896907210350036,0.9896907210350036,0.978821873664856
2559,1,13683,suppresses_cannot,-2.2141282897791825e-05,2.2141282897791825e-05,2.224021409347188e-05,2.4443786969641224e-05,0.0257731955498456,0.9742268323898317,0.9058040380477904
2560,1,8671,suppresses_cannot,-2.209857484558597e-05,2.209857484558597e-05,2.5554416424711235e-05,3.0352048270287924e-05,0.1752577275037765,0.8247422575950623,0.7280752062797546
2561,1,2081,supports_cannot,2.2095502572483383e-05,2.2095502572483383e-05,2.535593921493273e-05,4.109190922463313e-05,0.9432989954948424,0.9432989954948424,0.5377092957496643
2562,1,13868,suppresses_cannot,-2.1720055883633904e-05,2.1720055883633904e-05,2.213421612395905e-05,2.608276372484397e-05,0.0206185560673475,0.9793814420700072,0.8327358961105347
2563,1,6412,suppresses_cannot,-2.1378404198912904e-05,2.1378404198912904e-05,4.859621913055889e-05,9.19741578400135e-05,0.469072163105011,0.530927836894989,0.232439249753952
2564,1,7020,supports_cannot,2.1354131604311988e-05,2.1354131604311988e-05,2.5135646865237504e-05,5.609305662801489e-05,0.7835051417350769,0.7835051417350769,0.3806911706924438
2565,1,13817,suppresses_cannot,-2.1014016965636984e-05,2.1014016965636984e-05,2.2107178665464744e-05,2.474678331054747e-05,0.0773195847868919,0.92268043756485,0.8491615056991577
2566,1,12545,suppresses_cannot,-2.100664278259501e-05,2.100664278259501e-05,2.3260559828486294e-05,3.271346940891817e-05,0.1185567006468772,0.8814433217048645,0.6421404480934143
2567,1,3249,supports_cannot,2.0606308680726212e-05,2.0606308680726212e-05,2.175293047912419e-05,3.101966649410315e-05,0.9742268323898317,0.9742268323898317,0.6642981767654419
2568,1,12697,suppresses_cannot,-2.045668225036934e-05,2.045668225036934e-05,3.182396540069021e-05,6.117015436757356e-05,0.2783505022525787,0.7216495275497437,0.3344225883483886
2569,1,1740,supports_cannot,2.0369734556879848e-05,2.0369734556879848e-05,2.053380012512207e-05,2.5938050384866077e-05,0.9793814420700072,0.9793814420700072,0.7853224277496338
