rank,layer,neuron,direction,mean_g,abs_mean_g,mean_abs_g,std_g,positive_fraction,sign_consistency
1,29,4655,supports_refusal,0.26318359375,0.26318359375,0.26318359375,0.02197265625,1.0,1.0
2,31,2398,supports_refusal,0.25634765625,0.25634765625,0.25634765625,0.02880859375,1.0,1.0
3,31,4302,supports_refusal,0.2001953125,0.2001953125,0.2001953125,0.0439453125,1.0,1.0
4,27,8140,supports_refusal,0.18701171875,0.18701171875,0.18701171875,0.03173828125,1.0,1.0
5,30,14130,supports_refusal,0.1845703125,0.1845703125,0.1845703125,0.0625,1.0,1.0
6,31,1209,supports_refusal,0.1826171875,0.1826171875,0.1826171875,0.0205078125,1.0,1.0
7,30,13607,supports_refusal,0.17431640625,0.17431640625,0.17431640625,0.00830078125,1.0,1.0
8,13,4208,suppresses_refusal,-0.17138671875,0.17138671875,0.17138671875,0.04736328125,0.0,1.0
9,26,2407,supports_refusal,0.15380859375,0.15380859375,0.15380859375,0.02392578125,1.0,1.0
10,29,11082,suppresses_refusal,-0.15185546875,0.15185546875,0.15185546875,0.01513671875,0.0,1.0
11,31,5593,suppresses_refusal,-0.13525390625,0.13525390625,0.13525390625,0.00244140625,0.0,1.0
12,30,10879,suppresses_refusal,-0.1279296875,0.1279296875,0.1279296875,0.0263671875,0.0,1.0
13,29,4145,suppresses_refusal,-0.127197265625,0.127197265625,0.127197265625,0.014404296875,0.0,1.0
14,31,2743,supports_refusal,0.123779296875,0.123779296875,0.123779296875,0.048095703125,1.0,1.0
15,30,12387,suppresses_refusal,-0.114990234375,0.114990234375,0.114990234375,0.030517578125,0.0,1.0
16,29,6857,supports_refusal,0.112060546875,0.112060546875,0.112060546875,0.010498046875,1.0,1.0
17,11,4258,suppresses_refusal,-0.1103515625,0.1103515625,0.1103515625,0.0244140625,0.0,1.0
18,31,5230,supports_refusal,0.100830078125,0.100830078125,0.100830078125,0.009521484375,1.0,1.0
19,31,1834,supports_refusal,0.094970703125,0.094970703125,0.094970703125,0.031982421875,1.0,1.0
20,12,13860,suppresses_refusal,-0.093505859375,0.093505859375,0.093505859375,0.019287109375,0.0,1.0
21,31,10014,supports_refusal,0.092529296875,0.092529296875,0.092529296875,0.021728515625,1.0,1.0
22,31,714,suppresses_refusal,-0.09228515625,0.09228515625,0.09228515625,0.02392578125,0.0,1.0
23,23,1751,suppresses_refusal,-0.0908203125,0.0908203125,0.0908203125,0.00927734375,0.0,1.0
24,28,8945,suppresses_refusal,-0.0888671875,0.0888671875,0.0888671875,0.01708984375,0.0,1.0
25,31,12529,supports_refusal,0.08837890625,0.08837890625,0.08837890625,0.01318359375,1.0,1.0
26,28,3697,suppresses_refusal,-0.085693359375,0.085693359375,0.085693359375,0.010986328125,0.0,1.0
27,19,4481,suppresses_refusal,-0.08544921875,0.08544921875,0.08544921875,0.0185546875,0.0,1.0
28,27,3135,supports_refusal,0.08349609375,0.08349609375,0.08349609375,0.03271484375,1.0,1.0
29,26,10406,supports_refusal,0.083251953125,0.083251953125,0.083251953125,0.000244140625,1.0,1.0
30,26,14,supports_refusal,0.082763671875,0.082763671875,0.082763671875,0.017822265625,1.0,1.0
31,31,11817,suppresses_refusal,-0.0819091796875,0.0819091796875,0.0819091796875,0.0479736328125,0.0,1.0
32,23,6046,supports_refusal,0.0811767578125,0.0811767578125,0.0811767578125,0.0487060546875,1.0,1.0
33,31,8664,supports_refusal,0.08056640625,0.08056640625,0.08056640625,0.0263671875,1.0,1.0
34,31,11301,supports_refusal,0.0784912109375,0.0784912109375,0.0784912109375,0.0435791015625,1.0,1.0
35,30,10840,supports_refusal,0.078369140625,0.078369140625,0.078369140625,0.001708984375,1.0,1.0
36,30,11050,supports_refusal,0.078125,0.078125,0.078125,0.0107421875,1.0,1.0
37,26,1089,suppresses_refusal,-0.076904296875,0.076904296875,0.076904296875,0.000244140625,0.0,1.0
38,19,10348,suppresses_refusal,-0.0756683349609375,0.0756683349609375,0.0756683349609375,0.0708160400390625,0.0,1.0
39,31,11512,supports_refusal,0.07464599609375,0.07464599609375,0.07464599609375,0.05230712890625,1.0,1.0
40,31,1686,supports_refusal,0.072998046875,0.072998046875,0.072998046875,0.025146484375,1.0,1.0
41,29,12561,supports_refusal,0.072906494140625,0.072906494140625,0.072906494140625,0.062835693359375,1.0,1.0
42,22,7981,supports_refusal,0.072265625,0.072265625,0.072265625,0.013671875,1.0,1.0
43,31,11202,suppresses_refusal,-0.071533203125,0.071533203125,0.071533203125,0.017333984375,0.0,1.0
44,31,7861,supports_refusal,0.070556640625,0.070556640625,0.070556640625,0.007080078125,1.0,1.0
45,30,5024,suppresses_refusal,-0.0694580078125,0.0694580078125,0.0694580078125,0.0145263671875,0.0,1.0
46,30,5831,suppresses_refusal,-0.069091796875,0.069091796875,0.069091796875,0.008056640625,0.0,1.0
47,30,1171,suppresses_refusal,-0.06884765625,0.06884765625,0.06884765625,0.00146484375,0.0,1.0
48,31,102,supports_refusal,0.06689453125,0.06689453125,0.06689453125,0.0126953125,1.0,1.0
49,19,3992,supports_refusal,0.06689453125,0.06689453125,0.06689453125,0.00048828125,1.0,1.0
50,31,2549,suppresses_refusal,-0.065673828125,0.065673828125,0.065673828125,0.028076171875,0.0,1.0
51,31,10620,supports_refusal,0.0654296875,0.0654296875,0.0654296875,0.0029296875,1.0,1.0
52,31,7517,suppresses_refusal,-0.065185546875,0.065185546875,0.065185546875,0.002197265625,0.0,1.0
53,29,5198,suppresses_refusal,-0.06494140625,0.06494140625,0.06494140625,0.0068359375,0.0,1.0
54,26,9401,suppresses_refusal,-0.0648193359375,0.0648193359375,0.0648193359375,0.0235595703125,0.0,1.0
55,12,846,supports_refusal,0.064453125,0.064453125,0.064453125,0.00048828125,1.0,1.0
56,31,1050,supports_refusal,0.063720703125,0.063720703125,0.063720703125,0.015869140625,1.0,1.0
57,31,287,suppresses_refusal,-0.063232421875,0.063232421875,0.063232421875,0.009033203125,0.0,1.0
58,31,6432,suppresses_refusal,-0.063232421875,0.063232421875,0.063232421875,0.027587890625,0.0,1.0
59,31,29,supports_refusal,0.0626220703125,0.0626220703125,0.0626220703125,0.0111083984375,1.0,1.0
60,30,4893,supports_refusal,0.0616455078125,0.0616455078125,0.0616455078125,0.0042724609375,1.0,1.0
61,15,4973,suppresses_refusal,-0.0616455078125,0.0616455078125,0.0616455078125,0.0447998046875,0.0,1.0
62,31,2344,supports_refusal,0.0606689453125,0.0606689453125,0.0606689453125,0.0135498046875,1.0,1.0
63,31,13648,suppresses_refusal,-0.0594482421875,0.0594482421875,0.0594482421875,0.0245361328125,0.0,1.0
64,30,1562,suppresses_refusal,-0.0594482421875,0.0594482421875,0.0594482421875,0.0201416015625,0.0,1.0
65,9,4255,suppresses_refusal,-0.059326171875,0.059326171875,0.059326171875,0.004150390625,0.0,1.0
66,31,12446,suppresses_refusal,-0.05810546875,0.05810546875,0.05810546875,0.0029296875,0.0,1.0
67,31,5082,suppresses_refusal,-0.0577392578125,0.0577392578125,0.0577392578125,0.0010986328125,0.0,1.0
68,27,11770,suppresses_refusal,-0.0576171875,0.0576171875,0.0576171875,0.000244140625,0.0,1.0
69,29,12010,suppresses_refusal,-0.05712890625,0.05712890625,0.05712890625,0.037109375,0.0,1.0
70,31,10176,supports_refusal,0.0570068359375,0.0570068359375,0.0570068359375,0.0013427734375,1.0,1.0
71,31,12525,supports_refusal,0.0567626953125,0.0567626953125,0.0567626953125,0.0330810546875,1.0,1.0
72,31,10459,supports_refusal,0.0562744140625,0.0562744140625,0.0562744140625,0.0045166015625,1.0,1.0
73,28,11954,supports_refusal,0.055908203125,0.055908203125,0.055908203125,0.008544921875,1.0,1.0
74,31,2305,supports_refusal,0.0555419921875,0.0555419921875,0.0555419921875,0.0050048828125,1.0,1.0
75,31,7281,supports_refusal,0.05517578125,0.05517578125,0.05517578125,0.015625,1.0,1.0
76,31,3982,suppresses_refusal,-0.054931640625,0.054931640625,0.054931640625,0.008544921875,0.0,1.0
77,30,7545,supports_refusal,0.0546875,0.0546875,0.0546875,0.0224609375,1.0,1.0
78,18,12866,supports_refusal,0.0543212890625,0.0543212890625,0.0543212890625,0.0101318359375,1.0,1.0
79,31,996,supports_refusal,0.0540771484375,0.0540771484375,0.0540771484375,0.0089111328125,1.0,1.0
80,18,2106,suppresses_refusal,-0.0538330078125,0.0538330078125,0.0538330078125,0.0015869140625,0.0,1.0
81,29,14120,suppresses_refusal,-0.0537109375,0.0537109375,0.0537109375,0.00390625,0.0,1.0
82,31,8937,suppresses_refusal,-0.0535888671875,0.0535888671875,0.0535888671875,0.0054931640625,0.0,1.0
83,30,2226,suppresses_refusal,-0.052490234375,0.052490234375,0.052490234375,0.00634765625,0.0,1.0
84,27,11734,suppresses_refusal,-0.05224609375,0.05224609375,0.05224609375,0.0078125,0.0,1.0
85,29,4048,supports_refusal,0.051513671875,0.051513671875,0.051513671875,0.015380859375,1.0,1.0
86,31,3712,supports_refusal,0.0511474609375,0.0511474609375,0.0511474609375,0.0372314453125,1.0,1.0
87,6,5866,suppresses_refusal,-0.051025390625,0.051025390625,0.051025390625,0.008056640625,0.0,1.0
88,30,992,supports_refusal,0.0504150390625,0.0504150390625,0.0504150390625,0.0150146484375,1.0,1.0
89,31,5335,suppresses_refusal,-0.05029296875,0.05029296875,0.05029296875,0.01904296875,0.0,1.0
90,29,636,suppresses_refusal,-0.05029296875,0.05029296875,0.05029296875,0.0146484375,0.0,1.0
91,31,1335,supports_refusal,0.050048828125,0.050048828125,0.050048828125,0.0087890625,1.0,1.0
92,30,5442,suppresses_refusal,-0.050048828125,0.050048828125,0.050048828125,0.015869140625,0.0,1.0
93,24,5326,suppresses_refusal,-0.0498046875,0.0498046875,0.0498046875,0.03173828125,0.0,1.0
94,30,12395,suppresses_refusal,-0.049560546875,0.049560546875,0.049560546875,0.010498046875,0.0,1.0
95,10,11570,suppresses_refusal,-0.0494384765625,0.0494384765625,0.0494384765625,0.0399169921875,0.0,1.0
96,30,4350,supports_refusal,0.049072265625,0.049072265625,0.049072265625,0.006591796875,1.0,1.0
97,31,12591,supports_refusal,0.0489501953125,0.0489501953125,0.0489501953125,0.0096435546875,1.0,1.0
98,11,11321,suppresses_refusal,-0.048828125,0.048828125,0.048828125,0.00390625,0.0,1.0
99,31,14201,supports_refusal,0.0484619140625,0.0484619140625,0.0484619140625,0.0106201171875,1.0,1.0
100,27,6070,suppresses_refusal,-0.0482177734375,0.0482177734375,0.0482177734375,0.0072021484375,0.0,1.0
101,14,3917,supports_refusal,0.048095703125,0.048095703125,0.048095703125,0.01220703125,1.0,1.0
102,31,2188,supports_refusal,0.048095703125,0.048095703125,0.048095703125,0.01220703125,1.0,1.0
103,5,7012,suppresses_refusal,-0.0479736328125,0.0479736328125,0.0479736328125,0.0076904296875,0.0,1.0
104,30,1293,supports_refusal,0.04779052734375,0.04779052734375,0.04779052734375,0.02789306640625,1.0,1.0
105,31,4046,suppresses_refusal,-0.04779052734375,0.04779052734375,0.04779052734375,0.01666259765625,0.0,1.0
106,30,10322,supports_refusal,0.0477294921875,0.0477294921875,0.0477294921875,0.0191650390625,1.0,1.0
107,31,5919,supports_refusal,0.0474853515625,0.0474853515625,0.0474853515625,0.0137939453125,1.0,1.0
108,28,3797,suppresses_refusal,-0.04736328125,0.04736328125,0.04736328125,0.009521484375,0.0,1.0
109,23,12220,supports_refusal,0.0472412109375,0.0472412109375,0.0472412109375,0.0142822265625,1.0,1.0
110,29,8656,supports_refusal,0.046875,0.046875,0.046875,0.004150390625,1.0,1.0
111,31,10644,supports_refusal,0.046630859375,0.046630859375,0.046630859375,0.0068359375,1.0,1.0
112,31,1324,supports_refusal,0.046630859375,0.046630859375,0.046630859375,0.012451171875,1.0,1.0
113,30,11268,supports_refusal,0.04638671875,0.04638671875,0.04638671875,0.001708984375,1.0,1.0
114,31,1919,supports_refusal,0.0460205078125,0.0460205078125,0.0460205078125,0.0015869140625,1.0,1.0
115,31,7450,supports_refusal,0.045654296875,0.045654296875,0.045654296875,0.0068359375,1.0,1.0
116,30,10238,suppresses_refusal,-0.045654296875,0.045654296875,0.045654296875,0.0087890625,0.0,1.0
117,30,936,supports_refusal,0.04559326171875,0.04559326171875,0.04559326171875,0.01983642578125,1.0,1.0
118,27,2012,suppresses_refusal,-0.0455322265625,0.0455322265625,0.0455322265625,0.0069580078125,0.0,1.0
119,31,12606,supports_refusal,0.04522705078125,0.04522705078125,0.04522705078125,0.01605224609375,1.0,1.0
120,31,4661,supports_refusal,0.045166015625,0.045166015625,0.045166015625,0.006103515625,1.0,1.0
121,30,12016,supports_refusal,0.04498291015625,0.04498291015625,0.04498291015625,0.02386474609375,1.0,1.0
122,28,1016,supports_refusal,0.0440673828125,0.0440673828125,0.0440673828125,0.0140380859375,1.0,1.0
123,31,11256,suppresses_refusal,-0.0439453125,0.0439453125,0.0439453125,0.0048828125,0.0,1.0
124,31,1519,suppresses_refusal,-0.043792724609375,0.043792724609375,0.043792724609375,0.028472900390625,0.0,1.0
125,31,13076,supports_refusal,0.04345703125,0.04345703125,0.04345703125,0.013427734375,1.0,1.0
126,31,5975,supports_refusal,0.04339599609375,0.04339599609375,0.04339599609375,0.01519775390625,1.0,1.0
127,30,8614,suppresses_refusal,-0.0433349609375,0.0433349609375,0.0433349609375,0.0003662109375,0.0,1.0
128,31,260,suppresses_refusal,-0.0433349609375,0.0433349609375,0.0433349609375,0.0091552734375,0.0,1.0
129,31,13833,supports_refusal,0.04327392578125,0.04327392578125,0.04327392578125,0.02655029296875,1.0,1.0
130,31,7936,supports_refusal,0.04296875,0.04296875,0.04296875,0.02001953125,1.0,1.0
131,28,781,supports_refusal,0.0428466796875,0.0428466796875,0.0428466796875,0.0050048828125,1.0,1.0
132,31,13803,supports_refusal,0.0426025390625,0.0426025390625,0.0426025390625,0.0047607421875,1.0,1.0
133,31,4179,supports_refusal,0.0426025390625,0.0426025390625,0.0426025390625,0.0096435546875,1.0,1.0
134,30,10445,suppresses_refusal,-0.0423583984375,0.0423583984375,0.0423583984375,0.0250244140625,0.0,1.0
135,10,6759,supports_refusal,0.042236328125,0.042236328125,0.042236328125,0.001708984375,1.0,1.0
136,31,13414,supports_refusal,0.042236328125,0.042236328125,0.042236328125,0.009521484375,1.0,1.0
137,30,13393,supports_refusal,0.0419921875,0.0419921875,0.0419921875,0.01025390625,1.0,1.0
138,30,7675,suppresses_refusal,-0.041748046875,0.041748046875,0.041748046875,0.002197265625,0.0,1.0
139,3,2145,supports_refusal,0.0416259765625,0.0416259765625,0.0416259765625,0.0040283203125,1.0,1.0
140,31,11695,suppresses_refusal,-0.0416259765625,0.0416259765625,0.0416259765625,0.0001220703125,0.0,1.0
141,26,8200,suppresses_refusal,-0.04150390625,0.04150390625,0.04150390625,0.007080078125,0.0,1.0
142,31,14276,supports_refusal,0.04150390625,0.04150390625,0.04150390625,0.033203125,1.0,1.0
143,29,13328,suppresses_refusal,-0.0413818359375,0.0413818359375,0.0413818359375,0.0128173828125,0.0,1.0
144,29,7733,supports_refusal,0.04132080078125,0.04132080078125,0.04132080078125,0.01507568359375,1.0,1.0
145,31,8118,suppresses_refusal,-0.0406494140625,0.0406494140625,0.0406494140625,0.0020751953125,0.0,1.0
146,31,10463,supports_refusal,0.0406494140625,0.0406494140625,0.0406494140625,0.0015869140625,1.0,1.0
147,28,2761,supports_refusal,0.0404052734375,0.0404052734375,0.0404052734375,0.0057373046875,1.0,1.0
148,29,3746,supports_refusal,0.04034423828125,0.04034423828125,0.04034423828125,0.01849365234375,1.0,1.0
149,27,8839,suppresses_refusal,-0.0401611328125,0.0401611328125,0.0401611328125,0.0120849609375,0.0,1.0
150,30,9872,supports_refusal,0.039794921875,0.039794921875,0.039794921875,0.00439453125,1.0,1.0
151,16,1241,supports_refusal,0.03973388671875,0.03973388671875,0.03973388671875,0.01715087890625,1.0,1.0
152,31,1549,supports_refusal,0.03955078125,0.03955078125,0.03955078125,0.013427734375,1.0,1.0
153,31,8359,suppresses_refusal,-0.03936767578125,0.03936767578125,0.03936767578125,0.01824951171875,0.0,1.0
154,27,11991,supports_refusal,0.03887939453125,0.03887939453125,0.03887939453125,0.01458740234375,1.0,1.0
155,30,7146,suppresses_refusal,-0.038818359375,0.038818359375,0.038818359375,0.006591796875,0.0,1.0
156,29,12657,suppresses_refusal,-0.03863525390625,0.03863525390625,0.03863525390625,0.02386474609375,0.0,1.0
157,16,13461,supports_refusal,0.03839111328125,0.03839111328125,0.03839111328125,0.01556396484375,1.0,1.0
158,15,13528,supports_refusal,0.0380859375,0.0380859375,0.0380859375,0.004150390625,1.0,1.0
159,31,6650,suppresses_refusal,-0.0380859375,0.0380859375,0.0380859375,0.0048828125,0.0,1.0
160,1,2427,supports_refusal,0.037841796875,0.037841796875,0.037841796875,0.010498046875,1.0,1.0
161,30,6989,supports_refusal,0.0372467041015625,0.0372467041015625,0.0423431396484375,0.0423431396484375,0.5,0.5
162,0,12222,suppresses_refusal,-0.037200927734375,0.037200927734375,0.037200927734375,0.029205322265625,0.0,1.0
163,12,2413,supports_refusal,0.03704833984375,0.03704833984375,0.03704833984375,0.01617431640625,1.0,1.0
164,31,5178,supports_refusal,0.03704833984375,0.03704833984375,0.03704833984375,0.01007080078125,1.0,1.0
165,30,10321,suppresses_refusal,-0.0369873046875,0.0369873046875,0.0369873046875,0.0167236328125,0.0,1.0
166,31,11638,suppresses_refusal,-0.0364990234375,0.0364990234375,0.0364990234375,0.0047607421875,0.0,1.0
167,31,5535,suppresses_refusal,-0.0360107421875,0.0360107421875,0.0360107421875,0.0040283203125,0.0,1.0
168,28,1447,supports_refusal,0.0360107421875,0.0360107421875,0.0360107421875,0.0140380859375,1.0,1.0
169,31,12358,supports_refusal,0.035888671875,0.035888671875,0.035888671875,0.004638671875,1.0,1.0
170,31,3685,suppresses_refusal,-0.035888671875,0.035888671875,0.035888671875,0.00732421875,0.0,1.0
171,29,9228,suppresses_refusal,-0.0357666015625,0.0357666015625,0.0357666015625,0.0064697265625,0.0,1.0
172,31,2750,suppresses_refusal,-0.0357666015625,0.0357666015625,0.0357666015625,0.0093994140625,0.0,1.0
173,31,9854,suppresses_refusal,-0.03564453125,0.03564453125,0.03564453125,0.0009765625,0.0,1.0
174,27,1871,suppresses_refusal,-0.0355224609375,0.0355224609375,0.0355224609375,0.0279541015625,0.0,1.0
175,29,12858,suppresses_refusal,-0.03546142578125,0.03546142578125,0.03546142578125,0.00848388671875,0.0,1.0
176,31,3387,supports_refusal,0.03533935546875,0.03533935546875,0.03533935546875,0.00811767578125,1.0,1.0
177,20,3972,supports_refusal,0.0352783203125,0.0352783203125,0.0352783203125,0.0125732421875,1.0,1.0
178,31,1351,supports_refusal,0.03515625,0.03515625,0.03515625,0.00341796875,1.0,1.0
179,31,3730,supports_refusal,0.0350341796875,0.0350341796875,0.0350341796875,0.0093994140625,1.0,1.0
180,30,7594,suppresses_refusal,-0.03497314453125,0.03497314453125,0.03497314453125,0.01287841796875,0.0,1.0
181,31,8990,suppresses_refusal,-0.034912109375,0.034912109375,0.034912109375,0.00341796875,0.0,1.0
182,30,7422,suppresses_refusal,-0.034912109375,0.034912109375,0.034912109375,0.001953125,0.0,1.0
183,2,11075,suppresses_refusal,-0.034912109375,0.034912109375,0.034912109375,0.001220703125,0.0,1.0
184,31,12373,suppresses_refusal,-0.03485107421875,0.03485107421875,0.03485107421875,0.00421142578125,0.0,1.0
185,12,1481,suppresses_refusal,-0.0347900390625,0.0347900390625,0.0347900390625,0.0045166015625,0.0,1.0
186,30,3843,suppresses_refusal,-0.034423828125,0.034423828125,0.034423828125,0.001708984375,0.0,1.0
187,31,9187,suppresses_refusal,-0.0343017578125,0.0343017578125,0.0343017578125,0.0198974609375,0.0,1.0
188,7,6673,suppresses_refusal,-0.034149169921875,0.034149169921875,0.034149169921875,0.022247314453125,0.0,1.0
189,31,2268,supports_refusal,0.03399658203125,0.03399658203125,0.03399658203125,0.00433349609375,1.0,1.0
190,31,515,supports_refusal,0.03399658203125,0.03399658203125,0.03399658203125,0.00604248046875,1.0,1.0
191,15,12217,suppresses_refusal,-0.0337677001953125,0.0337677001953125,0.0337677001953125,0.0297088623046875,0.0,1.0
192,30,6083,suppresses_refusal,-0.03369140625,0.03369140625,0.03369140625,0.009033203125,0.0,1.0
193,30,3331,supports_refusal,0.03338623046875,0.03338623046875,0.03338623046875,0.00787353515625,1.0,1.0
194,30,10985,suppresses_refusal,-0.03338623046875,0.03338623046875,0.03338623046875,0.00592041015625,0.0,1.0
195,31,10492,suppresses_refusal,-0.033355712890625,0.033355712890625,0.033355712890625,0.020355224609375,0.0,1.0
196,31,416,supports_refusal,0.0333251953125,0.0333251953125,0.0333251953125,0.0191650390625,1.0,1.0
197,31,8345,suppresses_refusal,-0.03326416015625,0.03326416015625,0.03326416015625,0.01800537109375,0.0,1.0
198,31,12252,supports_refusal,0.0331573486328125,0.0331573486328125,0.0331573486328125,0.0271453857421875,1.0,1.0
199,31,7193,supports_refusal,0.03314208984375,0.03314208984375,0.03314208984375,0.00811767578125,1.0,1.0
200,24,5504,suppresses_refusal,-0.03314208984375,0.03314208984375,0.03314208984375,0.00250244140625,0.0,1.0
201,28,6033,supports_refusal,0.0330810546875,0.0330810546875,0.0330810546875,0.0008544921875,1.0,1.0
202,31,1674,supports_refusal,0.0330810546875,0.0330810546875,0.0330810546875,0.0247802734375,1.0,1.0
203,29,9562,supports_refusal,0.032958984375,0.032958984375,0.032958984375,0.012451171875,1.0,1.0
204,31,5617,supports_refusal,0.03277587890625,0.03277587890625,0.03277587890625,0.02069091796875,1.0,1.0
205,31,997,supports_refusal,0.032562255859375,0.032562255859375,0.032562255859375,0.020172119140625,1.0,1.0
206,30,2653,suppresses_refusal,-0.032470703125,0.032470703125,0.032470703125,0.019287109375,0.0,1.0
207,30,10431,suppresses_refusal,-0.03240966796875,0.03240966796875,0.03240966796875,0.00421142578125,0.0,1.0
208,30,13087,supports_refusal,0.0322265625,0.0322265625,0.0322265625,0.000244140625,1.0,1.0
209,28,7491,suppresses_refusal,-0.03216552734375,0.03216552734375,0.03216552734375,0.00982666015625,0.0,1.0
210,29,3852,supports_refusal,0.03192138671875,0.03192138671875,0.03192138671875,0.01275634765625,1.0,1.0
211,9,12312,supports_refusal,0.0318450927734375,0.0318450927734375,0.0370025634765625,0.0370025634765625,0.5,0.5
212,29,1295,supports_refusal,0.03173828125,0.03173828125,0.03173828125,0.006103515625,1.0,1.0
213,31,13115,supports_refusal,0.03173828125,0.03173828125,0.03173828125,0.015625,1.0,1.0
214,31,12933,suppresses_refusal,-0.0316162109375,0.0316162109375,0.0316162109375,0.0018310546875,0.0,1.0
215,31,9936,suppresses_refusal,-0.0313720703125,0.0313720703125,0.0550537109375,0.0550537109375,0.5,0.5
216,24,7245,suppresses_refusal,-0.03131103515625,0.03131103515625,0.03131103515625,0.00433349609375,0.0,1.0
217,31,8711,supports_refusal,0.031219482421875,0.031219482421875,0.031219482421875,0.018341064453125,1.0,1.0
218,27,13174,supports_refusal,0.0311279296875,0.0311279296875,0.0311279296875,0.0013427734375,1.0,1.0
219,5,14319,supports_refusal,0.03106689453125,0.03106689453125,0.03106689453125,0.00115966796875,1.0,1.0
220,24,10586,supports_refusal,0.0306396484375,0.0306396484375,0.0306396484375,0.0032958984375,1.0,1.0
221,21,10970,supports_refusal,0.03057861328125,0.03057861328125,0.03057861328125,0.01800537109375,1.0,1.0
222,31,12119,supports_refusal,0.03057861328125,0.03057861328125,0.03387451171875,0.03387451171875,0.5,0.5
223,31,8384,supports_refusal,0.0303955078125,0.0303955078125,0.0303955078125,0.0032958984375,1.0,1.0
224,31,2477,supports_refusal,0.0303955078125,0.0303955078125,0.0303955078125,0.0032958984375,1.0,1.0
225,26,6595,supports_refusal,0.0301513671875,0.0301513671875,0.0301513671875,0.0084228515625,1.0,1.0
226,29,7349,suppresses_refusal,-0.03009033203125,0.03009033203125,0.03009033203125,0.00360107421875,0.0,1.0
227,31,12862,suppresses_refusal,-0.03009033203125,0.03009033203125,0.03009033203125,0.00677490234375,0.0,1.0
228,30,10768,suppresses_refusal,-0.0299072265625,0.0299072265625,0.0299072265625,0.0040283203125,0.0,1.0
229,31,12156,suppresses_refusal,-0.02978515625,0.02978515625,0.02978515625,0.003173828125,0.0,1.0
230,16,1592,supports_refusal,0.029541015625,0.029541015625,0.029541015625,0.0029296875,1.0,1.0
231,30,3744,supports_refusal,0.02947998046875,0.02947998046875,0.02947998046875,0.01300048828125,1.0,1.0
232,30,11272,supports_refusal,0.0294189453125,0.0294189453125,0.0294189453125,0.0084228515625,1.0,1.0
233,31,855,suppresses_refusal,-0.029296875,0.029296875,0.029296875,0.00634765625,0.0,1.0
234,31,794,supports_refusal,0.02899169921875,0.02899169921875,0.02899169921875,0.00347900390625,1.0,1.0
235,20,1223,supports_refusal,0.02880859375,0.02880859375,0.02880859375,0.011962890625,1.0,1.0
236,31,13293,supports_refusal,0.02862548828125,0.02862548828125,0.02862548828125,0.00408935546875,1.0,1.0
237,31,3358,suppresses_refusal,-0.0284423828125,0.0284423828125,0.0284423828125,0.0057373046875,0.0,1.0
238,1,198,suppresses_refusal,-0.02838134765625,0.02838134765625,0.02838134765625,0.00604248046875,0.0,1.0
239,31,6614,suppresses_refusal,-0.0283203125,0.0283203125,0.0283203125,0.007080078125,0.0,1.0
240,27,3387,suppresses_refusal,-0.0283203125,0.0283203125,0.0283203125,0.005126953125,0.0,1.0
241,16,9699,suppresses_refusal,-0.02801513671875,0.02801513671875,0.02801513671875,0.01007080078125,0.0,1.0
242,31,181,suppresses_refusal,-0.0279541015625,0.0279541015625,0.0279541015625,0.0115966796875,0.0,1.0
243,4,14288,suppresses_refusal,-0.0279541015625,0.0279541015625,0.0279541015625,0.0076904296875,0.0,1.0
244,31,7506,supports_refusal,0.0279541015625,0.0279541015625,0.0279541015625,0.0003662109375,1.0,1.0
245,30,2927,supports_refusal,0.02789306640625,0.02789306640625,0.02789306640625,0.00384521484375,1.0,1.0
246,31,5099,supports_refusal,0.02777099609375,0.02777099609375,0.02777099609375,0.02374267578125,1.0,1.0
247,29,11498,suppresses_refusal,-0.027587890625,0.027587890625,0.027587890625,0.006103515625,0.0,1.0
248,18,8177,suppresses_refusal,-0.0274658203125,0.0274658203125,0.0274658203125,0.0086669921875,0.0,1.0
249,31,311,supports_refusal,0.0274658203125,0.0274658203125,0.0274658203125,0.0106201171875,1.0,1.0
250,30,11920,suppresses_refusal,-0.0274658203125,0.0274658203125,0.0274658203125,0.0137939453125,0.0,1.0
251,30,3587,suppresses_refusal,-0.02740478515625,0.02740478515625,0.02740478515625,0.00433349609375,0.0,1.0
252,22,2002,supports_refusal,0.027374267578125,0.027374267578125,0.027374267578125,0.014129638671875,1.0,1.0
253,28,8131,suppresses_refusal,-0.02734375,0.02734375,0.02734375,0.00439453125,0.0,1.0
254,29,7086,suppresses_refusal,-0.027252197265625,0.027252197265625,0.027252197265625,0.016937255859375,0.0,1.0
255,14,7642,supports_refusal,0.02703857421875,0.02703857421875,0.02703857421875,0.00885009765625,1.0,1.0
256,28,12067,suppresses_refusal,-0.02679443359375,0.02679443359375,0.02679443359375,0.00250244140625,0.0,1.0
257,31,12861,suppresses_refusal,-0.02679443359375,0.02679443359375,0.02679443359375,0.00115966796875,0.0,1.0
258,31,486,suppresses_refusal,-0.0267333984375,0.0267333984375,0.0267333984375,0.0054931640625,0.0,1.0
259,29,9595,suppresses_refusal,-0.02655029296875,0.02655029296875,0.02655029296875,0.00836181640625,0.0,1.0
260,31,7115,supports_refusal,0.0264892578125,0.0264892578125,0.0264892578125,0.0064697265625,1.0,1.0
261,24,12975,supports_refusal,0.02642822265625,0.02642822265625,0.02642822265625,0.00970458984375,1.0,1.0
262,30,2532,suppresses_refusal,-0.0263671875,0.0263671875,0.0263671875,0.009521484375,0.0,1.0
263,31,5041,suppresses_refusal,-0.02630615234375,0.02630615234375,0.02630615234375,0.01007080078125,0.0,1.0
264,31,8777,suppresses_refusal,-0.02630615234375,0.02630615234375,0.02630615234375,0.00738525390625,0.0,1.0
265,31,12950,suppresses_refusal,-0.026275634765625,0.026275634765625,0.026275634765625,0.011322021484375,0.0,1.0
266,31,13812,suppresses_refusal,-0.0262451171875,0.0262451171875,0.0262451171875,0.0037841796875,0.0,1.0
267,30,11663,suppresses_refusal,-0.0262451171875,0.0262451171875,0.0262451171875,0.0018310546875,0.0,1.0
268,25,1685,supports_refusal,0.0262451171875,0.0262451171875,0.0262451171875,0.0045166015625,1.0,1.0
269,2,4380,supports_refusal,0.0262451171875,0.0262451171875,0.0262451171875,0.002685546875,1.0,1.0
270,17,11724,supports_refusal,0.026031494140625,0.026031494140625,0.026031494140625,0.014495849609375,1.0,1.0
271,21,9695,suppresses_refusal,-0.026004284620285034,0.026004284620285034,0.026004284620285034,0.025997668504714966,0.0,1.0
272,27,13732,supports_refusal,0.0260009765625,0.0260009765625,0.0260009765625,0.0047607421875,1.0,1.0
273,16,8434,supports_refusal,0.02593994140625,0.02593994140625,0.02593994140625,0.00042724609375,1.0,1.0
274,19,12164,suppresses_refusal,-0.02587890625,0.02587890625,0.02587890625,0.0048828125,0.0,1.0
275,1,2121,supports_refusal,0.02581787109375,0.02581787109375,0.02581787109375,0.00262451171875,1.0,1.0
276,31,786,supports_refusal,0.0257720947265625,0.0257720947265625,0.0257720947265625,0.0198822021484375,1.0,1.0
277,31,9387,suppresses_refusal,-0.0257568359375,0.0257568359375,0.0257568359375,0.0062255859375,0.0,1.0
278,16,13195,supports_refusal,0.0257568359375,0.0257568359375,0.0257568359375,0.0164794921875,1.0,1.0
279,29,13736,suppresses_refusal,-0.02569580078125,0.02569580078125,0.02569580078125,0.00543212890625,0.0,1.0
280,29,1967,suppresses_refusal,-0.025634765625,0.025634765625,0.025634765625,0.000244140625,0.0,1.0
281,24,5160,suppresses_refusal,-0.025390625,0.025390625,0.025390625,0.00048828125,0.0,1.0
282,29,7375,suppresses_refusal,-0.025390625,0.025390625,0.025390625,0.0025634765625,0.0,1.0
283,29,6859,supports_refusal,0.025390625,0.025390625,0.025390625,0.00048828125,1.0,1.0
284,31,4493,suppresses_refusal,-0.025390625,0.025390625,0.025390625,0.009521484375,0.0,1.0
285,30,13790,suppresses_refusal,-0.0252685546875,0.0252685546875,0.0252685546875,0.0076904296875,0.0,1.0
286,17,13532,supports_refusal,0.025238037109375,0.025238037109375,0.025238037109375,0.012603759765625,1.0,1.0
287,31,5681,supports_refusal,0.02520751953125,0.02520751953125,0.02520751953125,0.00152587890625,1.0,1.0
288,31,455,suppresses_refusal,-0.02518463134765625,0.02518463134765625,0.02518463134765625,0.02144622802734375,0.0,1.0
289,24,5026,suppresses_refusal,-0.025177001953125,0.025177001953125,0.025177001953125,0.014129638671875,0.0,1.0
290,25,902,suppresses_refusal,-0.02508544921875,0.02508544921875,0.02508544921875,0.00738525390625,0.0,1.0
291,31,12776,suppresses_refusal,-0.02508544921875,0.02508544921875,0.02508544921875,0.00250244140625,0.0,1.0
292,17,12117,suppresses_refusal,-0.0250244140625,0.0250244140625,0.0250244140625,0.004150390625,0.0,1.0
293,31,3022,suppresses_refusal,-0.0250244140625,0.0250244140625,0.0250244140625,0.00537109375,0.0,1.0
294,27,12956,supports_refusal,0.0250244140625,0.0250244140625,0.0250244140625,0.0079345703125,1.0,1.0
295,28,6170,suppresses_refusal,-0.02496337890625,0.02496337890625,0.02496337890625,0.00506591796875,0.0,1.0
296,31,5369,suppresses_refusal,-0.02496337890625,0.02496337890625,0.02496337890625,0.00262451171875,0.0,1.0
297,30,11369,suppresses_refusal,-0.024932861328125,0.024932861328125,0.024932861328125,0.011199951171875,0.0,1.0
298,30,4560,supports_refusal,0.024932861328125,0.024932861328125,0.024932861328125,0.010711669921875,1.0,1.0
299,31,3691,supports_refusal,0.024749755859375,0.024749755859375,0.024810791015625,0.024810791015625,0.5,0.5
300,30,8639,suppresses_refusal,-0.0247344970703125,0.0247344970703125,0.0247344970703125,0.0238494873046875,0.0,1.0
301,12,5760,suppresses_refusal,-0.02471923828125,0.02471923828125,0.02471923828125,0.00653076171875,0.0,1.0
302,31,1313,suppresses_refusal,-0.02459716796875,0.02459716796875,0.02459716796875,0.00811767578125,0.0,1.0
303,27,38,supports_refusal,0.02459716796875,0.02459716796875,0.02459716796875,0.00115966796875,1.0,1.0
304,30,12394,suppresses_refusal,-0.02447509765625,0.02447509765625,0.02447509765625,0.00030517578125,0.0,1.0
305,2,3373,supports_refusal,0.02447509765625,0.02447509765625,0.02447509765625,0.00531005859375,1.0,1.0
306,29,108,supports_refusal,0.02447509765625,0.02447509765625,0.02447509765625,0.00775146484375,1.0,1.0
307,25,3592,suppresses_refusal,-0.0244140625,0.0244140625,0.0244140625,0.0029296875,0.0,1.0
308,28,9949,suppresses_refusal,-0.0244140625,0.0244140625,0.0244140625,0.00390625,0.0,1.0
309,29,13217,suppresses_refusal,-0.0242919921875,0.0242919921875,0.0242919921875,0.0023193359375,0.0,1.0
310,31,13989,supports_refusal,0.0242919921875,0.0242919921875,0.0242919921875,0.0030517578125,1.0,1.0
311,31,3759,suppresses_refusal,-0.0242919921875,0.0242919921875,0.0401611328125,0.0401611328125,0.5,0.5
312,28,6305,suppresses_refusal,-0.024261474609375,0.024261474609375,0.024261474609375,0.015289306640625,0.0,1.0
313,29,4946,suppresses_refusal,-0.0242462158203125,0.0242462158203125,0.0242462158203125,0.0177459716796875,0.0,1.0
314,29,10308,supports_refusal,0.02423095703125,0.02423095703125,0.02423095703125,0.00177001953125,1.0,1.0
315,31,10210,suppresses_refusal,-0.02410888671875,0.02410888671875,0.02410888671875,0.00140380859375,0.0,1.0
316,31,14027,suppresses_refusal,-0.02410888671875,0.02410888671875,0.02410888671875,0.00506591796875,0.0,1.0
317,20,10783,suppresses_refusal,-0.0240478515625,0.0240478515625,0.0240478515625,0.0130615234375,0.0,1.0
318,28,11478,suppresses_refusal,-0.0240478515625,0.0240478515625,0.0240478515625,0.0013427734375,0.0,1.0
319,30,5526,suppresses_refusal,-0.02386474609375,0.02386474609375,0.02386474609375,0.00103759765625,0.0,1.0
320,16,8539,suppresses_refusal,-0.0238037109375,0.0238037109375,0.0238037109375,0.0042724609375,0.0,1.0
321,30,1969,suppresses_refusal,-0.02374267578125,0.02374267578125,0.02374267578125,0.00225830078125,0.0,1.0
322,30,8392,suppresses_refusal,-0.0236358642578125,0.0236358642578125,0.0236358642578125,0.0161590576171875,0.0,1.0
323,30,1274,supports_refusal,0.02362060546875,0.02362060546875,0.02362060546875,0.00103759765625,1.0,1.0
324,30,2792,suppresses_refusal,-0.023590087890625,0.023590087890625,0.023590087890625,0.008880615234375,0.0,1.0
325,13,13879,supports_refusal,0.0235595703125,0.0235595703125,0.0235595703125,0.0096435546875,1.0,1.0
326,31,6351,suppresses_refusal,-0.02349853515625,0.02349853515625,0.02349853515625,0.00054931640625,0.0,1.0
327,30,1777,supports_refusal,0.023466110229492188,0.023466110229492188,0.023897171020507812,0.023897171020507812,0.5,0.5
328,31,5206,suppresses_refusal,-0.0234375,0.0234375,0.0234375,0.0032958984375,0.0,1.0
329,30,3000,suppresses_refusal,-0.0233154296875,0.0233154296875,0.0233154296875,0.001708984375,0.0,1.0
330,31,2012,supports_refusal,0.0233154296875,0.0233154296875,0.0233154296875,0.0072021484375,1.0,1.0
331,24,10872,suppresses_refusal,-0.02325439453125,0.02325439453125,0.02325439453125,0.00750732421875,0.0,1.0
332,30,11022,suppresses_refusal,-0.02325439453125,0.02325439453125,0.02325439453125,0.00897216796875,0.0,1.0
333,28,6249,suppresses_refusal,-0.023193359375,0.023193359375,0.023193359375,0.003173828125,0.0,1.0
334,31,10233,supports_refusal,0.023193359375,0.023193359375,0.023193359375,0.01123046875,1.0,1.0
335,30,11441,supports_refusal,0.02313232421875,0.02313232421875,0.02313232421875,0.00372314453125,1.0,1.0
336,31,7437,supports_refusal,0.02313232421875,0.02313232421875,0.02313232421875,0.00225830078125,1.0,1.0
337,26,5916,suppresses_refusal,-0.0230712890625,0.0230712890625,0.0230712890625,0.0069580078125,0.0,1.0
338,30,10070,suppresses_refusal,-0.0230712890625,0.0230712890625,0.0230712890625,0.0054931640625,0.0,1.0
339,28,2136,supports_refusal,0.0230712890625,0.0230712890625,0.0230712890625,0.0010986328125,1.0,1.0
340,18,690,supports_refusal,0.02301025390625,0.02301025390625,0.02301025390625,0.01483154296875,1.0,1.0
341,28,10843,suppresses_refusal,-0.02288818359375,0.02288818359375,0.02288818359375,0.00225830078125,0.0,1.0
342,31,5542,supports_refusal,0.02276611328125,0.02276611328125,0.02276611328125,0.00201416015625,1.0,1.0
343,5,4354,suppresses_refusal,-0.02276611328125,0.02276611328125,0.02276611328125,0.00714111328125,0.0,1.0
344,16,12849,supports_refusal,0.022705078125,0.022705078125,0.022705078125,0.0126953125,1.0,1.0
345,0,7182,supports_refusal,0.022216796875,0.022216796875,0.022216796875,0.00146484375,1.0,1.0
346,31,1095,suppresses_refusal,-0.022186279296875,0.022186279296875,0.022186279296875,0.011016845703125,0.0,1.0
347,31,9050,suppresses_refusal,-0.02215576171875,0.02215576171875,0.02215576171875,0.00030517578125,0.0,1.0
348,26,11948,suppresses_refusal,-0.02197265625,0.02197265625,0.02197265625,0.0107421875,0.0,1.0
349,30,1457,supports_refusal,0.02191162109375,0.02191162109375,0.02191162109375,0.00982666015625,1.0,1.0
350,31,11350,supports_refusal,0.021881103515625,0.021881103515625,0.021881103515625,0.010345458984375,1.0,1.0
351,31,2100,suppresses_refusal,-0.0218505859375,0.0218505859375,0.0218505859375,0.0062255859375,0.0,1.0
352,29,8858,supports_refusal,0.02178955078125,0.02178955078125,0.02178955078125,0.00054931640625,1.0,1.0
353,29,911,supports_refusal,0.02178955078125,0.02178955078125,0.02178955078125,0.00567626953125,1.0,1.0
354,31,3474,supports_refusal,0.021728515625,0.021728515625,0.021728515625,0.013916015625,1.0,1.0
355,31,13183,suppresses_refusal,-0.021697998046875,0.021697998046875,0.021697998046875,0.010772705078125,0.0,1.0
356,31,11488,supports_refusal,0.02169036865234375,0.02169036865234375,0.02169036865234375,0.01859283447265625,1.0,1.0
357,19,11877,supports_refusal,0.021575927734375,0.021575927734375,0.021575927734375,0.014556884765625,1.0,1.0
358,11,1411,supports_refusal,0.02154541015625,0.02154541015625,0.02154541015625,0.00054931640625,1.0,1.0
359,29,13745,suppresses_refusal,-0.021484375,0.021484375,0.021484375,0.0028076171875,0.0,1.0
360,22,4433,supports_refusal,0.021484375,0.021484375,0.021484375,0.0008544921875,1.0,1.0
361,31,11024,suppresses_refusal,-0.021305084228515625,0.021305084228515625,0.021305084228515625,0.019466400146484375,0.0,1.0
362,31,1940,suppresses_refusal,-0.021240234375,0.021240234375,0.021240234375,0.005859375,0.0,1.0
363,30,12125,supports_refusal,0.021148681640625,0.021148681640625,0.029632568359375,0.029632568359375,0.5,0.5
364,31,5355,suppresses_refusal,-0.0211181640625,0.0211181640625,0.0211181640625,0.0137939453125,0.0,1.0
365,28,545,suppresses_refusal,-0.021026611328125,0.021026611328125,0.021026611328125,0.011444091796875,0.0,1.0
366,30,7388,suppresses_refusal,-0.021026611328125,0.021026611328125,0.021026611328125,0.012176513671875,0.0,1.0
367,31,2111,suppresses_refusal,-0.02099609375,0.02099609375,0.02099609375,0.0028076171875,0.0,1.0
368,11,11405,supports_refusal,0.02093505859375,0.02093505859375,0.02093505859375,0.00677490234375,1.0,1.0
369,31,9171,suppresses_refusal,-0.0209197998046875,0.0209197998046875,0.0225372314453125,0.0225372314453125,0.5,0.5
370,31,1159,supports_refusal,0.0208740234375,0.0208740234375,0.0208740234375,0.0064697265625,1.0,1.0
371,18,5964,supports_refusal,0.020782470703125,0.020782470703125,0.020782470703125,0.005950927734375,1.0,1.0
372,26,592,supports_refusal,0.020751953125,0.020751953125,0.020751953125,0.00048828125,1.0,1.0
373,30,13848,suppresses_refusal,-0.02069091796875,0.02069091796875,0.02069091796875,0.00592041015625,0.0,1.0
374,31,4352,suppresses_refusal,-0.02069091796875,0.02069091796875,0.02069091796875,0.00140380859375,0.0,1.0
375,30,7080,suppresses_refusal,-0.0206298828125,0.0206298828125,0.0281982421875,0.0281982421875,0.5,0.5
376,19,13845,supports_refusal,0.0206298828125,0.0206298828125,0.0206298828125,0.0054931640625,1.0,1.0
377,31,2036,suppresses_refusal,-0.020416259765625,0.020416259765625,0.020416259765625,0.007415771484375,0.0,1.0
378,31,11808,supports_refusal,0.02032470703125,0.02032470703125,0.02032470703125,0.00091552734375,1.0,1.0
379,19,10082,supports_refusal,0.020294189453125,0.020294189453125,0.020294189453125,0.007293701171875,1.0,1.0
380,31,4160,supports_refusal,0.020294189453125,0.020294189453125,0.020294189453125,0.006439208984375,1.0,1.0
381,30,5905,suppresses_refusal,-0.02020263671875,0.02020263671875,0.02020263671875,0.00238037109375,0.0,1.0
382,31,13336,supports_refusal,0.0201416015625,0.0201416015625,0.0201416015625,0.0103759765625,1.0,1.0
383,31,850,supports_refusal,0.02008056640625,0.02008056640625,0.02008056640625,0.00299072265625,1.0,1.0
384,27,4216,supports_refusal,0.0200347900390625,0.0200347900390625,0.0200347900390625,0.0124359130859375,1.0,1.0
385,31,10716,supports_refusal,0.02001953125,0.02001953125,0.02001953125,0.000732421875,1.0,1.0
386,25,8728,suppresses_refusal,-0.02001953125,0.02001953125,0.02001953125,0.0020751953125,0.0,1.0
387,27,1690,supports_refusal,0.01995849609375,0.01995849609375,0.01995849609375,0.00091552734375,1.0,1.0
388,30,2250,supports_refusal,0.0198974609375,0.0198974609375,0.0198974609375,0.0028076171875,1.0,1.0
389,31,4358,suppresses_refusal,-0.019805908203125,0.019805908203125,0.019805908203125,0.004608154296875,0.0,1.0
390,31,12968,supports_refusal,0.019775390625,0.019775390625,0.042724609375,0.042724609375,0.5,0.5
391,20,14248,suppresses_refusal,-0.01971435546875,0.01971435546875,0.01971435546875,0.00250244140625,0.0,1.0
392,29,1878,supports_refusal,0.0196533203125,0.0196533203125,0.0196533203125,0.000244140625,1.0,1.0
393,13,11841,supports_refusal,0.01959228515625,0.01959228515625,0.01959228515625,0.00225830078125,1.0,1.0
394,31,10439,supports_refusal,0.01959228515625,0.01959228515625,0.01959228515625,0.00042724609375,1.0,1.0
395,26,11941,suppresses_refusal,-0.01959228515625,0.01959228515625,0.01959228515625,0.00604248046875,0.0,1.0
396,29,10899,supports_refusal,0.01953125,0.01953125,0.01953125,0.001708984375,1.0,1.0
397,30,1832,suppresses_refusal,-0.01953125,0.01953125,0.01953125,0.0006103515625,0.0,1.0
398,22,3629,suppresses_refusal,-0.019500732421875,0.019500732421875,0.019500732421875,0.005401611328125,0.0,1.0
399,17,5722,supports_refusal,0.01934814453125,0.01934814453125,0.01934814453125,0.00775146484375,1.0,1.0
400,31,12985,suppresses_refusal,-0.019287109375,0.019287109375,0.019287109375,0.0030517578125,0.0,1.0
401,31,1755,supports_refusal,0.01922607421875,0.01922607421875,0.01922607421875,0.00335693359375,1.0,1.0
402,24,4421,suppresses_refusal,-0.0191650390625,0.0191650390625,0.0191650390625,0.000732421875,0.0,1.0
403,27,2170,supports_refusal,0.01910400390625,0.01910400390625,0.01910400390625,0.00689697265625,1.0,1.0
404,28,11921,supports_refusal,0.01910400390625,0.01910400390625,0.01910400390625,0.00469970703125,1.0,1.0
405,31,5933,supports_refusal,0.01904296875,0.01904296875,0.01904296875,0.0047607421875,1.0,1.0
406,1,3404,suppresses_refusal,-0.01898193359375,0.01898193359375,0.01898193359375,0.00079345703125,0.0,1.0
407,30,9049,suppresses_refusal,-0.018951416015625,0.018951416015625,0.018951416015625,0.003997802734375,0.0,1.0
408,31,14211,suppresses_refusal,-0.0189208984375,0.0189208984375,0.0189208984375,0.004150390625,0.0,1.0
409,8,8632,supports_refusal,0.0189056396484375,0.0189056396484375,0.0189056396484375,0.0112457275390625,1.0,1.0
410,29,9117,suppresses_refusal,-0.0189056396484375,0.0189056396484375,0.0189056396484375,0.0122222900390625,0.0,1.0
411,31,13933,suppresses_refusal,-0.018890380859375,0.018890380859375,0.018890380859375,0.009063720703125,0.0,1.0
412,31,10949,suppresses_refusal,-0.01885986328125,0.01885986328125,0.01885986328125,0.00262451171875,0.0,1.0
413,30,13752,suppresses_refusal,-0.01885986328125,0.01885986328125,0.01885986328125,0.00177001953125,0.0,1.0
414,16,6310,supports_refusal,0.01885986328125,0.01885986328125,0.01885986328125,0.00189208984375,1.0,1.0
415,30,635,supports_refusal,0.01885986328125,0.01885986328125,0.01885986328125,0.00213623046875,1.0,1.0
416,31,10697,suppresses_refusal,-0.01885986328125,0.01885986328125,0.01885986328125,0.00177001953125,0.0,1.0
417,24,9978,suppresses_refusal,-0.01873779296875,0.01873779296875,0.01873779296875,0.00250244140625,0.0,1.0
418,30,422,supports_refusal,0.01873779296875,0.01873779296875,0.01873779296875,0.00946044921875,1.0,1.0
419,12,10137,suppresses_refusal,-0.0186920166015625,0.0186920166015625,0.0186920166015625,0.0135345458984375,0.0,1.0
420,22,1070,suppresses_refusal,-0.0186767578125,0.0186767578125,0.0186767578125,0.00390625,0.0,1.0
421,27,1931,suppresses_refusal,-0.018646240234375,0.018646240234375,0.018646240234375,0.009063720703125,0.0,1.0
422,31,12174,supports_refusal,0.0185546875,0.0185546875,0.0185546875,0.01220703125,1.0,1.0
423,16,9901,suppresses_refusal,-0.0185546875,0.0185546875,0.0185546875,0.0008544921875,0.0,1.0
424,31,4373,supports_refusal,0.0185089111328125,0.0185089111328125,0.0185089111328125,0.0129852294921875,1.0,1.0
425,11,5200,suppresses_refusal,-0.01849365234375,0.01849365234375,0.01849365234375,0.00238037109375,0.0,1.0
426,0,11587,supports_refusal,0.01849365234375,0.01849365234375,0.01849365234375,0.00103759765625,1.0,1.0
427,12,2965,suppresses_refusal,-0.0184478759765625,0.0184478759765625,0.0184478759765625,0.0137786865234375,0.0,1.0
428,31,8984,supports_refusal,0.0184326171875,0.0184326171875,0.0184326171875,0.0040283203125,1.0,1.0
429,31,1136,supports_refusal,0.01837158203125,0.01837158203125,0.01837158203125,0.00079345703125,1.0,1.0
430,9,7715,supports_refusal,0.01837158203125,0.01837158203125,0.01837158203125,0.00579833984375,1.0,1.0
431,26,6077,suppresses_refusal,-0.01837158203125,0.01837158203125,0.01837158203125,0.00396728515625,0.0,1.0
432,31,11348,suppresses_refusal,-0.018310546875,0.018310546875,0.018310546875,0.001953125,0.0,1.0
433,23,13108,suppresses_refusal,-0.018310546875,0.018310546875,0.018310546875,0.008544921875,0.0,1.0
434,24,10925,supports_refusal,0.018280029296875,0.018280029296875,0.018280029296875,0.006500244140625,1.0,1.0
435,9,2606,suppresses_refusal,-0.01824951171875,0.01824951171875,0.01824951171875,0.00299072265625,0.0,1.0
436,15,3580,supports_refusal,0.01822185516357422,0.01822185516357422,0.01822185516357422,0.01791095733642578,1.0,1.0
437,29,2135,suppresses_refusal,-0.0181884765625,0.0181884765625,0.0181884765625,0.00048828125,0.0,1.0
438,31,1418,suppresses_refusal,-0.0181884765625,0.0181884765625,0.0181884765625,0.0001220703125,0.0,1.0
439,30,7194,suppresses_refusal,-0.01812744140625,0.01812744140625,0.01812744140625,0.00177001953125,0.0,1.0
440,3,11398,suppresses_refusal,-0.01806640625,0.01806640625,0.01806640625,0.0003662109375,0.0,1.0
441,30,559,supports_refusal,0.018035888671875,0.018035888671875,0.018035888671875,0.012115478515625,1.0,1.0
442,18,9602,suppresses_refusal,-0.01800537109375,0.01800537109375,0.01800537109375,0.00115966796875,0.0,1.0
443,30,10064,suppresses_refusal,-0.01800537109375,0.01800537109375,0.01800537109375,0.00140380859375,0.0,1.0
444,20,6609,supports_refusal,0.017974853515625,0.017974853515625,0.017974853515625,0.006805419921875,1.0,1.0
445,16,5666,supports_refusal,0.0179443359375,0.0179443359375,0.0179443359375,0.00439453125,1.0,1.0
446,24,2598,supports_refusal,0.01793193817138672,0.01793193817138672,0.01793193817138672,0.01746845245361328,1.0,1.0
447,30,10963,supports_refusal,0.0178985595703125,0.0178985595703125,0.0178985595703125,0.0111541748046875,1.0,1.0
448,26,10461,supports_refusal,0.017852783203125,0.017852783203125,0.017852783203125,0.003875732421875,1.0,1.0
449,30,3436,supports_refusal,0.017822265625,0.017822265625,0.017822265625,0.0009765625,1.0,1.0
450,24,6799,suppresses_refusal,-0.017791748046875,0.017791748046875,0.017791748046875,0.002838134765625,0.0,1.0
451,20,1474,suppresses_refusal,-0.01776123046875,0.01776123046875,0.01776123046875,0.00213623046875,0.0,1.0
452,30,4077,suppresses_refusal,-0.0177001953125,0.0177001953125,0.0177001953125,0.0068359375,0.0,1.0
453,30,6725,suppresses_refusal,-0.0176849365234375,0.0176849365234375,0.0176849365234375,0.0140533447265625,0.0,1.0
454,30,5089,supports_refusal,0.017669677734375,0.017669677734375,0.017669677734375,0.002105712890625,1.0,1.0
455,31,2657,supports_refusal,0.01763916015625,0.01763916015625,0.03118896484375,0.03118896484375,0.5,0.5
456,29,6400,suppresses_refusal,-0.017608642578125,0.017608642578125,0.017608642578125,0.003509521484375,0.0,1.0
457,31,10036,supports_refusal,0.017578125,0.017578125,0.017578125,0.00048828125,1.0,1.0
458,31,2518,supports_refusal,0.017547607421875,0.017547607421875,0.017547607421875,0.006011962890625,1.0,1.0
459,30,4128,supports_refusal,0.017547607421875,0.017547607421875,0.017547607421875,0.003448486328125,1.0,1.0
460,22,10995,supports_refusal,0.01751708984375,0.01751708984375,0.01751708984375,0.00128173828125,1.0,1.0
461,15,13591,suppresses_refusal,-0.01751708984375,0.01751708984375,0.01751708984375,0.00042724609375,0.0,1.0
462,31,4790,supports_refusal,0.01751708984375,0.01751708984375,0.01751708984375,0.00054931640625,1.0,1.0
463,12,3327,supports_refusal,0.017486572265625,0.017486572265625,0.017486572265625,0.006439208984375,1.0,1.0
464,31,1186,supports_refusal,0.017486572265625,0.017486572265625,0.024993896484375,0.024993896484375,0.5,0.5
465,30,4063,suppresses_refusal,-0.01747894287109375,0.01747894287109375,0.02060699462890625,0.02060699462890625,0.5,0.5
466,14,14167,suppresses_refusal,-0.0174560546875,0.0174560546875,0.0174560546875,0.004638671875,0.0,1.0
467,28,9928,supports_refusal,0.0174407958984375,0.0174407958984375,0.0174407958984375,0.0133209228515625,1.0,1.0
468,31,9678,suppresses_refusal,-0.017425537109375,0.017425537109375,0.017425537109375,0.005523681640625,0.0,1.0
469,2,6658,suppresses_refusal,-0.01739501953125,0.01739501953125,0.01739501953125,0.00836181640625,0.0,1.0
470,16,7051,suppresses_refusal,-0.017364501953125,0.017364501953125,0.017364501953125,0.006439208984375,0.0,1.0
471,18,7999,suppresses_refusal,-0.017364501953125,0.017364501953125,0.017364501953125,0.003875732421875,0.0,1.0
472,14,957,suppresses_refusal,-0.017364501953125,0.017364501953125,0.017364501953125,0.009613037109375,0.0,1.0
473,17,11085,suppresses_refusal,-0.017333984375,0.017333984375,0.017333984375,0.0050048828125,0.0,1.0
474,31,5874,suppresses_refusal,-0.01727294921875,0.01727294921875,0.01727294921875,0.00079345703125,0.0,1.0
475,28,6612,suppresses_refusal,-0.01727294921875,0.01727294921875,0.01727294921875,0.00933837890625,0.0,1.0
476,17,5011,suppresses_refusal,-0.0172119140625,0.0172119140625,0.0172119140625,0.0126953125,0.0,1.0
477,30,14201,suppresses_refusal,-0.017181396484375,0.017181396484375,0.017181396484375,0.002105712890625,0.0,1.0
478,31,9145,suppresses_refusal,-0.01708984375,0.01708984375,0.01708984375,0.0030517578125,0.0,1.0
479,6,13783,supports_refusal,0.01708984375,0.01708984375,0.01708984375,0.001953125,1.0,1.0
480,28,6,suppresses_refusal,-0.01702880859375,0.01702880859375,0.01702880859375,0.00238037109375,0.0,1.0
481,13,5757,supports_refusal,0.01702880859375,0.01702880859375,0.01702880859375,0.00543212890625,1.0,1.0
482,28,2430,suppresses_refusal,-0.0169677734375,0.0169677734375,0.0169677734375,0.0010986328125,0.0,1.0
483,11,789,supports_refusal,0.0169525146484375,0.0169525146484375,0.0169525146484375,0.0157623291015625,1.0,1.0
484,22,12614,supports_refusal,0.01690673828125,0.01690673828125,0.01690673828125,0.00030517578125,1.0,1.0
485,15,12589,suppresses_refusal,-0.01690673828125,0.01690673828125,0.01690673828125,0.00347900390625,0.0,1.0
486,30,5542,suppresses_refusal,-0.01690673828125,0.01690673828125,0.01690673828125,6.103515625e-05,0.0,1.0
487,4,1804,supports_refusal,0.016876220703125,0.016876220703125,0.016876220703125,0.003143310546875,1.0,1.0
488,21,10983,suppresses_refusal,-0.016876220703125,0.016876220703125,0.016876220703125,0.001678466796875,0.0,1.0
489,28,5336,supports_refusal,0.016845703125,0.016845703125,0.016845703125,0.000732421875,1.0,1.0
490,29,4103,suppresses_refusal,-0.016845703125,0.016845703125,0.016845703125,0.0013427734375,0.0,1.0
491,31,5772,suppresses_refusal,-0.0168304443359375,0.0168304443359375,0.0178375244140625,0.0178375244140625,0.5,0.5
492,31,9276,supports_refusal,0.01678466796875,0.01678466796875,0.01678466796875,0.00726318359375,1.0,1.0
493,18,8935,supports_refusal,0.016754150390625,0.016754150390625,0.016754150390625,0.010711669921875,1.0,1.0
494,30,619,supports_refusal,0.016754150390625,0.016754150390625,0.016754150390625,0.004974365234375,1.0,1.0
495,29,6909,suppresses_refusal,-0.016693115234375,0.016693115234375,0.016693115234375,0.002838134765625,0.0,1.0
496,22,10842,supports_refusal,0.016693115234375,0.016693115234375,0.016693115234375,0.010040283203125,1.0,1.0
497,29,9055,suppresses_refusal,-0.016667842864990234,0.016667842864990234,0.016667842864990234,0.016535282135009766,0.0,1.0
498,31,12941,supports_refusal,0.01666259765625,0.01666259765625,0.01666259765625,0.00140380859375,1.0,1.0
499,24,10375,supports_refusal,0.01666259765625,0.01666259765625,0.01666259765625,0.00054931640625,1.0,1.0
500,17,1376,supports_refusal,0.0166473388671875,0.0166473388671875,0.0166473388671875,0.0089874267578125,1.0,1.0
501,31,11299,suppresses_refusal,-0.0166015625,0.0166015625,0.0166015625,0.0,0.0,1.0
502,12,13868,supports_refusal,0.016571044921875,0.016571044921875,0.016571044921875,0.010894775390625,1.0,1.0
503,26,6653,suppresses_refusal,-0.016571044921875,0.016571044921875,0.016571044921875,0.009796142578125,0.0,1.0
504,29,2914,supports_refusal,0.0164794921875,0.0164794921875,0.0164794921875,0.005126953125,1.0,1.0
505,26,2537,supports_refusal,0.016448974609375,0.016448974609375,0.016448974609375,0.006011962890625,1.0,1.0
506,31,879,supports_refusal,0.016448974609375,0.016448974609375,0.016448974609375,0.002960205078125,1.0,1.0
507,31,14108,suppresses_refusal,-0.016448974609375,0.016448974609375,0.016448974609375,0.000885009765625,0.0,1.0
508,22,2901,suppresses_refusal,-0.016448974609375,0.016448974609375,0.016448974609375,0.003082275390625,0.0,1.0
509,30,10428,suppresses_refusal,-0.0163116455078125,0.0163116455078125,0.0163116455078125,0.0104217529296875,0.0,1.0
510,19,11792,suppresses_refusal,-0.01629638671875,0.01629638671875,0.01629638671875,0.00518798828125,0.0,1.0
511,29,9923,suppresses_refusal,-0.01629638671875,0.01629638671875,0.01629638671875,0.00360107421875,0.0,1.0
512,25,12954,suppresses_refusal,-0.01629638671875,0.01629638671875,0.01629638671875,0.00042724609375,0.0,1.0
513,30,5051,supports_refusal,0.0162353515625,0.0162353515625,0.0162353515625,0.001953125,1.0,1.0
514,31,327,supports_refusal,0.0162353515625,0.0162353515625,0.0162353515625,0.0042724609375,1.0,1.0
515,30,4323,suppresses_refusal,-0.016204833984375,0.016204833984375,0.016204833984375,0.006988525390625,0.0,1.0
516,31,7096,supports_refusal,0.01617431640625,0.01617431640625,0.01617431640625,0.00091552734375,1.0,1.0
517,24,9812,suppresses_refusal,-0.0161590576171875,0.0161590576171875,0.0161590576171875,0.0127716064453125,0.0,1.0
518,31,14073,suppresses_refusal,-0.016143798828125,0.016143798828125,0.016143798828125,0.005096435546875,0.0,1.0
519,21,1412,suppresses_refusal,-0.01611328125,0.01611328125,0.01611328125,0.0035400390625,0.0,1.0
520,31,2756,suppresses_refusal,-0.016082763671875,0.016082763671875,0.016082763671875,0.002838134765625,0.0,1.0
521,27,2343,supports_refusal,0.01605224609375,0.01605224609375,0.01605224609375,0.00115966796875,1.0,1.0
522,16,6521,suppresses_refusal,-0.016021728515625,0.016021728515625,0.016021728515625,0.001434326171875,0.0,1.0
523,13,8310,suppresses_refusal,-0.0159912109375,0.0159912109375,0.0159912109375,0.0047607421875,0.0,1.0
524,5,12,supports_refusal,0.015960693359375,0.015960693359375,0.015960693359375,0.000518798828125,1.0,1.0
525,31,11691,supports_refusal,0.01593017578125,0.01593017578125,0.01593017578125,0.00189208984375,1.0,1.0
526,30,13827,supports_refusal,0.01593017578125,0.01593017578125,0.01593017578125,0.00238037109375,1.0,1.0
527,31,8950,supports_refusal,0.015899658203125,0.015899658203125,0.015899658203125,0.013397216796875,1.0,1.0
528,29,6087,suppresses_refusal,-0.015838623046875,0.015838623046875,0.015838623046875,0.002471923828125,0.0,1.0
529,30,10126,supports_refusal,0.0157470703125,0.0157470703125,0.0157470703125,0.0018310546875,1.0,1.0
530,30,5222,suppresses_refusal,-0.015716552734375,0.015716552734375,0.015716552734375,0.005035400390625,0.0,1.0
531,27,9615,suppresses_refusal,-0.015716552734375,0.015716552734375,0.015716552734375,0.004302978515625,0.0,1.0
532,14,1325,suppresses_refusal,-0.015716552734375,0.015716552734375,0.015716552734375,0.000762939453125,0.0,1.0
533,10,1084,supports_refusal,0.015655517578125,0.015655517578125,0.015655517578125,0.002777099609375,1.0,1.0
534,30,13846,suppresses_refusal,-0.015625,0.015625,0.015625,0.006103515625,0.0,1.0
535,23,10303,supports_refusal,0.015625,0.015625,0.015625,0.006103515625,1.0,1.0
536,15,2599,supports_refusal,0.015594482421875,0.015594482421875,0.015594482421875,0.006134033203125,1.0,1.0
537,30,8735,suppresses_refusal,-0.01556396484375,0.01556396484375,0.01556396484375,0.00128173828125,0.0,1.0
538,31,12719,suppresses_refusal,-0.01556396484375,0.01556396484375,0.01556396484375,0.00372314453125,0.0,1.0
539,13,1317,suppresses_refusal,-0.01556396484375,0.01556396484375,0.01556396484375,0.00689697265625,0.0,1.0
540,4,12384,suppresses_refusal,-0.0155181884765625,0.0155181884765625,0.0174407958984375,0.0174407958984375,0.5,0.5
541,27,9308,suppresses_refusal,-0.0155029296875,0.0155029296875,0.0155029296875,0.0069580078125,0.0,1.0
542,16,8352,suppresses_refusal,-0.0155029296875,0.0155029296875,0.0155029296875,0.00390625,0.0,1.0
543,19,9958,suppresses_refusal,-0.0155029296875,0.0155029296875,0.0155029296875,0.001953125,0.0,1.0
544,5,13861,supports_refusal,0.0154876708984375,0.0154876708984375,0.0154876708984375,0.0099029541015625,1.0,1.0
545,31,9519,supports_refusal,0.015472412109375,0.015472412109375,0.015472412109375,0.001617431640625,1.0,1.0
546,30,14058,suppresses_refusal,-0.015472412109375,0.015472412109375,0.015472412109375,0.001495361328125,0.0,1.0
547,5,6739,supports_refusal,0.01544189453125,0.01544189453125,0.01544189453125,0.00311279296875,1.0,1.0
548,16,13109,supports_refusal,0.01544189453125,0.01544189453125,0.01544189453125,0.00445556640625,1.0,1.0
549,31,4788,suppresses_refusal,-0.01541900634765625,0.01541900634765625,0.01827239990234375,0.01827239990234375,0.5,0.5
550,25,8701,supports_refusal,0.015411376953125,0.015411376953125,0.015411376953125,0.002899169921875,1.0,1.0
551,17,2169,suppresses_refusal,-0.015350341796875,0.015350341796875,0.015350341796875,0.001373291015625,0.0,1.0
552,21,11569,supports_refusal,0.015350341796875,0.015350341796875,0.015350341796875,0.003082275390625,1.0,1.0
553,31,5362,suppresses_refusal,-0.01531982421875,0.01531982421875,0.01531982421875,0.00286865234375,0.0,1.0
554,31,10100,supports_refusal,0.015289306640625,0.015289306640625,0.015289306640625,0.000213623046875,1.0,1.0
555,13,11412,suppresses_refusal,-0.0152587890625,0.0152587890625,0.0152587890625,0.01171875,0.0,1.0
556,29,7328,supports_refusal,0.0152587890625,0.0152587890625,0.0152587890625,0.0037841796875,1.0,1.0
557,31,14071,suppresses_refusal,-0.01519775390625,0.01519775390625,0.01519775390625,0.00067138671875,0.0,1.0
558,30,8142,supports_refusal,0.015167236328125,0.015167236328125,0.015167236328125,0.000274658203125,1.0,1.0
559,31,11395,suppresses_refusal,-0.015167236328125,0.015167236328125,0.015167236328125,0.002410888671875,0.0,1.0
560,29,1521,supports_refusal,0.01513671875,0.01513671875,0.01513671875,0.0052490234375,1.0,1.0
561,4,8852,supports_refusal,0.015114068984985352,0.015114068984985352,0.015159368515014648,0.015159368515014648,0.5,0.5
562,30,11430,suppresses_refusal,-0.015106201171875,0.015106201171875,0.015106201171875,0.012115478515625,0.0,1.0
563,16,1185,suppresses_refusal,-0.01509857177734375,0.01509857177734375,0.01509857177734375,0.01236724853515625,0.0,1.0
564,31,4097,supports_refusal,0.015045166015625,0.015045166015625,0.015045166015625,0.004119873046875,1.0,1.0
565,29,8546,supports_refusal,0.015045166015625,0.015045166015625,0.015045166015625,0.001190185546875,1.0,1.0
566,4,3960,suppresses_refusal,-0.015045166015625,0.015045166015625,0.015045166015625,0.001190185546875,0.0,1.0
567,31,5540,supports_refusal,0.014984130859375,0.014984130859375,0.014984130859375,0.003814697265625,1.0,1.0
568,29,12574,suppresses_refusal,-0.014984130859375,0.014984130859375,0.014984130859375,0.002838134765625,0.0,1.0
569,23,3321,suppresses_refusal,-0.014984130859375,0.014984130859375,0.014984130859375,0.001495361328125,0.0,1.0
570,30,2512,supports_refusal,0.01495361328125,0.01495361328125,0.01495361328125,0.00677490234375,1.0,1.0
571,31,11990,suppresses_refusal,-0.014923095703125,0.014923095703125,0.014923095703125,0.001190185546875,0.0,1.0
572,22,1848,supports_refusal,0.014892578125,0.014892578125,0.014892578125,0.004638671875,1.0,1.0
573,30,12903,supports_refusal,0.0148773193359375,0.0148773193359375,0.0148773193359375,0.0102691650390625,1.0,1.0
574,30,11725,suppresses_refusal,-0.014862060546875,0.014862060546875,0.014862060546875,0.001251220703125,0.0,1.0
575,31,13647,supports_refusal,0.01483154296875,0.01483154296875,0.01483154296875,0.00177001953125,1.0,1.0
576,29,7369,supports_refusal,0.01480865478515625,0.01480865478515625,0.01480865478515625,0.01290130615234375,1.0,1.0
577,23,1780,suppresses_refusal,-0.014801025390625,0.014801025390625,0.014801025390625,0.001434326171875,0.0,1.0
578,25,7284,suppresses_refusal,-0.014801025390625,0.014801025390625,0.014801025390625,0.002410888671875,0.0,1.0
579,28,5878,suppresses_refusal,-0.0147705078125,0.0147705078125,0.0147705078125,0.0057373046875,0.0,1.0
580,3,6390,supports_refusal,0.0147705078125,0.0147705078125,0.0316162109375,0.0316162109375,0.5,0.5
581,31,10712,supports_refusal,0.0147705078125,0.0147705078125,0.0147705078125,0.0018310546875,1.0,1.0
582,28,12198,suppresses_refusal,-0.014739990234375,0.014739990234375,0.014739990234375,0.008819580078125,0.0,1.0
583,31,12917,supports_refusal,0.01470947265625,0.01470947265625,0.01470947265625,0.00262451171875,1.0,1.0
584,28,6665,suppresses_refusal,-0.01470947265625,0.01470947265625,0.01470947265625,0.00457763671875,0.0,1.0
585,24,6776,supports_refusal,0.014678955078125,0.014678955078125,0.028045654296875,0.028045654296875,0.5,0.5
586,15,10655,supports_refusal,0.014678955078125,0.014678955078125,0.014678955078125,0.004852294921875,1.0,1.0
587,30,3483,suppresses_refusal,-0.0146484375,0.0146484375,0.0146484375,0.0020751953125,0.0,1.0
588,9,12694,supports_refusal,0.014617919921875,0.014617919921875,0.014617919921875,0.005035400390625,1.0,1.0
589,30,7872,supports_refusal,0.01458740234375,0.01458740234375,0.01458740234375,0.00604248046875,1.0,1.0
590,31,12514,supports_refusal,0.01458740234375,0.01458740234375,0.01458740234375,0.00531005859375,1.0,1.0
591,20,5237,suppresses_refusal,-0.0145721435546875,0.0145721435546875,0.0145721435546875,0.0069122314453125,0.0,1.0
592,30,810,suppresses_refusal,-0.014556884765625,0.014556884765625,0.014556884765625,0.000213623046875,0.0,1.0
593,30,7041,suppresses_refusal,-0.0145416259765625,0.0145416259765625,0.0145416259765625,0.0112152099609375,0.0,1.0
594,10,11152,supports_refusal,0.0145263671875,0.0145263671875,0.0145263671875,0.006103515625,1.0,1.0
595,30,4011,suppresses_refusal,-0.014495849609375,0.014495849609375,0.014495849609375,0.003082275390625,0.0,1.0
596,30,3397,supports_refusal,0.014495849609375,0.014495849609375,0.014495849609375,0.012481689453125,1.0,1.0
597,20,14335,supports_refusal,0.01446533203125,0.01446533203125,0.01446533203125,0.0003662109375,1.0,1.0
598,22,6459,suppresses_refusal,-0.01446533203125,0.01446533203125,0.01446533203125,0.00311279296875,0.0,1.0
599,21,1632,supports_refusal,0.01441192626953125,0.01441192626953125,0.01488494873046875,0.01488494873046875,0.5,0.5
600,30,6816,suppresses_refusal,-0.014404296875,0.014404296875,0.014404296875,0.00091552734375,0.0,1.0
601,26,12228,suppresses_refusal,-0.014404296875,0.014404296875,0.014404296875,0.004150390625,0.0,1.0
602,31,4921,supports_refusal,0.014404296875,0.014404296875,0.014404296875,0.0023193359375,1.0,1.0
603,31,5371,suppresses_refusal,-0.014404296875,0.014404296875,0.014404296875,0.008544921875,0.0,1.0
604,27,11989,suppresses_refusal,-0.0143890380859375,0.0143890380859375,0.0143890380859375,0.0069732666015625,0.0,1.0
605,31,13292,supports_refusal,0.01434326171875,0.01434326171875,0.01434326171875,0.00213623046875,1.0,1.0
606,31,10759,suppresses_refusal,-0.01434326171875,0.01434326171875,0.01434326171875,0.00213623046875,0.0,1.0
607,30,599,suppresses_refusal,-0.01434326171875,0.01434326171875,0.01434326171875,0.00152587890625,0.0,1.0
608,26,529,suppresses_refusal,-0.0142822265625,0.0142822265625,0.0142822265625,0.00018310546875,0.0,1.0
609,12,4065,supports_refusal,0.0142822265625,0.0142822265625,0.0142822265625,0.000732421875,1.0,1.0
610,30,4438,suppresses_refusal,-0.014251708984375,0.014251708984375,0.014251708984375,0.006011962890625,0.0,1.0
611,30,13513,supports_refusal,0.0142059326171875,0.0142059326171875,0.0142059326171875,0.0070343017578125,1.0,1.0
612,31,6734,supports_refusal,0.014190673828125,0.014190673828125,0.014190673828125,0.002044677734375,1.0,1.0
613,12,10737,suppresses_refusal,-0.01416015625,0.01416015625,0.01416015625,0.0029296875,0.0,1.0
614,17,11581,suppresses_refusal,-0.014129638671875,0.014129638671875,0.014129638671875,0.005157470703125,0.0,1.0
615,13,8818,supports_refusal,0.01409912109375,0.01409912109375,0.01409912109375,0.00726318359375,1.0,1.0
616,19,10288,supports_refusal,0.01409912109375,0.01409912109375,0.01409912109375,0.00262451171875,1.0,1.0
617,19,3405,supports_refusal,0.01409912109375,0.01409912109375,0.01409912109375,0.0010986328125,1.0,1.0
618,12,9114,supports_refusal,0.0140838623046875,0.0140838623046875,0.0140838623046875,0.0088653564453125,1.0,1.0
619,20,1036,suppresses_refusal,-0.014068603515625,0.014068603515625,0.014068603515625,0.001312255859375,0.0,1.0
620,31,566,supports_refusal,0.0140380859375,0.0140380859375,0.0140380859375,0.00537109375,1.0,1.0
621,7,10827,supports_refusal,0.014013290405273438,0.014013290405273438,0.014013290405273438,0.013452529907226562,1.0,1.0
622,27,7180,suppresses_refusal,-0.014007568359375,0.014007568359375,0.014007568359375,0.001556396484375,0.0,1.0
623,22,1418,supports_refusal,0.014007568359375,0.014007568359375,0.015045166015625,0.015045166015625,0.5,0.5
624,28,11293,supports_refusal,0.01397705078125,0.01397705078125,0.01397705078125,0.000732421875,1.0,1.0
625,27,8191,suppresses_refusal,-0.01397705078125,0.01397705078125,0.01397705078125,0.00299072265625,0.0,1.0
626,31,3065,suppresses_refusal,-0.01397705078125,0.01397705078125,0.01397705078125,0.00115966796875,0.0,1.0
627,21,999,suppresses_refusal,-0.0139617919921875,0.0139617919921875,0.0139617919921875,0.0104522705078125,0.0,1.0
628,19,6374,suppresses_refusal,-0.013916015625,0.013916015625,0.013916015625,0.0072021484375,0.0,1.0
629,17,10586,suppresses_refusal,-0.013916015625,0.013916015625,0.013916015625,0.00018310546875,0.0,1.0
630,13,13824,supports_refusal,0.013916015625,0.013916015625,0.013916015625,0.003173828125,1.0,1.0
631,25,13772,suppresses_refusal,-0.01390838623046875,0.01390838623046875,0.01390838623046875,0.01087188720703125,0.0,1.0
632,16,2610,suppresses_refusal,-0.013885498046875,0.013885498046875,0.013885498046875,0.001129150390625,0.0,1.0
633,29,319,suppresses_refusal,-0.01385498046875,0.01385498046875,0.01385498046875,0.00396728515625,0.0,1.0
634,31,4626,supports_refusal,0.01385498046875,0.01385498046875,0.01385498046875,0.00225830078125,1.0,1.0
635,11,8208,suppresses_refusal,-0.01385498046875,0.01385498046875,0.01385498046875,0.00762939453125,0.0,1.0
636,18,4570,suppresses_refusal,-0.01384735107421875,0.01384735107421875,0.01557159423828125,0.01557159423828125,0.5,0.5
637,23,4486,suppresses_refusal,-0.013820648193359375,0.013820648193359375,0.013820648193359375,0.012058258056640625,0.0,1.0
638,20,8083,suppresses_refusal,-0.0138092041015625,0.0138092041015625,0.0138092041015625,0.0077972412109375,0.0,1.0
639,19,10660,supports_refusal,0.0137939453125,0.0137939453125,0.0137939453125,0.0047607421875,1.0,1.0
640,16,12916,supports_refusal,0.0137939453125,0.0137939453125,0.0137939453125,0.0064697265625,1.0,1.0
641,30,7428,supports_refusal,0.013763427734375,0.013763427734375,0.013763427734375,0.001007080078125,1.0,1.0
642,5,9654,supports_refusal,0.013763427734375,0.013763427734375,0.013763427734375,0.001678466796875,1.0,1.0
643,31,12839,suppresses_refusal,-0.01373291015625,0.01373291015625,0.01373291015625,0.00714111328125,0.0,1.0
644,31,10180,suppresses_refusal,-0.013702392578125,0.013702392578125,0.013702392578125,0.001312255859375,0.0,1.0
645,30,12258,supports_refusal,0.013702392578125,0.013702392578125,0.013702392578125,0.004241943359375,1.0,1.0
646,27,2354,supports_refusal,0.013702392578125,0.013702392578125,0.013702392578125,0.002166748046875,1.0,1.0
647,29,7777,supports_refusal,0.013671875,0.013671875,0.013671875,0.010986328125,1.0,1.0
648,16,11052,suppresses_refusal,-0.013661384582519531,0.013661384582519531,0.013804435729980469,0.013804435729980469,0.5,0.5
649,0,3837,supports_refusal,0.013641357421875,0.013641357421875,0.013641357421875,0.004302978515625,1.0,1.0
650,29,4960,suppresses_refusal,-0.013641357421875,0.013641357421875,0.013641357421875,0.004669189453125,0.0,1.0
651,10,4148,supports_refusal,0.01361083984375,0.01361083984375,0.01361083984375,0.0,1.0,1.0
652,31,12850,suppresses_refusal,-0.013580322265625,0.013580322265625,0.013580322265625,0.004364013671875,0.0,1.0
653,28,12739,supports_refusal,0.013580322265625,0.013580322265625,0.013580322265625,0.002410888671875,1.0,1.0
654,14,10635,supports_refusal,0.013519287109375,0.013519287109375,0.013519287109375,0.004669189453125,1.0,1.0
655,29,8335,suppresses_refusal,-0.013519287109375,0.013519287109375,0.013519287109375,0.000213623046875,0.0,1.0
656,19,7854,supports_refusal,0.01348876953125,0.01348876953125,0.01348876953125,0.00201416015625,1.0,1.0
657,12,9000,suppresses_refusal,-0.0134735107421875,0.0134735107421875,0.0134735107421875,0.0070343017578125,0.0,1.0
658,29,11576,suppresses_refusal,-0.013458251953125,0.013458251953125,0.013458251953125,0.002410888671875,0.0,1.0
659,21,6388,suppresses_refusal,-0.013458251953125,0.013458251953125,0.013458251953125,0.009002685546875,0.0,1.0
660,26,2794,suppresses_refusal,-0.013427734375,0.013427734375,0.013427734375,0.00177001953125,0.0,1.0
661,17,9401,supports_refusal,0.013427734375,0.013427734375,0.013427734375,0.0030517578125,1.0,1.0
662,17,2591,suppresses_refusal,-0.013397216796875,0.013397216796875,0.013397216796875,0.004547119140625,0.0,1.0
663,31,12913,supports_refusal,0.013397216796875,0.013397216796875,0.013397216796875,0.001861572265625,1.0,1.0
664,17,14096,supports_refusal,0.01338958740234375,0.01338958740234375,0.01338958740234375,0.01053619384765625,1.0,1.0
665,30,13984,suppresses_refusal,-0.0133819580078125,0.0133819580078125,0.0133819580078125,0.0090789794921875,0.0,1.0
666,15,7566,suppresses_refusal,-0.01336669921875,0.01336669921875,0.01336669921875,0.00238037109375,0.0,1.0
667,23,6450,supports_refusal,0.013336181640625,0.013336181640625,0.013336181640625,0.002410888671875,1.0,1.0
668,10,853,supports_refusal,0.01331329345703125,0.01331329345703125,0.01451873779296875,0.01451873779296875,0.5,0.5
669,30,10139,suppresses_refusal,-0.013275146484375,0.013275146484375,0.013275146484375,0.002349853515625,0.0,1.0
670,31,11928,supports_refusal,0.0132598876953125,0.0132598876953125,0.0132598876953125,0.0072479248046875,1.0,1.0
671,28,6199,suppresses_refusal,-0.013214111328125,0.013214111328125,0.013214111328125,0.003509521484375,0.0,1.0
672,26,9709,supports_refusal,0.013214111328125,0.013214111328125,0.013214111328125,0.005584716796875,1.0,1.0
673,30,6961,suppresses_refusal,-0.01318359375,0.01318359375,0.01318359375,0.00091552734375,0.0,1.0
674,25,744,suppresses_refusal,-0.01318359375,0.01318359375,0.01318359375,0.006591796875,0.0,1.0
675,14,12450,supports_refusal,0.013172149658203125,0.013172149658203125,0.014171600341796875,0.014171600341796875,0.5,0.5
676,15,5483,suppresses_refusal,-0.0131683349609375,0.0131683349609375,0.0131683349609375,0.0083160400390625,0.0,1.0
677,29,10662,suppresses_refusal,-0.013153076171875,0.013153076171875,0.013153076171875,0.001983642578125,0.0,1.0
678,19,7751,suppresses_refusal,-0.013153076171875,0.013153076171875,0.013153076171875,0.006134033203125,0.0,1.0
679,30,2420,suppresses_refusal,-0.01312255859375,0.01312255859375,0.01312255859375,0.00250244140625,0.0,1.0
680,15,5326,suppresses_refusal,-0.01312255859375,0.01312255859375,0.01312255859375,0.00555419921875,0.0,1.0
681,17,12712,supports_refusal,0.0131072998046875,0.0131072998046875,0.0131072998046875,0.0065460205078125,1.0,1.0
682,30,14059,supports_refusal,0.013092041015625,0.013092041015625,0.013092041015625,0.003509521484375,1.0,1.0
683,28,1692,suppresses_refusal,-0.0130615234375,0.0130615234375,0.0130615234375,0.003173828125,0.0,1.0
684,28,12702,suppresses_refusal,-0.012969970703125,0.012969970703125,0.012969970703125,0.003631591796875,0.0,1.0
685,16,7560,suppresses_refusal,-0.0129547119140625,0.0129547119140625,0.0129547119140625,0.0062103271484375,0.0,1.0
686,19,3088,suppresses_refusal,-0.012939453125,0.012939453125,0.012939453125,0.003662109375,0.0,1.0
687,25,1684,suppresses_refusal,-0.012939453125,0.012939453125,0.012939453125,0.0042724609375,0.0,1.0
688,23,11088,suppresses_refusal,-0.012939453125,0.012939453125,0.012939453125,0.0040283203125,0.0,1.0
689,13,13189,suppresses_refusal,-0.012908935546875,0.012908935546875,0.012908935546875,0.000213623046875,0.0,1.0
690,13,13125,supports_refusal,0.012908935546875,0.012908935546875,0.012908935546875,0.002349853515625,1.0,1.0
691,24,2777,supports_refusal,0.0128936767578125,0.0128936767578125,0.0175018310546875,0.0175018310546875,0.5,0.5
692,29,6313,suppresses_refusal,-0.01287841796875,0.01287841796875,0.01287841796875,0.00396728515625,0.0,1.0
693,13,12356,supports_refusal,0.01287841796875,0.01287841796875,0.01287841796875,0.00286865234375,1.0,1.0
694,28,1622,suppresses_refusal,-0.01287841796875,0.01287841796875,0.01287841796875,0.0023193359375,0.0,1.0
695,11,9948,suppresses_refusal,-0.012847900390625,0.012847900390625,0.012847900390625,0.001739501953125,0.0,1.0
696,31,12130,suppresses_refusal,-0.012847900390625,0.012847900390625,0.012847900390625,0.002532958984375,0.0,1.0
697,11,2210,supports_refusal,0.012847900390625,0.012847900390625,0.012847900390625,0.006072998046875,1.0,1.0
698,31,5562,supports_refusal,0.0128173828125,0.0128173828125,0.0128173828125,0.0010986328125,1.0,1.0
699,23,13147,suppresses_refusal,-0.0128173828125,0.0128173828125,0.0128173828125,0.0010986328125,0.0,1.0
700,31,13340,supports_refusal,0.0128021240234375,0.0128021240234375,0.0128021240234375,0.0079498291015625,1.0,1.0
701,28,6945,supports_refusal,0.0128021240234375,0.0128021240234375,0.0128021240234375,0.0075836181640625,1.0,1.0
702,31,9734,supports_refusal,0.012786865234375,0.012786865234375,0.012786865234375,0.002227783203125,1.0,1.0
703,19,8853,suppresses_refusal,-0.012786865234375,0.012786865234375,0.012786865234375,0.006011962890625,0.0,1.0
704,21,8329,suppresses_refusal,-0.012786865234375,0.012786865234375,0.012786865234375,0.003570556640625,0.0,1.0
705,18,12333,suppresses_refusal,-0.012786865234375,0.012786865234375,0.012786865234375,0.001251220703125,0.0,1.0
706,16,13185,suppresses_refusal,-0.012784957885742188,0.012784957885742188,0.012784957885742188,0.012483596801757812,0.0,1.0
707,31,7673,suppresses_refusal,-0.0127716064453125,0.0127716064453125,0.0127716064453125,0.0061492919921875,0.0,1.0
708,1,12834,suppresses_refusal,-0.01275634765625,0.01275634765625,0.01275634765625,0.00067138671875,0.0,1.0
709,31,847,supports_refusal,0.01275634765625,0.01275634765625,0.01275634765625,0.00628662109375,1.0,1.0
710,30,4355,suppresses_refusal,-0.01274871826171875,0.01274871826171875,0.01274871826171875,0.00971221923828125,0.0,1.0
711,19,975,supports_refusal,0.012725830078125,0.012725830078125,0.012725830078125,0.003753662109375,1.0,1.0
712,31,9115,supports_refusal,0.0126953125,0.0126953125,0.0126953125,0.0068359375,1.0,1.0
713,31,1739,suppresses_refusal,-0.0126953125,0.0126953125,0.0126953125,0.0028076171875,0.0,1.0
714,31,9312,suppresses_refusal,-0.012664794921875,0.012664794921875,0.012664794921875,0.004547119140625,0.0,1.0
715,30,1978,suppresses_refusal,-0.01263427734375,0.01263427734375,0.01263427734375,0.00030517578125,0.0,1.0
716,27,13407,suppresses_refusal,-0.0126190185546875,0.0126190185546875,0.0126190185546875,0.0070343017578125,0.0,1.0
717,21,12395,suppresses_refusal,-0.01261138916015625,0.01261138916015625,0.01436614990234375,0.01436614990234375,0.5,0.5
718,31,13592,suppresses_refusal,-0.012603759765625,0.012603759765625,0.012603759765625,0.001556396484375,0.0,1.0
719,22,4290,suppresses_refusal,-0.012603759765625,0.012603759765625,0.012603759765625,0.007537841796875,0.0,1.0
720,31,2528,suppresses_refusal,-0.0125732421875,0.0125732421875,0.0125732421875,0.0037841796875,0.0,1.0
721,30,3460,suppresses_refusal,-0.012542724609375,0.012542724609375,0.012542724609375,3.0517578125e-05,0.0,1.0
722,16,2644,suppresses_refusal,-0.012542724609375,0.012542724609375,0.012542724609375,0.004547119140625,0.0,1.0
723,13,7787,supports_refusal,0.012542724609375,0.012542724609375,0.012542724609375,0.004302978515625,1.0,1.0
724,26,3768,supports_refusal,0.01251220703125,0.01251220703125,0.01251220703125,0.00146484375,1.0,1.0
725,0,14029,supports_refusal,0.012491703033447266,0.012491703033447266,0.012491703033447266,0.012410640716552734,1.0,1.0
726,31,2564,supports_refusal,0.012481689453125,0.012481689453125,0.012481689453125,0.003997802734375,1.0,1.0
727,21,3883,supports_refusal,0.012481689453125,0.012481689453125,0.012481689453125,0.003509521484375,1.0,1.0
728,17,12441,supports_refusal,0.012451171875,0.012451171875,0.012451171875,0.0020751953125,1.0,1.0
729,28,12928,supports_refusal,0.012451171875,0.012451171875,0.012451171875,0.0003662109375,1.0,1.0
730,10,3609,suppresses_refusal,-0.012451171875,0.012451171875,0.012451171875,0.000244140625,0.0,1.0
731,17,9050,supports_refusal,0.012420654296875,0.012420654296875,0.012420654296875,0.007232666015625,1.0,1.0
732,28,6778,suppresses_refusal,-0.012420654296875,0.012420654296875,0.012420654296875,0.001251220703125,0.0,1.0
733,28,3790,supports_refusal,0.012420654296875,0.012420654296875,0.012420654296875,0.005889892578125,1.0,1.0
734,30,2306,supports_refusal,0.012420654296875,0.012420654296875,0.012420654296875,0.002960205078125,1.0,1.0
735,13,594,supports_refusal,0.01239013671875,0.01239013671875,0.01239013671875,0.0028076171875,1.0,1.0
736,14,3607,supports_refusal,0.01239013671875,0.01239013671875,0.01239013671875,0.00164794921875,1.0,1.0
737,31,8018,suppresses_refusal,-0.01239013671875,0.01239013671875,0.01239013671875,0.00787353515625,0.0,1.0
738,31,3191,supports_refusal,0.012359619140625,0.012359619140625,0.012359619140625,0.000457763671875,1.0,1.0
739,30,5549,suppresses_refusal,-0.012359619140625,0.012359619140625,0.012359619140625,0.000396728515625,0.0,1.0
740,14,7317,suppresses_refusal,-0.012359619140625,0.012359619140625,0.012359619140625,0.005340576171875,0.0,1.0
741,30,5341,supports_refusal,0.0123291015625,0.0123291015625,0.0123291015625,0.0042724609375,1.0,1.0
742,1,10289,supports_refusal,0.0123291015625,0.0123291015625,0.0123291015625,0.003662109375,1.0,1.0
743,20,4035,supports_refusal,0.0122528076171875,0.0122528076171875,0.0122528076171875,0.0045928955078125,1.0,1.0
744,25,3897,suppresses_refusal,-0.012237548828125,0.012237548828125,0.012237548828125,0.003387451171875,0.0,1.0
745,29,770,suppresses_refusal,-0.012237548828125,0.012237548828125,0.012237548828125,0.001251220703125,0.0,1.0
746,31,9360,suppresses_refusal,-0.012237548828125,0.012237548828125,0.012237548828125,0.000823974609375,0.0,1.0
747,31,8549,suppresses_refusal,-0.012237548828125,0.012237548828125,0.012237548828125,0.009979248046875,0.0,1.0
748,30,8431,suppresses_refusal,-0.01220703125,0.01220703125,0.01220703125,0.0001220703125,0.0,1.0
749,18,9102,supports_refusal,0.01219940185546875,0.01219940185546875,0.01219940185546875,0.00904083251953125,1.0,1.0
750,29,10297,suppresses_refusal,-0.0121917724609375,0.0121917724609375,0.0121917724609375,0.0047760009765625,0.0,1.0
751,31,5883,suppresses_refusal,-0.012176513671875,0.012176513671875,0.012176513671875,0.002593994140625,0.0,1.0
752,25,4370,suppresses_refusal,-0.012176513671875,0.012176513671875,0.012176513671875,0.007720947265625,0.0,1.0
753,30,333,suppresses_refusal,-0.0121612548828125,0.0121612548828125,0.0121612548828125,0.0048065185546875,0.0,1.0
754,30,760,supports_refusal,0.01214599609375,0.01214599609375,0.01214599609375,0.00250244140625,1.0,1.0
755,30,8027,suppresses_refusal,-0.01214599609375,0.01214599609375,0.01214599609375,0.002197265625,0.0,1.0
756,30,3786,supports_refusal,0.01214599609375,0.01214599609375,0.01214599609375,0.00018310546875,1.0,1.0
757,30,2120,suppresses_refusal,-0.01214599609375,0.01214599609375,0.01214599609375,0.00213623046875,0.0,1.0
758,30,4064,supports_refusal,0.0121307373046875,0.0121307373046875,0.0121307373046875,0.0080108642578125,1.0,1.0
759,26,2589,suppresses_refusal,-0.012115478515625,0.012115478515625,0.012908935546875,0.012908935546875,0.5,0.5
760,20,9928,suppresses_refusal,-0.012115478515625,0.012115478515625,0.012115478515625,0.006683349609375,0.0,1.0
761,7,6976,suppresses_refusal,-0.012115478515625,0.012115478515625,0.012115478515625,0.001312255859375,0.0,1.0
762,30,5194,suppresses_refusal,-0.0120849609375,0.0120849609375,0.0120849609375,0.0001220703125,0.0,1.0
763,30,6610,suppresses_refusal,-0.012054443359375,0.012054443359375,0.012054443359375,0.002655029296875,0.0,1.0
764,1,9914,supports_refusal,0.012054443359375,0.012054443359375,0.012054443359375,0.001922607421875,1.0,1.0
765,30,9305,supports_refusal,0.01202392578125,0.01202392578125,0.01202392578125,0.00140380859375,1.0,1.0
766,29,9301,suppresses_refusal,-0.01202392578125,0.01202392578125,0.01202392578125,0.00628662109375,0.0,1.0
767,31,7851,supports_refusal,0.01202392578125,0.01202392578125,0.01202392578125,0.00115966796875,1.0,1.0
768,10,11908,supports_refusal,0.011993408203125,0.011993408203125,0.011993408203125,0.000885009765625,1.0,1.0
769,31,5287,suppresses_refusal,-0.011993408203125,0.011993408203125,0.011993408203125,0.002105712890625,0.0,1.0
770,31,10667,supports_refusal,0.011962890625,0.011962890625,0.011962890625,0.0047607421875,1.0,1.0
771,27,8738,supports_refusal,0.011932373046875,0.011932373046875,0.011932373046875,0.000640869140625,1.0,1.0
772,28,9158,suppresses_refusal,-0.011932373046875,0.011932373046875,0.011932373046875,0.003631591796875,0.0,1.0
773,30,10476,supports_refusal,0.011932373046875,0.011932373046875,0.011932373046875,9.1552734375e-05,1.0,1.0
774,22,3228,suppresses_refusal,-0.01190185546875,0.01190185546875,0.01190185546875,0.001220703125,0.0,1.0
775,31,7124,supports_refusal,0.011871337890625,0.011871337890625,0.011871337890625,0.005096435546875,1.0,1.0
776,12,13898,suppresses_refusal,-0.0118408203125,0.0118408203125,0.0118408203125,0.00537109375,0.0,1.0
777,31,11084,supports_refusal,0.0118408203125,0.0118408203125,0.0118408203125,0.0059814453125,1.0,1.0
778,29,6974,supports_refusal,0.0118408203125,0.0118408203125,0.0118408203125,0.00067138671875,1.0,1.0
779,15,5862,supports_refusal,0.011810302734375,0.011810302734375,0.011810302734375,0.002777099609375,1.0,1.0
780,18,2105,supports_refusal,0.011810302734375,0.011810302734375,0.011810302734375,0.005279541015625,1.0,1.0
781,25,5104,suppresses_refusal,-0.0117950439453125,0.0117950439453125,0.0117950439453125,0.0055389404296875,0.0,1.0
782,29,2380,suppresses_refusal,-0.01177978515625,0.01177978515625,0.01177978515625,0.00225830078125,0.0,1.0
783,31,11861,suppresses_refusal,-0.01177978515625,0.01177978515625,0.01177978515625,0.00225830078125,0.0,1.0
784,30,9333,suppresses_refusal,-0.01177978515625,0.01177978515625,0.01177978515625,0.00091552734375,0.0,1.0
785,30,9485,suppresses_refusal,-0.011749267578125,0.011749267578125,0.011749267578125,0.003692626953125,0.0,1.0
786,24,13916,supports_refusal,0.011749267578125,0.011749267578125,0.011749267578125,0.001190185546875,1.0,1.0
787,16,3813,supports_refusal,0.011749267578125,0.011749267578125,0.011749267578125,0.004241943359375,1.0,1.0
788,8,11354,suppresses_refusal,-0.011749267578125,0.011749267578125,0.011749267578125,0.005828857421875,0.0,1.0
789,31,13063,suppresses_refusal,-0.011749267578125,0.011749267578125,0.011749267578125,0.008148193359375,0.0,1.0
790,22,8984,supports_refusal,0.01171875,0.01171875,0.01171875,0.0001220703125,1.0,1.0
791,19,5310,supports_refusal,0.01171875,0.01171875,0.01171875,0.0013427734375,1.0,1.0
792,30,7674,supports_refusal,0.01171875,0.01171875,0.01171875,0.00048828125,1.0,1.0
793,27,7128,suppresses_refusal,-0.01171875,0.01171875,0.01171875,0.0030517578125,0.0,1.0
794,12,2404,suppresses_refusal,-0.01165771484375,0.01165771484375,0.01165771484375,0.00128173828125,0.0,1.0
795,31,7687,supports_refusal,0.01165771484375,0.01165771484375,0.01165771484375,0.00140380859375,1.0,1.0
796,31,5068,suppresses_refusal,-0.011627197265625,0.011627197265625,0.011627197265625,0.001922607421875,0.0,1.0
797,31,1813,supports_refusal,0.011627197265625,0.011627197265625,0.011627197265625,0.002471923828125,1.0,1.0
798,18,8146,supports_refusal,0.011627197265625,0.011627197265625,0.011627197265625,0.001373291015625,1.0,1.0
799,31,9628,supports_refusal,0.0115966796875,0.0115966796875,0.0115966796875,0.009521484375,1.0,1.0
800,23,7303,suppresses_refusal,-0.011571884155273438,0.011571884155273438,0.011571884155273438,0.010644912719726562,0.0,1.0
801,31,3487,suppresses_refusal,-0.011566162109375,0.011566162109375,0.011566162109375,0.002960205078125,0.0,1.0
802,27,10519,supports_refusal,0.011566162109375,0.011566162109375,0.011566162109375,0.000518798828125,1.0,1.0
803,1,12697,suppresses_refusal,-0.01154327392578125,0.01154327392578125,0.01154327392578125,0.00859832763671875,0.0,1.0
804,1,2278,suppresses_refusal,-0.01153564453125,0.01153564453125,0.01153564453125,0.000732421875,0.0,1.0
805,31,507,suppresses_refusal,-0.0115203857421875,0.0115203857421875,0.0115203857421875,0.0037384033203125,0.0,1.0
806,26,4079,suppresses_refusal,-0.011505126953125,0.011505126953125,0.011505126953125,0.001983642578125,0.0,1.0
807,8,9090,supports_refusal,0.011505126953125,0.011505126953125,0.011505126953125,0.002227783203125,1.0,1.0
808,15,1919,supports_refusal,0.011505126953125,0.011505126953125,0.011505126953125,0.003082275390625,1.0,1.0
809,28,13395,supports_refusal,0.011505126953125,0.011505126953125,0.011505126953125,0.000946044921875,1.0,1.0
810,31,609,supports_refusal,0.01149749755859375,0.01149749755859375,0.01389312744140625,0.01389312744140625,0.5,0.5
811,29,6216,supports_refusal,0.011474609375,0.011474609375,0.011474609375,0.00439453125,1.0,1.0
812,9,388,suppresses_refusal,-0.011470794677734375,0.011470794677734375,0.012943267822265625,0.012943267822265625,0.5,0.5
813,31,8350,suppresses_refusal,-0.011444091796875,0.011444091796875,0.011444091796875,0.004425048828125,0.0,1.0
814,31,10075,suppresses_refusal,-0.0114288330078125,0.0114288330078125,0.0114288330078125,0.0054168701171875,0.0,1.0
815,27,6188,supports_refusal,0.01141357421875,0.01141357421875,0.01141357421875,0.00054931640625,1.0,1.0
816,31,12145,suppresses_refusal,-0.011409759521484375,0.011409759521484375,0.012393951416015625,0.012393951416015625,0.5,0.5
817,18,1321,suppresses_refusal,-0.0113983154296875,0.0113983154296875,0.0113983154296875,0.0049591064453125,0.0,1.0
818,29,3371,supports_refusal,0.0113525390625,0.0113525390625,0.0113525390625,0.00103759765625,1.0,1.0
819,31,11586,supports_refusal,0.0113525390625,0.0113525390625,0.0113525390625,0.00537109375,1.0,1.0
820,31,10715,suppresses_refusal,-0.0113525390625,0.0113525390625,0.0113525390625,0.0015869140625,0.0,1.0
821,30,9402,suppresses_refusal,-0.011322021484375,0.011322021484375,0.011322021484375,0.001678466796875,0.0,1.0
822,28,13504,supports_refusal,0.011322021484375,0.011322021484375,0.011322021484375,0.003143310546875,1.0,1.0
823,14,5764,supports_refusal,0.011322021484375,0.011322021484375,0.011322021484375,0.004547119140625,1.0,1.0
824,29,7097,suppresses_refusal,-0.011322021484375,0.011322021484375,0.011322021484375,0.006988525390625,0.0,1.0
825,12,8655,suppresses_refusal,-0.011322021484375,0.011322021484375,0.011322021484375,0.000946044921875,0.0,1.0
826,0,2867,supports_refusal,0.011322021484375,0.011322021484375,0.011322021484375,0.000579833984375,1.0,1.0
827,18,9564,suppresses_refusal,-0.011315345764160156,0.011315345764160156,0.011315345764160156,0.011023521423339844,0.0,1.0
828,30,1456,supports_refusal,0.01129150390625,0.01129150390625,0.01129150390625,0.00140380859375,1.0,1.0
829,9,11959,supports_refusal,0.01129150390625,0.01129150390625,0.01129150390625,0.00048828125,1.0,1.0
830,28,2464,suppresses_refusal,-0.01129150390625,0.01129150390625,0.01129150390625,0.00244140625,0.0,1.0
831,28,12389,suppresses_refusal,-0.0112762451171875,0.0112762451171875,0.0112762451171875,0.0071563720703125,0.0,1.0
832,17,9474,suppresses_refusal,-0.011260986328125,0.011260986328125,0.011260986328125,0.000823974609375,0.0,1.0
833,28,9265,supports_refusal,0.011260986328125,0.011260986328125,0.011260986328125,0.002044677734375,1.0,1.0
834,12,6150,supports_refusal,0.01123046875,0.01123046875,0.01123046875,0.00018310546875,1.0,1.0
835,31,13750,suppresses_refusal,-0.01123046875,0.01123046875,0.01123046875,0.000244140625,0.0,1.0
836,31,3084,suppresses_refusal,-0.0112152099609375,0.0112152099609375,0.0112152099609375,0.0051422119140625,0.0,1.0
837,31,2339,supports_refusal,0.0112152099609375,0.0112152099609375,0.0112152099609375,0.0040435791015625,1.0,1.0
838,16,4033,suppresses_refusal,-0.011213302612304688,0.011213302612304688,0.011369705200195312,0.011369705200195312,0.5,0.5
839,29,11008,suppresses_refusal,-0.011199951171875,0.011199951171875,0.011199951171875,0.001312255859375,0.0,1.0
840,28,10749,supports_refusal,0.011199951171875,0.011199951171875,0.011199951171875,0.001800537109375,1.0,1.0
841,28,4501,supports_refusal,0.01116943359375,0.01116943359375,0.01116943359375,0.001220703125,1.0,1.0
842,29,2233,supports_refusal,0.01116943359375,0.01116943359375,0.01116943359375,0.00384521484375,1.0,1.0
843,14,4413,supports_refusal,0.01116943359375,0.01116943359375,0.01116943359375,0.00079345703125,1.0,1.0
844,20,5827,supports_refusal,0.011138916015625,0.011138916015625,0.011138916015625,0.002349853515625,1.0,1.0
845,27,4706,supports_refusal,0.011138916015625,0.011138916015625,0.011138916015625,3.0517578125e-05,1.0,1.0
846,24,1619,suppresses_refusal,-0.0111083984375,0.0111083984375,0.0111083984375,0.003173828125,0.0,1.0
847,30,1561,supports_refusal,0.011077880859375,0.011077880859375,0.011077880859375,0.001861572265625,1.0,1.0
848,30,2730,supports_refusal,0.011077880859375,0.011077880859375,0.011077880859375,0.001129150390625,1.0,1.0
849,24,1676,suppresses_refusal,-0.01104736328125,0.01104736328125,0.01104736328125,0.0003662109375,0.0,1.0
850,31,2115,supports_refusal,0.011016845703125,0.011016845703125,0.011016845703125,0.003265380859375,1.0,1.0
851,12,4936,suppresses_refusal,-0.011016845703125,0.011016845703125,0.011016845703125,3.0517578125e-05,0.0,1.0
852,4,5270,suppresses_refusal,-0.011016845703125,0.011016845703125,0.011016845703125,0.000152587890625,0.0,1.0
853,15,10154,suppresses_refusal,-0.011016845703125,0.011016845703125,0.011016845703125,0.001007080078125,0.0,1.0
854,29,578,suppresses_refusal,-0.011016845703125,0.011016845703125,0.011016845703125,0.000823974609375,0.0,1.0
855,19,4712,supports_refusal,0.011016845703125,0.011016845703125,0.011016845703125,0.006072998046875,1.0,1.0
856,31,6657,supports_refusal,0.011016845703125,0.011016845703125,0.011016845703125,0.002716064453125,1.0,1.0
857,30,7684,suppresses_refusal,-0.010986328125,0.010986328125,0.010986328125,0.0001220703125,0.0,1.0
858,23,2069,supports_refusal,0.010986328125,0.010986328125,0.010986328125,0.0068359375,1.0,1.0
859,20,10491,suppresses_refusal,-0.010986328125,0.010986328125,0.010986328125,0.00439453125,0.0,1.0
860,30,2096,suppresses_refusal,-0.010986328125,0.010986328125,0.010986328125,6.103515625e-05,0.0,1.0
861,27,10376,supports_refusal,0.010986328125,0.010986328125,0.010986328125,0.0062255859375,1.0,1.0
862,29,3448,suppresses_refusal,-0.010955810546875,0.010955810546875,0.010955810546875,0.001495361328125,0.0,1.0
863,17,11047,supports_refusal,0.010929107666015625,0.010929107666015625,0.010929107666015625,0.009456634521484375,1.0,1.0
864,28,1154,suppresses_refusal,-0.01090240478515625,0.01090240478515625,0.01090240478515625,0.00716400146484375,0.0,1.0
865,23,4424,suppresses_refusal,-0.010894775390625,0.010894775390625,0.010894775390625,0.001312255859375,0.0,1.0
866,26,2622,suppresses_refusal,-0.0108642578125,0.0108642578125,0.0108642578125,0.00042724609375,0.0,1.0
867,16,1202,suppresses_refusal,-0.0108642578125,0.0108642578125,0.011962890625,0.011962890625,0.5,0.5
868,30,12951,supports_refusal,0.0108642578125,0.0108642578125,0.0108642578125,0.00054931640625,1.0,1.0
869,22,6274,suppresses_refusal,-0.01081085205078125,0.01081085205078125,0.01323699951171875,0.01323699951171875,0.5,0.5
870,31,3134,suppresses_refusal,-0.01080322265625,0.01080322265625,0.01080322265625,0.00201416015625,0.0,1.0
871,28,6682,supports_refusal,0.01080322265625,0.01080322265625,0.01080322265625,0.002197265625,1.0,1.0
872,22,13332,supports_refusal,0.01080322265625,0.01080322265625,0.01080322265625,0.00146484375,1.0,1.0
873,31,10897,supports_refusal,0.010772705078125,0.010772705078125,0.010772705078125,0.001556396484375,1.0,1.0
874,29,11819,suppresses_refusal,-0.010772705078125,0.010772705078125,0.010772705078125,0.008514404296875,0.0,1.0
875,29,14025,suppresses_refusal,-0.010772705078125,0.010772705078125,0.010772705078125,0.003692626953125,0.0,1.0
876,24,2597,suppresses_refusal,-0.0107421875,0.0107421875,0.0107421875,0.00067138671875,0.0,1.0
877,21,1409,suppresses_refusal,-0.0107421875,0.0107421875,0.0107421875,0.00091552734375,0.0,1.0
878,31,11999,suppresses_refusal,-0.0107421875,0.0107421875,0.0107421875,0.009521484375,0.0,1.0
879,22,12855,supports_refusal,0.0107421875,0.0107421875,0.0107421875,0.0023193359375,1.0,1.0
880,30,12143,supports_refusal,0.0107421875,0.0107421875,0.0107421875,0.00128173828125,1.0,1.0
881,26,13873,supports_refusal,0.0107421875,0.0107421875,0.0107421875,0.0045166015625,1.0,1.0
882,30,11574,suppresses_refusal,-0.0107421875,0.0107421875,0.0107421875,0.00079345703125,0.0,1.0
883,2,10698,supports_refusal,0.0107421875,0.0107421875,0.0107421875,0.00067138671875,1.0,1.0
884,12,14045,suppresses_refusal,-0.010711669921875,0.010711669921875,0.010711669921875,0.005157470703125,0.0,1.0
885,31,9692,suppresses_refusal,-0.010711669921875,0.010711669921875,0.012969970703125,0.012969970703125,0.5,0.5
886,12,7367,suppresses_refusal,-0.010711669921875,0.010711669921875,0.010711669921875,0.002471923828125,0.0,1.0
887,30,9932,suppresses_refusal,-0.010711669921875,0.010711669921875,0.010711669921875,0.002838134765625,0.0,1.0
888,25,4805,supports_refusal,0.010711669921875,0.010711669921875,0.010711669921875,0.002899169921875,1.0,1.0
889,21,763,supports_refusal,0.010650634765625,0.010650634765625,0.010650634765625,0.003814697265625,1.0,1.0
890,28,10706,suppresses_refusal,-0.010650634765625,0.010650634765625,0.010650634765625,0.001373291015625,0.0,1.0
891,31,1928,supports_refusal,0.0106353759765625,0.0106353759765625,0.0106353759765625,0.0103607177734375,1.0,1.0
892,31,273,suppresses_refusal,-0.0106048583984375,0.0106048583984375,0.0106048583984375,0.0056304931640625,0.0,1.0
893,27,11143,suppresses_refusal,-0.0106048583984375,0.0106048583984375,0.0106048583984375,0.0041046142578125,0.0,1.0
894,30,9883,suppresses_refusal,-0.0106048583984375,0.0106048583984375,0.0106048583984375,0.0051422119140625,0.0,1.0
895,15,3816,supports_refusal,0.010589599609375,0.010589599609375,0.010589599609375,0.006500244140625,1.0,1.0
896,19,2534,supports_refusal,0.010589599609375,0.010589599609375,0.010589599609375,0.002166748046875,1.0,1.0
897,31,8884,supports_refusal,0.010589599609375,0.010589599609375,0.010589599609375,0.001007080078125,1.0,1.0
898,27,4528,supports_refusal,0.010589599609375,0.010589599609375,0.010589599609375,0.005645751953125,1.0,1.0
899,28,2978,supports_refusal,0.0105743408203125,0.0105743408203125,0.0105743408203125,0.0045623779296875,1.0,1.0
900,31,4726,suppresses_refusal,-0.01055908203125,0.01055908203125,0.01055908203125,0.00103759765625,0.0,1.0
901,25,5477,suppresses_refusal,-0.01055908203125,0.01055908203125,0.01055908203125,0.0023193359375,0.0,1.0
902,17,11375,supports_refusal,0.01055908203125,0.01055908203125,0.01055908203125,0.00482177734375,1.0,1.0
903,28,3700,suppresses_refusal,-0.01055908203125,0.01055908203125,0.01055908203125,0.00262451171875,0.0,1.0
904,29,11929,suppresses_refusal,-0.010528564453125,0.010528564453125,0.010528564453125,0.003204345703125,0.0,1.0
905,2,7890,suppresses_refusal,-0.010528564453125,0.010528564453125,0.010528564453125,0.001373291015625,0.0,1.0
906,30,7660,supports_refusal,0.010528564453125,0.010528564453125,0.010528564453125,0.006805419921875,1.0,1.0
907,31,2538,supports_refusal,0.0105133056640625,0.0105133056640625,0.0105133056640625,0.0032196044921875,1.0,1.0
908,22,6804,supports_refusal,0.0105133056640625,0.0105133056640625,0.0105133056640625,0.0064544677734375,1.0,1.0
909,3,1072,supports_refusal,0.010498046875,0.010498046875,0.010498046875,0.001220703125,1.0,1.0
910,31,7365,supports_refusal,0.010498046875,0.010498046875,0.010498046875,0.00177001953125,1.0,1.0
911,29,6070,supports_refusal,0.010498046875,0.010498046875,0.010498046875,0.000244140625,1.0,1.0
912,31,1000,supports_refusal,0.01049041748046875,0.01049041748046875,0.01049041748046875,0.00672149658203125,1.0,1.0
913,18,8429,supports_refusal,0.010467529296875,0.010467529296875,0.010467529296875,3.0517578125e-05,1.0,1.0
914,26,13860,suppresses_refusal,-0.010467529296875,0.010467529296875,0.010467529296875,0.001190185546875,0.0,1.0
915,29,10092,supports_refusal,0.010467529296875,0.010467529296875,0.010467529296875,0.001251220703125,1.0,1.0
916,14,8052,supports_refusal,0.010467529296875,0.010467529296875,0.010467529296875,0.001800537109375,1.0,1.0
917,23,1043,suppresses_refusal,-0.0104522705078125,0.0104522705078125,0.0104522705078125,0.0060272216796875,0.0,1.0
918,31,13062,supports_refusal,0.0104522705078125,0.0104522705078125,0.0104522705078125,0.0041961669921875,1.0,1.0
919,30,8026,suppresses_refusal,-0.0104522705078125,0.0104522705078125,0.0104522705078125,0.0045623779296875,0.0,1.0
920,31,5841,supports_refusal,0.01043701171875,0.01043701171875,0.01043701171875,0.00567626953125,1.0,1.0
921,30,10352,supports_refusal,0.01043701171875,0.01043701171875,0.01043701171875,0.00079345703125,1.0,1.0
922,31,12889,suppresses_refusal,-0.010406494140625,0.010406494140625,0.010406494140625,0.003753662109375,0.0,1.0
923,17,303,suppresses_refusal,-0.010406494140625,0.010406494140625,0.010406494140625,0.004302978515625,0.0,1.0
924,18,7148,supports_refusal,0.010406494140625,0.010406494140625,0.010406494140625,0.000885009765625,1.0,1.0
925,10,3938,suppresses_refusal,-0.010406494140625,0.010406494140625,0.010406494140625,0.003814697265625,0.0,1.0
926,21,5691,suppresses_refusal,-0.010406494140625,0.010406494140625,0.010406494140625,0.003143310546875,0.0,1.0
927,27,4144,supports_refusal,0.010406494140625,0.010406494140625,0.010406494140625,0.001373291015625,1.0,1.0
928,24,5141,suppresses_refusal,-0.010406494140625,0.010406494140625,0.010406494140625,0.001190185546875,0.0,1.0
929,19,10739,suppresses_refusal,-0.0103759765625,0.0103759765625,0.0103759765625,0.00286865234375,0.0,1.0
930,29,153,supports_refusal,0.0103759765625,0.0103759765625,0.0103759765625,0.00042724609375,1.0,1.0
931,11,12239,supports_refusal,0.0103759765625,0.0103759765625,0.0103759765625,0.00042724609375,1.0,1.0
932,6,1958,suppresses_refusal,-0.010370612144470215,0.010370612144470215,0.010381340980529785,0.010381340980529785,0.5,0.5
933,31,10073,supports_refusal,0.0103607177734375,0.0103607177734375,0.0103607177734375,0.0026397705078125,1.0,1.0
934,18,881,suppresses_refusal,-0.0103607177734375,0.0103607177734375,0.0103607177734375,0.0069732666015625,0.0,1.0
935,31,3769,supports_refusal,0.010345458984375,0.010345458984375,0.010345458984375,0.006011962890625,1.0,1.0
936,30,4134,supports_refusal,0.010345458984375,0.010345458984375,0.010345458984375,0.000701904296875,1.0,1.0
937,15,11693,suppresses_refusal,-0.010345458984375,0.010345458984375,0.010345458984375,0.005401611328125,0.0,1.0
938,30,8716,supports_refusal,0.0103302001953125,0.0103302001953125,0.0103302001953125,0.0055389404296875,1.0,1.0
939,30,35,supports_refusal,0.0103302001953125,0.0103302001953125,0.0103302001953125,0.0048065185546875,1.0,1.0
940,30,11618,supports_refusal,0.01031494140625,0.01031494140625,0.01031494140625,0.00494384765625,1.0,1.0
941,16,1731,supports_refusal,0.010307550430297852,0.010307550430297852,0.010307550430297852,0.010200262069702148,1.0,1.0
942,19,11868,supports_refusal,0.01030731201171875,0.01030731201171875,0.01030731201171875,0.00959014892578125,1.0,1.0
943,21,4719,supports_refusal,0.01030731201171875,0.01030731201171875,0.01129913330078125,0.01129913330078125,0.5,0.5
944,25,14162,suppresses_refusal,-0.010284423828125,0.010284423828125,0.010284423828125,0.001312255859375,0.0,1.0
945,13,3654,supports_refusal,0.010284423828125,0.010284423828125,0.010284423828125,0.006317138671875,1.0,1.0
946,14,1469,suppresses_refusal,-0.01027679443359375,0.01027679443359375,0.01027679443359375,0.00656890869140625,0.0,1.0
947,15,4947,suppresses_refusal,-0.0102691650390625,0.0102691650390625,0.0102691650390625,0.0063323974609375,0.0,1.0
948,20,1404,suppresses_refusal,-0.01025390625,0.01025390625,0.01025390625,0.00311279296875,0.0,1.0
949,28,1222,suppresses_refusal,-0.0102386474609375,0.0102386474609375,0.0102386474609375,0.0037384033203125,0.0,1.0
950,31,437,supports_refusal,0.0102386474609375,0.0102386474609375,0.0102386474609375,0.0101470947265625,1.0,1.0
951,30,3807,suppresses_refusal,-0.010223388671875,0.010223388671875,0.010223388671875,0.002166748046875,0.0,1.0
952,30,2319,suppresses_refusal,-0.010223388671875,0.010223388671875,0.010223388671875,0.004302978515625,0.0,1.0
953,14,3998,supports_refusal,0.010193824768066406,0.010193824768066406,0.010193824768066406,0.010069847106933594,1.0,1.0
954,30,6327,suppresses_refusal,-0.01019287109375,0.01019287109375,0.01019287109375,0.00213623046875,0.0,1.0
955,31,4655,supports_refusal,0.01019287109375,0.01019287109375,0.01019287109375,0.00311279296875,1.0,1.0
956,31,12784,supports_refusal,0.01019287109375,0.01019287109375,0.01019287109375,0.00567626953125,1.0,1.0
957,31,6424,suppresses_refusal,-0.01019287109375,0.01019287109375,0.01019287109375,0.00457763671875,0.0,1.0
958,13,13724,suppresses_refusal,-0.01018524169921875,0.01018524169921875,0.01105499267578125,0.01105499267578125,0.5,0.5
959,31,9114,suppresses_refusal,-0.0101776123046875,0.0101776123046875,0.0101776123046875,0.0094757080078125,0.0,1.0
960,8,13545,suppresses_refusal,-0.010162353515625,0.010162353515625,0.010162353515625,0.001922607421875,0.0,1.0
961,13,2736,suppresses_refusal,-0.010162353515625,0.010162353515625,0.010162353515625,0.000701904296875,0.0,1.0
962,24,5770,suppresses_refusal,-0.010162353515625,0.010162353515625,0.010162353515625,0.002960205078125,0.0,1.0
963,30,3261,supports_refusal,0.010162353515625,0.010162353515625,0.010162353515625,0.003387451171875,1.0,1.0
964,28,11454,supports_refusal,0.010162353515625,0.010162353515625,0.010162353515625,0.000762939453125,1.0,1.0
965,24,5212,supports_refusal,0.010162353515625,0.010162353515625,0.010162353515625,0.000335693359375,1.0,1.0
966,21,11726,supports_refusal,0.0101470947265625,0.0101470947265625,0.0101470947265625,0.0057220458984375,1.0,1.0
967,29,13822,suppresses_refusal,-0.01013946533203125,0.01013946533203125,0.01013946533203125,0.00926971435546875,0.0,1.0
968,31,13001,suppresses_refusal,-0.0101318359375,0.0101318359375,0.0101318359375,0.0020751953125,0.0,1.0
969,17,1063,suppresses_refusal,-0.0101318359375,0.0101318359375,0.0101318359375,0.000244140625,0.0,1.0
970,30,9247,supports_refusal,0.0101318359375,0.0101318359375,0.0665283203125,0.0665283203125,0.5,0.5
971,13,1325,supports_refusal,0.0101165771484375,0.0101165771484375,0.0101165771484375,0.0045928955078125,1.0,1.0
972,29,2928,supports_refusal,0.010101318359375,0.010101318359375,0.010101318359375,0.002593994140625,1.0,1.0
973,26,13992,suppresses_refusal,-0.010101318359375,0.010101318359375,0.020782470703125,0.020782470703125,0.5,0.5
974,31,11314,supports_refusal,0.01009368896484375,0.01009368896484375,0.01065826416015625,0.01065826416015625,0.5,0.5
975,30,2683,supports_refusal,0.0100860595703125,0.0100860595703125,0.0100860595703125,0.0055389404296875,1.0,1.0
976,21,4159,suppresses_refusal,-0.010080099105834961,0.010080099105834961,0.010080099105834961,0.010061502456665039,0.0,1.0
977,14,10824,supports_refusal,0.01007080078125,0.01007080078125,0.01239013671875,0.01239013671875,0.5,0.5
978,30,11910,supports_refusal,0.010040283203125,0.010040283203125,0.010040283203125,0.005218505859375,1.0,1.0
979,29,52,supports_refusal,0.01003265380859375,0.01003265380859375,0.01003265380859375,0.00803375244140625,1.0,1.0
980,25,10647,suppresses_refusal,-0.010009765625,0.010009765625,0.010009765625,0.00225830078125,0.0,1.0
981,25,4934,suppresses_refusal,-0.010009765625,0.010009765625,0.010009765625,0.0028076171875,0.0,1.0
982,23,12485,supports_refusal,0.009999275207519531,0.009999275207519531,0.009999275207519531,0.009654045104980469,1.0,1.0
983,30,13245,suppresses_refusal,-0.0099945068359375,0.0099945068359375,0.0099945068359375,0.0042877197265625,0.0,1.0
984,28,5817,suppresses_refusal,-0.0099945068359375,0.0099945068359375,0.0099945068359375,0.0034332275390625,0.0,1.0
985,31,13214,suppresses_refusal,-0.009979248046875,0.009979248046875,0.009979248046875,0.000701904296875,0.0,1.0
986,28,5934,suppresses_refusal,-0.009979248046875,0.009979248046875,0.009979248046875,0.001007080078125,0.0,1.0
987,20,1299,supports_refusal,0.0099639892578125,0.0099639892578125,0.0099639892578125,0.0030364990234375,1.0,1.0
988,29,11511,supports_refusal,0.0099639892578125,0.0099639892578125,0.0099639892578125,0.0032806396484375,1.0,1.0
989,27,12821,supports_refusal,0.009952545166015625,0.009952545166015625,0.009952545166015625,0.008113861083984375,1.0,1.0
990,16,12129,supports_refusal,0.00994873046875,0.00994873046875,0.00994873046875,0.0020751953125,1.0,1.0
991,27,609,supports_refusal,0.0099334716796875,0.0099334716796875,0.0099334716796875,0.0031890869140625,1.0,1.0
992,24,2494,suppresses_refusal,-0.0099334716796875,0.0099334716796875,0.0099334716796875,0.0030670166015625,0.0,1.0
993,28,6063,suppresses_refusal,-0.0099334716796875,0.0099334716796875,0.0099334716796875,0.0027008056640625,0.0,1.0
994,16,10634,supports_refusal,0.009918212890625,0.009918212890625,0.009918212890625,0.001617431640625,1.0,1.0
995,31,3874,supports_refusal,0.0099029541015625,0.0099029541015625,0.0099029541015625,0.0027923583984375,1.0,1.0
996,16,6950,supports_refusal,0.0099029541015625,0.0099029541015625,0.0099029541015625,0.0021209716796875,1.0,1.0
997,30,594,suppresses_refusal,-0.0099029541015625,0.0099029541015625,0.0099029541015625,0.0041961669921875,0.0,1.0
998,3,10040,supports_refusal,0.009888648986816406,0.009888648986816406,0.010008811950683594,0.010008811950683594,0.5,0.5
999,22,7980,supports_refusal,0.0098876953125,0.0098876953125,0.0098876953125,0.00030517578125,1.0,1.0
1000,30,8634,suppresses_refusal,-0.0098876953125,0.0098876953125,0.0098876953125,0.00067138671875,0.0,1.0
1001,21,12534,suppresses_refusal,-0.0098876953125,0.0098876953125,0.0098876953125,0.0008544921875,0.0,1.0
1002,31,4032,suppresses_refusal,-0.009857177734375,0.009857177734375,0.009857177734375,0.001678466796875,0.0,1.0
1003,29,8502,suppresses_refusal,-0.009857177734375,0.009857177734375,0.009857177734375,0.002777099609375,0.0,1.0
1004,11,9089,supports_refusal,0.0098419189453125,0.0098419189453125,0.0098419189453125,0.0047454833984375,1.0,1.0
1005,30,1228,supports_refusal,0.00982666015625,0.00982666015625,0.00982666015625,0.004150390625,1.0,1.0
1006,17,1241,supports_refusal,0.00982666015625,0.00982666015625,0.00982666015625,0.00439453125,1.0,1.0
1007,31,9175,suppresses_refusal,-0.0098114013671875,0.0098114013671875,0.0098114013671875,0.0065460205078125,0.0,1.0
1008,22,12804,supports_refusal,0.0098114013671875,0.0098114013671875,0.0109405517578125,0.0109405517578125,0.5,0.5
1009,5,1615,suppresses_refusal,-0.009796142578125,0.009796142578125,0.009796142578125,0.000518798828125,0.0,1.0
1010,13,449,suppresses_refusal,-0.009784698486328125,0.009784698486328125,0.009990692138671875,0.009990692138671875,0.5,0.5
1011,21,6426,supports_refusal,0.00977325439453125,0.00977325439453125,0.00977325439453125,0.00621795654296875,1.0,1.0
1012,30,13178,suppresses_refusal,-0.009765625,0.009765625,0.009765625,0.00091552734375,0.0,1.0
1013,31,6364,suppresses_refusal,-0.009765625,0.009765625,0.009765625,0.004150390625,0.0,1.0
1014,18,8463,supports_refusal,0.009765625,0.009765625,0.009765625,0.00537109375,1.0,1.0
1015,31,10165,supports_refusal,0.009765625,0.009765625,0.011962890625,0.011962890625,0.5,0.5
1016,31,6105,suppresses_refusal,-0.009735107421875,0.009735107421875,0.009735107421875,0.002349853515625,0.0,1.0
1017,30,13387,suppresses_refusal,-0.009735107421875,0.009735107421875,0.009735107421875,0.002044677734375,0.0,1.0
1018,24,10674,suppresses_refusal,-0.009735107421875,0.009735107421875,0.009735107421875,0.002532958984375,0.0,1.0
1019,29,8392,supports_refusal,0.0097198486328125,0.0097198486328125,0.0097198486328125,0.0029144287109375,1.0,1.0
1020,2,12805,supports_refusal,0.00970458984375,0.00970458984375,0.00970458984375,0.00103759765625,1.0,1.0
1021,30,13989,supports_refusal,0.00970458984375,0.00970458984375,0.00970458984375,0.00347900390625,1.0,1.0
1022,23,4870,supports_refusal,0.00970458984375,0.00970458984375,0.00970458984375,0.000732421875,1.0,1.0
1023,10,12569,suppresses_refusal,-0.00970458984375,0.00970458984375,0.00970458984375,0.00311279296875,0.0,1.0
1024,3,12007,supports_refusal,0.0096893310546875,0.0096893310546875,0.0096893310546875,0.0049591064453125,1.0,1.0
1025,31,12105,suppresses_refusal,-0.0096893310546875,0.0096893310546875,0.0096893310546875,0.0058746337890625,0.0,1.0
1026,31,13110,supports_refusal,0.00968170166015625,0.00968170166015625,0.01216888427734375,0.01216888427734375,0.5,0.5
1027,31,6102,suppresses_refusal,-0.009674072265625,0.009674072265625,0.009674072265625,0.000518798828125,0.0,1.0
1028,29,9790,suppresses_refusal,-0.009674072265625,0.009674072265625,0.009674072265625,0.003448486328125,0.0,1.0
1029,28,936,suppresses_refusal,-0.009674072265625,0.009674072265625,0.009674072265625,0.002777099609375,0.0,1.0
1030,4,2995,supports_refusal,0.009674072265625,0.009674072265625,0.009674072265625,0.002960205078125,1.0,1.0
1031,30,13767,supports_refusal,0.00966644287109375,0.00966644287109375,0.00966644287109375,0.00644683837890625,1.0,1.0
1032,30,4920,suppresses_refusal,-0.00965118408203125,0.00965118408203125,0.00965118408203125,0.00853729248046875,0.0,1.0
1033,20,7872,suppresses_refusal,-0.00965118408203125,0.00965118408203125,0.00965118408203125,0.00682830810546875,0.0,1.0
1034,19,5931,suppresses_refusal,-0.0096435546875,0.0096435546875,0.0096435546875,0.0054931640625,0.0,1.0
1035,28,9477,supports_refusal,0.0096435546875,0.0096435546875,0.0096435546875,0.0,1.0,1.0
1036,22,1558,suppresses_refusal,-0.0096435546875,0.0096435546875,0.0096435546875,0.0001220703125,0.0,1.0
1037,20,10266,supports_refusal,0.0096282958984375,0.0096282958984375,0.0096282958984375,0.0027008056640625,1.0,1.0
1038,31,9047,supports_refusal,0.009613037109375,0.009613037109375,0.009613037109375,0.008819580078125,1.0,1.0
1039,16,5497,supports_refusal,0.009613037109375,0.009613037109375,0.018341064453125,0.018341064453125,0.5,0.5
1040,25,10687,supports_refusal,0.0095977783203125,0.0095977783203125,0.0095977783203125,0.0036468505859375,1.0,1.0
1041,0,8509,suppresses_refusal,-0.0095977783203125,0.0095977783203125,0.0095977783203125,0.0052947998046875,0.0,1.0
1042,6,12481,supports_refusal,0.00958251953125,0.00958251953125,0.00958251953125,0.00433349609375,1.0,1.0
1043,31,953,suppresses_refusal,-0.00958251953125,0.00958251953125,0.00958251953125,0.00469970703125,0.0,1.0
1044,30,1529,suppresses_refusal,-0.00958251953125,0.00958251953125,0.00958251953125,0.00238037109375,0.0,1.0
1045,13,348,suppresses_refusal,-0.0095672607421875,0.0095672607421875,0.0095672607421875,0.0017852783203125,0.0,1.0
1046,31,2127,supports_refusal,0.009552001953125,0.009552001953125,0.009552001953125,0.001129150390625,1.0,1.0
1047,31,7615,supports_refusal,0.009552001953125,0.009552001953125,0.009552001953125,0.002655029296875,1.0,1.0
1048,30,5384,suppresses_refusal,-0.009552001953125,0.009552001953125,0.009552001953125,0.002044677734375,0.0,1.0
1049,30,6632,supports_refusal,0.00954437255859375,0.00954437255859375,0.00954437255859375,0.00589752197265625,1.0,1.0
1050,3,13620,suppresses_refusal,-0.0095367431640625,0.0095367431640625,0.0095367431640625,0.0031585693359375,0.0,1.0
1051,14,1771,supports_refusal,0.0095367431640625,0.0095367431640625,0.0095367431640625,0.0032196044921875,1.0,1.0
1052,31,12633,suppresses_refusal,-0.009521484375,0.009521484375,0.009521484375,0.00225830078125,0.0,1.0
1053,31,3464,suppresses_refusal,-0.009521484375,0.009521484375,0.009521484375,0.0015869140625,0.0,1.0
1054,28,10157,suppresses_refusal,-0.009521484375,0.009521484375,0.009521484375,0.00054931640625,0.0,1.0
1055,31,6159,supports_refusal,0.009490966796875,0.009490966796875,0.009490966796875,0.001617431640625,1.0,1.0
1056,13,6356,suppresses_refusal,-0.0094757080078125,0.0094757080078125,0.0094757080078125,0.0047454833984375,0.0,1.0
1057,31,3540,supports_refusal,0.0094757080078125,0.0094757080078125,0.0094757080078125,0.0041961669921875,1.0,1.0
1058,29,2205,supports_refusal,0.00946044921875,0.00946044921875,0.00946044921875,0.00103759765625,1.0,1.0
1059,31,9795,supports_refusal,0.00946044921875,0.00946044921875,0.00946044921875,0.000244140625,1.0,1.0
1060,21,10289,suppresses_refusal,-0.00946044921875,0.00946044921875,0.00946044921875,0.001708984375,0.0,1.0
1061,30,12568,supports_refusal,0.009429931640625,0.009429931640625,0.009429931640625,0.001190185546875,1.0,1.0
1062,30,6462,suppresses_refusal,-0.009429931640625,0.009429931640625,0.009429931640625,0.000274658203125,0.0,1.0
1063,30,7225,supports_refusal,0.009429931640625,0.009429931640625,0.009429931640625,0.000640869140625,1.0,1.0
1064,0,378,supports_refusal,0.00942230224609375,0.00942230224609375,0.01132965087890625,0.01132965087890625,0.5,0.5
1065,5,2328,suppresses_refusal,-0.009416580200195312,0.009416580200195312,0.009870529174804688,0.009870529174804688,0.5,0.5
1066,12,1559,supports_refusal,0.0094146728515625,0.0094146728515625,0.0094146728515625,0.0024261474609375,1.0,1.0
1067,31,4690,suppresses_refusal,-0.0093994140625,0.0093994140625,0.0093994140625,0.0093994140625,0.0,1.0
1068,29,7514,suppresses_refusal,-0.0093994140625,0.0093994140625,0.0093994140625,0.00018310546875,0.0,1.0
1069,14,11647,suppresses_refusal,-0.0093994140625,0.0093994140625,0.0115966796875,0.0115966796875,0.5,0.5
1070,29,10586,supports_refusal,0.0093994140625,0.0093994140625,0.0093994140625,0.00494384765625,1.0,1.0
1071,4,7334,supports_refusal,0.0093994140625,0.0093994140625,0.0093994140625,0.00604248046875,1.0,1.0
1072,31,1506,suppresses_refusal,-0.009372711181640625,0.009372711181640625,0.009372711181640625,0.007717132568359375,0.0,1.0
1073,31,7037,suppresses_refusal,-0.009368896484375,0.009368896484375,0.009368896484375,0.000457763671875,0.0,1.0
1074,27,3755,suppresses_refusal,-0.009368896484375,0.009368896484375,0.009368896484375,0.001251220703125,0.0,1.0
1075,31,9903,suppresses_refusal,-0.009368896484375,0.009368896484375,0.009368896484375,0.001251220703125,0.0,1.0
1076,30,2341,suppresses_refusal,-0.009368896484375,0.009368896484375,0.009368896484375,0.002593994140625,0.0,1.0
1077,22,3766,suppresses_refusal,-0.009368896484375,0.009368896484375,0.009368896484375,0.003631591796875,0.0,1.0
1078,26,1029,suppresses_refusal,-0.009368896484375,0.009368896484375,0.009368896484375,3.0517578125e-05,0.0,1.0
1079,30,5131,suppresses_refusal,-0.0093536376953125,0.0093536376953125,0.0093536376953125,0.0021820068359375,0.0,1.0
1080,30,8631,suppresses_refusal,-0.0093536376953125,0.0093536376953125,0.0093536376953125,0.0046234130859375,0.0,1.0
1081,16,10929,supports_refusal,0.00933837890625,0.00933837890625,0.00933837890625,0.00177001953125,1.0,1.0
1082,27,2298,suppresses_refusal,-0.0093231201171875,0.0093231201171875,0.0093231201171875,0.0020294189453125,0.0,1.0
1083,29,4745,supports_refusal,0.0093231201171875,0.0093231201171875,0.0093231201171875,0.0037994384765625,1.0,1.0
1084,10,5297,supports_refusal,0.009307861328125,0.009307861328125,0.009307861328125,0.001678466796875,1.0,1.0
1085,31,2471,suppresses_refusal,-0.009307861328125,0.009307861328125,0.009307861328125,0.001251220703125,0.0,1.0
1086,30,8214,supports_refusal,0.009307861328125,0.009307861328125,0.009307861328125,0.001617431640625,1.0,1.0
1087,0,9832,supports_refusal,0.009307861328125,0.009307861328125,0.009307861328125,0.000701904296875,1.0,1.0
1088,12,12846,suppresses_refusal,-0.0092926025390625,0.0092926025390625,0.0092926025390625,0.0032806396484375,0.0,1.0
1089,26,6479,suppresses_refusal,-0.0092926025390625,0.0092926025390625,0.0092926025390625,0.0034637451171875,0.0,1.0
1090,29,13302,supports_refusal,0.00928497314453125,0.00928497314453125,0.00928497314453125,0.00731658935546875,1.0,1.0
1091,18,4084,supports_refusal,0.009281158447265625,0.009281158447265625,0.009281158447265625,0.007808685302734375,1.0,1.0
1092,15,5760,supports_refusal,0.00927734375,0.00927734375,0.00927734375,0.001953125,1.0,1.0
1093,15,9635,supports_refusal,0.00927734375,0.00927734375,0.00927734375,0.0037841796875,1.0,1.0
1094,30,4861,suppresses_refusal,-0.00927734375,0.00927734375,0.00927734375,0.00048828125,0.0,1.0
1095,31,7175,supports_refusal,0.0092620849609375,0.0092620849609375,0.0092620849609375,0.0026397705078125,1.0,1.0
1096,22,2940,suppresses_refusal,-0.009246826171875,0.009246826171875,0.009246826171875,0.002960205078125,0.0,1.0
1097,17,8517,supports_refusal,0.009246826171875,0.009246826171875,0.009246826171875,0.000213623046875,1.0,1.0
1098,16,8176,suppresses_refusal,-0.009246826171875,0.009246826171875,0.009246826171875,0.001739501953125,0.0,1.0
1099,7,468,supports_refusal,0.009246826171875,0.009246826171875,0.009246826171875,0.004547119140625,1.0,1.0
1100,14,12039,supports_refusal,0.0092315673828125,0.0092315673828125,0.0092315673828125,0.0060272216796875,1.0,1.0
1101,8,7891,suppresses_refusal,-0.0092315673828125,0.0092315673828125,0.0092315673828125,0.0027923583984375,0.0,1.0
1102,12,1460,suppresses_refusal,-0.00921630859375,0.00921630859375,0.00921630859375,0.00177001953125,0.0,1.0
1103,15,10035,supports_refusal,0.00921630859375,0.00921630859375,0.00921630859375,0.0042724609375,1.0,1.0
1104,30,7220,suppresses_refusal,-0.00921630859375,0.00921630859375,0.00921630859375,0.00054931640625,0.0,1.0
1105,30,9637,suppresses_refusal,-0.0092010498046875,0.0092010498046875,0.0092010498046875,0.0047149658203125,0.0,1.0
1106,5,5815,suppresses_refusal,-0.0092010498046875,0.0092010498046875,0.0092010498046875,0.0018463134765625,0.0,1.0
1107,27,10231,supports_refusal,0.0092010498046875,0.0092010498046875,0.0092010498046875,0.0027618408203125,1.0,1.0
1108,27,11968,suppresses_refusal,-0.0092010498046875,0.0092010498046875,0.0092010498046875,0.0029449462890625,0.0,1.0
1109,17,622,suppresses_refusal,-0.00919342041015625,0.00919342041015625,0.00960540771484375,0.00960540771484375,0.5,0.5
1110,30,8321,supports_refusal,0.00917816162109375,0.00917816162109375,0.00917816162109375,0.00577545166015625,1.0,1.0
1111,29,13979,suppresses_refusal,-0.0091705322265625,0.0091705322265625,0.0091705322265625,0.0065765380859375,0.0,1.0
1112,27,3365,supports_refusal,0.0091552734375,0.0091552734375,0.0091552734375,0.00115966796875,1.0,1.0
1113,25,12930,suppresses_refusal,-0.0091552734375,0.0091552734375,0.0091552734375,0.00384521484375,0.0,1.0
1114,21,450,supports_refusal,0.0091552734375,0.0091552734375,0.0091552734375,0.0047607421875,1.0,1.0
1115,18,13457,supports_refusal,0.0091400146484375,0.0091400146484375,0.0091400146484375,0.0013580322265625,1.0,1.0
1116,31,3499,supports_refusal,0.0091400146484375,0.0091400146484375,0.0091400146484375,0.0035552978515625,1.0,1.0
1117,17,5313,suppresses_refusal,-0.009124755859375,0.009124755859375,0.009124755859375,0.003814697265625,0.0,1.0
1118,26,8914,suppresses_refusal,-0.00911712646484375,0.00911712646484375,0.00911712646484375,0.00571441650390625,0.0,1.0
1119,30,1911,suppresses_refusal,-0.0091094970703125,0.0091094970703125,0.0091094970703125,0.0016326904296875,0.0,1.0
1120,25,5503,suppresses_refusal,-0.00909423828125,0.00909423828125,0.00909423828125,0.00067138671875,0.0,1.0
1121,31,4229,supports_refusal,0.00909423828125,0.00909423828125,0.00909423828125,0.00067138671875,1.0,1.0
1122,31,10505,suppresses_refusal,-0.00909423828125,0.00909423828125,0.00909423828125,0.00103759765625,0.0,1.0
1123,0,12037,suppresses_refusal,-0.00909423828125,0.00909423828125,0.00909423828125,0.0015869140625,0.0,1.0
1124,4,10993,suppresses_refusal,-0.0090789794921875,0.0090789794921875,0.0090789794921875,0.0044708251953125,0.0,1.0
1125,24,3352,suppresses_refusal,-0.009063720703125,0.009063720703125,0.009063720703125,0.000762939453125,0.0,1.0
1126,28,13560,supports_refusal,0.009063720703125,0.009063720703125,0.009063720703125,0.000946044921875,1.0,1.0
1127,18,3746,suppresses_refusal,-0.009063720703125,0.009063720703125,0.009063720703125,0.000274658203125,0.0,1.0
1128,30,2059,suppresses_refusal,-0.009063720703125,0.009063720703125,0.009063720703125,0.000946044921875,0.0,1.0
1129,30,9965,supports_refusal,0.009063720703125,0.009063720703125,0.009063720703125,0.000762939453125,1.0,1.0
1130,31,5833,suppresses_refusal,-0.009063720703125,0.009063720703125,0.009063720703125,0.001312255859375,0.0,1.0
1131,8,11791,supports_refusal,0.009033203125,0.009033203125,0.009033203125,0.0008544921875,1.0,1.0
1132,13,10516,suppresses_refusal,-0.009033203125,0.009033203125,0.009033203125,0.0052490234375,0.0,1.0
1133,30,3382,supports_refusal,0.009033203125,0.009033203125,0.049560546875,0.049560546875,0.5,0.5
1134,30,50,suppresses_refusal,-0.009033203125,0.009033203125,0.009033203125,0.00238037109375,0.0,1.0
1135,31,1174,supports_refusal,0.009033203125,0.009033203125,0.009033203125,0.0001220703125,1.0,1.0
1136,27,627,supports_refusal,0.009033203125,0.009033203125,0.009033203125,0.000244140625,1.0,1.0
1137,6,3502,suppresses_refusal,-0.0090179443359375,0.0090179443359375,0.0090179443359375,0.0030059814453125,0.0,1.0
1138,30,13669,supports_refusal,0.0090179443359375,0.0090179443359375,0.0090179443359375,0.0025177001953125,1.0,1.0
1139,16,328,supports_refusal,0.0090179443359375,0.0090179443359375,0.0090179443359375,0.0045318603515625,1.0,1.0
1140,26,5269,supports_refusal,0.009002685546875,0.009002685546875,0.009002685546875,0.001678466796875,1.0,1.0
1141,31,10566,suppresses_refusal,-0.009002685546875,0.009002685546875,0.009002685546875,0.004241943359375,0.0,1.0
1142,31,13304,supports_refusal,0.009002685546875,0.009002685546875,0.009002685546875,0.000823974609375,1.0,1.0
1143,15,4975,suppresses_refusal,-0.009002685546875,0.009002685546875,0.009002685546875,0.000885009765625,0.0,1.0
1144,29,90,supports_refusal,0.0089874267578125,0.0089874267578125,0.0089874267578125,0.0023040771484375,1.0,1.0
1145,30,840,suppresses_refusal,-0.00897216796875,0.00897216796875,0.00897216796875,0.00140380859375,0.0,1.0
1146,30,6831,suppresses_refusal,-0.00897216796875,0.00897216796875,0.00897216796875,0.00048828125,0.0,1.0
1147,5,11886,supports_refusal,0.00897216796875,0.00897216796875,0.00897216796875,0.00146484375,1.0,1.0
1148,13,12409,supports_refusal,0.00897216796875,0.00897216796875,0.00897216796875,0.0015869140625,1.0,1.0
1149,16,8836,suppresses_refusal,-0.0089569091796875,0.0089569091796875,0.0089569091796875,0.0028839111328125,0.0,1.0
1150,27,7035,suppresses_refusal,-0.00894927978515625,0.00894927978515625,0.00894927978515625,0.00533294677734375,0.0,1.0
1151,25,12633,supports_refusal,0.008941650390625,0.008941650390625,0.008941650390625,0.000946044921875,1.0,1.0
1152,26,1478,supports_refusal,0.008941650390625,0.008941650390625,0.008941650390625,0.001739501953125,1.0,1.0
1153,31,1157,suppresses_refusal,-0.008941650390625,0.008941650390625,0.008941650390625,0.003814697265625,0.0,1.0
1154,25,9876,suppresses_refusal,-0.008941650390625,0.008941650390625,0.008941650390625,0.000640869140625,0.0,1.0
1155,27,4153,suppresses_refusal,-0.008941650390625,0.008941650390625,0.008941650390625,3.0517578125e-05,0.0,1.0
1156,27,10202,suppresses_refusal,-0.0089263916015625,0.0089263916015625,0.0089263916015625,0.0063934326171875,0.0,1.0
1157,31,4436,suppresses_refusal,-0.0089111328125,0.0089111328125,0.0089111328125,0.0,0.0,1.0
1158,19,9566,supports_refusal,0.0089111328125,0.0089111328125,0.0089111328125,0.00103759765625,1.0,1.0
1159,21,8047,supports_refusal,0.0089111328125,0.0089111328125,0.0089111328125,0.0035400390625,1.0,1.0
1160,31,4786,supports_refusal,0.0088958740234375,0.0088958740234375,0.0088958740234375,0.0063629150390625,1.0,1.0
1161,18,7912,suppresses_refusal,-0.008880615234375,0.008880615234375,0.008880615234375,0.004974365234375,0.0,1.0
1162,6,10840,supports_refusal,0.00887298583984375,0.00887298583984375,0.00887298583984375,0.00534820556640625,1.0,1.0
1163,21,4278,suppresses_refusal,-0.0088653564453125,0.0088653564453125,0.0088653564453125,0.0021209716796875,0.0,1.0
1164,14,7342,supports_refusal,0.0088653564453125,0.0088653564453125,0.0088653564453125,0.0057220458984375,1.0,1.0
1165,31,6696,supports_refusal,0.0088653564453125,0.0088653564453125,0.0088653564453125,0.0019989013671875,1.0,1.0
1166,20,1988,supports_refusal,0.008861541748046875,0.008861541748046875,0.010303497314453125,0.010303497314453125,0.5,0.5
1167,27,8896,suppresses_refusal,-0.00885009765625,0.00885009765625,0.00885009765625,0.003662109375,0.0,1.0
1168,1,4544,suppresses_refusal,-0.0088348388671875,0.0088348388671875,0.0088348388671875,0.0034942626953125,0.0,1.0
1169,19,10070,suppresses_refusal,-0.0088348388671875,0.0088348388671875,0.0088348388671875,0.0017852783203125,0.0,1.0
1170,31,12423,supports_refusal,0.0088348388671875,0.0088348388671875,0.0088348388671875,0.0014190673828125,1.0,1.0
1171,7,3368,supports_refusal,0.008823394775390625,0.008823394775390625,0.008823394775390625,0.008144378662109375,1.0,1.0
1172,30,2058,supports_refusal,0.008819580078125,0.008819580078125,0.008819580078125,0.004180908203125,1.0,1.0
1173,4,9349,supports_refusal,0.008819580078125,0.008819580078125,0.008819580078125,0.001434326171875,1.0,1.0
1174,16,753,supports_refusal,0.0088043212890625,0.0088043212890625,0.0088043212890625,0.0025482177734375,1.0,1.0
1175,31,12111,supports_refusal,0.0087890625,0.0087890625,0.0087890625,0.001220703125,1.0,1.0
1176,19,5344,supports_refusal,0.0087890625,0.0087890625,0.0087890625,0.0023193359375,1.0,1.0
1177,16,5364,suppresses_refusal,-0.0087738037109375,0.0087738037109375,0.0087738037109375,0.0044097900390625,0.0,1.0
1178,25,7603,supports_refusal,0.008759498596191406,0.008759498596191406,0.008759498596191406,0.008574485778808594,1.0,1.0
1179,23,12181,supports_refusal,0.008758544921875,0.008758544921875,0.008758544921875,0.000457763671875,1.0,1.0
1180,31,1370,supports_refusal,0.008758544921875,0.008758544921875,0.008758544921875,0.002288818359375,1.0,1.0
1181,26,4323,supports_refusal,0.008758544921875,0.008758544921875,0.008758544921875,0.002777099609375,1.0,1.0
1182,30,1253,suppresses_refusal,-0.008758544921875,0.008758544921875,0.008758544921875,0.004119873046875,0.0,1.0
1183,31,4074,supports_refusal,0.008758544921875,0.008758544921875,0.008758544921875,0.004364013671875,1.0,1.0
1184,13,8664,supports_refusal,0.008758544921875,0.008758544921875,0.008758544921875,0.002593994140625,1.0,1.0
1185,30,7048,suppresses_refusal,-0.0087432861328125,0.0087432861328125,0.0087432861328125,0.0026092529296875,0.0,1.0
1186,26,6297,suppresses_refusal,-0.0087432861328125,0.0087432861328125,0.0087432861328125,0.0023040771484375,0.0,1.0
1187,29,5472,suppresses_refusal,-0.00872802734375,0.00872802734375,0.00872802734375,0.00299072265625,0.0,1.0
1188,26,10795,suppresses_refusal,-0.00872802734375,0.00872802734375,0.00872802734375,0.0008544921875,0.0,1.0
1189,31,9995,supports_refusal,0.00872802734375,0.00872802734375,0.00872802734375,0.0018310546875,1.0,1.0
1190,29,7523,supports_refusal,0.00872802734375,0.00872802734375,0.00872802734375,0.0003662109375,1.0,1.0
1191,31,8193,suppresses_refusal,-0.00872039794921875,0.00872039794921875,0.00872039794921875,0.00531768798828125,0.0,1.0
1192,18,4373,suppresses_refusal,-0.0087127685546875,0.0087127685546875,0.0087127685546875,0.0061798095703125,0.0,1.0
1193,31,11075,suppresses_refusal,-0.0087127685546875,0.0087127685546875,0.0087127685546875,0.0037384033203125,0.0,1.0
1194,13,1119,suppresses_refusal,-0.0087127685546875,0.0087127685546875,0.0087127685546875,0.0027008056640625,0.0,1.0
1195,0,12719,suppresses_refusal,-0.008697509765625,0.008697509765625,0.008697509765625,0.004364013671875,0.0,1.0
1196,29,1590,supports_refusal,0.0086822509765625,0.0086822509765625,0.0086822509765625,0.0050506591796875,1.0,1.0
1197,15,12482,supports_refusal,0.00867462158203125,0.00867462158203125,0.00867462158203125,0.00634002685546875,1.0,1.0
1198,17,6682,supports_refusal,0.0086669921875,0.0086669921875,0.0086669921875,0.0018310546875,1.0,1.0
1199,31,12835,suppresses_refusal,-0.0086517333984375,0.0086517333984375,0.0086517333984375,0.0039825439453125,0.0,1.0
1200,19,2503,suppresses_refusal,-0.0086517333984375,0.0086517333984375,0.0086517333984375,0.0026397705078125,0.0,1.0
1201,20,2238,supports_refusal,0.0086517333984375,0.0086517333984375,0.0086517333984375,0.0011138916015625,1.0,1.0
1202,28,8276,supports_refusal,0.008636474609375,0.008636474609375,0.008636474609375,0.004241943359375,1.0,1.0
1203,29,449,supports_refusal,0.008636474609375,0.008636474609375,0.008636474609375,0.002471923828125,1.0,1.0
1204,31,2572,supports_refusal,0.008636474609375,0.008636474609375,0.008636474609375,0.000640869140625,1.0,1.0
1205,29,1928,supports_refusal,0.008636474609375,0.008636474609375,0.008636474609375,0.001617431640625,1.0,1.0
1206,30,6663,supports_refusal,0.008636474609375,0.008636474609375,0.008636474609375,0.000579833984375,1.0,1.0
1207,14,5025,suppresses_refusal,-0.008623123168945312,0.008623123168945312,0.008623123168945312,0.007978439331054688,0.0,1.0
1208,7,13397,suppresses_refusal,-0.0086212158203125,0.0086212158203125,0.0086212158203125,0.0025482177734375,0.0,1.0
1209,15,12881,suppresses_refusal,-0.00860595703125,0.00860595703125,0.00860595703125,0.00640869140625,0.0,1.0
1210,28,7284,suppresses_refusal,-0.00860595703125,0.00860595703125,0.00860595703125,0.0006103515625,0.0,1.0
1211,30,14228,suppresses_refusal,-0.00860595703125,0.00860595703125,0.00860595703125,0.00103759765625,0.0,1.0
1212,2,12277,supports_refusal,0.00860595703125,0.00860595703125,0.00860595703125,0.0003662109375,1.0,1.0
1213,30,155,suppresses_refusal,-0.00860595703125,0.00860595703125,0.00860595703125,0.0030517578125,0.0,1.0
1214,1,7172,suppresses_refusal,-0.0085906982421875,0.0085906982421875,0.0085906982421875,0.0034332275390625,0.0,1.0
1215,0,8001,supports_refusal,0.008575439453125,0.008575439453125,0.008575439453125,0.000213623046875,1.0,1.0
1216,29,1173,supports_refusal,0.008575439453125,0.008575439453125,0.008575439453125,0.002716064453125,1.0,1.0
1217,15,7353,suppresses_refusal,-0.00856781005859375,0.00856781005859375,0.00856781005859375,0.00510406494140625,0.0,1.0
1218,26,288,supports_refusal,0.0085601806640625,0.0085601806640625,0.0085601806640625,0.0040130615234375,1.0,1.0
1219,26,11317,supports_refusal,0.0085601806640625,0.0085601806640625,0.0085601806640625,0.0015106201171875,1.0,1.0
1220,13,4036,suppresses_refusal,-0.00855255126953125,0.00855255126953125,0.00855255126953125,0.00475311279296875,0.0,1.0
1221,25,6301,suppresses_refusal,-0.008544921875,0.008544921875,0.008544921875,0.0001220703125,0.0,1.0
1222,22,3380,supports_refusal,0.008544921875,0.008544921875,0.008544921875,0.00201416015625,1.0,1.0
1223,28,287,supports_refusal,0.008544921875,0.008544921875,0.008544921875,0.00140380859375,1.0,1.0
1224,16,11594,supports_refusal,0.008544921875,0.008544921875,0.008544921875,0.00640869140625,1.0,1.0
1225,22,703,suppresses_refusal,-0.008544921875,0.008544921875,0.008544921875,0.00286865234375,0.0,1.0
1226,17,9787,suppresses_refusal,-0.008525848388671875,0.008525848388671875,0.008525848388671875,0.006977081298828125,0.0,1.0
1227,16,11588,suppresses_refusal,-0.008514404296875,0.008514404296875,0.008514404296875,0.001068115234375,0.0,1.0
1228,27,2666,supports_refusal,0.0084991455078125,0.0084991455078125,0.0084991455078125,0.0048675537109375,1.0,1.0
1229,31,7592,suppresses_refusal,-0.0084991455078125,0.0084991455078125,0.0084991455078125,0.0020599365234375,0.0,1.0
1230,24,3356,suppresses_refusal,-0.0084686279296875,0.0084686279296875,0.0084686279296875,0.0008697509765625,0.0,1.0
1231,5,5402,suppresses_refusal,-0.0084686279296875,0.0084686279296875,0.0084686279296875,0.0059356689453125,0.0,1.0
1232,4,1619,supports_refusal,0.0084686279296875,0.0084686279296875,0.0084686279296875,0.0051422119140625,1.0,1.0
1233,20,2298,suppresses_refusal,-0.008453369140625,0.008453369140625,0.008453369140625,0.001983642578125,0.0,1.0
1234,26,9621,suppresses_refusal,-0.008453369140625,0.008453369140625,0.008453369140625,0.001068115234375,0.0,1.0
1235,29,1057,supports_refusal,0.008453369140625,0.008453369140625,0.008453369140625,0.001800537109375,1.0,1.0
1236,27,8625,suppresses_refusal,-0.008453369140625,0.008453369140625,0.008453369140625,0.003509521484375,0.0,1.0
1237,20,12758,supports_refusal,0.008449554443359375,0.008449554443359375,0.008449554443359375,0.007419586181640625,1.0,1.0
1238,28,13882,suppresses_refusal,-0.0084381103515625,0.0084381103515625,0.0084381103515625,0.0010833740234375,0.0,1.0
1239,13,8897,suppresses_refusal,-0.0084381103515625,0.0084381103515625,0.0084381103515625,0.0039520263671875,0.0,1.0
1240,26,10010,supports_refusal,0.0084228515625,0.0084228515625,0.0084228515625,0.00390625,1.0,1.0
1241,27,2989,supports_refusal,0.0084228515625,0.0084228515625,0.0084228515625,0.00323486328125,1.0,1.0
1242,30,4727,suppresses_refusal,-0.0084228515625,0.0084228515625,0.0084228515625,0.00274658203125,0.0,1.0
1243,14,7449,supports_refusal,0.0084228515625,0.0084228515625,0.0084228515625,0.00341796875,1.0,1.0
1244,16,455,suppresses_refusal,-0.00841522216796875,0.00841522216796875,0.00841522216796875,0.00629425048828125,0.0,1.0
1245,29,2669,suppresses_refusal,-0.0084075927734375,0.0084075927734375,0.0084075927734375,0.0031280517578125,0.0,1.0
1246,12,8062,suppresses_refusal,-0.0084075927734375,0.0084075927734375,0.0084075927734375,0.0039215087890625,0.0,1.0
1247,29,10815,supports_refusal,0.008392333984375,0.008392333984375,0.008392333984375,0.003570556640625,1.0,1.0
1248,31,7263,suppresses_refusal,-0.008392333984375,0.008392333984375,0.017364501953125,0.017364501953125,0.5,0.5
1249,30,2196,suppresses_refusal,-0.008392333984375,0.008392333984375,0.013214111328125,0.013214111328125,0.5,0.5
1250,13,9722,supports_refusal,0.008392333984375,0.008392333984375,0.008392333984375,0.002349853515625,1.0,1.0
1251,4,12029,supports_refusal,0.00838470458984375,0.00838470458984375,0.00838470458984375,0.00473785400390625,1.0,1.0
1252,12,833,suppresses_refusal,-0.00836181640625,0.00836181640625,0.00836181640625,0.0008544921875,0.0,1.0
1253,31,7696,suppresses_refusal,-0.00836181640625,0.00836181640625,0.00836181640625,0.00469970703125,0.0,1.0
1254,14,3444,suppresses_refusal,-0.00836181640625,0.00836181640625,0.00836181640625,0.00421142578125,0.0,1.0
1255,30,8049,supports_refusal,0.00836181640625,0.00836181640625,0.00836181640625,0.00103759765625,1.0,1.0
1256,11,3522,suppresses_refusal,-0.00836181640625,0.00836181640625,0.00836181640625,0.00164794921875,0.0,1.0
1257,19,12007,supports_refusal,0.00836181640625,0.00836181640625,0.00836181640625,0.00091552734375,1.0,1.0
1258,13,1904,suppresses_refusal,-0.00836181640625,0.00836181640625,0.00836181640625,0.00244140625,0.0,1.0
1259,29,11749,suppresses_refusal,-0.008331298828125,0.008331298828125,0.008331298828125,0.001129150390625,0.0,1.0
1260,20,1455,supports_refusal,0.008331298828125,0.008331298828125,0.008331298828125,0.002471923828125,1.0,1.0
1261,30,8218,supports_refusal,0.008331298828125,0.008331298828125,0.008331298828125,0.003143310546875,1.0,1.0
1262,31,3353,supports_refusal,0.008331298828125,0.008331298828125,0.008331298828125,0.000518798828125,1.0,1.0
1263,29,11794,suppresses_refusal,-0.008331298828125,0.008331298828125,0.008331298828125,0.002593994140625,0.0,1.0
1264,31,13012,supports_refusal,0.008321762084960938,0.008321762084960938,0.008321762084960938,0.008157730102539062,1.0,1.0
1265,31,4256,suppresses_refusal,-0.0083160400390625,0.0083160400390625,0.0083160400390625,0.0014495849609375,0.0,1.0
1266,12,12541,suppresses_refusal,-0.00830841064453125,0.00830841064453125,0.01110076904296875,0.01110076904296875,0.5,0.5
1267,25,11263,suppresses_refusal,-0.00830078125,0.00830078125,0.00830078125,0.0035400390625,0.0,1.0
1268,30,12337,suppresses_refusal,-0.00830078125,0.00830078125,0.00830078125,0.00164794921875,0.0,1.0
1269,31,3599,suppresses_refusal,-0.00830078125,0.00830078125,0.00830078125,0.006103515625,0.0,1.0
1270,15,7542,supports_refusal,0.00830078125,0.00830078125,0.00830078125,0.00128173828125,1.0,1.0
1271,13,12569,supports_refusal,0.0082855224609375,0.0082855224609375,0.0082855224609375,0.0013580322265625,1.0,1.0
1272,13,9139,supports_refusal,0.0082855224609375,0.0082855224609375,0.0082855224609375,0.0025787353515625,1.0,1.0
1273,28,12949,suppresses_refusal,-0.008270263671875,0.008270263671875,0.008270263671875,0.003570556640625,0.0,1.0
1274,26,5006,supports_refusal,0.008270263671875,0.008270263671875,0.008270263671875,0.001556396484375,1.0,1.0
1275,14,11514,supports_refusal,0.008270263671875,0.008270263671875,0.008270263671875,0.000213623046875,1.0,1.0
1276,29,4918,suppresses_refusal,-0.0082550048828125,0.0082550048828125,0.0082550048828125,0.0032196044921875,0.0,1.0
1277,28,9387,supports_refusal,0.0082550048828125,0.0082550048828125,0.0082550048828125,0.0005340576171875,1.0,1.0
1278,14,2457,supports_refusal,0.0082550048828125,0.0082550048828125,0.0082550048828125,0.0053558349609375,1.0,1.0
1279,5,8965,suppresses_refusal,-0.008251726627349854,0.008251726627349854,0.008251726627349854,0.008227765560150146,0.0,1.0
1280,27,13559,supports_refusal,0.00824737548828125,0.00824737548828125,0.00824737548828125,0.00475311279296875,1.0,1.0
1281,23,10228,supports_refusal,0.00823974609375,0.00823974609375,0.00823974609375,0.00457763671875,1.0,1.0
1282,27,12888,suppresses_refusal,-0.00823974609375,0.00823974609375,0.00823974609375,0.0023193359375,0.0,1.0
1283,16,10568,suppresses_refusal,-0.00823974609375,0.00823974609375,0.00823974609375,0.0015869140625,0.0,1.0
1284,5,13208,suppresses_refusal,-0.00823211669921875,0.00823211669921875,0.00823211669921875,0.00519561767578125,0.0,1.0
1285,22,13784,supports_refusal,0.00823211669921875,0.00823211669921875,0.00823211669921875,0.00513458251953125,1.0,1.0
1286,31,3409,suppresses_refusal,-0.00823211669921875,0.00823211669921875,0.01044464111328125,0.01044464111328125,0.5,0.5
1287,12,3788,suppresses_refusal,-0.0082244873046875,0.0082244873046875,0.0119171142578125,0.0119171142578125,0.5,0.5
1288,17,12927,suppresses_refusal,-0.0082244873046875,0.0082244873046875,0.0082244873046875,0.0055694580078125,0.0,1.0
1289,2,9353,suppresses_refusal,-0.0082244873046875,0.0082244873046875,0.0082244873046875,0.0023345947265625,0.0,1.0
1290,20,8563,suppresses_refusal,-0.008209228515625,0.008209228515625,0.008209228515625,0.001617431640625,0.0,1.0
1291,16,12902,supports_refusal,0.008209228515625,0.008209228515625,0.012054443359375,0.012054443359375,0.5,0.5
1292,31,4380,supports_refusal,0.008209228515625,0.008209228515625,0.008209228515625,0.002838134765625,1.0,1.0
1293,18,11957,suppresses_refusal,-0.008209228515625,0.008209228515625,0.008209228515625,0.006317138671875,0.0,1.0
1294,17,5908,supports_refusal,0.008209228515625,0.008209228515625,0.008209228515625,0.006561279296875,1.0,1.0
1295,4,3869,supports_refusal,0.008209228515625,0.008209228515625,0.008209228515625,0.003204345703125,1.0,1.0
1296,28,12891,supports_refusal,0.0081939697265625,0.0081939697265625,0.0081939697265625,0.0033416748046875,1.0,1.0
1297,30,11531,suppresses_refusal,-0.0081939697265625,0.0081939697265625,0.0081939697265625,0.0028533935546875,0.0,1.0
1298,3,8902,supports_refusal,0.008188247680664062,0.008188247680664062,0.008188247680664062,0.0078029632568359375,1.0,1.0
1299,30,6057,suppresses_refusal,-0.0081787109375,0.0081787109375,0.0081787109375,0.00347900390625,0.0,1.0
1300,12,9450,suppresses_refusal,-0.00817108154296875,0.00817108154296875,0.00817108154296875,0.00586700439453125,0.0,1.0
1301,30,11535,suppresses_refusal,-0.0081634521484375,0.0081634521484375,0.0081634521484375,0.0061798095703125,0.0,1.0
1302,22,13444,suppresses_refusal,-0.0081634521484375,0.0081634521484375,0.0081634521484375,0.0020904541015625,0.0,1.0
1303,28,13450,suppresses_refusal,-0.0081634521484375,0.0081634521484375,0.0081634521484375,0.0017242431640625,0.0,1.0
1304,3,2928,supports_refusal,0.008152008056640625,0.008152008056640625,0.008152008056640625,0.007717132568359375,1.0,1.0
1305,16,4168,supports_refusal,0.008148193359375,0.008148193359375,0.008148193359375,0.005645751953125,1.0,1.0
1306,22,11889,suppresses_refusal,-0.0081329345703125,0.0081329345703125,0.0081329345703125,0.0026702880859375,0.0,1.0
1307,16,1232,supports_refusal,0.0081329345703125,0.0081329345703125,0.0081329345703125,0.0046844482421875,1.0,1.0
1308,30,6954,supports_refusal,0.0081329345703125,0.0081329345703125,0.0081329345703125,0.0028533935546875,1.0,1.0
1309,12,2747,suppresses_refusal,-0.00811767578125,0.00811767578125,0.00811767578125,0.003662109375,0.0,1.0
1310,31,4110,suppresses_refusal,-0.00811767578125,0.00811767578125,0.00811767578125,0.00323486328125,0.0,1.0
1311,21,6538,supports_refusal,0.00811767578125,0.00811767578125,0.00811767578125,0.00213623046875,1.0,1.0
1312,20,14322,suppresses_refusal,-0.0081024169921875,0.0081024169921875,0.0081024169921875,0.0041656494140625,0.0,1.0
1313,30,9210,suppresses_refusal,-0.0081024169921875,0.0081024169921875,0.0081024169921875,0.0016632080078125,0.0,1.0
1314,22,8398,suppresses_refusal,-0.0081024169921875,0.0081024169921875,0.0081024169921875,0.0020904541015625,0.0,1.0
1315,10,12642,suppresses_refusal,-0.0081024169921875,0.0081024169921875,0.0081024169921875,0.0010528564453125,0.0,1.0
1316,21,3057,supports_refusal,0.00809478759765625,0.00809478759765625,0.01033782958984375,0.01033782958984375,0.5,0.5
1317,26,3370,suppresses_refusal,-0.008087158203125,0.008087158203125,0.008087158203125,0.001617431640625,0.0,1.0
1318,21,9205,suppresses_refusal,-0.008073806762695312,0.008073806762695312,0.008771896362304688,0.008771896362304688,0.5,0.5
1319,31,2800,supports_refusal,0.0080718994140625,0.0080718994140625,0.0080718994140625,0.0004119873046875,1.0,1.0
1320,30,3533,suppresses_refusal,-0.0080718994140625,0.0080718994140625,0.0080718994140625,0.0019989013671875,0.0,1.0
1321,30,2549,supports_refusal,0.008056640625,0.008056640625,0.008056640625,0.0001220703125,1.0,1.0
1322,28,13243,suppresses_refusal,-0.008056640625,0.008056640625,0.008056640625,0.00152587890625,0.0,1.0
1323,31,10956,suppresses_refusal,-0.008056640625,0.008056640625,0.008056640625,0.0076904296875,0.0,1.0
1324,30,13252,suppresses_refusal,-0.008056640625,0.008056640625,0.008056640625,0.00054931640625,0.0,1.0
1325,12,12586,suppresses_refusal,-0.008056640625,0.008056640625,0.008056640625,0.00665283203125,0.0,1.0
1326,11,9103,supports_refusal,0.008056640625,0.008056640625,0.008056640625,0.0015869140625,1.0,1.0
1327,12,5351,supports_refusal,0.008049964904785156,0.008049964904785156,0.008049964904785156,0.007819175720214844,1.0,1.0
1328,13,14067,supports_refusal,0.0080413818359375,0.0080413818359375,0.0080413818359375,0.0019073486328125,1.0,1.0
1329,29,11969,supports_refusal,0.0080413818359375,0.0080413818359375,0.0080413818359375,0.0016021728515625,1.0,1.0
1330,31,11148,suppresses_refusal,-0.0080413818359375,0.0080413818359375,0.0080413818359375,0.0013580322265625,0.0,1.0
1331,26,11984,suppresses_refusal,-0.0080413818359375,0.0080413818359375,0.0080413818359375,0.0023956298828125,0.0,1.0
1332,21,11878,suppresses_refusal,-0.008029937744140625,0.008029937744140625,0.008029937744140625,0.006496429443359375,0.0,1.0
1333,26,14228,suppresses_refusal,-0.008026123046875,0.008026123046875,0.008026123046875,0.003265380859375,0.0,1.0
1334,8,5225,suppresses_refusal,-0.00800323486328125,0.00800323486328125,0.00800323486328125,0.00682830810546875,0.0,1.0
1335,29,4854,supports_refusal,0.00799560546875,0.00799560546875,0.00799560546875,0.00531005859375,1.0,1.0
1336,24,4508,suppresses_refusal,-0.0079803466796875,0.0079803466796875,0.0079803466796875,0.0027618408203125,0.0,1.0
1337,16,5443,supports_refusal,0.0079803466796875,0.0079803466796875,0.0079803466796875,0.0031280517578125,1.0,1.0
1338,19,5394,suppresses_refusal,-0.0079803466796875,0.0079803466796875,0.0079803466796875,0.0025787353515625,0.0,1.0
1339,26,7919,suppresses_refusal,-0.0079803466796875,0.0079803466796875,0.0079803466796875,0.0033111572265625,0.0,1.0
1340,28,6048,supports_refusal,0.0079803466796875,0.0079803466796875,0.0079803466796875,0.0005645751953125,1.0,1.0
1341,25,2355,suppresses_refusal,-0.00797271728515625,0.00797271728515625,0.00797271728515625,0.00502777099609375,0.0,1.0
1342,31,10783,supports_refusal,0.007965087890625,0.007965087890625,0.007965087890625,0.003692626953125,1.0,1.0
1343,15,14092,supports_refusal,0.007965087890625,0.007965087890625,0.007965087890625,0.000823974609375,1.0,1.0
1344,17,8557,supports_refusal,0.007965087890625,0.007965087890625,0.007965087890625,0.000579833984375,1.0,1.0
1345,30,6959,suppresses_refusal,-0.00795745849609375,0.00795745849609375,0.00795745849609375,0.00498199462890625,0.0,1.0
1346,28,746,suppresses_refusal,-0.0079498291015625,0.0079498291015625,0.0079498291015625,0.0023651123046875,0.0,1.0
1347,31,8496,suppresses_refusal,-0.0079498291015625,0.0079498291015625,0.0079498291015625,0.0013275146484375,0.0,1.0
1348,29,569,supports_refusal,0.0079498291015625,0.0079498291015625,0.0079498291015625,0.0002899169921875,1.0,1.0
1349,29,8133,suppresses_refusal,-0.0079345703125,0.0079345703125,0.0079345703125,0.00238037109375,0.0,1.0
1350,14,5332,supports_refusal,0.0079345703125,0.0079345703125,0.0079345703125,0.00164794921875,1.0,1.0
1351,30,9329,supports_refusal,0.0079345703125,0.0079345703125,0.0079345703125,0.00189208984375,1.0,1.0
1352,31,3616,supports_refusal,0.0079345703125,0.0079345703125,0.0079345703125,0.00494384765625,1.0,1.0
1353,30,9283,supports_refusal,0.0079193115234375,0.0079193115234375,0.0079193115234375,0.0002593994140625,1.0,1.0
1354,28,1580,supports_refusal,0.0079193115234375,0.0079193115234375,0.0079193115234375,0.0008697509765625,1.0,1.0
1355,31,2744,supports_refusal,0.00791168212890625,0.00791168212890625,0.01052093505859375,0.01052093505859375,0.5,0.5
1356,25,2668,supports_refusal,0.00791168212890625,0.00791168212890625,0.00791168212890625,0.00630950927734375,1.0,1.0
1357,26,2862,supports_refusal,0.007904052734375,0.007904052734375,0.007904052734375,0.003692626953125,1.0,1.0
1358,15,13605,suppresses_refusal,-0.007904052734375,0.007904052734375,0.007904052734375,9.1552734375e-05,0.0,1.0
1359,13,1358,supports_refusal,0.007892608642578125,0.007892608642578125,0.007892608642578125,0.005962371826171875,1.0,1.0
1360,30,1650,supports_refusal,0.00787353515625,0.00787353515625,0.00787353515625,0.00103759765625,1.0,1.0
1361,29,11920,suppresses_refusal,-0.00787353515625,0.00787353515625,0.00787353515625,0.00164794921875,0.0,1.0
1362,21,9554,suppresses_refusal,-0.00787353515625,0.00787353515625,0.00787353515625,0.0018310546875,0.0,1.0
1363,29,11000,supports_refusal,0.00787353515625,0.00787353515625,0.00787353515625,0.0035400390625,1.0,1.0
1364,26,6755,suppresses_refusal,-0.00787353515625,0.00787353515625,0.00787353515625,0.00018310546875,0.0,1.0
1365,13,1216,supports_refusal,0.0078582763671875,0.0078582763671875,0.0078582763671875,0.0042266845703125,1.0,1.0
1366,29,9831,suppresses_refusal,-0.0078582763671875,0.0078582763671875,0.0078582763671875,0.0028228759765625,0.0,1.0
1367,28,7926,suppresses_refusal,-0.0078582763671875,0.0078582763671875,0.0078582763671875,0.0005645751953125,0.0,1.0
1368,27,3918,suppresses_refusal,-0.0078582763671875,0.0078582763671875,0.0078582763671875,0.0033111572265625,0.0,1.0
1369,4,11975,supports_refusal,0.007852554321289062,0.007852554321289062,0.007852554321289062,0.0077114105224609375,1.0,1.0
1370,31,5720,suppresses_refusal,-0.007843017578125,0.007843017578125,0.007843017578125,0.000152587890625,0.0,1.0
1371,31,12841,suppresses_refusal,-0.007843017578125,0.007843017578125,0.015106201171875,0.015106201171875,0.5,0.5
1372,31,11085,suppresses_refusal,-0.007843017578125,0.007843017578125,0.007843017578125,0.004974365234375,0.0,1.0
1373,28,4681,suppresses_refusal,-0.007843017578125,0.007843017578125,0.007843017578125,0.006317138671875,0.0,1.0
1374,31,1677,suppresses_refusal,-0.007843017578125,0.007843017578125,0.007843017578125,0.000518798828125,0.0,1.0
1375,27,14294,supports_refusal,0.007843017578125,0.007843017578125,0.007843017578125,0.002349853515625,1.0,1.0
1376,30,13366,supports_refusal,0.00783538818359375,0.00783538818359375,0.00783538818359375,0.00461578369140625,1.0,1.0
1377,19,567,supports_refusal,0.00783538818359375,0.00783538818359375,0.00783538818359375,0.00760650634765625,1.0,1.0
1378,22,10418,supports_refusal,0.0078277587890625,0.0078277587890625,0.0078277587890625,0.0001678466796875,1.0,1.0
1379,16,2089,suppresses_refusal,-0.0078277587890625,0.0078277587890625,0.0078277587890625,0.0040130615234375,0.0,1.0
1380,14,9253,supports_refusal,0.0078277587890625,0.0078277587890625,0.0078277587890625,0.0004119873046875,1.0,1.0
1381,30,2513,supports_refusal,0.0078277587890625,0.0078277587890625,0.0078277587890625,0.0019378662109375,1.0,1.0
1382,28,7137,supports_refusal,0.0078125,0.0078125,0.0078125,0.0,1.0,1.0
1383,31,3493,suppresses_refusal,-0.0078125,0.0078125,0.021484375,0.021484375,0.5,0.5
1384,31,2945,suppresses_refusal,-0.0078125,0.0078125,0.028076171875,0.028076171875,0.5,0.5
1385,28,11796,suppresses_refusal,-0.0078125,0.0078125,0.0078125,0.0009765625,0.0,1.0
1386,18,6786,supports_refusal,0.0078125,0.0078125,0.0078125,0.00048828125,1.0,1.0
1387,30,6659,supports_refusal,0.0077972412109375,0.0077972412109375,0.0077972412109375,0.0014190673828125,1.0,1.0
1388,21,4577,suppresses_refusal,-0.0077972412109375,0.0077972412109375,0.0077972412109375,0.0011749267578125,0.0,1.0
1389,29,3543,supports_refusal,0.0077972412109375,0.0077972412109375,0.0077972412109375,0.0023956298828125,1.0,1.0
1390,16,1007,suppresses_refusal,-0.007781982421875,0.007781982421875,0.007781982421875,0.002288818359375,0.0,1.0
1391,30,12196,suppresses_refusal,-0.007781982421875,0.007781982421875,0.007781982421875,0.001617431640625,0.0,1.0
1392,30,6424,supports_refusal,0.007781982421875,0.007781982421875,0.007781982421875,0.000701904296875,1.0,1.0
1393,31,2675,supports_refusal,0.007781982421875,0.007781982421875,0.007781982421875,0.001983642578125,1.0,1.0
1394,29,12590,supports_refusal,0.007781982421875,0.007781982421875,0.007781982421875,0.001007080078125,1.0,1.0
1395,15,6536,suppresses_refusal,-0.00777435302734375,0.00777435302734375,0.00777435302734375,0.00394439697265625,0.0,1.0
1396,31,12270,suppresses_refusal,-0.0077667236328125,0.0077667236328125,0.0077667236328125,0.0005950927734375,0.0,1.0
1397,30,1296,supports_refusal,0.0077667236328125,0.0077667236328125,0.0077667236328125,0.0001678466796875,1.0,1.0
1398,14,13315,supports_refusal,0.00775146484375,0.00775146484375,0.00775146484375,0.00213623046875,1.0,1.0
1399,9,6435,suppresses_refusal,-0.00774383544921875,0.00774383544921875,0.00774383544921875,0.00470733642578125,0.0,1.0
1400,30,13939,supports_refusal,0.0077362060546875,0.0077362060546875,0.0077362060546875,0.0039825439453125,1.0,1.0
1401,29,9197,supports_refusal,0.0077362060546875,0.0077362060546875,0.0077362060546875,0.0001983642578125,1.0,1.0
1402,18,11024,supports_refusal,0.007724761962890625,0.007724761962890625,0.007724761962890625,0.007228851318359375,1.0,1.0
1403,30,7435,suppresses_refusal,-0.00771331787109375,0.00771331787109375,0.00771331787109375,0.00449371337890625,0.0,1.0
1404,30,11307,suppresses_refusal,-0.0077056884765625,0.0077056884765625,0.0077056884765625,0.0038909912109375,0.0,1.0
1405,30,9296,suppresses_refusal,-0.0077056884765625,0.0077056884765625,0.0077056884765625,0.0018768310546875,0.0,1.0
1406,12,3044,suppresses_refusal,-0.0077056884765625,0.0077056884765625,0.0077056884765625,0.0046844482421875,0.0,1.0
1407,31,10971,suppresses_refusal,-0.0077056884765625,0.0077056884765625,0.0077056884765625,0.0001678466796875,0.0,1.0
1408,12,11161,supports_refusal,0.00769805908203125,0.00769805908203125,0.00769805908203125,0.00432586669921875,1.0,1.0
1409,30,9715,supports_refusal,0.00769805908203125,0.00769805908203125,0.00769805908203125,0.00560760498046875,1.0,1.0
1410,15,8390,suppresses_refusal,-0.0076904296875,0.0076904296875,0.0076904296875,0.00250244140625,0.0,1.0
1411,15,6560,supports_refusal,0.00768280029296875,0.00768280029296875,0.00768280029296875,0.00537872314453125,1.0,1.0
1412,29,664,supports_refusal,0.0076751708984375,0.0076751708984375,0.0076751708984375,0.0029449462890625,1.0,1.0
1413,30,13476,suppresses_refusal,-0.0076751708984375,0.0076751708984375,0.0076751708984375,0.0008087158203125,0.0,1.0
1414,31,3722,suppresses_refusal,-0.007671356201171875,0.007671356201171875,0.007671356201171875,0.005756378173828125,0.0,1.0
1415,27,7044,suppresses_refusal,-0.00766754150390625,0.00766754150390625,0.00766754150390625,0.00502777099609375,0.0,1.0
1416,13,5752,supports_refusal,0.007659912109375,0.007659912109375,0.007659912109375,0.002777099609375,1.0,1.0
1417,22,4811,suppresses_refusal,-0.007659912109375,0.007659912109375,0.007659912109375,0.000396728515625,0.0,1.0
1418,1,1856,supports_refusal,0.007659912109375,0.007659912109375,0.007659912109375,0.000762939453125,1.0,1.0
1419,20,11461,suppresses_refusal,-0.007658958435058594,0.007658958435058594,0.008088111877441406,0.008088111877441406,0.5,0.5
1420,13,6700,supports_refusal,0.0076446533203125,0.0076446533203125,0.0076446533203125,0.0031585693359375,1.0,1.0
1421,3,2136,suppresses_refusal,-0.0076446533203125,0.0076446533203125,0.0076446533203125,0.0012664794921875,0.0,1.0
1422,20,12268,supports_refusal,0.0076446533203125,0.0076446533203125,0.0076446533203125,0.0062103271484375,1.0,1.0
1423,16,1666,supports_refusal,0.0076446533203125,0.0076446533203125,0.0076446533203125,0.0002899169921875,1.0,1.0
1424,30,11536,supports_refusal,0.0076446533203125,0.0076446533203125,0.0076446533203125,0.0035858154296875,1.0,1.0
1425,14,3942,suppresses_refusal,-0.00763702392578125,0.00763702392578125,0.00763702392578125,0.00572967529296875,0.0,1.0
1426,29,2560,suppresses_refusal,-0.00762939453125,0.00762939453125,0.00762939453125,0.00274658203125,0.0,1.0
1427,29,1516,suppresses_refusal,-0.00762939453125,0.00762939453125,0.00762939453125,0.00103759765625,0.0,1.0
1428,12,4389,suppresses_refusal,-0.00762939453125,0.00762939453125,0.00762939453125,0.00042724609375,0.0,1.0
1429,31,2420,suppresses_refusal,-0.00762939453125,0.00762939453125,0.00762939453125,0.001953125,0.0,1.0
1430,31,11010,suppresses_refusal,-0.0076141357421875,0.0076141357421875,0.0076141357421875,0.0011749267578125,0.0,1.0
1431,31,9326,supports_refusal,0.0076141357421875,0.0076141357421875,0.0076141357421875,0.0008087158203125,1.0,1.0
1432,18,2429,supports_refusal,0.0076141357421875,0.0076141357421875,0.0076141357421875,0.0020904541015625,1.0,1.0
1433,2,11831,supports_refusal,0.007610678672790527,0.007610678672790527,0.007648110389709473,0.007648110389709473,0.5,0.5
1434,28,10999,supports_refusal,0.007598876953125,0.007598876953125,0.007598876953125,0.001922607421875,1.0,1.0
1435,27,3673,supports_refusal,0.007598876953125,0.007598876953125,0.007598876953125,0.000885009765625,1.0,1.0
1436,31,11680,suppresses_refusal,-0.007598876953125,0.007598876953125,0.007598876953125,0.003387451171875,0.0,1.0
1437,14,7541,suppresses_refusal,-0.007598876953125,0.007598876953125,0.007598876953125,0.004241943359375,0.0,1.0
1438,31,5932,suppresses_refusal,-0.007598876953125,0.007598876953125,0.007598876953125,0.003387451171875,0.0,1.0
1439,31,8214,suppresses_refusal,-0.007598876953125,0.007598876953125,0.007598876953125,0.002349853515625,0.0,1.0
1440,14,201,suppresses_refusal,-0.007598400115966797,0.007598400115966797,0.007598400115966797,0.007416248321533203,0.0,1.0
1441,31,3428,suppresses_refusal,-0.0075893402099609375,0.0075893402099609375,0.0075893402099609375,0.0072422027587890625,0.0,1.0
1442,16,8661,supports_refusal,0.0075836181640625,0.0075836181640625,0.0075836181640625,0.0012054443359375,1.0,1.0
1443,23,6693,suppresses_refusal,-0.0075836181640625,0.0075836181640625,0.0075836181640625,0.0015716552734375,0.0,1.0
1444,28,3524,supports_refusal,0.0075836181640625,0.0075836181640625,0.0075836181640625,0.0016326904296875,1.0,1.0
1445,16,8798,suppresses_refusal,-0.0075836181640625,0.0075836181640625,0.0075836181640625,0.0015716552734375,0.0,1.0
1446,6,8898,suppresses_refusal,-0.0075702667236328125,0.0075702667236328125,0.0075702667236328125,0.0069561004638671875,0.0,1.0
1447,18,10365,suppresses_refusal,-0.007568359375,0.007568359375,0.007568359375,0.000732421875,0.0,1.0
1448,31,1793,supports_refusal,0.007568359375,0.007568359375,0.0361328125,0.0361328125,0.5,0.5
1449,21,13739,suppresses_refusal,-0.007568359375,0.007568359375,0.007568359375,0.0013427734375,0.0,1.0
1450,15,5262,supports_refusal,0.00756072998046875,0.00756072998046875,0.00756072998046875,0.00428009033203125,1.0,1.0
1451,30,12861,supports_refusal,0.00756072998046875,0.00756072998046875,0.00756072998046875,0.00366973876953125,1.0,1.0
1452,12,14135,suppresses_refusal,-0.00756072998046875,0.00756072998046875,0.00756072998046875,0.00714874267578125,0.0,1.0
1453,29,12248,suppresses_refusal,-0.0075531005859375,0.0075531005859375,0.0075531005859375,0.0047149658203125,0.0,1.0
1454,29,5926,suppresses_refusal,-0.0075531005859375,0.0075531005859375,0.0075531005859375,0.0019683837890625,0.0,1.0
1455,12,858,suppresses_refusal,-0.00754547119140625,0.00754547119140625,0.00754547119140625,0.00563812255859375,0.0,1.0
1456,24,14292,supports_refusal,0.007537841796875,0.007537841796875,0.007537841796875,0.001678466796875,1.0,1.0
1457,22,1880,supports_refusal,0.007537841796875,0.007537841796875,0.007537841796875,0.000762939453125,1.0,1.0
1458,21,7761,suppresses_refusal,-0.007537841796875,0.007537841796875,0.007537841796875,0.005401611328125,0.0,1.0
1459,31,3811,suppresses_refusal,-0.007537841796875,0.007537841796875,0.007537841796875,0.001983642578125,0.0,1.0
1460,5,11964,supports_refusal,0.007537841796875,0.007537841796875,0.007537841796875,0.003326416015625,1.0,1.0
1461,12,3454,supports_refusal,0.0075321197509765625,0.0075321197509765625,0.008459091186523438,0.008459091186523438,0.5,0.5
1462,18,9419,supports_refusal,0.00753021240234375,0.00753021240234375,0.00753021240234375,0.00595855712890625,1.0,1.0
1463,29,3538,supports_refusal,0.0075225830078125,0.0075225830078125,0.0075225830078125,0.0019378662109375,1.0,1.0
1464,29,11384,suppresses_refusal,-0.0075225830078125,0.0075225830078125,0.0075225830078125,0.0021820068359375,0.0,1.0
1465,17,505,supports_refusal,0.00751495361328125,0.00751495361328125,0.00751495361328125,0.00469207763671875,1.0,1.0
1466,30,3574,suppresses_refusal,-0.00750732421875,0.00750732421875,0.00750732421875,0.000732421875,0.0,1.0
1467,15,1235,suppresses_refusal,-0.00750732421875,0.00750732421875,0.00750732421875,0.00360107421875,0.0,1.0
1468,18,9738,supports_refusal,0.00749969482421875,0.00749969482421875,0.00749969482421875,0.00385284423828125,1.0,1.0
1469,21,1216,supports_refusal,0.0074920654296875,0.0074920654296875,0.0074920654296875,0.0010528564453125,1.0,1.0
1470,9,5243,suppresses_refusal,-0.0074920654296875,0.0074920654296875,0.0074920654296875,0.0041046142578125,0.0,1.0
1471,27,6816,supports_refusal,0.0074920654296875,0.0074920654296875,0.0074920654296875,0.0034942626953125,1.0,1.0
1472,31,649,supports_refusal,0.0074920654296875,0.0074920654296875,0.0074920654296875,0.0013580322265625,1.0,1.0
1473,29,11751,supports_refusal,0.00748443603515625,0.00748443603515625,0.00748443603515625,0.00405120849609375,1.0,1.0
1474,15,9233,supports_refusal,0.00748443603515625,0.00748443603515625,0.00748443603515625,0.00399017333984375,1.0,1.0
1475,16,12044,suppresses_refusal,-0.007476806640625,0.007476806640625,0.007476806640625,0.003387451171875,0.0,1.0
1476,16,7950,suppresses_refusal,-0.007476806640625,0.007476806640625,0.007476806640625,0.000701904296875,0.0,1.0
1477,29,6710,suppresses_refusal,-0.007476806640625,0.007476806640625,0.007476806640625,0.000640869140625,0.0,1.0
1478,30,5229,suppresses_refusal,-0.007476806640625,0.007476806640625,0.007476806640625,0.001617431640625,0.0,1.0
1479,17,6565,supports_refusal,0.007476806640625,0.007476806640625,0.007476806640625,0.003326416015625,1.0,1.0
1480,29,11110,suppresses_refusal,-0.007476806640625,0.007476806640625,0.007476806640625,0.0,0.0,1.0
1481,30,3695,supports_refusal,0.007476806640625,0.007476806640625,0.007476806640625,0.004974365234375,1.0,1.0
1482,30,1795,supports_refusal,0.007476806640625,0.007476806640625,0.022552490234375,0.022552490234375,0.5,0.5
1483,17,4492,suppresses_refusal,-0.007476806640625,0.007476806640625,0.007476806640625,0.002166748046875,0.0,1.0
1484,12,10214,suppresses_refusal,-0.007472991943359375,0.007472991943359375,0.007472991943359375,0.005710601806640625,0.0,1.0
1485,31,5692,supports_refusal,0.0074615478515625,0.0074615478515625,0.0074615478515625,0.0009613037109375,1.0,1.0
1486,30,7221,suppresses_refusal,-0.0074615478515625,0.0074615478515625,0.0074615478515625,0.0004730224609375,0.0,1.0
1487,29,5866,suppresses_refusal,-0.0074615478515625,0.0074615478515625,0.0074615478515625,0.0002899169921875,0.0,1.0
1488,5,7462,suppresses_refusal,-0.0074615478515625,0.0074615478515625,0.0074615478515625,0.0030975341796875,0.0,1.0
1489,24,11981,supports_refusal,0.0074615478515625,0.0074615478515625,0.0074615478515625,0.0013275146484375,1.0,1.0
1490,31,2930,suppresses_refusal,-0.0074462890625,0.0074462890625,0.0074462890625,0.00079345703125,0.0,1.0
1491,31,4768,supports_refusal,0.0074462890625,0.0074462890625,0.0074462890625,0.00372314453125,1.0,1.0
1492,12,11802,suppresses_refusal,-0.0074462890625,0.0074462890625,0.0074462890625,9.1552734375e-05,0.0,1.0
1493,20,3479,suppresses_refusal,-0.0074462890625,0.0074462890625,0.0074462890625,0.00323486328125,0.0,1.0
1494,20,2526,supports_refusal,0.00743865966796875,0.00743865966796875,0.00743865966796875,0.00385284423828125,1.0,1.0
1495,24,9419,supports_refusal,0.0074310302734375,0.0074310302734375,0.0074310302734375,0.0028839111328125,1.0,1.0
1496,28,9384,supports_refusal,0.0074310302734375,0.0074310302734375,0.0074310302734375,0.0013580322265625,1.0,1.0
1497,6,4626,supports_refusal,0.0074310302734375,0.0074310302734375,0.0074310302734375,0.0028228759765625,1.0,1.0
1498,30,2627,suppresses_refusal,-0.0074310302734375,0.0074310302734375,0.0074310302734375,0.0037994384765625,0.0,1.0
1499,27,13853,supports_refusal,0.007415771484375,0.007415771484375,0.007415771484375,0.007415771484375,0.5,0.5
1500,26,9267,suppresses_refusal,-0.007415771484375,0.007415771484375,0.007415771484375,0.002105712890625,0.0,1.0
1501,30,329,supports_refusal,0.007415771484375,0.007415771484375,0.007415771484375,0.001251220703125,1.0,1.0
1502,25,11319,suppresses_refusal,-0.007415771484375,0.007415771484375,0.007415771484375,0.004608154296875,0.0,1.0
1503,31,9825,suppresses_refusal,-0.007415771484375,0.007415771484375,0.007415771484375,0.002838134765625,0.0,1.0
1504,26,1548,supports_refusal,0.00740814208984375,0.00740814208984375,0.00740814208984375,0.00577545166015625,1.0,1.0
1505,8,13676,suppresses_refusal,-0.00739288330078125,0.00739288330078125,0.00739288330078125,0.00688934326171875,0.0,1.0
1506,29,9399,supports_refusal,0.00738525390625,0.00738525390625,0.00738525390625,0.0045166015625,1.0,1.0
1507,30,5896,suppresses_refusal,-0.00738525390625,0.00738525390625,0.00738525390625,0.0023193359375,0.0,1.0
1508,12,9118,suppresses_refusal,-0.007373809814453125,0.007373809814453125,0.007373809814453125,0.006420135498046875,0.0,1.0
1509,31,11264,supports_refusal,0.0073699951171875,0.0073699951171875,0.0073699951171875,0.0002288818359375,1.0,1.0
1510,29,13033,suppresses_refusal,-0.007354736328125,0.007354736328125,0.007354736328125,0.002349853515625,0.0,1.0
1511,30,5087,suppresses_refusal,-0.007354736328125,0.007354736328125,0.007354736328125,0.005645751953125,0.0,1.0
1512,16,12230,suppresses_refusal,-0.007354736328125,0.007354736328125,0.007354736328125,0.003265380859375,0.0,1.0
1513,30,3099,suppresses_refusal,-0.007354736328125,0.007354736328125,0.007354736328125,0.002410888671875,0.0,1.0
1514,16,13496,supports_refusal,0.007354736328125,0.007354736328125,0.007354736328125,0.001434326171875,1.0,1.0
1515,26,12467,supports_refusal,0.007354736328125,0.007354736328125,0.007354736328125,0.000823974609375,1.0,1.0
1516,31,13491,suppresses_refusal,-0.0073394775390625,0.0073394775390625,0.0073394775390625,0.0006561279296875,0.0,1.0
1517,20,2994,supports_refusal,0.0073394775390625,0.0073394775390625,0.0073394775390625,0.0026092529296875,1.0,1.0
1518,31,1031,suppresses_refusal,-0.00733184814453125,0.00733184814453125,0.00733184814453125,0.00469207763671875,0.0,1.0
1519,30,1464,suppresses_refusal,-0.00732421875,0.00732421875,0.021240234375,0.021240234375,0.5,0.5
1520,28,2608,supports_refusal,0.00732421875,0.00732421875,0.00732421875,0.0010986328125,1.0,1.0
1521,6,12351,supports_refusal,0.00732421875,0.00732421875,0.02685546875,0.02685546875,0.5,0.5
1522,8,6831,suppresses_refusal,-0.00732421875,0.00732421875,0.00732421875,0.0010986328125,0.0,1.0
1523,4,12537,supports_refusal,0.00732421875,0.00732421875,0.0113525390625,0.0113525390625,0.5,0.5
1524,26,8033,supports_refusal,0.00732421875,0.00732421875,0.00732421875,0.00274658203125,1.0,1.0
1525,27,11990,supports_refusal,0.0073089599609375,0.0073089599609375,0.0073089599609375,0.0042266845703125,1.0,1.0
1526,16,6893,supports_refusal,0.0073089599609375,0.0073089599609375,0.0073089599609375,0.0019683837890625,1.0,1.0
1527,29,13865,supports_refusal,0.0073089599609375,0.0073089599609375,0.0073089599609375,0.0026397705078125,1.0,1.0
1528,16,11277,suppresses_refusal,-0.007293701171875,0.007293701171875,0.007293701171875,0.000579833984375,0.0,1.0
1529,30,6080,supports_refusal,0.007293701171875,0.007293701171875,0.007293701171875,0.002471923828125,1.0,1.0
1530,13,11829,supports_refusal,0.007293701171875,0.007293701171875,0.007293701171875,0.002960205078125,1.0,1.0
1531,30,6479,supports_refusal,0.00728607177734375,0.00728607177734375,0.00728607177734375,0.00388336181640625,1.0,1.0
1532,23,362,supports_refusal,0.0072784423828125,0.0072784423828125,0.0072784423828125,0.0010223388671875,1.0,1.0
1533,31,5724,supports_refusal,0.0072784423828125,0.0072784423828125,0.0072784423828125,0.0009613037109375,1.0,1.0
1534,18,3431,suppresses_refusal,-0.0072784423828125,0.0072784423828125,0.0072784423828125,0.0010223388671875,0.0,1.0
1535,30,14215,supports_refusal,0.00727081298828125,0.00727081298828125,0.00727081298828125,0.00444793701171875,1.0,1.0
1536,24,14081,supports_refusal,0.00726318359375,0.00726318359375,0.00726318359375,0.0006103515625,1.0,1.0
1537,12,2180,supports_refusal,0.00726318359375,0.00726318359375,0.00726318359375,0.006103515625,1.0,1.0
1538,19,629,supports_refusal,0.00726318359375,0.00726318359375,0.00726318359375,0.003662109375,1.0,1.0
1539,10,4789,suppresses_refusal,-0.00725555419921875,0.00725555419921875,0.00769805908203125,0.00769805908203125,0.5,0.5
1540,31,5506,suppresses_refusal,-0.0072479248046875,0.0072479248046875,0.0072479248046875,0.0034332275390625,0.0,1.0
1541,5,4138,suppresses_refusal,-0.0072479248046875,0.0072479248046875,0.0072479248046875,0.0005645751953125,0.0,1.0
1542,4,2793,supports_refusal,0.0072479248046875,0.0072479248046875,0.0072479248046875,0.0032501220703125,1.0,1.0
1543,31,12326,supports_refusal,0.00724029541015625,0.00724029541015625,0.00724029541015625,0.00392913818359375,1.0,1.0
1544,29,8997,suppresses_refusal,-0.007232666015625,0.007232666015625,0.007232666015625,0.001068115234375,0.0,1.0
1545,23,2125,supports_refusal,0.007232666015625,0.007232666015625,0.009246826171875,0.009246826171875,0.5,0.5
1546,31,787,suppresses_refusal,-0.007232666015625,0.007232666015625,0.007232666015625,0.002899169921875,0.0,1.0
1547,4,323,suppresses_refusal,-0.007232666015625,0.007232666015625,0.007232666015625,0.004119873046875,0.0,1.0
1548,21,6041,suppresses_refusal,-0.0072174072265625,0.0072174072265625,0.0072174072265625,0.0026702880859375,0.0,1.0
1549,14,6124,supports_refusal,0.0072174072265625,0.0072174072265625,0.0072174072265625,0.0017547607421875,1.0,1.0
1550,6,3888,supports_refusal,0.0072174072265625,0.0072174072265625,0.0072174072265625,0.0035247802734375,1.0,1.0
1551,14,13160,suppresses_refusal,-0.0072116851806640625,0.0072116851806640625,0.0072116851806640625,0.0068874359130859375,0.0,1.0
1552,21,4312,supports_refusal,0.00720977783203125,0.00720977783203125,0.00939178466796875,0.00939178466796875,0.5,0.5
1553,28,12253,suppresses_refusal,-0.0072021484375,0.0072021484375,0.0072021484375,0.0013427734375,0.0,1.0
1554,27,6737,suppresses_refusal,-0.0072021484375,0.0072021484375,0.0072021484375,3.0517578125e-05,0.0,1.0
1555,23,12741,supports_refusal,0.0072021484375,0.0072021484375,0.0072021484375,0.000335693359375,1.0,1.0
1556,27,4546,supports_refusal,0.0072021484375,0.0072021484375,0.0072021484375,0.0032958984375,1.0,1.0
1557,29,8529,supports_refusal,0.0072021484375,0.0072021484375,0.0072021484375,0.0010986328125,1.0,1.0
1558,18,9669,supports_refusal,0.0072021484375,0.0072021484375,0.0072021484375,0.0010986328125,1.0,1.0
1559,26,12054,suppresses_refusal,-0.0072021484375,0.0072021484375,0.0072021484375,0.001220703125,0.0,1.0
1560,7,1946,suppresses_refusal,-0.007193565368652344,0.007193565368652344,0.007193565368652344,0.007027626037597656,0.0,1.0
1561,30,7758,suppresses_refusal,-0.0071868896484375,0.0071868896484375,0.0071868896484375,0.0026397705078125,0.0,1.0
1562,7,1231,supports_refusal,0.0071868896484375,0.0071868896484375,0.0071868896484375,0.0056304931640625,1.0,1.0
1563,16,781,suppresses_refusal,-0.0071868896484375,0.0071868896484375,0.0071868896484375,0.0020294189453125,0.0,1.0
1564,28,9536,supports_refusal,0.0071868896484375,0.0071868896484375,0.0071868896484375,0.0020294189453125,1.0,1.0
1565,29,8055,suppresses_refusal,-0.007171630859375,0.007171630859375,0.007171630859375,0.001068115234375,0.0,1.0
1566,30,13759,supports_refusal,0.007171630859375,0.007171630859375,0.007171630859375,0.000701904296875,1.0,1.0
1567,8,7034,suppresses_refusal,-0.007171630859375,0.007171630859375,0.007171630859375,0.000946044921875,0.0,1.0
1568,11,5335,supports_refusal,0.007171630859375,0.007171630859375,0.007171630859375,0.003021240234375,1.0,1.0
1569,17,7878,supports_refusal,0.007171630859375,0.007171630859375,0.007171630859375,0.003143310546875,1.0,1.0
1570,28,5484,suppresses_refusal,-0.007171630859375,0.007171630859375,0.007171630859375,0.001129150390625,0.0,1.0
1571,18,4455,suppresses_refusal,-0.0071563720703125,0.0071563720703125,0.0089569091796875,0.0089569091796875,0.5,0.5
1572,29,3431,supports_refusal,0.0071563720703125,0.0071563720703125,0.0071563720703125,0.0025482177734375,1.0,1.0
1573,12,197,supports_refusal,0.0071563720703125,0.0071563720703125,0.0071563720703125,0.0027313232421875,1.0,1.0
1574,28,5819,supports_refusal,0.0071563720703125,0.0071563720703125,0.0071563720703125,0.0016326904296875,1.0,1.0
1575,29,1710,supports_refusal,0.00714111328125,0.00714111328125,0.00714111328125,0.0029296875,1.0,1.0
1576,31,14196,supports_refusal,0.00714111328125,0.00714111328125,0.00714111328125,0.00469970703125,1.0,1.0
1577,23,2565,supports_refusal,0.0071258544921875,0.0071258544921875,0.0071258544921875,0.0002288818359375,1.0,1.0
1578,30,4887,supports_refusal,0.007110595703125,0.007110595703125,0.007110595703125,0.002227783203125,1.0,1.0
1579,31,11222,suppresses_refusal,-0.007110595703125,0.007110595703125,0.007110595703125,0.000213623046875,0.0,1.0
1580,11,12871,suppresses_refusal,-0.007110595703125,0.007110595703125,0.007110595703125,0.001434326171875,0.0,1.0
1581,11,5546,suppresses_refusal,-0.0071086883544921875,0.0071086883544921875,0.0071086883544921875,0.0065631866455078125,0.0,1.0
1582,28,13684,supports_refusal,0.0070953369140625,0.0070953369140625,0.0070953369140625,0.0012664794921875,1.0,1.0
1583,22,2784,suppresses_refusal,-0.0070953369140625,0.0070953369140625,0.0070953369140625,0.0016326904296875,0.0,1.0
1584,22,82,suppresses_refusal,-0.0070953369140625,0.0070953369140625,0.0070953369140625,0.0016326904296875,0.0,1.0
1585,29,6599,supports_refusal,0.007080078125,0.007080078125,0.007080078125,0.00128173828125,1.0,1.0
1586,12,6053,supports_refusal,0.007080078125,0.007080078125,0.007080078125,0.0050048828125,1.0,1.0
1587,14,8660,suppresses_refusal,-0.007080078125,0.007080078125,0.007080078125,0.0018310546875,0.0,1.0
1588,30,10655,suppresses_refusal,-0.007080078125,0.007080078125,0.007080078125,0.0057373046875,0.0,1.0
1589,31,12159,supports_refusal,0.007080078125,0.007080078125,0.007080078125,0.000518798828125,1.0,1.0
1590,11,3202,suppresses_refusal,-0.007080078125,0.007080078125,0.007080078125,0.0020751953125,0.0,1.0
1591,27,3231,supports_refusal,0.00707244873046875,0.00707244873046875,0.00707244873046875,0.00434112548828125,1.0,1.0
1592,31,8525,suppresses_refusal,-0.0070648193359375,0.0070648193359375,0.0070648193359375,0.0006256103515625,0.0,1.0
1593,22,5315,supports_refusal,0.0070648193359375,0.0070648193359375,0.0070648193359375,0.0018463134765625,1.0,1.0
1594,14,75,supports_refusal,0.0070648193359375,0.0070648193359375,0.0070648193359375,0.0036163330078125,1.0,1.0
1595,31,5553,supports_refusal,0.00705718994140625,0.00705718994140625,0.00705718994140625,0.00405120849609375,1.0,1.0
1596,22,5957,suppresses_refusal,-0.007053375244140625,0.007053375244140625,0.007053375244140625,0.005153656005859375,0.0,1.0
1597,17,13574,supports_refusal,0.0070514678955078125,0.0070514678955078125,0.0070514678955078125,0.0063152313232421875,1.0,1.0
1598,29,14225,suppresses_refusal,-0.007049560546875,0.007049560546875,0.007049560546875,0.001251220703125,0.0,1.0
1599,22,14304,supports_refusal,0.007049560546875,0.007049560546875,0.007049560546875,0.000885009765625,1.0,1.0
1600,16,5618,supports_refusal,0.007049560546875,0.007049560546875,0.007049560546875,0.002777099609375,1.0,1.0
1601,28,12003,suppresses_refusal,-0.007049560546875,0.007049560546875,0.011138916015625,0.011138916015625,0.5,0.5
1602,23,12156,suppresses_refusal,-0.0070476531982421875,0.0070476531982421875,0.0070476531982421875,0.0063190460205078125,0.0,1.0
1603,15,1988,supports_refusal,0.00704193115234375,0.00704193115234375,0.00704193115234375,0.00485992431640625,1.0,1.0
1604,1,5021,suppresses_refusal,-0.0070343017578125,0.0070343017578125,0.0070343017578125,0.0012054443359375,0.0,1.0
1605,31,5556,suppresses_refusal,-0.0070343017578125,0.0070343017578125,0.0070343017578125,0.0019378662109375,0.0,1.0
1606,31,2474,supports_refusal,0.00702667236328125,0.00702667236328125,0.00702667236328125,0.00420379638671875,1.0,1.0
1607,31,3330,suppresses_refusal,-0.00701904296875,0.00701904296875,0.00701904296875,0.00048828125,0.0,1.0
1608,28,11387,suppresses_refusal,-0.00701904296875,0.00701904296875,0.00701904296875,0.00164794921875,0.0,1.0
1609,29,2583,supports_refusal,0.00701904296875,0.00701904296875,0.00701904296875,0.00128173828125,1.0,1.0
1610,30,10312,suppresses_refusal,-0.00701904296875,0.00701904296875,0.00701904296875,0.0018310546875,0.0,1.0
1611,31,8959,supports_refusal,0.00701904296875,0.00701904296875,0.00701904296875,0.000152587890625,1.0,1.0
1612,29,9053,suppresses_refusal,-0.00701904296875,0.00701904296875,0.00701904296875,0.00238037109375,0.0,1.0
1613,22,1199,suppresses_refusal,-0.0070037841796875,0.0070037841796875,0.0074615478515625,0.0074615478515625,0.5,0.5
1614,24,2577,suppresses_refusal,-0.0070037841796875,0.0070037841796875,0.0070037841796875,0.0004425048828125,0.0,1.0
1615,12,14241,suppresses_refusal,-0.0070037841796875,0.0070037841796875,0.0070037841796875,0.0054473876953125,0.0,1.0
1616,31,10850,supports_refusal,0.0070037841796875,0.0070037841796875,0.0070037841796875,0.0011138916015625,1.0,1.0
1617,18,967,suppresses_refusal,-0.007000565528869629,0.007000565528869629,0.007000565528869629,0.006976485252380371,0.0,1.0
1618,17,410,suppresses_refusal,-0.0069980621337890625,0.0069980621337890625,0.0069980621337890625,0.0063686370849609375,0.0,1.0
1619,29,10902,supports_refusal,0.006988525390625,0.006988525390625,0.006988525390625,0.002105712890625,1.0,1.0
1620,25,6892,suppresses_refusal,-0.006988525390625,0.006988525390625,0.006988525390625,0.000213623046875,0.0,1.0
1621,30,14243,suppresses_refusal,-0.0069732666015625,0.0069732666015625,0.0069732666015625,0.0021209716796875,0.0,1.0
1622,14,5637,supports_refusal,0.0069732666015625,0.0069732666015625,0.0069732666015625,0.0021820068359375,1.0,1.0
1623,16,9910,supports_refusal,0.00696563720703125,0.00696563720703125,0.00696563720703125,0.00530242919921875,1.0,1.0
1624,27,7680,supports_refusal,0.0069580078125,0.0069580078125,0.0069580078125,0.000518798828125,1.0,1.0
1625,15,9705,supports_refusal,0.0069580078125,0.0069580078125,0.0069580078125,0.00213623046875,1.0,1.0
1626,28,12087,suppresses_refusal,-0.0069580078125,0.0069580078125,0.0069580078125,0.0032958984375,0.0,1.0
1627,28,3402,supports_refusal,0.0069580078125,0.0069580078125,0.0069580078125,0.000335693359375,1.0,1.0
1628,7,5513,supports_refusal,0.0069580078125,0.0069580078125,0.0069580078125,0.00146484375,1.0,1.0
1629,12,9035,suppresses_refusal,-0.0069580078125,0.0069580078125,0.0069580078125,0.003662109375,0.0,1.0
1630,31,2513,supports_refusal,0.0069427490234375,0.0069427490234375,0.0069427490234375,0.0027008056640625,1.0,1.0
1631,27,6153,supports_refusal,0.0069427490234375,0.0069427490234375,0.0069427490234375,0.0002899169921875,1.0,1.0
1632,15,10673,supports_refusal,0.0069427490234375,0.0069427490234375,0.0069427490234375,0.0017242431640625,1.0,1.0
1633,30,806,suppresses_refusal,-0.0069427490234375,0.0069427490234375,0.0069427490234375,0.0004730224609375,0.0,1.0
1634,12,613,suppresses_refusal,-0.00693511962890625,0.00693511962890625,0.00693511962890625,0.00417327880859375,0.0,1.0
1635,22,11849,supports_refusal,0.006927490234375,0.006927490234375,0.006927490234375,0.00067138671875,1.0,1.0
1636,29,2589,suppresses_refusal,-0.006927490234375,0.006927490234375,0.006927490234375,0.005828857421875,0.0,1.0
1637,30,10174,supports_refusal,0.00691986083984375,0.00691986083984375,0.00691986083984375,0.00675201416015625,1.0,1.0
1638,31,1199,suppresses_refusal,-0.0069122314453125,0.0069122314453125,0.0069122314453125,0.0027313232421875,0.0,1.0
1639,31,13079,supports_refusal,0.0069122314453125,0.0069122314453125,0.0069122314453125,0.0057220458984375,1.0,1.0
1640,18,6331,suppresses_refusal,-0.006908416748046875,0.006908416748046875,0.006908416748046875,0.005481719970703125,0.0,1.0
1641,3,9094,supports_refusal,0.00690460205078125,0.00690460205078125,0.00690460205078125,0.00603485107421875,1.0,1.0
1642,18,8652,supports_refusal,0.00690460205078125,0.00690460205078125,0.00690460205078125,0.00328826904296875,1.0,1.0
1643,14,13482,supports_refusal,0.00689697265625,0.00689697265625,0.00689697265625,0.00079345703125,1.0,1.0
1644,31,10432,suppresses_refusal,-0.00689697265625,0.00689697265625,0.00689697265625,0.0028076171875,0.0,1.0
1645,19,5450,supports_refusal,0.00689697265625,0.00689697265625,0.00689697265625,0.0020751953125,1.0,1.0
1646,1,757,supports_refusal,0.00689697265625,0.00689697265625,0.00689697265625,0.000396728515625,1.0,1.0
1647,30,2879,supports_refusal,0.0068817138671875,0.0068817138671875,0.0068817138671875,0.0008697509765625,1.0,1.0
1648,23,9776,suppresses_refusal,-0.0068817138671875,0.0068817138671875,0.0068817138671875,7.62939453125e-05,0.0,1.0
1649,26,9751,supports_refusal,0.0068817138671875,0.0068817138671875,0.0068817138671875,0.0022125244140625,1.0,1.0
1650,27,5679,supports_refusal,0.0068817138671875,0.0068817138671875,0.0068817138671875,0.0027008056640625,1.0,1.0
1651,8,4334,suppresses_refusal,-0.0068817138671875,0.0068817138671875,0.0068817138671875,0.0003204345703125,0.0,1.0
1652,18,12914,supports_refusal,0.0068817138671875,0.0068817138671875,0.0068817138671875,0.0011138916015625,1.0,1.0
1653,28,7087,supports_refusal,0.0068817138671875,0.0068817138671875,0.0068817138671875,0.0005950927734375,1.0,1.0
1654,21,3536,suppresses_refusal,-0.00687408447265625,0.00687408447265625,0.00687408447265625,0.00423431396484375,0.0,1.0
1655,28,9954,suppresses_refusal,-0.00687408447265625,0.00687408447265625,0.00687408447265625,0.00618743896484375,0.0,1.0
1656,30,6735,suppresses_refusal,-0.006866455078125,0.006866455078125,0.006866455078125,0.00018310546875,0.0,1.0
1657,31,5509,supports_refusal,0.006866455078125,0.006866455078125,0.006866455078125,0.004302978515625,1.0,1.0
1658,30,11158,suppresses_refusal,-0.006866455078125,0.006866455078125,0.006866455078125,0.002899169921875,0.0,1.0
1659,29,9267,suppresses_refusal,-0.006866455078125,0.006866455078125,0.006866455078125,0.001739501953125,0.0,1.0
1660,26,3082,supports_refusal,0.0068511962890625,0.0068511962890625,0.0068511962890625,0.0024871826171875,1.0,1.0
1661,31,11276,suppresses_refusal,-0.0068511962890625,0.0068511962890625,0.0068511962890625,0.0015716552734375,0.0,1.0
1662,12,3700,supports_refusal,0.0068359375,0.0068359375,0.0068359375,0.00274658203125,1.0,1.0
1663,23,306,supports_refusal,0.0068359375,0.0068359375,0.009765625,0.009765625,0.5,0.5
1664,16,2821,suppresses_refusal,-0.00682830810546875,0.00682830810546875,0.01001739501953125,0.01001739501953125,0.5,0.5
1665,29,12725,supports_refusal,0.0068206787109375,0.0068206787109375,0.0068206787109375,0.0021514892578125,1.0,1.0
1666,22,10194,suppresses_refusal,-0.0068206787109375,0.0068206787109375,0.0068206787109375,0.0020294189453125,0.0,1.0
1667,4,12934,supports_refusal,0.0068206787109375,0.0068206787109375,0.0091705322265625,0.0091705322265625,0.5,0.5
1668,10,1918,suppresses_refusal,-0.00681304931640625,0.00681304931640625,0.00759124755859375,0.00759124755859375,0.5,0.5
1669,16,5770,suppresses_refusal,-0.00681304931640625,0.00681304931640625,0.00681304931640625,0.00380706787109375,0.0,1.0
1670,20,6356,suppresses_refusal,-0.00681304931640625,0.00681304931640625,0.00681304931640625,0.00453948974609375,0.0,1.0
1671,14,5718,supports_refusal,0.006805419921875,0.006805419921875,0.006805419921875,0.002532958984375,1.0,1.0
1672,21,4231,suppresses_refusal,-0.006805419921875,0.006805419921875,0.006805419921875,0.0009765625,0.0,1.0
1673,30,5336,suppresses_refusal,-0.006805419921875,0.006805419921875,0.014312744140625,0.014312744140625,0.5,0.5
1674,23,11026,supports_refusal,0.006805419921875,0.006805419921875,0.006805419921875,0.000213623046875,1.0,1.0
1675,31,5437,suppresses_refusal,-0.006805419921875,0.006805419921875,0.011138916015625,0.011138916015625,0.5,0.5
1676,12,2721,suppresses_refusal,-0.006805419921875,0.006805419921875,0.006805419921875,0.001373291015625,0.0,1.0
1677,30,1563,suppresses_refusal,-0.0067901611328125,0.0067901611328125,0.0067901611328125,0.0010833740234375,0.0,1.0
1678,30,3183,suppresses_refusal,-0.0067901611328125,0.0067901611328125,0.0067901611328125,0.0014495849609375,0.0,1.0
1679,31,556,supports_refusal,0.0067901611328125,0.0067901611328125,0.0067901611328125,0.0015716552734375,1.0,1.0
1680,16,7280,suppresses_refusal,-0.0067901611328125,0.0067901611328125,0.0067901611328125,0.0019989013671875,0.0,1.0
1681,22,10984,suppresses_refusal,-0.006787776947021484,0.006787776947021484,0.006787776947021484,0.006578922271728516,0.0,1.0
1682,28,11929,supports_refusal,0.00677490234375,0.00677490234375,0.00677490234375,0.00238037109375,1.0,1.0
1683,14,4484,supports_refusal,0.00677490234375,0.00677490234375,0.00677490234375,0.0001220703125,1.0,1.0
1684,22,10872,supports_refusal,0.00676727294921875,0.00676727294921875,0.00676727294921875,0.00440216064453125,1.0,1.0
1685,27,14069,suppresses_refusal,-0.0067596435546875,0.0067596435546875,0.0067596435546875,0.0006866455078125,0.0,1.0
1686,28,13812,supports_refusal,0.0067596435546875,0.0067596435546875,0.0067596435546875,0.0017242431640625,1.0,1.0
1687,24,6507,supports_refusal,0.0067596435546875,0.0067596435546875,0.0067596435546875,0.0048980712890625,1.0,1.0
1688,30,11504,supports_refusal,0.0067596435546875,0.0067596435546875,0.0067596435546875,0.0012359619140625,1.0,1.0
1689,26,9802,supports_refusal,0.0067596435546875,0.0067596435546875,0.0067596435546875,0.0019683837890625,1.0,1.0
1690,13,4205,suppresses_refusal,-0.0067596435546875,0.0067596435546875,0.0067596435546875,0.0026397705078125,0.0,1.0
1691,27,12215,suppresses_refusal,-0.0067596435546875,0.0067596435546875,0.0067596435546875,0.0009918212890625,0.0,1.0
1692,30,959,supports_refusal,0.006744384765625,0.006744384765625,0.006744384765625,3.0517578125e-05,1.0,1.0
1693,14,8917,supports_refusal,0.006744384765625,0.006744384765625,0.006744384765625,0.000213623046875,1.0,1.0
1694,30,2458,supports_refusal,0.006744384765625,0.006744384765625,0.006744384765625,0.001068115234375,1.0,1.0
1695,9,8592,suppresses_refusal,-0.006744384765625,0.006744384765625,0.006744384765625,0.002044677734375,0.0,1.0
1696,3,6864,suppresses_refusal,-0.006744384765625,0.006744384765625,0.006744384765625,0.002227783203125,0.0,1.0
1697,31,13825,suppresses_refusal,-0.006744384765625,0.006744384765625,0.006744384765625,0.000335693359375,0.0,1.0
1698,12,360,suppresses_refusal,-0.0067291259765625,0.0067291259765625,0.0067291259765625,0.0016326904296875,0.0,1.0
1699,30,13546,supports_refusal,0.0067138671875,0.0067138671875,0.0067138671875,0.0020751953125,1.0,1.0
1700,8,12767,supports_refusal,0.0067138671875,0.0067138671875,0.0067138671875,0.0054931640625,1.0,1.0
1701,30,6894,suppresses_refusal,-0.0067138671875,0.0067138671875,0.00762939453125,0.00762939453125,0.5,0.5
1702,14,2105,suppresses_refusal,-0.0066986083984375,0.0066986083984375,0.0066986083984375,0.0027618408203125,0.0,1.0
1703,15,8094,suppresses_refusal,-0.0066986083984375,0.0066986083984375,0.0066986083984375,0.0037994384765625,0.0,1.0
1704,28,8307,suppresses_refusal,-0.0066986083984375,0.0066986083984375,0.0066986083984375,0.0016632080078125,0.0,1.0
1705,30,1152,supports_refusal,0.0066986083984375,0.0066986083984375,0.0066986083984375,7.62939453125e-05,1.0,1.0
1706,4,9431,supports_refusal,0.0066986083984375,0.0066986083984375,0.0066986083984375,0.0013580322265625,1.0,1.0
1707,31,13999,suppresses_refusal,-0.0066986083984375,0.0066986083984375,0.0066986083984375,0.0009613037109375,0.0,1.0
1708,12,5227,suppresses_refusal,-0.0066986083984375,0.0066986083984375,0.0066986083984375,0.0044097900390625,0.0,1.0
1709,31,12004,supports_refusal,0.0066986083984375,0.0066986083984375,0.0066986083984375,0.0011138916015625,1.0,1.0
1710,31,7590,suppresses_refusal,-0.006683349609375,0.006683349609375,0.006683349609375,0.00054931640625,0.0,1.0
1711,22,12178,suppresses_refusal,-0.006683349609375,0.006683349609375,0.006683349609375,0.002838134765625,0.0,1.0
1712,30,12302,suppresses_refusal,-0.006683349609375,0.006683349609375,0.006683349609375,0.001373291015625,0.0,1.0
1713,28,4743,supports_refusal,0.006683349609375,0.006683349609375,0.006683349609375,0.004058837890625,1.0,1.0
1714,16,2814,supports_refusal,0.006664276123046875,0.006664276123046875,0.006664276123046875,0.006092071533203125,1.0,1.0
1715,22,13324,suppresses_refusal,-0.00665283203125,0.00665283203125,0.00665283203125,0.00262451171875,0.0,1.0
1716,31,3237,suppresses_refusal,-0.00665283203125,0.00665283203125,0.00665283203125,0.0032958984375,0.0,1.0
1717,2,12021,supports_refusal,0.00665283203125,0.00665283203125,0.00665283203125,0.00054931640625,1.0,1.0
1718,26,11907,suppresses_refusal,-0.00665283203125,0.00665283203125,0.00665283203125,0.00213623046875,0.0,1.0
1719,28,796,suppresses_refusal,-0.00665283203125,0.00665283203125,0.00665283203125,0.00469970703125,0.0,1.0
1720,13,12316,supports_refusal,0.00665283203125,0.00665283203125,0.00665283203125,0.0020751953125,1.0,1.0
1721,11,9363,suppresses_refusal,-0.00665283203125,0.00665283203125,0.00665283203125,0.00140380859375,0.0,1.0
1722,31,3794,supports_refusal,0.00665283203125,0.00665283203125,0.00665283203125,0.002197265625,1.0,1.0
1723,17,13227,supports_refusal,0.0066509246826171875,0.0066509246826171875,0.0073871612548828125,0.0073871612548828125,0.5,0.5
1724,19,5156,suppresses_refusal,-0.0066375732421875,0.0066375732421875,0.0066375732421875,0.0039215087890625,0.0,1.0
1725,28,447,supports_refusal,0.0066375732421875,0.0066375732421875,0.0066375732421875,0.0003204345703125,1.0,1.0
1726,28,3424,suppresses_refusal,-0.0066375732421875,0.0066375732421875,0.0066375732421875,4.57763671875e-05,0.0,1.0
1727,28,4166,supports_refusal,0.006622314453125,0.006622314453125,0.006622314453125,0.00030517578125,1.0,1.0
1728,29,9768,suppresses_refusal,-0.006622314453125,0.006622314453125,0.006622314453125,0.002349853515625,0.0,1.0
1729,10,9845,supports_refusal,0.006622314453125,0.006622314453125,0.006622314453125,0.003814697265625,1.0,1.0
1730,31,12035,supports_refusal,0.006622314453125,0.006622314453125,0.015228271484375,0.015228271484375,0.5,0.5
1731,27,11512,suppresses_refusal,-0.00661468505859375,0.00661468505859375,0.00661468505859375,0.00412750244140625,0.0,1.0
1732,22,12794,suppresses_refusal,-0.006611824035644531,0.006611824035644531,0.006937980651855469,0.006937980651855469,0.5,0.5
1733,20,2326,suppresses_refusal,-0.0066070556640625,0.0066070556640625,0.0066070556640625,0.0009613037109375,0.0,1.0
1734,16,6419,supports_refusal,0.0066070556640625,0.0066070556640625,0.0066070556640625,0.0065765380859375,1.0,1.0
1735,11,5659,supports_refusal,0.0066070556640625,0.0066070556640625,0.0066070556640625,0.0044403076171875,1.0,1.0
1736,21,3531,supports_refusal,0.0066070556640625,0.0066070556640625,0.0066070556640625,0.0013885498046875,1.0,1.0
1737,29,1351,supports_refusal,0.00659942626953125,0.00659942626953125,0.00659942626953125,0.00377655029296875,1.0,1.0
1738,4,9550,suppresses_refusal,-0.0065975189208984375,0.0065975189208984375,0.0070133209228515625,0.0070133209228515625,0.5,0.5
1739,21,2762,suppresses_refusal,-0.006591796875,0.006591796875,0.006591796875,0.00091552734375,0.0,1.0
1740,19,900,supports_refusal,0.006591796875,0.006591796875,0.006591796875,0.00140380859375,1.0,1.0
1741,29,13704,suppresses_refusal,-0.0065765380859375,0.0065765380859375,0.0065765380859375,0.0010223388671875,0.0,1.0
1742,3,4820,suppresses_refusal,-0.0065765380859375,0.0065765380859375,0.0065765380859375,0.0006561279296875,0.0,1.0
1743,31,154,supports_refusal,0.0065765380859375,0.0065765380859375,0.0065765380859375,0.0003509521484375,1.0,1.0
1744,26,10369,supports_refusal,0.0065765380859375,0.0065765380859375,0.0065765380859375,0.0035552978515625,1.0,1.0
1745,25,5263,supports_refusal,0.0065765380859375,0.0065765380859375,0.0065765380859375,0.0023345947265625,1.0,1.0
1746,27,2850,supports_refusal,0.0065765380859375,0.0065765380859375,0.0065765380859375,0.0019073486328125,1.0,1.0
1747,28,13576,suppresses_refusal,-0.0065765380859375,0.0065765380859375,0.0065765380859375,0.0024566650390625,0.0,1.0
1748,25,12534,suppresses_refusal,-0.0065765380859375,0.0065765380859375,0.0065765380859375,0.0010833740234375,0.0,1.0
1749,30,434,suppresses_refusal,-0.0065765380859375,0.0065765380859375,0.0065765380859375,0.0001983642578125,0.0,1.0
1750,12,5684,supports_refusal,0.0065765380859375,0.0065765380859375,0.0065765380859375,0.0009918212890625,1.0,1.0
1751,16,2203,suppresses_refusal,-0.0065765380859375,0.0065765380859375,0.0065765380859375,0.0003509521484375,0.0,1.0
1752,15,5480,supports_refusal,0.0065765380859375,0.0065765380859375,0.0065765380859375,0.0024566650390625,1.0,1.0
1753,26,7014,supports_refusal,0.00656890869140625,0.00656890869140625,0.00656890869140625,0.00307464599609375,1.0,1.0
1754,28,8470,supports_refusal,0.006561279296875,0.006561279296875,0.006561279296875,0.00067138671875,1.0,1.0
1755,28,13336,suppresses_refusal,-0.006561279296875,0.006561279296875,0.006561279296875,0.000213623046875,0.0,1.0
1756,31,9575,supports_refusal,0.006561279296875,0.006561279296875,0.006561279296875,0.003204345703125,1.0,1.0
1757,26,7068,supports_refusal,0.006561279296875,0.006561279296875,0.006561279296875,0.004058837890625,1.0,1.0
1758,16,6670,supports_refusal,0.006561279296875,0.006561279296875,0.006561279296875,0.003509521484375,1.0,1.0
1759,8,5571,suppresses_refusal,-0.006549835205078125,0.006549835205078125,0.006549835205078125,0.005901336669921875,0.0,1.0
1760,23,1200,supports_refusal,0.0065460205078125,0.0065460205078125,0.0065460205078125,0.0022430419921875,1.0,1.0
1761,11,358,supports_refusal,0.0065460205078125,0.0065460205078125,0.0065460205078125,0.0041961669921875,1.0,1.0
1762,31,3104,supports_refusal,0.0065460205078125,0.0065460205078125,0.0065460205078125,0.0007171630859375,1.0,1.0
1763,30,13012,suppresses_refusal,-0.00653076171875,0.00653076171875,0.00653076171875,0.00494384765625,0.0,1.0
1764,12,1030,suppresses_refusal,-0.00653076171875,0.00653076171875,0.00653076171875,0.0042724609375,0.0,1.0
1765,12,10577,suppresses_refusal,-0.00653076171875,0.00653076171875,0.00653076171875,0.001220703125,0.0,1.0
1766,29,14017,supports_refusal,0.00653076171875,0.00653076171875,0.00653076171875,0.00238037109375,1.0,1.0
1767,15,6658,suppresses_refusal,-0.00653076171875,0.00653076171875,0.00653076171875,0.00360107421875,0.0,1.0
1768,14,10931,supports_refusal,0.006526947021484375,0.006526947021484375,0.006526947021484375,0.004764556884765625,1.0,1.0
1769,6,2570,supports_refusal,0.00652313232421875,0.00652313232421875,0.00684356689453125,0.00684356689453125,0.5,0.5
1770,12,9199,suppresses_refusal,-0.0065155029296875,0.0065155029296875,0.0065155029296875,0.0040435791015625,0.0,1.0
1771,26,14124,supports_refusal,0.0065155029296875,0.0065155029296875,0.0065155029296875,0.0034942626953125,1.0,1.0
1772,23,14068,suppresses_refusal,-0.0065155029296875,0.0065155029296875,0.0065155029296875,0.0009307861328125,0.0,1.0
1773,25,6247,suppresses_refusal,-0.0065155029296875,0.0065155029296875,0.0065155029296875,0.0039825439453125,0.0,1.0
1774,28,577,suppresses_refusal,-0.0065155029296875,0.0065155029296875,0.0065155029296875,0.0017852783203125,0.0,1.0
1775,22,7399,supports_refusal,0.0065155029296875,0.0065155029296875,0.0065155029296875,0.0014190673828125,1.0,1.0
1776,31,1760,suppresses_refusal,-0.0065155029296875,0.0065155029296875,0.0065155029296875,0.0015411376953125,0.0,1.0
1777,7,14179,supports_refusal,0.00650787353515625,0.00650787353515625,0.00650787353515625,0.00392913818359375,1.0,1.0
1778,16,1115,supports_refusal,0.00650787353515625,0.00650787353515625,0.00650787353515625,0.00313568115234375,1.0,1.0
1779,28,12231,supports_refusal,0.006500244140625,0.006500244140625,0.006500244140625,0.005096435546875,1.0,1.0
1780,31,14144,suppresses_refusal,-0.006500244140625,0.006500244140625,0.006500244140625,0.004180908203125,0.0,1.0
1781,28,12562,suppresses_refusal,-0.006500244140625,0.006500244140625,0.006500244140625,0.002410888671875,0.0,1.0
1782,27,12947,suppresses_refusal,-0.006500244140625,0.006500244140625,0.006500244140625,0.000244140625,0.0,1.0
1783,30,6115,supports_refusal,0.006500244140625,0.006500244140625,0.006500244140625,6.103515625e-05,1.0,1.0
1784,31,9672,suppresses_refusal,-0.006500244140625,0.006500244140625,0.006500244140625,0.00067138671875,0.0,1.0
1785,30,3271,suppresses_refusal,-0.006500244140625,0.006500244140625,0.006500244140625,0.001373291015625,0.0,1.0
1786,30,12806,supports_refusal,0.00649261474609375,0.00649261474609375,0.00649261474609375,0.00278472900390625,1.0,1.0
1787,30,2273,supports_refusal,0.0064849853515625,0.0064849853515625,0.0064849853515625,4.57763671875e-05,1.0,1.0
1788,30,13804,supports_refusal,0.0064849853515625,0.0064849853515625,0.0064849853515625,0.0017547607421875,1.0,1.0
1789,13,6235,suppresses_refusal,-0.0064849853515625,0.0064849853515625,0.0064849853515625,0.0009613037109375,0.0,1.0
1790,30,12336,suppresses_refusal,-0.0064849853515625,0.0064849853515625,0.0064849853515625,0.0013275146484375,0.0,1.0
1791,18,11444,supports_refusal,0.0064849853515625,0.0064849853515625,0.0064849853515625,0.0051116943359375,1.0,1.0
1792,30,1876,suppresses_refusal,-0.0064849853515625,0.0064849853515625,0.0064849853515625,0.0011138916015625,0.0,1.0
1793,29,6732,suppresses_refusal,-0.0064849853515625,0.0064849853515625,0.0064849853515625,0.0002899169921875,0.0,1.0
1794,13,308,suppresses_refusal,-0.0064849853515625,0.0064849853515625,0.0064849853515625,0.0018157958984375,0.0,1.0
1795,30,5828,suppresses_refusal,-0.006481170654296875,0.006481170654296875,0.007617950439453125,0.007617950439453125,0.5,0.5
1796,26,3470,supports_refusal,0.006478309631347656,0.006478309631347656,0.006478309631347656,0.006217002868652344,1.0,1.0
1797,30,11965,supports_refusal,0.0064697265625,0.0064697265625,0.0064697265625,0.001220703125,1.0,1.0
1798,30,7398,supports_refusal,0.0064697265625,0.0064697265625,0.0064697265625,0.001220703125,1.0,1.0
1799,23,6900,supports_refusal,0.0064697265625,0.0064697265625,0.0064697265625,0.00274658203125,1.0,1.0
1800,31,801,suppresses_refusal,-0.0064697265625,0.0064697265625,0.0064697265625,0.0009765625,0.0,1.0
1801,30,1341,supports_refusal,0.0064697265625,0.0064697265625,0.0064697265625,0.0047607421875,1.0,1.0
1802,1,31,supports_refusal,0.0064697265625,0.0064697265625,0.0064697265625,0.000701904296875,1.0,1.0
1803,30,3903,suppresses_refusal,-0.0064697265625,0.0064697265625,0.0064697265625,0.00323486328125,0.0,1.0
1804,14,4008,supports_refusal,0.00646209716796875,0.00646209716796875,0.00646209716796875,0.00434112548828125,1.0,1.0
1805,21,4901,supports_refusal,0.0064544677734375,0.0064544677734375,0.0064544677734375,0.0020904541015625,1.0,1.0
1806,29,8913,suppresses_refusal,-0.006439208984375,0.006439208984375,0.006439208984375,0.002532958984375,0.0,1.0
1807,8,8176,supports_refusal,0.006439208984375,0.006439208984375,0.006439208984375,0.000274658203125,1.0,1.0
1808,12,10563,suppresses_refusal,-0.006439208984375,0.006439208984375,0.006622314453125,0.006622314453125,0.5,0.5
1809,19,11759,suppresses_refusal,-0.006439208984375,0.006439208984375,0.006439208984375,0.000823974609375,0.0,1.0
1810,16,5078,suppresses_refusal,-0.006439208984375,0.006439208984375,0.006439208984375,0.002349853515625,0.0,1.0
1811,16,7791,suppresses_refusal,-0.00643157958984375,0.00643157958984375,0.00643157958984375,0.00510406494140625,0.0,1.0
1812,14,9023,suppresses_refusal,-0.006427288055419922,0.006427288055419922,0.006451129913330078,0.006451129913330078,0.5,0.5
1813,17,9204,supports_refusal,0.0064239501953125,0.0064239501953125,0.0064239501953125,0.0006866455078125,1.0,1.0
1814,17,1441,suppresses_refusal,-0.0064239501953125,0.0064239501953125,0.0064239501953125,0.0027313232421875,0.0,1.0
1815,30,8771,suppresses_refusal,-0.0064239501953125,0.0064239501953125,0.0064239501953125,0.0035858154296875,0.0,1.0
1816,29,11655,supports_refusal,0.0064239501953125,0.0064239501953125,0.0064239501953125,4.57763671875e-05,1.0,1.0
1817,16,4714,supports_refusal,0.006420135498046875,0.006420135498046875,0.007801055908203125,0.007801055908203125,0.5,0.5
1818,16,12951,suppresses_refusal,-0.00641632080078125,0.00641632080078125,0.00641632080078125,0.00530242919921875,0.0,1.0
1819,25,7132,suppresses_refusal,-0.00641632080078125,0.00641632080078125,0.00641632080078125,0.00395965576171875,0.0,1.0
1820,29,6128,supports_refusal,0.00640869140625,0.00640869140625,0.00640869140625,0.00103759765625,1.0,1.0
1821,0,6848,suppresses_refusal,-0.006407737731933594,0.006407737731933594,0.006653785705566406,0.006653785705566406,0.5,0.5
1822,30,1674,suppresses_refusal,-0.00640106201171875,0.00640106201171875,0.00640106201171875,0.00299835205078125,0.0,1.0
1823,15,9511,supports_refusal,0.0063934326171875,0.0063934326171875,0.0063934326171875,0.0048980712890625,1.0,1.0
1824,12,1087,supports_refusal,0.0063934326171875,0.0063934326171875,0.0063934326171875,0.0019073486328125,1.0,1.0
1825,28,8977,suppresses_refusal,-0.0063934326171875,0.0063934326171875,0.0063934326171875,0.0016021728515625,0.0,1.0
1826,15,9776,suppresses_refusal,-0.0063934326171875,0.0063934326171875,0.0063934326171875,0.0019073486328125,0.0,1.0
1827,28,4686,suppresses_refusal,-0.00638580322265625,0.00638580322265625,0.00638580322265625,0.00472259521484375,0.0,1.0
1828,25,10689,supports_refusal,0.006378173828125,0.006378173828125,0.006378173828125,0.003753662109375,1.0,1.0
1829,28,8787,suppresses_refusal,-0.006378173828125,0.006378173828125,0.006378173828125,0.001556396484375,0.0,1.0
1830,30,1252,suppresses_refusal,-0.006378173828125,0.006378173828125,0.006378173828125,0.001861572265625,0.0,1.0
1831,29,7570,supports_refusal,0.00637054443359375,0.00637054443359375,0.00637054443359375,0.00449371337890625,1.0,1.0
1832,31,9658,supports_refusal,0.00637054443359375,0.00637054443359375,0.00637054443359375,0.00376129150390625,1.0,1.0
1833,13,13502,suppresses_refusal,-0.0063629150390625,0.0063629150390625,0.0063629150390625,0.0008087158203125,0.0,1.0
1834,30,4317,supports_refusal,0.0063629150390625,0.0063629150390625,0.0063629150390625,0.0036468505859375,1.0,1.0
1835,16,2899,supports_refusal,0.00635528564453125,0.00635528564453125,0.00635528564453125,0.00395965576171875,1.0,1.0
1836,17,10747,suppresses_refusal,-0.00635528564453125,0.00635528564453125,0.00635528564453125,0.00524139404296875,0.0,1.0
1837,21,4100,supports_refusal,0.00635528564453125,0.00635528564453125,0.00635528564453125,0.00304412841796875,1.0,1.0
1838,29,5939,supports_refusal,0.006350517272949219,0.006350517272949219,0.006350517272949219,0.006100654602050781,1.0,1.0
1839,7,3606,suppresses_refusal,-0.00634765625,0.00634765625,0.00634765625,0.0010986328125,0.0,1.0
1840,13,7162,suppresses_refusal,-0.00634765625,0.00634765625,0.00634765625,0.0040283203125,0.0,1.0
1841,25,6849,supports_refusal,0.00634765625,0.00634765625,0.00634765625,0.00164794921875,1.0,1.0
1842,30,2742,suppresses_refusal,-0.00634765625,0.00634765625,0.00634765625,0.0020751953125,0.0,1.0
1843,31,4695,supports_refusal,0.00634765625,0.00634765625,0.00634765625,0.00067138671875,1.0,1.0
1844,31,4174,suppresses_refusal,-0.00634765625,0.00634765625,0.00634765625,0.0003662109375,0.0,1.0
1845,29,9314,suppresses_refusal,-0.00634765625,0.00634765625,0.00634765625,0.0025634765625,0.0,1.0
1846,18,6876,suppresses_refusal,-0.00634765625,0.00634765625,0.00634765625,0.00469970703125,0.0,1.0
1847,15,7157,supports_refusal,0.00634765625,0.00634765625,0.00634765625,0.00274658203125,1.0,1.0
1848,21,7543,supports_refusal,0.00634765625,0.00634765625,0.00634765625,0.00189208984375,1.0,1.0
1849,15,5202,supports_refusal,0.006343841552734375,0.006343841552734375,0.006343841552734375,0.004764556884765625,1.0,1.0
1850,13,16,suppresses_refusal,-0.006336212158203125,0.006336212158203125,0.006336212158203125,0.004467010498046875,0.0,1.0
1851,28,10851,supports_refusal,0.0063323974609375,0.0063323974609375,0.0063323974609375,0.0001373291015625,1.0,1.0
1852,28,6122,supports_refusal,0.0063323974609375,0.0063323974609375,0.0063323974609375,0.0013885498046875,1.0,1.0
1853,28,3530,suppresses_refusal,-0.0063323974609375,0.0063323974609375,0.0063323974609375,0.0011749267578125,0.0,1.0
1854,17,6447,suppresses_refusal,-0.0063323974609375,0.0063323974609375,0.0063323974609375,0.0020294189453125,0.0,1.0
1855,18,8160,suppresses_refusal,-0.0063323974609375,0.0063323974609375,0.0063323974609375,0.0002288818359375,0.0,1.0
1856,31,1493,supports_refusal,0.00632476806640625,0.00632476806640625,0.00632476806640625,0.00417327880859375,1.0,1.0
1857,28,2750,supports_refusal,0.006317138671875,0.006317138671875,0.006317138671875,0.001556396484375,1.0,1.0
1858,30,10408,supports_refusal,0.006317138671875,0.006317138671875,0.006317138671875,0.001678466796875,1.0,1.0
1859,31,1488,supports_refusal,0.006317138671875,0.006317138671875,0.006317138671875,0.000274658203125,1.0,1.0
1860,31,9445,suppresses_refusal,-0.006317138671875,0.006317138671875,0.006317138671875,0.001983642578125,0.0,1.0
1861,31,9478,supports_refusal,0.006317138671875,0.006317138671875,0.006317138671875,0.0003662109375,1.0,1.0
1862,25,4117,supports_refusal,0.006317138671875,0.006317138671875,0.006317138671875,0.00030517578125,1.0,1.0
1863,10,11614,suppresses_refusal,-0.006313323974609375,0.006313323974609375,0.006313323974609375,0.005771636962890625,0.0,1.0
1864,16,292,supports_refusal,0.00630950927734375,0.00630950927734375,0.00630950927734375,0.00333404541015625,1.0,1.0
1865,14,11463,supports_refusal,0.00630950927734375,0.00630950927734375,0.00630950927734375,0.00418853759765625,1.0,1.0
1866,29,12782,suppresses_refusal,-0.0063018798828125,0.0063018798828125,0.0063018798828125,0.0007781982421875,0.0,1.0
1867,16,10752,suppresses_refusal,-0.0063018798828125,0.0063018798828125,0.0063018798828125,0.0001983642578125,0.0,1.0
1868,25,4786,supports_refusal,0.0063018798828125,0.0063018798828125,0.0063018798828125,0.0006866455078125,1.0,1.0
1869,16,8004,suppresses_refusal,-0.0063018798828125,0.0063018798828125,0.0063018798828125,0.0010528564453125,0.0,1.0
1870,31,9647,supports_refusal,0.00629425048828125,0.00629425048828125,0.00629425048828125,0.00316619873046875,1.0,1.0
1871,31,12120,supports_refusal,0.00628662109375,0.00628662109375,0.00628662109375,0.001190185546875,1.0,1.0
1872,15,7809,supports_refusal,0.00628662109375,0.00628662109375,0.00628662109375,0.001220703125,1.0,1.0
1873,30,459,supports_refusal,0.00628662109375,0.00628662109375,0.00628662109375,0.002197265625,1.0,1.0
1874,31,13454,suppresses_refusal,-0.00628662109375,0.00628662109375,0.00628662109375,0.0020751953125,0.0,1.0
1875,16,10581,suppresses_refusal,-0.00628662109375,0.00628662109375,0.00628662109375,0.0015869140625,0.0,1.0
1876,28,5977,suppresses_refusal,-0.00628662109375,0.00628662109375,0.00628662109375,0.0020751953125,0.0,1.0
1877,25,5048,supports_refusal,0.00627899169921875,0.00627899169921875,0.00627899169921875,0.00403594970703125,1.0,1.0
1878,14,10005,suppresses_refusal,-0.00627899169921875,0.00627899169921875,0.00627899169921875,0.00409698486328125,0.0,1.0
1879,31,4195,suppresses_refusal,-0.0062713623046875,0.0062713623046875,0.0062713623046875,0.0010833740234375,0.0,1.0
1880,30,13320,supports_refusal,0.0062713623046875,0.0062713623046875,0.0062713623046875,0.0003509521484375,1.0,1.0
1881,30,3508,suppresses_refusal,-0.00626373291015625,0.00626373291015625,0.00626373291015625,0.00307464599609375,0.0,1.0
1882,11,14100,supports_refusal,0.006256103515625,0.006256103515625,0.006256103515625,0.005706787109375,1.0,1.0
1883,30,1647,suppresses_refusal,-0.006256103515625,0.006256103515625,0.006256103515625,0.002227783203125,0.0,1.0
1884,30,6378,suppresses_refusal,-0.006256103515625,0.006256103515625,0.006256103515625,0.0009765625,0.0,1.0
1885,29,5204,suppresses_refusal,-0.006256103515625,0.006256103515625,0.006256103515625,0.003143310546875,0.0,1.0
1886,19,9426,suppresses_refusal,-0.0062427520751953125,0.0062427520751953125,0.0062427520751953125,0.0057201385498046875,0.0,1.0
1887,30,14181,suppresses_refusal,-0.0062408447265625,0.0062408447265625,0.0062408447265625,0.0008392333984375,0.0,1.0
1888,5,13544,supports_refusal,0.0062408447265625,0.0062408447265625,0.0062408447265625,0.0037078857421875,1.0,1.0
1889,30,8562,suppresses_refusal,-0.0062408447265625,0.0062408447265625,0.0062408447265625,0.0014190673828125,0.0,1.0
1890,13,11157,suppresses_refusal,-0.006239891052246094,0.006239891052246094,0.006239891052246094,0.006089210510253906,0.0,1.0
1891,27,12995,suppresses_refusal,-0.006234169006347656,0.006234169006347656,0.006234169006347656,0.005972862243652344,0.0,1.0
1892,15,12933,suppresses_refusal,-0.00623321533203125,0.00623321533203125,0.00623321533203125,0.00383758544921875,0.0,1.0
1893,17,6160,suppresses_refusal,-0.00623321533203125,0.00623321533203125,0.00623321533203125,0.00481414794921875,0.0,1.0
1894,24,14182,supports_refusal,0.006230860948562622,0.006230860948562622,0.006230860948562622,0.006220310926437378,1.0,1.0
1895,30,236,supports_refusal,0.0062274932861328125,0.0062274932861328125,0.0062274932861328125,0.0053081512451171875,1.0,1.0
1896,18,2796,suppresses_refusal,-0.0062255859375,0.0062255859375,0.0062255859375,0.001495361328125,0.0,1.0
1897,13,7107,suppresses_refusal,-0.0062255859375,0.0062255859375,0.0062255859375,0.001312255859375,0.0,1.0
1898,30,3635,supports_refusal,0.0062255859375,0.0062255859375,0.0062255859375,0.000396728515625,1.0,1.0
1899,29,11100,supports_refusal,0.0062255859375,0.0062255859375,0.0101318359375,0.0101318359375,0.5,0.5
1900,28,14320,suppresses_refusal,-0.0062255859375,0.0062255859375,0.0062255859375,6.103515625e-05,0.0,1.0
1901,27,2252,supports_refusal,0.0062255859375,0.0062255859375,0.0062255859375,0.00048828125,1.0,1.0
1902,23,5562,supports_refusal,0.006220340728759766,0.006220340728759766,0.006220340728759766,0.005986690521240234,1.0,1.0
1903,17,533,supports_refusal,0.006214141845703125,0.006214141845703125,0.006214141845703125,0.004894256591796875,1.0,1.0
1904,30,13538,suppresses_refusal,-0.0062103271484375,0.0062103271484375,0.0062103271484375,0.0007781982421875,0.0,1.0
1905,11,11849,suppresses_refusal,-0.0062103271484375,0.0062103271484375,0.0062103271484375,0.0019683837890625,0.0,1.0
1906,29,8569,suppresses_refusal,-0.0062103271484375,0.0062103271484375,0.0062103271484375,0.0022125244140625,0.0,1.0
1907,31,5201,supports_refusal,0.0062103271484375,0.0062103271484375,0.0062103271484375,0.0013885498046875,1.0,1.0
1908,7,9048,supports_refusal,0.006195068359375,0.006195068359375,0.006195068359375,0.001129150390625,1.0,1.0
1909,12,7528,suppresses_refusal,-0.006195068359375,0.006195068359375,0.006195068359375,0.00091552734375,0.0,1.0
1910,28,5027,supports_refusal,0.006195068359375,0.006195068359375,0.006195068359375,0.001495361328125,1.0,1.0
1911,12,106,suppresses_refusal,-0.006195068359375,0.006195068359375,0.006195068359375,0.001861572265625,0.0,1.0
1912,25,7490,supports_refusal,0.006195068359375,0.006195068359375,0.006195068359375,0.002716064453125,1.0,1.0
1913,25,7808,supports_refusal,0.006195068359375,0.006195068359375,0.006195068359375,0.00140380859375,1.0,1.0
1914,3,1169,suppresses_refusal,-0.006195068359375,0.006195068359375,0.006195068359375,0.002288818359375,0.0,1.0
1915,25,3725,suppresses_refusal,-0.00618743896484375,0.00618743896484375,0.00618743896484375,0.00260162353515625,0.0,1.0
1916,24,9162,supports_refusal,0.0061798095703125,0.0061798095703125,0.0061798095703125,0.0011444091796875,1.0,1.0
1917,18,5537,suppresses_refusal,-0.0061798095703125,0.0061798095703125,0.0061798095703125,0.0004730224609375,0.0,1.0
1918,28,3217,supports_refusal,0.00617218017578125,0.00617218017578125,0.00617218017578125,0.00231170654296875,1.0,1.0
1919,31,7104,supports_refusal,0.00616455078125,0.00616455078125,0.03314208984375,0.03314208984375,0.5,0.5
1920,25,12756,suppresses_refusal,-0.00616455078125,0.00616455078125,0.00616455078125,0.00189208984375,0.0,1.0
1921,14,3537,suppresses_refusal,-0.00616455078125,0.00616455078125,0.00616455078125,0.001556396484375,0.0,1.0
1922,13,468,suppresses_refusal,-0.00616455078125,0.00616455078125,0.00616455078125,0.0006103515625,0.0,1.0
1923,16,6443,supports_refusal,0.00616455078125,0.00616455078125,0.00616455078125,0.00213623046875,1.0,1.0
1924,22,9292,supports_refusal,0.00615692138671875,0.00615692138671875,0.00615692138671875,0.00385284423828125,1.0,1.0
1925,30,12401,suppresses_refusal,-0.0061492919921875,0.0061492919921875,0.0061492919921875,0.0033111572265625,0.0,1.0
1926,13,1690,supports_refusal,0.0061492919921875,0.0061492919921875,0.0061492919921875,0.0040435791015625,1.0,1.0
1927,28,11574,suppresses_refusal,-0.0061492919921875,0.0061492919921875,0.0061492919921875,0.0027618408203125,0.0,1.0
1928,20,7552,supports_refusal,0.0061492919921875,0.0061492919921875,0.0061492919921875,0.0034332275390625,1.0,1.0
1929,14,5146,supports_refusal,0.0061492919921875,0.0061492919921875,0.0061492919921875,0.0011138916015625,1.0,1.0
1930,30,9790,suppresses_refusal,-0.0061492919921875,0.0061492919921875,0.0061492919921875,0.0003204345703125,0.0,1.0
1931,31,10867,suppresses_refusal,-0.0061492919921875,0.0061492919921875,0.0061492919921875,0.0017852783203125,0.0,1.0
1932,23,2139,suppresses_refusal,-0.006145477294921875,0.006145477294921875,0.006145477294921875,0.004291534423828125,0.0,1.0
1933,30,2005,supports_refusal,0.00614166259765625,0.00614166259765625,0.00614166259765625,0.00240325927734375,1.0,1.0
1934,14,8146,suppresses_refusal,-0.0061397552490234375,0.0061397552490234375,0.0061397552490234375,0.0053348541259765625,0.0,1.0
1935,13,11910,supports_refusal,0.006137847900390625,0.006137847900390625,0.006137847900390625,0.005580902099609375,1.0,1.0
1936,24,3002,suppresses_refusal,-0.006134033203125,0.006134033203125,0.006134033203125,0.001251220703125,0.0,1.0
1937,30,6101,supports_refusal,0.006134033203125,0.006134033203125,0.006134033203125,0.001434326171875,1.0,1.0
1938,15,9301,supports_refusal,0.006134033203125,0.006134033203125,0.006134033203125,0.003509521484375,1.0,1.0
1939,28,5056,supports_refusal,0.006134033203125,0.006134033203125,0.006134033203125,0.000732421875,1.0,1.0
1940,15,6314,suppresses_refusal,-0.006134033203125,0.006134033203125,0.006134033203125,0.000396728515625,0.0,1.0
1941,18,10405,suppresses_refusal,-0.006134033203125,0.006134033203125,0.006134033203125,0.003997802734375,0.0,1.0
1942,26,6912,suppresses_refusal,-0.006134033203125,0.006134033203125,0.006134033203125,3.0517578125e-05,0.0,1.0
1943,12,3851,suppresses_refusal,-0.006134033203125,0.006134033203125,0.006134033203125,0.004180908203125,0.0,1.0
1944,5,4603,supports_refusal,0.006130218505859375,0.006130218505859375,0.006130218505859375,0.004673004150390625,1.0,1.0
1945,19,14165,supports_refusal,0.006125450134277344,0.006125450134277344,0.006125450134277344,0.005898475646972656,1.0,1.0
1946,19,6673,suppresses_refusal,-0.006122589111328125,0.006122589111328125,0.006122589111328125,0.005779266357421875,0.0,1.0
1947,15,683,suppresses_refusal,-0.0061187744140625,0.0061187744140625,0.0061187744140625,0.0010223388671875,0.0,1.0
1948,28,2847,supports_refusal,0.0061187744140625,0.0061187744140625,0.0061187744140625,0.0014801025390625,1.0,1.0
1949,29,13887,suppresses_refusal,-0.0061187744140625,0.0061187744140625,0.0061187744140625,0.0013885498046875,0.0,1.0
1950,23,9021,suppresses_refusal,-0.0061187744140625,0.0061187744140625,0.0061187744140625,0.0016937255859375,0.0,1.0
1951,12,6600,suppresses_refusal,-0.0061187744140625,0.0061187744140625,0.0061187744140625,0.0014495849609375,0.0,1.0
1952,29,7633,suppresses_refusal,-0.006103515625,0.006103515625,0.006103515625,9.1552734375e-05,0.0,1.0
1953,17,11142,supports_refusal,0.006103515625,0.006103515625,0.006103515625,0.00244140625,1.0,1.0
1954,25,2391,supports_refusal,0.006103515625,0.006103515625,0.006103515625,0.0,1.0,1.0
1955,29,11642,supports_refusal,0.006103515625,0.006103515625,0.006103515625,0.000762939453125,1.0,1.0
1956,27,10260,supports_refusal,0.006103515625,0.006103515625,0.006103515625,0.00164794921875,1.0,1.0
1957,31,2585,suppresses_refusal,-0.006103515625,0.006103515625,0.006103515625,0.001556396484375,0.0,1.0
1958,7,7343,supports_refusal,0.00609588623046875,0.00609588623046875,0.00609588623046875,0.00226593017578125,1.0,1.0
1959,15,3346,supports_refusal,0.00609588623046875,0.00609588623046875,0.00609588623046875,0.00281524658203125,1.0,1.0
1960,27,5147,suppresses_refusal,-0.00609588623046875,0.00609588623046875,0.00609588623046875,0.00342559814453125,0.0,1.0
1961,31,9091,suppresses_refusal,-0.00609588623046875,0.00609588623046875,0.00609588623046875,0.00226593017578125,0.0,1.0
1962,26,12852,suppresses_refusal,-0.00609588623046875,0.00609588623046875,0.00609588623046875,0.00244903564453125,0.0,1.0
1963,3,10378,supports_refusal,0.00609588623046875,0.00609588623046875,0.00609588623046875,0.00257110595703125,1.0,1.0
1964,20,11862,suppresses_refusal,-0.006093025207519531,0.006093025207519531,0.006236076354980469,0.006236076354980469,0.5,0.5
1965,12,6816,supports_refusal,0.0060882568359375,0.0060882568359375,0.0060882568359375,0.0009613037109375,1.0,1.0
1966,20,8928,suppresses_refusal,-0.0060882568359375,0.0060882568359375,0.0060882568359375,0.0003509521484375,0.0,1.0
1967,16,11674,suppresses_refusal,-0.0060882568359375,0.0060882568359375,0.0060882568359375,0.0010223388671875,0.0,1.0
1968,12,3275,supports_refusal,0.0060882568359375,0.0060882568359375,0.0060882568359375,0.0002288818359375,1.0,1.0
1969,31,2881,supports_refusal,0.006072998046875,0.006072998046875,0.006072998046875,0.00164794921875,1.0,1.0
1970,20,3876,supports_refusal,0.006072998046875,0.006072998046875,0.006072998046875,0.001068115234375,1.0,1.0
1971,12,7176,suppresses_refusal,-0.006072998046875,0.006072998046875,0.006072998046875,0.00018310546875,0.0,1.0
1972,30,9787,supports_refusal,0.006072998046875,0.006072998046875,0.006072998046875,0.000640869140625,1.0,1.0
1973,6,12976,supports_refusal,0.0060710906982421875,0.0060710906982421875,0.0060710906982421875,0.0057086944580078125,1.0,1.0
1974,20,5913,supports_refusal,0.00606536865234375,0.00606536865234375,0.00606536865234375,0.00217437744140625,1.0,1.0
1975,27,10366,suppresses_refusal,-0.00606536865234375,0.00606536865234375,0.00606536865234375,0.00229644775390625,0.0,1.0
1976,5,9072,supports_refusal,0.0060577392578125,0.0060577392578125,0.0060577392578125,0.0035858154296875,1.0,1.0
1977,20,1683,supports_refusal,0.0060577392578125,0.0060577392578125,0.0060577392578125,0.0039520263671875,1.0,1.0
1978,1,11930,suppresses_refusal,-0.0060577392578125,0.0060577392578125,0.0060577392578125,0.0008697509765625,0.0,1.0
1979,6,8990,suppresses_refusal,-0.0060577392578125,0.0060577392578125,0.0060577392578125,0.0012969970703125,0.0,1.0
1980,26,6648,suppresses_refusal,-0.00605010986328125,0.00605010986328125,0.00605010986328125,0.00249481201171875,0.0,1.0
1981,31,5042,supports_refusal,0.00605010986328125,0.00605010986328125,0.00605010986328125,0.00261688232421875,1.0,1.0
1982,11,4285,supports_refusal,0.00604248046875,0.00604248046875,0.00604248046875,0.0013427734375,1.0,1.0
1983,30,5439,supports_refusal,0.00604248046875,0.00604248046875,0.00604248046875,0.000213623046875,1.0,1.0
1984,31,9119,suppresses_refusal,-0.00604248046875,0.00604248046875,0.00604248046875,0.00201416015625,0.0,1.0
1985,7,12659,suppresses_refusal,-0.00604248046875,0.00604248046875,0.00604248046875,0.001220703125,0.0,1.0
1986,19,3393,suppresses_refusal,-0.00604248046875,0.00604248046875,0.00604248046875,0.0003662109375,0.0,1.0
1987,10,3574,suppresses_refusal,-0.00604248046875,0.00604248046875,0.00604248046875,0.00146484375,0.0,1.0
1988,19,3656,suppresses_refusal,-0.0060405731201171875,0.0060405731201171875,0.0060405731201171875,0.0054950714111328125,0.0,1.0
1989,27,8801,suppresses_refusal,-0.006038665771484375,0.006038665771484375,0.006038665771484375,0.005863189697265625,0.0,1.0
1990,11,8989,supports_refusal,0.0060272216796875,0.0060272216796875,0.0060272216796875,0.0005340576171875,1.0,1.0
1991,12,8759,supports_refusal,0.0060272216796875,0.0060272216796875,0.0060272216796875,0.0016326904296875,1.0,1.0
1992,16,8236,suppresses_refusal,-0.0060272216796875,0.0060272216796875,0.0060272216796875,0.0017852783203125,0.0,1.0
1993,20,12078,suppresses_refusal,-0.0060272216796875,0.0060272216796875,0.0060272216796875,0.0039215087890625,0.0,1.0
1994,12,7100,suppresses_refusal,-0.00601959228515625,0.00601959228515625,0.00601959228515625,0.00276947021484375,0.0,1.0
1995,15,4250,supports_refusal,0.00601959228515625,0.00601959228515625,0.00601959228515625,0.00307464599609375,1.0,1.0
1996,14,13280,suppresses_refusal,-0.00601959228515625,0.00601959228515625,0.00601959228515625,0.00350189208984375,0.0,1.0
1997,9,9810,supports_refusal,0.006015777587890625,0.006015777587890625,0.006015777587890625,0.004787445068359375,1.0,1.0
1998,9,9685,suppresses_refusal,-0.006011962890625,0.006011962890625,0.006011962890625,0.004241943359375,0.0,1.0
1999,17,939,suppresses_refusal,-0.006011962890625,0.006011962890625,0.006011962890625,0.002044677734375,0.0,1.0
2000,27,13251,supports_refusal,0.006011962890625,0.006011962890625,0.006011962890625,0.002532958984375,1.0,1.0
