rank,layer,neuron,direction,mean_ig,abs_mean_ig,mean_abs_ig,std_g,positive_fraction,sign_consistency,snr
1,31,9936,supports_cannot,0.0034806132316589355,0.0034806132316589355,0.0034806132316589355,0.0021871456410735846,1.0,1.0,1.5913952589035034
2,30,5341,suppresses_cannot,-0.002991795539855957,0.002991795539855957,0.002991795539855957,0.0026107311714440584,0.0,1.0,1.145960807800293
3,11,11321,supports_cannot,0.0017688274383544922,0.0017688274383544922,0.0017688274383544922,0.000785615062341094,1.0,1.0,2.251519203186035
4,16,1241,supports_cannot,0.0017056465148925781,0.0017056465148925781,0.0017056465148925781,0.00022044579964131117,1.0,1.0,7.737260341644287
5,13,4208,supports_cannot,0.0014386177062988281,0.0014386177062988281,0.0014386177062988281,0.0008840567315928638,1.0,1.0,1.627291202545166
6,25,8701,supports_cannot,0.0012296438217163086,0.0012296438217163086,0.0012296438217163086,0.00019007550145033747,1.0,1.0,6.469238758087158
7,27,6070,suppresses_cannot,-0.0009818971157073975,0.0009818971157073975,0.0009818971157073975,0.0005539455451071262,0.0,1.0,1.7725516557693481
8,7,6673,supports_cannot,0.0009480118751525879,0.0009480118751525879,0.0009480118751525879,0.00067859300179407,1.0,1.0,1.39702570438385
9,20,2204,supports_cannot,0.0009472370147705078,0.0009472370147705078,0.0009472370147705078,0.0002164266916224733,1.0,1.0,4.376710891723633
10,12,13860,supports_cannot,0.0009112358093261719,0.0009112358093261719,0.0009112358093261719,0.00026825492386706173,1.0,1.0,3.396902561187744
11,20,5425,suppresses_cannot,-0.000897526741027832,0.000897526741027832,0.000897526741027832,0.0002557728730607778,0.0,1.0,3.5090770721435547
12,30,13853,suppresses_cannot,-0.0008347034454345703,0.0008347034454345703,0.0008347034454345703,0.00024741404922679067,0.0,1.0,3.373710870742798
13,24,5326,suppresses_cannot,-0.0008158683776855469,0.0008158683776855469,0.0008158683776855469,0.0006930164527148008,0.0,1.0,1.1772712469100952
14,22,4821,supports_cannot,0.0007621645927429199,0.0007621645927429199,0.0007621645927429199,0.0002891693729907274,1.0,1.0,2.6357030868530273
15,20,6356,suppresses_cannot,-0.0007587075233459473,0.0007587075233459473,0.0007587075233459473,0.00021308328723534942,0.0,1.0,3.560614824295044
16,22,12959,suppresses_cannot,-0.0007488131523132324,0.0007488131523132324,0.0007488131523132324,0.0005034467903897166,0.0,1.0,1.4873729944229126
17,16,2432,suppresses_cannot,-0.0007303357124328613,0.0007303357124328613,0.0007303357124328613,0.00033559094299562275,0.0,1.0,2.176267623901367
18,31,13076,supports_cannot,0.0007137656211853027,0.0007137656211853027,0.0007137656211853027,0.000300369574688375,1.0,1.0,2.376291275024414
19,18,7148,supports_cannot,0.0006702244281768799,0.0006702244281768799,0.0006702244281768799,0.0004723383754026145,1.0,1.0,1.4189497232437134
20,9,4255,supports_cannot,0.0006520748138427734,0.0006520748138427734,0.0006520748138427734,0.0002601286687422544,1.0,1.0,2.506739616394043
21,16,6310,supports_cannot,0.0006505250930786133,0.0006505250930786133,0.0006505250930786133,0.0003474072727840394,1.0,1.0,1.8725143671035767
22,23,7812,suppresses_cannot,-0.000647127628326416,0.000647127628326416,0.0006784796714782715,0.0004367154906503856,0.25,0.75,1.4818060398101807
23,15,5679,supports_cannot,0.0006385445594787598,0.0006385445594787598,0.0006385445594787598,0.00030039483681321144,1.0,1.0,2.1256842613220215
24,22,8514,suppresses_cannot,-0.0006086677312850952,0.0006086677312850952,0.0006288439035415649,0.0004767091595567763,0.25,0.75,1.2768114805221558
25,31,5041,suppresses_cannot,-0.0006074905395507812,0.0006074905395507812,0.0006074905395507812,0.00023773644352331758,0.0,1.0,2.5553109645843506
26,10,9064,suppresses_cannot,-0.0005816817283630371,0.0005816817283630371,0.0005816817283630371,0.0006031984812580049,0.0,1.0,0.9643288850784302
27,30,5905,suppresses_cannot,-0.000574946403503418,0.000574946403503418,0.000574946403503418,0.00025712072965689003,0.0,1.0,2.2360951900482178
28,12,1481,suppresses_cannot,-0.0005718618631362915,0.0005718618631362915,0.0005718618631362915,0.00032878146157599986,0.0,1.0,1.7393373250961304
29,24,12782,suppresses_cannot,-0.0005649924278259277,0.0005649924278259277,0.0005649924278259277,0.0005265476065687835,0.0,1.0,1.0730129480361938
30,31,14073,supports_cannot,0.0005638599395751953,0.0005638599395751953,0.0005638599395751953,0.00026004313258454204,1.0,1.0,2.16833233833313
31,26,529,supports_cannot,0.0005467981100082397,0.0005467981100082397,0.0005467981100082397,0.00027225082158111036,1.0,1.0,2.008435010910034
32,10,1084,suppresses_cannot,-0.0005413591861724854,0.0005413591861724854,0.0005744397640228271,0.00043566961539909244,0.25,0.75,1.242591142654419
33,20,1168,supports_cannot,0.0005056262016296387,0.0005056262016296387,0.0005056262016296387,8.17764230305329e-05,1.0,1.0,6.1830315589904785
34,31,714,suppresses_cannot,-0.0004909038543701172,0.0004909038543701172,0.0004909038543701172,6.2757775594946e-05,0.0,1.0,7.822199821472168
35,6,5866,supports_cannot,0.00048501789569854736,0.00048501789569854736,0.0006204396486282349,0.0005855000345036387,0.75,0.75,0.8283823728561401
36,18,5964,supports_cannot,0.000478595495223999,0.000478595495223999,0.000478595495223999,0.00021463766461238265,1.0,1.0,2.229783296585083
37,16,12528,supports_cannot,0.00046190619468688965,0.00046190619468688965,0.00046190619468688965,0.00021475409448612481,1.0,1.0,2.1508610248565674
38,26,592,supports_cannot,0.0004540085792541504,0.0004540085792541504,0.0004540085792541504,9.041195880854502e-05,1.0,1.0,5.021554470062256
39,31,9678,suppresses_cannot,-0.0004521012306213379,0.0004521012306213379,0.0004521012306213379,0.00013200967805460095,0.0,1.0,3.424758195877075
40,16,11277,supports_cannot,0.0004502534866333008,0.0004502534866333008,0.0004502534866333008,0.00012962063192389905,1.0,1.0,3.4736251831054688
41,17,5245,suppresses_cannot,-0.00044918060302734375,0.00044918060302734375,0.00044918060302734375,0.00018900595023296773,0.0,1.0,2.376542091369629
42,28,5152,suppresses_cannot,-0.00044041872024536133,0.00044041872024536133,0.00044041872024536133,0.00013255765952635556,0.0,1.0,3.3224689960479736
43,16,6950,suppresses_cannot,-0.0004341602325439453,0.0004341602325439453,0.000517725944519043,0.00042017799569293857,0.25,0.75,1.033276915550232
44,16,4974,supports_cannot,0.00042831897735595703,0.00042831897735595703,0.00042831897735595703,0.00012683392560575157,1.0,1.0,3.3770062923431396
45,9,7310,suppresses_cannot,-0.0004152059555053711,0.0004152059555053711,0.0004152059555053711,0.0006460756994783878,0.0,1.0,0.6426583528518677
46,19,8952,supports_cannot,0.00041431188583374023,0.00041431188583374023,0.00041431188583374023,0.0001553767069708556,1.0,1.0,2.666499376296997
47,31,11999,supports_cannot,0.0004044771194458008,0.0004044771194458008,0.0004044771194458008,0.00020097983360756189,1.0,1.0,2.012525796890259
48,28,4130,supports_cannot,0.00040030479431152344,0.00040030479431152344,0.00040030479431152344,4.294546670280397e-05,1.0,1.0,9.321234703063965
49,20,9623,suppresses_cannot,-0.00038985908031463623,0.00038985908031463623,0.0004205256700515747,0.0004275907704140991,0.25,0.75,0.9117574691772461
50,30,12394,supports_cannot,0.0003828704357147217,0.0003828704357147217,0.0003828704357147217,0.00012864671589341015,1.0,1.0,2.9761383533477783
51,31,5099,supports_cannot,0.0003737509250640869,0.0003737509250640869,0.0003737509250640869,0.00016248093743342906,1.0,1.0,2.3002755641937256
52,21,13085,suppresses_cannot,-0.000371396541595459,0.000371396541595459,0.000371396541595459,0.00016859156312420964,0.0,1.0,2.2029366493225098
53,31,8591,supports_cannot,0.0003694891929626465,0.0003694891929626465,0.0003694891929626465,0.00013525252870749682,1.0,1.0,2.731846809387207
54,31,10712,suppresses_cannot,-0.00036770105361938477,0.00036770105361938477,0.00036770105361938477,0.00014170534268487245,0.0,1.0,2.5948283672332764
55,22,7399,supports_cannot,0.0003667771816253662,0.0003667771816253662,0.0003667771816253662,9.952895197784528e-05,1.0,1.0,3.6851305961608887
56,17,8517,suppresses_cannot,-0.0003637075424194336,0.0003637075424194336,0.0003637075424194336,0.0002582485321909189,0.0,1.0,1.4083625078201294
57,24,3804,suppresses_cannot,-0.00036007165908813477,0.00036007165908813477,0.00036007165908813477,9.176550520351157e-05,0.0,1.0,3.923823595046997
58,27,4251,suppresses_cannot,-0.00035640597343444824,0.00035640597343444824,0.00035640597343444824,9.264756954507902e-05,0.0,1.0,3.846900463104248
59,30,11970,suppresses_cannot,-0.0003534555435180664,0.0003534555435180664,0.0003534555435180664,8.344181696884334e-05,0.0,1.0,4.235952377319336
60,10,11570,supports_cannot,0.0003523528575897217,0.0003523528575897217,0.00047144293785095215,0.00048203833284787834,0.75,0.75,0.7309644222259521
61,27,1686,supports_cannot,0.0003496408462524414,0.0003496408462524414,0.0003496408462524414,6.987911910982803e-05,1.0,1.0,5.003509521484375
62,17,7878,suppresses_cannot,-0.0003477632999420166,0.0003477632999420166,0.0003477632999420166,0.00021647884568665177,0.0,1.0,1.6064540147781372
63,30,12336,suppresses_cannot,-0.0003460347652435303,0.0003460347652435303,0.0003460347652435303,0.00018243573140352964,0.0,1.0,1.8967489004135132
64,11,4258,supports_cannot,0.00034546852111816406,0.00034546852111816406,0.0004417300224304199,0.00047721966984681785,0.75,0.75,0.7239192724227905
65,26,13447,suppresses_cannot,-0.00034353137016296387,0.00034353137016296387,0.00034353137016296387,0.000167060163221322,0.0,1.0,2.056333303451538
66,26,12639,suppresses_cannot,-0.0003421008586883545,0.0003421008586883545,0.0003421008586883545,0.00013517483603209257,0.0,1.0,2.5308027267456055
67,12,1889,suppresses_cannot,-0.0003409385681152344,0.0003409385681152344,0.0003409385681152344,0.00014986337919253856,0.0,1.0,2.274995803833008
68,20,9424,suppresses_cannot,-0.0003367215394973755,0.0003367215394973755,0.0003367215394973755,0.0004195345100015402,0.0,1.0,0.8026074767112732
69,28,12743,supports_cannot,0.00033542513847351074,0.00033542513847351074,0.00033542513847351074,8.088841423159465e-05,1.0,1.0,4.146763801574707
70,27,8839,suppresses_cannot,-0.00033470988273620605,0.00033470988273620605,0.00033470988273620605,0.00011503876885399222,0.0,1.0,2.9095399379730225
71,31,3387,suppresses_cannot,-0.00032907724380493164,0.00032907724380493164,0.00032907724380493164,0.0001229274203069508,0.0,1.0,2.677004337310791
72,17,4374,suppresses_cannot,-0.0003286004066467285,0.0003286004066467285,0.00047856569290161133,0.00043679773807525635,0.25,0.75,0.7522941827774048
73,28,4074,suppresses_cannot,-0.0003281831741333008,0.0003281831741333008,0.0003281831741333008,0.00016373857215512544,0.0,1.0,2.004312038421631
74,18,3236,supports_cannot,0.0003267526626586914,0.0003267526626586914,0.0003267526626586914,8.921977132558823e-05,1.0,1.0,3.662334680557251
75,20,13715,suppresses_cannot,-0.0003262162208557129,0.0003262162208557129,0.0003262162208557129,9.823038999456912e-05,0.0,1.0,3.320929765701294
76,31,11276,suppresses_cannot,-0.00032457709312438965,0.00032457709312438965,0.00032457709312438965,0.00012762041296809912,0.0,1.0,2.5433008670806885
77,17,1632,supports_cannot,0.00032272934913635254,0.00032272934913635254,0.00032272934913635254,0.00021831471531186253,1.0,1.0,1.4782757759094238
78,16,3884,supports_cannot,0.00032263994216918945,0.00032263994216918945,0.00032263994216918945,0.00019742953008972108,1.0,1.0,1.6342030763626099
79,23,2343,supports_cannot,0.0003219395875930786,0.0003219395875930786,0.0003219395875930786,0.00018817518139258027,1.0,1.0,1.7108503580093384
80,29,841,suppresses_cannot,-0.00032135844230651855,0.00032135844230651855,0.00032135844230651855,0.00015533652913291007,0.0,1.0,2.068788528442383
81,29,10790,suppresses_cannot,-0.0003203153610229492,0.0003203153610229492,0.0003203153610229492,6.563107308465987e-05,0.0,1.0,4.880544185638428
82,19,12151,supports_cannot,0.000319749116897583,0.000319749116897583,0.000319749116897583,0.00018947037460748106,1.0,1.0,1.6875942945480347
83,27,11269,suppresses_cannot,-0.00031828880310058594,0.00031828880310058594,0.00031828880310058594,8.989439811557531e-05,0.0,1.0,3.540696859359741
84,20,10080,suppresses_cannot,-0.000315248966217041,0.000315248966217041,0.000315248966217041,9.227466944139451e-05,0.0,1.0,3.416419267654419
85,20,9928,suppresses_cannot,-0.00031404197216033936,0.00031404197216033936,0.00031404197216033936,0.0002484580909367651,0.0,1.0,1.2639635801315308
86,30,11618,supports_cannot,0.0003122687339782715,0.0003122687339782715,0.0003122687339782715,4.285814429749735e-05,1.0,1.0,7.286100387573242
87,18,11215,supports_cannot,0.00031153857707977295,0.00031153857707977295,0.00031153857707977295,0.00019408618391025811,1.0,1.0,1.6051558256149292
88,18,8592,supports_cannot,0.00030866265296936035,0.00030866265296936035,0.00030866265296936035,0.00010288843623129651,1.0,1.0,2.999974250793457
89,24,13102,supports_cannot,0.00030735135078430176,0.00030735135078430176,0.00030735135078430176,7.692400686210021e-05,1.0,1.0,3.9955191612243652
90,27,8140,supports_cannot,0.0003062933683395386,0.0003062933683395386,0.0003062933683395386,0.00012764068378601223,1.0,1.0,2.399653196334839
91,16,12860,supports_cannot,0.0003059804439544678,0.0003059804439544678,0.0003059804439544678,0.0001353024272248149,1.0,1.0,2.261455774307251
92,28,7137,supports_cannot,0.00030177831649780273,0.00030177831649780273,0.00030177831649780273,3.436470069573261e-05,1.0,1.0,8.781636238098145
93,10,4789,supports_cannot,0.00030094385147094727,0.00030094385147094727,0.00030094385147094727,0.00015116693975869566,1.0,1.0,1.990804672241211
94,17,4802,supports_cannot,0.0002986788749694824,0.0002986788749694824,0.0002986788749694824,0.00016239599790424109,1.0,1.0,1.8392009735107422
95,23,4769,supports_cannot,0.00029709935188293457,0.00029709935188293457,0.00029709935188293457,8.414869080297649e-05,1.0,1.0,3.5306472778320312
96,13,13879,supports_cannot,0.0002962052822113037,0.0002962052822113037,0.0005536973476409912,0.0006739940727129579,0.75,0.75,0.4394775629043579
97,31,12446,supports_cannot,0.00029605627059936523,0.00029605627059936523,0.00029605627059936523,3.171028583892621e-05,1.0,1.0,9.336285591125488
98,31,10075,suppresses_cannot,-0.00029355287551879883,0.00029355287551879883,0.00029355287551879883,8.348147093784064e-05,0.0,1.0,3.516383647918701
99,31,7267,supports_cannot,0.0002925992012023926,0.0002925992012023926,0.0002925992012023926,0.00010072562145069242,1.0,1.0,2.9049134254455566
100,31,7944,suppresses_cannot,-0.00029212236404418945,0.00029212236404418945,0.00029212236404418945,2.5334358724649064e-05,0.0,1.0,11.530678749084473
101,28,3057,supports_cannot,0.0002911984920501709,0.0002911984920501709,0.0002911984920501709,5.5418819101760164e-05,1.0,1.0,5.254505634307861
102,17,9255,suppresses_cannot,-0.00028836727142333984,0.00028836727142333984,0.00028836727142333984,8.719562902115285e-05,0.0,1.0,3.3071298599243164
103,14,3917,suppresses_cannot,-0.0002879500389099121,0.0002879500389099121,0.0004424452781677246,0.000367660861229524,0.25,0.75,0.7831947207450867
104,15,11853,supports_cannot,0.00028774142265319824,0.00028774142265319824,0.00028774142265319824,0.00013871015107724816,1.0,1.0,2.0744078159332275
105,25,12935,suppresses_cannot,-0.0002872347831726074,0.0002872347831726074,0.0002872347831726074,6.1035010730847716e-05,0.0,1.0,4.706066131591797
106,0,12829,suppresses_cannot,-0.00028708577156066895,0.00028708577156066895,0.00028708577156066895,9.509122173767537e-05,0.0,1.0,3.019056558609009
107,2,4786,supports_cannot,0.0002868920564651489,0.0002868920564651489,0.00030587613582611084,0.0002539924462325871,0.75,0.75,1.1295298337936401
108,14,8131,suppresses_cannot,-0.0002841949462890625,0.0002841949462890625,0.0002841949462890625,0.00021338069927878678,0.0,1.0,1.331868052482605
109,30,7545,supports_cannot,0.0002816319465637207,0.0002816319465637207,0.0002816319465637207,9.622436482459307e-05,1.0,1.0,2.926825761795044
110,9,10216,suppresses_cannot,-0.00028061866760253906,0.00028061866760253906,0.0006144046783447266,0.000735706475097686,0.25,0.75,0.38142746686935425
111,31,10850,supports_cannot,0.0002803802490234375,0.0002803802490234375,0.0002803802490234375,9.650413267081603e-05,1.0,1.0,2.9053704738616943
112,28,9628,supports_cannot,0.00028011202812194824,0.00028011202812194824,0.00028011202812194824,7.21951000741683e-05,1.0,1.0,3.8799312114715576
113,28,11275,supports_cannot,0.00027839839458465576,0.00027839839458465576,0.00027839839458465576,0.00014373825979419053,1.0,1.0,1.936842679977417
114,20,5237,supports_cannot,0.000277787446975708,0.000277787446975708,0.000277787446975708,0.0001641215058043599,1.0,1.0,1.6925718784332275
115,23,1498,supports_cannot,0.000275343656539917,0.000275343656539917,0.000275343656539917,6.932931864866987e-05,1.0,1.0,3.9715328216552734
116,31,3611,suppresses_cannot,-0.00027427077293395996,0.00027427077293395996,0.00027427077293395996,0.00015920831356197596,0.0,1.0,1.7227164506912231
117,15,8697,suppresses_cannot,-0.0002725869417190552,0.0002725869417190552,0.0002725869417190552,0.0002727638348005712,0.0,1.0,0.9993515014648438
118,19,900,supports_cannot,0.000270158052444458,0.000270158052444458,0.000270158052444458,5.8787369198398665e-05,1.0,1.0,4.5955119132995605
119,24,9569,supports_cannot,0.0002693980932235718,0.0002693980932235718,0.0002693980932235718,0.00013555648911278695,1.0,1.0,1.987349271774292
120,22,9265,suppresses_cannot,-0.00026911497116088867,0.00026911497116088867,0.00026911497116088867,0.00011244641791563481,0.0,1.0,2.393272876739502
121,18,11782,suppresses_cannot,-0.0002677738666534424,0.0002677738666534424,0.0002677738666534424,0.00015944652841426432,0.0,1.0,1.6793960332870483
122,18,3876,supports_cannot,0.0002675056457519531,0.0002675056457519531,0.0002675056457519531,4.003977301181294e-05,1.0,1.0,6.680997848510742
123,19,14046,supports_cannot,0.00026726722717285156,0.00026726722717285156,0.00026726722717285156,0.00017243293405044824,1.0,1.0,1.5499778985977173
124,17,13031,suppresses_cannot,-0.00026676058769226074,0.00026676058769226074,0.00026676058769226074,0.00012523650366347283,0.0,1.0,2.130054473876953
125,29,911,supports_cannot,0.0002665221691131592,0.0002665221691131592,0.0002665221691131592,0.0001437176688341424,1.0,1.0,1.8544843196868896
126,21,4502,suppresses_cannot,-0.00026619434356689453,0.00026619434356689453,0.00026619434356689453,8.513588545611128e-05,0.0,1.0,3.126699686050415
127,15,5080,supports_cannot,0.000265464186668396,0.000265464186668396,0.000265464186668396,0.00024949421640485525,1.0,1.0,1.064009428024292
128,16,9495,suppresses_cannot,-0.00026538968086242676,0.00026538968086242676,0.00026538968086242676,9.700840018922463e-05,0.0,1.0,2.735739231109619
129,17,12927,supports_cannot,0.0002652108669281006,0.0002652108669281006,0.0002652108669281006,0.0001235480303876102,1.0,1.0,2.1466214656829834
130,20,5512,suppresses_cannot,-0.000264585018157959,0.000264585018157959,0.000264585018157959,8.146563777700067e-05,0.0,1.0,3.2478113174438477
131,26,11941,supports_cannot,0.0002641826868057251,0.0002641826868057251,0.0002748817205429077,0.00019462905765976757,0.75,0.75,1.3573651313781738
132,28,7737,supports_cannot,0.0002638399600982666,0.0002638399600982666,0.0002638399600982666,3.8326608773786575e-05,1.0,1.0,6.883989334106445
133,14,12563,supports_cannot,0.00026217103004455566,0.00026217103004455566,0.00026217103004455566,7.066493708407506e-05,1.0,1.0,3.7100582122802734
134,15,1832,suppresses_cannot,-0.00026154518127441406,0.00026154518127441406,0.00026154518127441406,9.403093281434849e-05,0.0,1.0,2.781480312347412
135,15,12099,suppresses_cannot,-0.0002612173557281494,0.0002612173557281494,0.0002612173557281494,0.00023345299996435642,0.0,1.0,1.118929147720337
136,9,592,supports_cannot,0.0002609938383102417,0.0002609938383102417,0.00026319921016693115,0.0003661531372927129,0.75,0.75,0.7127996683120728
137,28,13790,supports_cannot,0.0002601444721221924,0.0002601444721221924,0.0002601444721221924,6.69489600113593e-05,1.0,1.0,3.8857133388519287
138,18,7152,suppresses_cannot,-0.00025913119316101074,0.00025913119316101074,0.00025913119316101074,0.00011199598520761356,0.0,1.0,2.3137543201446533
139,25,5676,suppresses_cannot,-0.00025847554206848145,0.00025847554206848145,0.00025847554206848145,6.139431206975132e-05,0.0,1.0,4.210089206695557
140,23,9380,supports_cannot,0.00025713443756103516,0.00025713443756103516,0.00025713443756103516,0.0001326893689110875,1.0,1.0,1.9378676414489746
141,31,5603,supports_cannot,0.00025653839111328125,0.00025653839111328125,0.00025653839111328125,0.0001453727891203016,1.0,1.0,1.7646933794021606
142,31,5369,suppresses_cannot,-0.00025597214698791504,0.00025597214698791504,0.00025597214698791504,9.842051076702774e-05,0.0,1.0,2.6008007526397705
143,31,2153,supports_cannot,0.000255584716796875,0.000255584716796875,0.000255584716796875,8.142801380017772e-05,1.0,1.0,3.1387810707092285
144,31,287,supports_cannot,0.00025472044944763184,0.00025472044944763184,0.00025472044944763184,0.00010406101500848308,1.0,1.0,2.44779896736145
145,28,6596,suppresses_cannot,-0.00025472044944763184,0.00025472044944763184,0.00025472044944763184,8.679547318024561e-05,0.0,1.0,2.934720516204834
146,19,11716,suppresses_cannot,-0.00025469064712524414,0.00025469064712524414,0.00025469064712524414,7.857684977352619e-05,0.0,1.0,3.2412936687469482
147,17,5191,suppresses_cannot,-0.00025337934494018555,0.00025337934494018555,0.00025337934494018555,0.00012775271898135543,0.0,1.0,1.9833577871322632
148,15,630,suppresses_cannot,-0.0002533644437789917,0.0002533644437789917,0.0002533644437789917,0.00017148771439678967,0.0,1.0,1.4774495363235474
149,18,3031,suppresses_cannot,-0.0002531111240386963,0.0002531111240386963,0.0002531111240386963,6.671479059150442e-05,0.0,1.0,3.7939281463623047
150,18,9220,suppresses_cannot,-0.00025275349617004395,0.00025275349617004395,0.00025275349617004395,7.36371148377657e-05,0.0,1.0,3.432419776916504
151,30,3382,supports_cannot,0.0002526193857192993,0.0002526193857192993,0.0002526193857192993,0.00016669249453116208,1.0,1.0,1.5154814720153809
152,31,10715,suppresses_cannot,-0.00025150179862976074,0.00025150179862976074,0.00025150179862976074,6.902858149260283e-05,0.0,1.0,3.643444299697876
153,15,10757,supports_cannot,0.00025144219398498535,0.00025144219398498535,0.0003288686275482178,0.00024085660697892308,0.75,0.75,1.0439497232437134
154,29,8508,supports_cannot,0.00025016069412231445,0.00025016069412231445,0.00025016069412231445,6.938684964552522e-05,1.0,1.0,3.605304002761841
155,19,6804,supports_cannot,0.000250011682510376,0.000250011682510376,0.000250011682510376,7.498508057324216e-05,1.0,1.0,3.3341524600982666
156,17,6950,supports_cannot,0.0002490580081939697,0.0002490580081939697,0.0002490580081939697,8.708054519956931e-05,1.0,1.0,2.8600878715515137
157,30,3843,suppresses_cannot,-0.00024709105491638184,0.00024709105491638184,0.00024709105491638184,9.639452764531597e-05,0.0,1.0,2.56333065032959
158,28,10351,supports_cannot,0.00024631619453430176,0.00024631619453430176,0.00024631619453430176,5.812674498884007e-05,1.0,1.0,4.237570762634277
159,31,2085,suppresses_cannot,-0.0002461373805999756,0.0002461373805999756,0.0002461373805999756,0.00010821030446095392,0.0,1.0,2.274620532989502
160,12,6358,supports_cannot,0.0002453923225402832,0.0002453923225402832,0.0002453923225402832,0.00010211368498858064,1.0,1.0,2.4031286239624023
161,28,6033,suppresses_cannot,-0.00024455785751342773,0.00024455785751342773,0.00024455785751342773,0.00010801001189975068,0.0,1.0,2.2642147541046143
162,18,13165,suppresses_cannot,-0.00024378299713134766,0.00024378299713134766,0.00024378299713134766,6.992033740971237e-05,0.0,1.0,3.486582040786743
163,15,5862,suppresses_cannot,-0.00024361908435821533,0.00024361908435821533,0.00024361908435821533,0.00017714004206936806,0.0,1.0,1.375290870666504
164,14,7642,supports_cannot,0.00024349987506866455,0.00024349987506866455,0.00024349987506866455,0.0001339129958068952,1.0,1.0,1.8183438777923584
165,18,4164,supports_cannot,0.00024253129959106445,0.00024253129959106445,0.00024253129959106445,2.493975443940144e-05,1.0,1.0,9.724685668945312
166,17,13012,suppresses_cannot,-0.00024245679378509521,0.00024245679378509521,0.00024245679378509521,0.00018973293481394649,0.0,1.0,1.277884602546692
167,30,2049,supports_cannot,0.00024116039276123047,0.00024116039276123047,0.00024116039276123047,4.43281460320577e-05,1.0,1.0,5.44034481048584
168,26,3004,suppresses_cannot,-0.00023937225341796875,0.00023937225341796875,0.00023937225341796875,2.6766136215883307e-05,0.0,1.0,8.943099975585938
169,29,4265,suppresses_cannot,-0.00023791193962097168,0.00023791193962097168,0.00023791193962097168,7.788438233546913e-05,0.0,1.0,3.0546810626983643
170,20,4035,supports_cannot,0.00023767352104187012,0.00023767352104187012,0.00023767352104187012,0.00010720171121647581,1.0,1.0,2.2170684337615967
171,25,11921,supports_cannot,0.0002374798059463501,0.0002374798059463501,0.0002374798059463501,0.00016121493536047637,1.0,1.0,1.473063349723816
172,29,9595,suppresses_cannot,-0.000237196683883667,0.000237196683883667,0.000237196683883667,7.639169052708894e-05,0.0,1.0,3.105006456375122
173,19,6090,suppresses_cannot,-0.0002359449863433838,0.0002359449863433838,0.0002359449863433838,6.905477494001389e-05,0.0,1.0,3.4167802333831787
174,30,1754,supports_cannot,0.0002351999282836914,0.0002351999282836914,0.0002351999282836914,5.98536898905877e-05,1.0,1.0,3.9295811653137207
175,31,4995,supports_cannot,0.00023451447486877441,0.00023451447486877441,0.00023451447486877441,7.032662688288838e-05,1.0,1.0,3.3346469402313232
176,23,12181,supports_cannot,0.000234261155128479,0.000234261155128479,0.000234261155128479,0.000166658908710815,1.0,1.0,1.4056323766708374
177,31,5441,suppresses_cannot,-0.0002339780330657959,0.0002339780330657959,0.0002339780330657959,7.082583761075512e-05,0.0,1.0,3.3035688400268555
178,29,2252,suppresses_cannot,-0.00023251771926879883,0.00023251771926879883,0.00023251771926879883,6.81444798829034e-05,0.0,1.0,3.412128448486328
179,31,124,suppresses_cannot,-0.00023245811462402344,0.00023245811462402344,0.00023245811462402344,5.274987415759824e-05,0.0,1.0,4.40679931640625
180,28,2570,suppresses_cannot,-0.00023216009140014648,0.00023216009140014648,0.00023216009140014648,7.306345651159063e-05,0.0,1.0,3.1775131225585938
181,7,10909,suppresses_cannot,-0.000231817364692688,0.000231817364692688,0.0002406984567642212,0.00041155220242217183,0.5,0.5,0.5632756948471069
182,15,6918,supports_cannot,0.0002308487892150879,0.0002308487892150879,0.0002308487892150879,9.951589163392782e-05,1.0,1.0,2.3197178840637207
183,18,730,supports_cannot,0.0002308487892150879,0.0002308487892150879,0.0002308487892150879,0.00012386195885483176,1.0,1.0,1.8637585639953613
184,31,5178,supports_cannot,0.00023049116134643555,0.00023049116134643555,0.00023049116134643555,8.739323675399646e-05,1.0,1.0,2.6374027729034424
185,30,669,suppresses_cannot,-0.00023011863231658936,0.00023011863231658936,0.00023011863231658936,0.00016351279919035733,0.0,1.0,1.4073432683944702
186,16,2995,supports_cannot,0.00023004412651062012,0.00023004412651062012,0.00023004412651062012,6.9926813011989e-05,1.0,1.0,3.2897841930389404
187,21,8760,suppresses_cannot,-0.00022967159748077393,0.00022967159748077393,0.00022967159748077393,0.000124740123283118,0.0,1.0,1.8412007093429565
188,31,10014,supports_cannot,0.0002295076847076416,0.0002295076847076416,0.0002295076847076416,5.972096187178977e-05,1.0,1.0,3.8430004119873047
189,14,1559,suppresses_cannot,-0.0002289414405822754,0.0002289414405822754,0.0003077387809753418,0.00023859126667957753,0.25,0.75,0.9595549702644348
190,24,5048,suppresses_cannot,-0.00022764503955841064,0.00022764503955841064,0.00022764503955841064,9.831785428104922e-05,0.0,1.0,2.315398693084717
191,24,8765,supports_cannot,0.00022688508033752441,0.00022688508033752441,0.00022688508033752441,5.403517570812255e-05,1.0,1.0,4.198840618133545
192,21,13134,supports_cannot,0.00022682547569274902,0.00022682547569274902,0.00022682547569274902,0.00011608096974669024,1.0,1.0,1.9540281295776367
193,18,290,supports_cannot,0.00022630393505096436,0.00022630393505096436,0.00022630393505096436,0.00014640396693721414,1.0,1.0,1.5457500219345093
194,22,5804,suppresses_cannot,-0.0002257823944091797,0.0002257823944091797,0.0002257823944091797,7.485698006348684e-05,0.0,1.0,3.016183614730835
195,18,6431,supports_cannot,0.0002256333827972412,0.0002256333827972412,0.0002256333827972412,5.52170276932884e-05,1.0,1.0,4.086300849914551
196,25,13289,supports_cannot,0.00022560358047485352,0.00022560358047485352,0.00022560358047485352,9.186568786390126e-05,1.0,1.0,2.4557981491088867
197,20,133,supports_cannot,0.00022551417350769043,0.00022551417350769043,0.00022551417350769043,0.00011604289466049522,1.0,1.0,1.9433690309524536
198,14,5718,suppresses_cannot,-0.00022420287132263184,0.00022420287132263184,0.00022420287132263184,0.00011741265916498378,0.0,1.0,1.9095289707183838
199,20,13625,supports_cannot,0.00022377073764801025,0.00022377073764801025,0.00022377073764801025,7.31243344489485e-05,1.0,1.0,3.060140609741211
200,29,90,supports_cannot,0.00022339820861816406,0.00022339820861816406,0.00022339820861816406,5.801274528494105e-05,1.0,1.0,3.850847005844116
201,6,8252,suppresses_cannot,-0.00022204220294952393,0.00022204220294952393,0.0002336353063583374,0.0003957799344789237,0.5,0.5,0.5610244274139404
202,30,10669,supports_cannot,0.0002218484878540039,0.0002218484878540039,0.0002218484878540039,9.772373596206307e-05,1.0,1.0,2.2701597213745117
203,20,4772,supports_cannot,0.00022101402282714844,0.00022101402282714844,0.00022101402282714844,6.780331750633195e-05,1.0,1.0,3.259634256362915
204,31,11861,suppresses_cannot,-0.00022095441818237305,0.00022095441818237305,0.00022095441818237305,7.086416007950902e-05,0.0,1.0,3.11799955368042
205,16,654,supports_cannot,0.0002209395170211792,0.0002209395170211792,0.0002209395170211792,0.00014228998043108732,1.0,1.0,1.5527411699295044
206,30,2226,suppresses_cannot,-0.00022083520889282227,0.00022083520889282227,0.00022083520889282227,4.4937831262359396e-05,0.0,1.0,4.914238452911377
207,26,2589,suppresses_cannot,-0.00022014975547790527,0.00022014975547790527,0.00022014975547790527,1.90000264410628e-05,0.0,1.0,11.586812019348145
208,20,5771,supports_cannot,0.00021992623805999756,0.00021992623805999756,0.00021992623805999756,7.164079579524696e-05,1.0,1.0,3.0698463916778564
209,24,8362,suppresses_cannot,-0.00021989643573760986,0.00021989643573760986,0.00021989643573760986,0.00010100616054842249,0.0,1.0,2.1770596504211426
210,24,8613,suppresses_cannot,-0.00021988153457641602,0.00021988153457641602,0.00021988153457641602,4.180087853455916e-05,0.0,1.0,5.260213375091553
211,27,5995,supports_cannot,0.00021915137767791748,0.00021915137767791748,0.00021915137767791748,0.00012237370538059622,1.0,1.0,1.7908371686935425
212,29,142,suppresses_cannot,-0.00021854043006896973,0.00021854043006896973,0.00021854043006896973,7.971747982082888e-05,0.0,1.0,2.741436719894409
213,23,13369,supports_cannot,0.00021854043006896973,0.00021854043006896973,0.00021854043006896973,9.202244109474123e-05,1.0,1.0,2.3748602867126465
214,15,13318,suppresses_cannot,-0.00021824240684509277,0.00021824240684509277,0.00021824240684509277,4.040890416945331e-05,0.0,1.0,5.400849342346191
215,16,10855,suppresses_cannot,-0.00021816790103912354,0.00021816790103912354,0.00022529065608978271,0.00015683677338529378,0.25,0.75,1.3910506963729858
216,18,9102,suppresses_cannot,-0.00021782517433166504,0.00021782517433166504,0.00021782517433166504,8.333008008776233e-05,0.0,1.0,2.614004135131836
217,22,2958,supports_cannot,0.00021755695343017578,0.00021755695343017578,0.00021755695343017578,4.214979708194733e-05,1.0,1.0,5.161518573760986
218,22,6781,suppresses_cannot,-0.0002174675464630127,0.0002174675464630127,0.0002174675464630127,3.136658779112622e-05,0.0,1.0,6.933095455169678
219,14,4589,supports_cannot,0.00021682679653167725,0.00021682679653167725,0.00021682679653167725,0.0001896936009870842,1.0,1.0,1.143036961555481
220,19,1520,suppresses_cannot,-0.00021679699420928955,0.00021679699420928955,0.00021679699420928955,0.0003244898107368499,0.0,1.0,0.6681165099143982
221,19,6569,suppresses_cannot,-0.00021591782569885254,0.00021591782569885254,0.00021591782569885254,0.00013118123752065003,0.0,1.0,1.6459505558013916
222,30,3175,supports_cannot,0.00021585822105407715,0.00021585822105407715,0.00021585822105407715,6.574310828000307e-05,1.0,1.0,3.2833588123321533
223,31,14304,supports_cannot,0.00021564960479736328,0.00021564960479736328,0.00021564960479736328,2.1006388124078512e-05,1.0,1.0,10.265905380249023
224,29,8873,supports_cannot,0.0002155303955078125,0.0002155303955078125,0.0002155303955078125,6.196017056936398e-05,1.0,1.0,3.4785313606262207
225,9,12002,supports_cannot,0.0002152472734451294,0.0002152472734451294,0.00022260844707489014,0.00017772280261851847,0.75,0.75,1.2111403942108154
226,26,10933,suppresses_cannot,-0.00021505355834960938,0.00021505355834960938,0.00021505355834960938,7.153297337936237e-05,0.0,1.0,3.0063557624816895
227,30,1443,supports_cannot,0.0002149045467376709,0.0002149045467376709,0.0002149045467376709,3.0448742109001614e-05,1.0,1.0,7.0579118728637695
228,27,932,supports_cannot,0.00021480023860931396,0.00021480023860931396,0.00021480023860931396,9.646665421314538e-05,1.0,1.0,2.2266786098480225
229,31,7104,supports_cannot,0.00021454691886901855,0.00021454691886901855,0.00021454691886901855,8.642716420581564e-05,1.0,1.0,2.4824013710021973
230,27,6091,suppresses_cannot,-0.00021436810493469238,0.00021436810493469238,0.00021436810493469238,5.328511178959161e-05,0.0,1.0,4.0230393409729
231,18,12745,suppresses_cannot,-0.00021404027938842773,0.00021404027938842773,0.00021404027938842773,0.00010434260912006721,0.0,1.0,2.0513219833374023
232,16,5547,supports_cannot,0.00021311640739440918,0.00021311640739440918,0.00021311640739440918,3.8395421142922714e-05,1.0,1.0,5.550568103790283
233,16,6901,suppresses_cannot,-0.0002117455005645752,0.0002117455005645752,0.0002117455005645752,0.00017381088400725275,0.0,1.0,1.2182523012161255
234,15,764,supports_cannot,0.00021126866340637207,0.00021126866340637207,0.00021126866340637207,0.00020477530779317021,1.0,1.0,1.0317096710205078
235,18,4534,suppresses_cannot,-0.0002111494541168213,0.0002111494541168213,0.00024053454399108887,0.0001558866788400337,0.25,0.75,1.3545061349868774
236,30,12764,supports_cannot,0.0002111196517944336,0.0002111196517944336,0.0002111196517944336,5.7156783441314474e-05,1.0,1.0,3.6936936378479004
237,23,5722,suppresses_cannot,-0.0002110004425048828,0.0002110004425048828,0.0002110004425048828,2.7292289814795367e-05,0.0,1.0,7.731136798858643
238,16,14185,suppresses_cannot,-0.0002102106809616089,0.0002102106809616089,0.0002102106809616089,9.397338726557791e-05,0.0,1.0,2.23691725730896
239,31,7791,supports_cannot,0.0002094358205795288,0.0002094358205795288,0.0002094358205795288,0.00011589574569370598,1.0,1.0,1.807105302810669
240,16,11992,supports_cannot,0.00020931661128997803,0.00020931661128997803,0.0002107173204421997,0.0002830252342391759,0.75,0.75,0.7395687103271484
241,15,9635,suppresses_cannot,-0.0002092421054840088,0.0002092421054840088,0.0004089176654815674,0.0004900704952888191,0.25,0.75,0.42696326971054077
242,25,8519,supports_cannot,0.0002092123031616211,0.0002092123031616211,0.0002092123031616211,0.0001724688190734014,1.0,1.0,1.2130441665649414
243,18,13570,supports_cannot,0.00020913779735565186,0.00020913779735565186,0.00020913779735565186,0.0001932219893205911,1.0,1.0,1.082370638847351
244,26,6423,suppresses_cannot,-0.0002084672451019287,0.0002084672451019287,0.0002084672451019287,9.790238254936412e-05,0.0,1.0,2.129337787628174
245,31,3402,suppresses_cannot,-0.00020837783813476562,0.00020837783813476562,0.00020837783813476562,6.45738109597005e-05,0.0,1.0,3.226971387863159
246,26,7419,suppresses_cannot,-0.00020806491374969482,0.00020806491374969482,0.00020806491374969482,0.00010635339276632294,0.0,1.0,1.9563542604446411
247,15,12971,supports_cannot,0.00020805001258850098,0.00020805001258850098,0.00020805001258850098,4.4449192500906065e-05,1.0,1.0,4.6806254386901855
248,31,3691,supports_cannot,0.0002078711986541748,0.0002078711986541748,0.0002078711986541748,5.4765761888120323e-05,1.0,1.0,3.7956414222717285
249,28,3182,supports_cannot,0.00020757317543029785,0.00020757317543029785,0.00020757317543029785,3.393293809494935e-05,1.0,1.0,6.117158889770508
250,25,8010,suppresses_cannot,-0.00020736455917358398,0.00020736455917358398,0.00021153688430786133,0.00016631532344035804,0.25,0.75,1.2468156814575195
251,27,14327,supports_cannot,0.0002073347568511963,0.0002073347568511963,0.0002073347568511963,7.389732490992174e-05,1.0,1.0,2.8057138919830322
252,25,4565,supports_cannot,0.00020676851272583008,0.00020676851272583008,0.00021094083786010742,0.00013865125947631896,0.75,0.75,1.491284728050232
253,18,4228,suppresses_cannot,-0.0002060234546661377,0.0002060234546661377,0.0002060234546661377,7.930905121611431e-05,0.0,1.0,2.597729444503784
254,28,10999,supports_cannot,0.00020584464073181152,0.00020584464073181152,0.00020584464073181152,9.10677554202266e-05,1.0,1.0,2.260345935821533
255,25,6384,suppresses_cannot,-0.00020560622215270996,0.00020560622215270996,0.00020560622215270996,0.00011116422683699057,0.0,1.0,1.8495718240737915
256,29,5764,supports_cannot,0.00020551681518554688,0.00020551681518554688,0.00020551681518554688,4.933255695505068e-05,1.0,1.0,4.165946960449219
257,20,88,supports_cannot,0.00020456314086914062,0.00020456314086914062,0.00020456314086914062,4.861832348979078e-05,1.0,1.0,4.207531929016113
258,31,3743,suppresses_cannot,-0.00020456314086914062,0.00020456314086914062,0.00020456314086914062,4.895170786767267e-05,0.0,1.0,4.1788763999938965
259,0,10902,supports_cannot,0.00020428001880645752,0.00020428001880645752,0.00020428001880645752,0.00015659054042771459,1.0,1.0,1.3045488595962524
260,18,3261,suppresses_cannot,-0.00020428001880645752,0.00020428001880645752,0.00021938979625701904,0.00021437664690893143,0.25,0.75,0.9529023766517639
261,7,11861,supports_cannot,0.0002037733793258667,0.0002037733793258667,0.0002037733793258667,0.00034267149749211967,1.0,1.0,0.5946609973907471
262,28,8219,suppresses_cannot,-0.00020331144332885742,0.00020331144332885742,0.00020331144332885742,9.134701394941658e-05,0.0,1.0,2.2257044315338135
263,26,9692,suppresses_cannot,-0.00020313262939453125,0.00020313262939453125,0.00020313262939453125,3.0299919671961106e-05,0.0,1.0,6.70406436920166
264,31,7450,supports_cannot,0.00020307302474975586,0.00020307302474975586,0.00020307302474975586,9.062205936061218e-05,1.0,1.0,2.2408785820007324
265,21,5287,suppresses_cannot,-0.00020244717597961426,0.00020244717597961426,0.00020244717597961426,4.210336192045361e-05,0.0,1.0,4.808337688446045
266,15,3580,suppresses_cannot,-0.00020235776901245117,0.00020235776901245117,0.00040990114212036133,0.0003939159505534917,0.25,0.75,0.5137079954147339
267,13,2776,suppresses_cannot,-0.00020216405391693115,0.00020216405391693115,0.00020216405391693115,9.844226588029414e-05,0.0,1.0,2.0536305904388428
268,22,377,supports_cannot,0.00020208954811096191,0.00020208954811096191,0.00020208954811096191,8.120521670207381e-05,1.0,1.0,2.4886276721954346
269,21,10170,suppresses_cannot,-0.00020205974578857422,0.00020205974578857422,0.00047647953033447266,0.00043789466144517064,0.25,0.75,0.46143460273742676
270,20,3876,supports_cannot,0.0002016127109527588,0.0002016127109527588,0.0002016127109527588,4.163455014349893e-05,1.0,1.0,4.842437744140625
271,28,1870,supports_cannot,0.00020135939121246338,0.00020135939121246338,0.00020135939121246338,6.63360915496014e-05,1.0,1.0,3.035442590713501
272,20,8323,supports_cannot,0.00020128488540649414,0.00020128488540649414,0.00020128488540649414,8.468180021736771e-05,1.0,1.0,2.37695574760437
273,24,7928,supports_cannot,0.00020016729831695557,0.00020016729831695557,0.00020016729831695557,0.00012097736180294305,1.0,1.0,1.6545847654342651
274,19,4762,supports_cannot,0.0001996755599975586,0.0001996755599975586,0.00021344423294067383,0.00014939034008421004,0.75,0.75,1.3366029262542725
275,28,4077,suppresses_cannot,-0.0001992732286453247,0.0001992732286453247,0.0001992732286453247,7.612623448949307e-05,0.0,1.0,2.617668390274048
276,30,11984,suppresses_cannot,-0.0001989603042602539,0.0001989603042602539,0.0001989603042602539,9.239366045221686e-05,0.0,1.0,2.153397798538208
277,28,547,supports_cannot,0.0001989305019378662,0.0001989305019378662,0.0001989305019378662,9.727417636895552e-05,1.0,1.0,2.0450494289398193
278,23,5473,suppresses_cannot,-0.00019857287406921387,0.00019857287406921387,0.00019857287406921387,4.600060492521152e-05,0.0,1.0,4.316744804382324
279,28,9883,supports_cannot,0.00019812583923339844,0.00019812583923339844,0.00019812583923339844,3.3051084756152704e-05,1.0,1.0,5.994533538818359
280,16,3598,suppresses_cannot,-0.00019806623458862305,0.00019806623458862305,0.00019806623458862305,1.5376957890111953e-05,0.0,1.0,12.880715370178223
281,26,8722,supports_cannot,0.00019803643226623535,0.00019803643226623535,0.00019803643226623535,3.3515028917463496e-05,1.0,1.0,5.908884525299072
282,27,13519,supports_cannot,0.00019761919975280762,0.00019761919975280762,0.00019761919975280762,0.0001178670790977776,1.0,1.0,1.6766276359558105
283,16,8987,suppresses_cannot,-0.00019690394401550293,0.00019690394401550293,0.00019690394401550293,8.229829836636782e-05,0.0,1.0,2.392564058303833
284,30,8562,supports_cannot,0.00019535422325134277,0.00019535422325134277,0.00019535422325134277,3.9724014641251415e-05,1.0,1.0,4.917786598205566
285,23,1043,suppresses_cannot,-0.00019499659538269043,0.00019499659538269043,0.00019499659538269043,5.025561404181644e-05,0.0,1.0,3.8800957202911377
286,16,14256,supports_cannot,0.00019484758377075195,0.00019484758377075195,0.00019484758377075195,0.00013133765605743974,1.0,1.0,1.4835622310638428
287,18,13518,suppresses_cannot,-0.00019396841526031494,0.00019396841526031494,0.00019396841526031494,0.00011974541121162474,0.0,1.0,1.6198400259017944
288,27,4672,supports_cannot,0.00019370019435882568,0.00019370019435882568,0.00019370019435882568,8.796109614195302e-05,1.0,1.0,2.2021121978759766
289,31,10100,suppresses_cannot,-0.00019356608390808105,0.00019356608390808105,0.00019356608390808105,3.790624759858474e-05,0.0,1.0,5.106442928314209
290,21,7892,supports_cannot,0.00019356608390808105,0.00019356608390808105,0.00019356608390808105,3.833393202512525e-05,1.0,1.0,5.049471378326416
291,31,4096,supports_cannot,0.00019341707229614258,0.00019341707229614258,0.00019341707229614258,5.637052527163178e-05,1.0,1.0,3.431173801422119
292,28,5784,supports_cannot,0.0001932680606842041,0.0001932680606842041,0.0001932680606842041,3.308217492303811e-05,1.0,1.0,5.842060089111328
293,26,7068,supports_cannot,0.00019317865371704102,0.00019317865371704102,0.00019317865371704102,5.3847412345930934e-05,1.0,1.0,3.587519645690918
294,25,4868,suppresses_cannot,-0.00019310414791107178,0.00019310414791107178,0.00019310414791107178,4.952371818944812e-05,0.0,1.0,3.8992254734039307
295,28,8272,supports_cannot,0.00019308924674987793,0.00019308924674987793,0.00019308924674987793,6.586026574950665e-05,1.0,1.0,2.9318017959594727
296,30,5612,supports_cannot,0.0001930445432662964,0.0001930445432662964,0.0001930445432662964,0.00010970698349410668,1.0,1.0,1.759637713432312
297,19,413,suppresses_cannot,-0.0001930147409439087,0.0001930147409439087,0.0001930147409439087,4.229629848850891e-05,0.0,1.0,4.5633955001831055
298,19,29,suppresses_cannot,-0.00019299983978271484,0.00019299983978271484,0.00019299983978271484,6.910196680109948e-05,0.0,1.0,2.7929718494415283
299,26,12922,suppresses_cannot,-0.00019297003746032715,0.00019297003746032715,0.00019297003746032715,8.565033203922212e-05,0.0,1.0,2.252998113632202
300,6,9667,supports_cannot,0.0001928955316543579,0.0001928955316543579,0.00019569694995880127,0.0003365525044500828,0.5,0.5,0.5731513500213623
301,27,4121,supports_cannot,0.00019253790378570557,0.00019253790378570557,0.00019253790378570557,7.790867675794289e-05,1.0,1.0,2.471328020095825
302,29,8993,suppresses_cannot,-0.00019252300262451172,0.00019252300262451172,0.00019252300262451172,1.4158330486679915e-05,0.0,1.0,13.597859382629395
303,31,11222,suppresses_cannot,-0.00019246339797973633,0.00019246339797973633,0.00019246339797973633,3.6012010241393e-05,0.0,1.0,5.344422340393066
304,31,10459,supports_cannot,0.00019234418869018555,0.00019234418869018555,0.00019234418869018555,6.91208551870659e-05,1.0,1.0,2.7827229499816895
305,31,5883,suppresses_cannot,-0.00019234418869018555,0.00019234418869018555,0.00019234418869018555,7.05733837094158e-05,0.0,1.0,2.725449323654175
306,31,13812,suppresses_cannot,-0.00019216537475585938,0.00019216537475585938,0.00019216537475585938,5.9170033637201414e-05,0.0,1.0,3.2476806640625
307,25,1907,suppresses_cannot,-0.0001919567584991455,0.0001919567584991455,0.0001919567584991455,4.600585816660896e-05,0.0,1.0,4.172441482543945
308,31,12850,suppresses_cannot,-0.00019153952598571777,0.00019153952598571777,0.00019153952598571777,5.0595419452292845e-05,0.0,1.0,3.7857089042663574
309,29,166,suppresses_cannot,-0.0001913011074066162,0.0001913011074066162,0.0001913011074066162,0.00016480416525155306,0.0,1.0,1.1607784032821655
310,21,5297,suppresses_cannot,-0.00019118189811706543,0.00019118189811706543,0.00019118189811706543,5.360909199225716e-05,0.0,1.0,3.5662214756011963
311,29,13885,supports_cannot,0.00019100308418273926,0.00019100308418273926,0.00019100308418273926,7.367762736976147e-05,1.0,1.0,2.592416286468506
312,16,2756,suppresses_cannot,-0.0001892000436782837,0.0001892000436782837,0.0001892000436782837,0.00018214505689684302,0.0,1.0,1.0387327671051025
313,31,11817,suppresses_cannot,-0.00018869340419769287,0.00018869340419769287,0.00018869340419769287,5.771090945927426e-05,0.0,1.0,3.2696313858032227
314,22,10842,supports_cannot,0.0001881718635559082,0.0001881718635559082,0.0001881718635559082,9.559635509504005e-05,1.0,1.0,1.968400001525879
315,15,5367,supports_cannot,0.00018772482872009277,0.00018772482872009277,0.00018772482872009277,3.2887979614315554e-05,1.0,1.0,5.708007335662842
316,14,8913,supports_cannot,0.0001876354217529297,0.0001876354217529297,0.0001876354217529297,9.662003139965236e-05,1.0,1.0,1.941992998123169
317,24,1956,supports_cannot,0.0001873224973678589,0.0001873224973678589,0.0001873224973678589,7.602183177368715e-05,1.0,1.0,2.464061975479126
318,31,13271,supports_cannot,0.000186920166015625,0.000186920166015625,0.000186920166015625,5.1085109589621425e-05,1.0,1.0,3.6589951515197754
319,31,13599,supports_cannot,0.0001863241195678711,0.0001863241195678711,0.0001863241195678711,8.804487879388034e-05,1.0,1.0,2.1162402629852295
320,16,6772,supports_cannot,0.00018624961376190186,0.00018624961376190186,0.00023026764392852783,0.00016088572738226503,0.75,0.75,1.1576515436172485
321,19,9793,supports_cannot,0.00018616020679473877,0.00018616020679473877,0.00018616020679473877,0.00013009812391828746,1.0,1.0,1.4309215545654297
322,17,10757,suppresses_cannot,-0.00018522143363952637,0.00018522143363952637,0.00018522143363952637,5.970924030407332e-05,0.0,1.0,3.1020565032958984
323,19,13010,suppresses_cannot,-0.00018511712551116943,0.00018511712551116943,0.00018511712551116943,0.00012392870848998427,0.0,1.0,1.4937388896942139
324,24,6813,supports_cannot,0.00018480420112609863,0.00018480420112609863,0.00018480420112609863,0.00010312355880159885,1.0,1.0,1.7920657396316528
325,29,4017,supports_cannot,0.00018477439880371094,0.00018477439880371094,0.00018477439880371094,6.191444845171645e-05,1.0,1.0,2.9843502044677734
326,31,3935,suppresses_cannot,-0.00018420815467834473,0.00018420815467834473,0.00018420815467834473,6.63162354612723e-05,0.0,1.0,2.7777233123779297
327,15,6063,suppresses_cannot,-0.00018420815467834473,0.00018420815467834473,0.00018420815467834473,4.681294012698345e-05,0.0,1.0,3.934983730316162
328,24,1222,suppresses_cannot,-0.00018393993377685547,0.00018393993377685547,0.00018393993377685547,0.00011980696581304073,0.0,1.0,1.5353025197982788
329,31,10716,suppresses_cannot,-0.00018389523029327393,0.00018389523029327393,0.00018389523029327393,4.9523736379342154e-05,0.0,1.0,3.7132744789123535
330,31,12358,supports_cannot,0.0001837611198425293,0.0001837611198425293,0.0001837611198425293,3.690499943331815e-05,1.0,1.0,4.979301452636719
331,20,10540,supports_cannot,0.00018352270126342773,0.00018352270126342773,0.00018352270126342773,1.8058633941109292e-05,1.0,1.0,10.16260051727295
332,31,8254,supports_cannot,0.00018343329429626465,0.00018343329429626465,0.00018343329429626465,4.5929420593893155e-05,1.0,1.0,3.9938080310821533
333,16,7051,suppresses_cannot,-0.00018334388732910156,0.00018334388732910156,0.00018334388732910156,6.737482181051746e-05,0.0,1.0,2.721252202987671
334,28,12278,supports_cannot,0.00018291175365447998,0.00018291175365447998,0.00018291175365447998,6.529790698550642e-05,1.0,1.0,2.8011887073516846
335,31,8345,supports_cannot,0.000182420015335083,0.000182420015335083,0.000182420015335083,4.26536425948143e-05,1.0,1.0,4.2767744064331055
336,21,5307,suppresses_cannot,-0.00018203258514404297,0.00018203258514404297,0.00018203258514404297,4.1697785491123796e-05,0.0,1.0,4.365521430969238
337,15,6692,supports_cannot,0.00018192827701568604,0.00018192827701568604,0.00018192827701568604,0.00011093233479186893,1.0,1.0,1.6399931907653809
338,29,10815,supports_cannot,0.0001818239688873291,0.0001818239688873291,0.0001818239688873291,6.143648352008313e-05,1.0,1.0,2.9595439434051514
339,4,11627,suppresses_cannot,-0.00018177926540374756,0.00018177926540374756,0.00018201768398284912,0.00031268654856830835,0.25,0.75,0.5813466310501099
340,31,8489,supports_cannot,0.00018170475959777832,0.00018170475959777832,0.00018170475959777832,2.752939508354757e-05,1.0,1.0,6.6003899574279785
341,16,5924,suppresses_cannot,-0.00018164515495300293,0.00018164515495300293,0.00018164515495300293,0.00013675699301529676,0.0,1.0,1.328233003616333
342,24,4379,suppresses_cannot,-0.0001815706491470337,0.0001815706491470337,0.0001815706491470337,9.93315115920268e-05,0.0,1.0,1.8279259204864502
343,17,2299,supports_cannot,0.00018124282360076904,0.00018124282360076904,0.00018124282360076904,8.779257768765092e-05,1.0,1.0,2.064443588256836
344,26,13873,suppresses_cannot,-0.00018121302127838135,0.00018121302127838135,0.00018121302127838135,9.777558443602175e-05,0.0,1.0,1.8533565998077393
345,16,104,supports_cannot,0.00018095970153808594,0.00018095970153808594,0.00018095970153808594,6.981610204093158e-05,1.0,1.0,2.5919480323791504
346,19,10624,supports_cannot,0.0001806020736694336,0.0001806020736694336,0.0001806020736694336,5.092050923849456e-05,1.0,1.0,3.5467453002929688
347,30,2614,supports_cannot,0.00018034875392913818,0.00018034875392913818,0.00018034875392913818,7.895527960499749e-05,1.0,1.0,2.284188747406006
348,25,12046,supports_cannot,0.00018021464347839355,0.00018021464347839355,0.00018021464347839355,0.00011486723815323785,1.0,1.0,1.5688951015472412
349,30,1384,supports_cannot,0.000179976224899292,0.000179976224899292,0.000179976224899292,5.0637459935387596e-05,1.0,1.0,3.554211139678955
350,28,435,suppresses_cannot,-0.0001798570156097412,0.0001798570156097412,0.0001798570156097412,3.9120393921621144e-05,0.0,1.0,4.597525596618652
351,29,4104,suppresses_cannot,-0.00017949938774108887,0.00017949938774108887,0.00017949938774108887,7.601584366057068e-05,0.0,1.0,2.361341714859009
352,31,4786,suppresses_cannot,-0.00017920136451721191,0.00017920136451721191,0.00017920136451721191,1.2995828910788987e-05,0.0,1.0,13.789143562316895
353,16,1575,supports_cannot,0.00017914175987243652,0.00017914175987243652,0.00017914175987243652,5.9759855503216386e-05,1.0,1.0,2.9976940155029297
354,27,13732,supports_cannot,0.00017875432968139648,0.00017875432968139648,0.00017875432968139648,4.940657163388096e-05,1.0,1.0,3.618027448654175
355,29,6141,suppresses_cannot,-0.0001786351203918457,0.0001786351203918457,0.0001786351203918457,1.1086303857155144e-05,0.0,1.0,16.113134384155273
356,22,3766,suppresses_cannot,-0.00017827749252319336,0.00017827749252319336,0.0002219080924987793,0.0001650976191740483,0.25,0.75,1.0798307657241821
357,20,8083,supports_cannot,0.00017823278903961182,0.00017823278903961182,0.00017823278903961182,4.92787039547693e-05,1.0,1.0,3.6168320178985596
358,19,11795,supports_cannot,0.00017786026000976562,0.00017786026000976562,0.00017786026000976562,2.616976598801557e-05,1.0,1.0,6.7964019775390625
359,25,11171,suppresses_cannot,-0.00017753243446350098,0.00017753243446350098,0.00017753243446350098,6.004216993460432e-05,0.0,1.0,2.9567956924438477
360,8,6528,suppresses_cannot,-0.00017739832401275635,0.00017739832401275635,0.00025247037410736084,0.00039596797432750463,0.75,0.75,0.4480117857456207
361,31,1157,suppresses_cannot,-0.00017717480659484863,0.00017717480659484863,0.00017717480659484863,3.621887299232185e-05,0.0,1.0,4.891781330108643
362,31,1997,suppresses_cannot,-0.0001771301031112671,0.0001771301031112671,0.0001771301031112671,6.304131966317073e-05,0.0,1.0,2.809746026992798
363,20,12254,suppresses_cannot,-0.00017702579498291016,0.00017702579498291016,0.00017702579498291016,7.236293458845466e-05,0.0,1.0,2.4463601112365723
364,15,5095,supports_cannot,0.00017696619033813477,0.00017696619033813477,0.00017696619033813477,8.476754010189325e-05,1.0,1.0,2.0876646041870117
365,24,10631,supports_cannot,0.000176161527633667,0.000176161527633667,0.000176161527633667,4.702767910202965e-05,1.0,1.0,3.7459115982055664
366,30,13943,supports_cannot,0.00017580389976501465,0.00017580389976501465,0.00017580389976501465,3.440405271248892e-05,1.0,1.0,5.109976291656494
367,25,4322,suppresses_cannot,-0.00017563998699188232,0.00017563998699188232,0.00017563998699188232,8.793605957180262e-05,0.0,1.0,1.9973602294921875
368,31,10514,supports_cannot,0.0001754462718963623,0.0001754462718963623,0.0001754462718963623,6.059189036022872e-05,1.0,1.0,2.895540475845337
369,19,12390,suppresses_cannot,-0.00017540156841278076,0.00017540156841278076,0.00017540156841278076,8.048101153690368e-05,0.0,1.0,2.179415464401245
370,19,2606,suppresses_cannot,-0.00017528235912322998,0.00017528235912322998,0.00017528235912322998,6.83981561451219e-05,0.0,1.0,2.5626766681671143
371,30,1529,suppresses_cannot,-0.00017528235912322998,0.00017528235912322998,0.00017528235912322998,0.000139814947033301,0.0,1.0,1.2536739110946655
372,27,12821,supports_cannot,0.00017520785331726074,0.00017520785331726074,0.00017520785331726074,4.6107910748105496e-05,1.0,1.0,3.7999520301818848
373,27,4309,supports_cannot,0.00017505884170532227,0.00017505884170532227,0.00017505884170532227,0.00012414348020683974,1.0,1.0,1.4101332426071167
374,19,6427,suppresses_cannot,-0.00017498433589935303,0.00017498433589935303,0.00017498433589935303,5.607014463748783e-05,0.0,1.0,3.1208112239837646
375,19,10772,supports_cannot,0.00017480552196502686,0.00017480552196502686,0.00017480552196502686,7.759562868159264e-05,1.0,1.0,2.2527754306793213
376,18,14012,supports_cannot,0.00017465651035308838,0.00017465651035308838,0.00017465651035308838,6.180763739394024e-05,1.0,1.0,2.825807809829712
377,31,2549,supports_cannot,0.00017440319061279297,0.00017440319061279297,0.00017440319061279297,6.033998215571046e-05,1.0,1.0,2.8903419971466064
378,29,12400,suppresses_cannot,-0.00017431378364562988,0.00017431378364562988,0.00017431378364562988,2.3422635422321036e-05,0.0,1.0,7.442107677459717
379,4,4391,supports_cannot,0.00017417967319488525,0.00017417967319488525,0.00017417967319488525,6.080217644921504e-05,1.0,1.0,2.864694595336914
380,29,6444,suppresses_cannot,-0.0001735389232635498,0.0001735389232635498,0.0001735389232635498,2.4884260710678063e-05,0.0,1.0,6.973842144012451
381,25,9489,supports_cannot,0.00017330050468444824,0.00017330050468444824,0.00017330050468444824,3.093720806646161e-05,1.0,1.0,5.601685523986816
382,15,13269,suppresses_cannot,-0.00017312169075012207,0.00017312169075012207,0.00017312169075012207,0.00010330330405849963,0.0,1.0,1.6758582592010498
383,17,11833,supports_cannot,0.00017301738262176514,0.00017301738262176514,0.00017301738262176514,8.135825919453055e-05,1.0,1.0,2.1266112327575684
384,9,4237,suppresses_cannot,-0.0001729726791381836,0.0001729726791381836,0.0001729726791381836,0.00029326751246117055,0.0,1.0,0.5898119211196899
385,28,11641,supports_cannot,0.00017279386520385742,0.00017279386520385742,0.00017279386520385742,0.00010108527931151912,1.0,1.0,1.7093870639801025
386,18,5765,suppresses_cannot,-0.00017219781875610352,0.00017219781875610352,0.00017219781875610352,8.241989417001605e-05,0.0,1.0,2.0892748832702637
387,31,5553,supports_cannot,0.00017189979553222656,0.00017189979553222656,0.00017189979553222656,5.965499076410197e-05,1.0,1.0,2.881566047668457
388,15,1706,supports_cannot,0.00017181038856506348,0.00017181038856506348,0.00017181038856506348,2.9808565159328282e-05,1.0,1.0,5.763792514801025
389,17,12441,supports_cannot,0.00017161667346954346,0.00017161667346954346,0.00017161667346954346,4.805863500223495e-05,1.0,1.0,3.5709850788116455
390,16,6213,supports_cannot,0.00017148256301879883,0.00017148256301879883,0.00017148256301879883,2.428221887385007e-05,1.0,1.0,7.062062740325928
391,16,8827,supports_cannot,0.00017127394676208496,0.00017127394676208496,0.00017127394676208496,7.517611811636016e-05,1.0,1.0,2.2783026695251465
392,20,13350,suppresses_cannot,-0.00017119944095611572,0.00017119944095611572,0.00017119944095611572,9.163254435406998e-05,0.0,1.0,1.8683257102966309
393,18,2401,supports_cannot,0.000170975923538208,0.000170975923538208,0.000170975923538208,2.9749509849352762e-05,1.0,1.0,5.7471842765808105
394,31,9628,suppresses_cannot,-0.00017079710960388184,0.00017079710960388184,0.00017079710960388184,1.4139090126263909e-05,0.0,1.0,12.079779624938965
395,27,3739,suppresses_cannot,-0.00017064809799194336,0.00017064809799194336,0.00017064809799194336,6.85826744302176e-05,0.0,1.0,2.4882099628448486
396,19,9739,supports_cannot,0.0001701563596725464,0.0001701563596725464,0.0001701563596725464,7.68352547311224e-05,1.0,1.0,2.2145609855651855
397,27,8242,supports_cannot,0.00017014145851135254,0.00017014145851135254,0.00017014145851135254,2.037805643340107e-05,1.0,1.0,8.349247932434082
398,24,6314,supports_cannot,0.0001700669527053833,0.0001700669527053833,0.0001700669527053833,4.561561217997223e-05,1.0,1.0,3.728261947631836
399,24,10897,suppresses_cannot,-0.00016999244689941406,0.00016999244689941406,0.00016999244689941406,5.7177709095412865e-05,0.0,1.0,2.9730544090270996
400,31,3493,supports_cannot,0.00016993284225463867,0.00016993284225463867,0.00016993284225463867,5.5535827414132655e-05,1.0,1.0,3.059877634048462
401,16,11949,supports_cannot,0.0001697838306427002,0.0001697838306427002,0.0001697838306427002,4.2178646253887564e-05,1.0,1.0,4.025350570678711
402,18,2016,supports_cannot,0.00016976892948150635,0.00016976892948150635,0.00016976892948150635,7.405581709463149e-05,1.0,1.0,2.292445659637451
403,19,10070,suppresses_cannot,-0.0001697242259979248,0.0001697242259979248,0.0001697242259979248,4.830156467505731e-05,0.0,1.0,3.513845205307007
404,21,1011,suppresses_cannot,-0.00016964972019195557,0.00016964972019195557,0.00021879374980926514,0.00015864757006056607,0.25,0.75,1.0693496465682983
405,27,7424,suppresses_cannot,-0.00016953051090240479,0.00016953051090240479,0.00016953051090240479,7.814510172465816e-05,0.0,1.0,2.1694324016571045
406,23,3252,supports_cannot,0.00016924738883972168,0.00016924738883972168,0.00016924738883972168,2.8994749300181866e-05,1.0,1.0,5.8371734619140625
407,29,13822,suppresses_cannot,-0.00016896426677703857,0.00016896426677703857,0.00016896426677703857,8.393941971007735e-05,0.0,1.0,2.0129311084747314
408,31,11691,supports_cannot,0.00016859173774719238,0.00016859173774719238,0.00016859173774719238,2.9878681743866764e-05,1.0,1.0,5.642542362213135
409,24,5457,suppresses_cannot,-0.0001685619354248047,0.0001685619354248047,0.0001685619354248047,0.0001001104392344132,0.0,1.0,1.6837598085403442
410,27,14126,suppresses_cannot,-0.00016811490058898926,0.00016811490058898926,0.00016811490058898926,3.971847036154941e-05,0.0,1.0,4.232663154602051
411,27,2478,suppresses_cannot,-0.00016798079013824463,0.00016798079013824463,0.00016798079013824463,4.152960536885075e-05,0.0,1.0,4.044844150543213
412,23,13376,supports_cannot,0.00016798079013824463,0.00016798079013824463,0.00016798079013824463,9.896870324155316e-05,1.0,1.0,1.6973122358322144
413,17,7426,supports_cannot,0.0001675039529800415,0.0001675039529800415,0.0001675039529800415,8.82124004419893e-05,1.0,1.0,1.898870825767517
414,23,12110,supports_cannot,0.00016748905181884766,0.00016748905181884766,0.00016748905181884766,3.403075606911443e-05,1.0,1.0,4.921696662902832
415,30,3786,suppresses_cannot,-0.00016698241233825684,0.00016698241233825684,0.00016698241233825684,5.638072616420686e-05,0.0,1.0,2.961693286895752
416,21,1653,supports_cannot,0.00016655027866363525,0.00016655027866363525,0.00016655027866363525,6.0886755818501115e-05,1.0,1.0,2.735410690307617
417,18,10716,suppresses_cannot,-0.00016629695892333984,0.00016629695892333984,0.0001742243766784668,0.00010880037007154897,0.25,0.75,1.5284595489501953
418,31,39,suppresses_cannot,-0.00016626715660095215,0.00016626715660095215,0.00016626715660095215,5.5521166359540075e-05,0.0,1.0,2.9946625232696533
419,30,5974,supports_cannot,0.00016616284847259521,0.00016616284847259521,0.00016616284847259521,7.76641900301911e-05,1.0,1.0,2.1395039558410645
420,23,5263,suppresses_cannot,-0.00016614794731140137,0.00016614794731140137,0.00016614794731140137,0.0001029811319313012,0.0,1.0,1.6133824586868286
421,28,14332,supports_cannot,0.00016610324382781982,0.00016610324382781982,0.00016610324382781982,0.0001267796178581193,1.0,1.0,1.3101730346679688
422,29,10165,suppresses_cannot,-0.00016610324382781982,0.00016610324382781982,0.00016610324382781982,5.186349881114438e-05,0.0,1.0,3.20270037651062
423,24,6529,supports_cannot,0.00016602873802185059,0.00016602873802185059,0.00016602873802185059,9.867207700153813e-05,1.0,1.0,1.6826313734054565
424,31,12222,supports_cannot,0.00016582012176513672,0.00016582012176513672,0.00016582012176513672,5.653015978168696e-05,1.0,1.0,2.9333035945892334
425,17,11818,supports_cannot,0.00016567111015319824,0.00016567111015319824,0.00016567111015319824,2.1829688193975016e-05,1.0,1.0,7.589256286621094
426,21,3593,suppresses_cannot,-0.00016549229621887207,0.00016549229621887207,0.00016549229621887207,1.9929777408833615e-05,0.0,1.0,8.303770065307617
427,16,2831,supports_cannot,0.0001649409532546997,0.0001649409532546997,0.0001649409532546997,4.712038935394958e-05,1.0,1.0,3.500415802001953
428,26,4692,suppresses_cannot,-0.00016449391841888428,0.00016449391841888428,0.00016449391841888428,7.321071461774409e-05,0.0,1.0,2.2468557357788086
429,15,3726,suppresses_cannot,-0.0001642853021621704,0.0001642853021621704,0.0001642853021621704,4.738802454085089e-05,0.0,1.0,3.466810464859009
430,30,7433,supports_cannot,0.00016412138938903809,0.00016412138938903809,0.00016412138938903809,2.0374220184748992e-05,1.0,1.0,8.05534553527832
431,16,11405,suppresses_cannot,-0.00016386806964874268,0.00016386806964874268,0.00016386806964874268,5.385389886214398e-05,0.0,1.0,3.0428264141082764
432,22,7652,supports_cannot,0.0001637786626815796,0.0001637786626815796,0.0001637786626815796,7.054504385450855e-05,1.0,1.0,2.3216183185577393
433,25,3650,supports_cannot,0.0001637488603591919,0.0001637488603591919,0.0001637488603591919,3.193811789969914e-05,1.0,1.0,5.127066612243652
434,31,12889,suppresses_cannot,-0.00016367435455322266,0.00016367435455322266,0.00016367435455322266,6.591621786355972e-05,0.0,1.0,2.4830665588378906
435,30,12996,suppresses_cannot,-0.00016318261623382568,0.00016318261623382568,0.00016318261623382568,2.5759565687621944e-05,0.0,1.0,6.334835052490234
436,27,6455,suppresses_cannot,-0.0001630038022994995,0.0001630038022994995,0.0001630038022994995,7.418230234179646e-05,0.0,1.0,2.197340726852417
437,26,8456,supports_cannot,0.00016288459300994873,0.00016288459300994873,0.00016288459300994873,2.8918677344336174e-05,1.0,1.0,5.632504463195801
438,28,10181,supports_cannot,0.00016286969184875488,0.00016286969184875488,0.00016286969184875488,5.4614600230706856e-05,1.0,1.0,2.982163906097412
439,28,4372,suppresses_cannot,-0.0001627802848815918,0.0001627802848815918,0.0001627802848815918,7.306082989089191e-05,0.0,1.0,2.228010416030884
440,24,12919,supports_cannot,0.00016254186630249023,0.00016254186630249023,0.00016254186630249023,2.1614143406623043e-05,1.0,1.0,7.5201616287231445
441,21,3002,suppresses_cannot,-0.00016251206398010254,0.00016251206398010254,0.00016251206398010254,5.605907062999904e-05,0.0,1.0,2.8989431858062744
442,12,5006,supports_cannot,0.00016221404075622559,0.00016221404075622559,0.00019928812980651855,0.00015044116298668087,0.75,0.75,1.0782556533813477
443,18,4408,suppresses_cannot,-0.00016210973262786865,0.00016210973262786865,0.00016210973262786865,6.975625728955492e-05,0.0,1.0,2.3239452838897705
444,31,2012,supports_cannot,0.0001620948314666748,0.0001620948314666748,0.0001620948314666748,6.263698742259294e-05,1.0,1.0,2.5878453254699707
445,24,5163,suppresses_cannot,-0.00016191601753234863,0.00016191601753234863,0.00016191601753234863,6.819512782385573e-05,0.0,1.0,2.37430477142334
446,31,12917,suppresses_cannot,-0.00016179680824279785,0.00016179680824279785,0.00016179680824279785,6.621576176257804e-05,0.0,1.0,2.44347882270813
447,12,4926,supports_cannot,0.0001612454652786255,0.0001612454652786255,0.0001612454652786255,0.00012382472050376236,1.0,1.0,1.302207350730896
448,17,3258,supports_cannot,0.00016120076179504395,0.00016120076179504395,0.00016120076179504395,0.00011113811342511326,1.0,1.0,1.4504543542861938
449,31,12930,supports_cannot,0.00016120076179504395,0.00016120076179504395,0.00016120076179504395,2.8534677767311223e-05,1.0,1.0,5.649292945861816
450,27,13710,supports_cannot,0.00016103684902191162,0.00016103684902191162,0.00016103684902191162,4.682047074311413e-05,1.0,1.0,3.4394538402557373
451,29,13368,supports_cannot,0.00016102194786071777,0.00016102194786071777,0.00016102194786071777,2.340154242119752e-05,1.0,1.0,6.880825519561768
452,19,11092,supports_cannot,0.00016085803508758545,0.00016085803508758545,0.00016085803508758545,3.586891034501605e-05,1.0,1.0,4.484609127044678
453,20,8363,suppresses_cannot,-0.00016072392463684082,0.00016072392463684082,0.00016072392463684082,3.5061657399637625e-05,0.0,1.0,4.584036827087402
454,27,5147,supports_cannot,0.00016036629676818848,0.00016036629676818848,0.00016036629676818848,1.2620816960406955e-05,1.0,1.0,12.706490516662598
455,20,436,supports_cannot,0.0001599341630935669,0.0001599341630935669,0.0001599341630935669,0.0001232922513736412,1.0,1.0,1.297195553779602
456,14,1406,supports_cannot,0.00015988945960998535,0.00015988945960998535,0.00016394257545471191,0.00011712709965649992,0.75,0.75,1.3650935888290405
457,15,4768,suppresses_cannot,-0.00015980005264282227,0.00015980005264282227,0.00023090839385986328,0.00023608692572452128,0.25,0.75,0.6768695712089539
458,27,2647,suppresses_cannot,-0.00015978515148162842,0.00015978515148162842,0.00015978515148162842,7.093780732247978e-05,0.0,1.0,2.2524681091308594
459,18,4318,suppresses_cannot,-0.00015971064567565918,0.00015971064567565918,0.00015971064567565918,1.2988445632799994e-05,0.0,1.0,12.296361923217773
460,25,2849,suppresses_cannot,-0.0001596212387084961,0.0001596212387084961,0.0001596212387084961,1.3303724699653685e-05,0.0,1.0,11.998235702514648
461,13,8310,supports_cannot,0.000159531831741333,0.000159531831741333,0.00018969178199768066,0.00016127586422953755,0.75,0.75,0.9891860485076904
462,26,5326,suppresses_cannot,-0.00015939772129058838,0.00015939772129058838,0.00015939772129058838,9.068944200407714e-05,0.0,1.0,1.7576216459274292
463,24,5249,supports_cannot,0.00015932321548461914,0.00015932321548461914,0.00015932321548461914,1.9169821825926192e-05,1.0,1.0,8.31114673614502
464,27,6678,supports_cannot,0.0001591891050338745,0.0001591891050338745,0.0001591891050338745,5.5148298997664824e-05,1.0,1.0,2.886564254760742
465,4,3757,suppresses_cannot,-0.00015914440155029297,0.00015914440155029297,0.00016251206398010254,0.00027731398586183786,0.5,0.5,0.5738780498504639
466,12,13954,supports_cannot,0.00015911459922790527,0.00015911459922790527,0.00015911459922790527,8.550179336452857e-05,1.0,1.0,1.8609504699707031
467,29,10085,supports_cannot,0.00015908479690551758,0.00015908479690551758,0.00015908479690551758,3.810937414527871e-05,1.0,1.0,4.174427032470703
468,27,9238,supports_cannot,0.00015886127948760986,0.00015886127948760986,0.00015886127948760986,9.069959924090654e-05,1.0,1.0,1.7515102624893188
469,25,14266,supports_cannot,0.00015881657600402832,0.00015881657600402832,0.00015881657600402832,2.023898014158476e-05,1.0,1.0,7.8470635414123535
470,24,684,supports_cannot,0.00015863776206970215,0.00015863776206970215,0.00015863776206970215,7.2719499257800635e-06,1.0,1.0,21.815021514892578
471,12,7966,supports_cannot,0.00015838444232940674,0.00015838444232940674,0.00015838444232940674,0.00010306857438990846,1.0,1.0,1.5366899967193604
472,22,4544,suppresses_cannot,-0.00015829503536224365,0.00015829503536224365,0.00015829503536224365,9.365290316054597e-05,0.0,1.0,1.6902309656143188
473,19,7437,suppresses_cannot,-0.00015804171562194824,0.00015804171562194824,0.00015804171562194824,3.0677623726660386e-05,0.0,1.0,5.151693344116211
474,25,8858,suppresses_cannot,-0.00015801191329956055,0.00015801191329956055,0.00015801191329956055,8.968854672275484e-05,0.0,1.0,1.7617847919464111
475,19,7128,supports_cannot,0.00015792250633239746,0.00015792250633239746,0.00015792250633239746,5.639686787617393e-05,1.0,1.0,2.8001999855041504
476,7,5920,suppresses_cannot,-0.00015777349472045898,0.00015777349472045898,0.00018095970153808594,0.00029979145620018244,0.5,0.5,0.526277482509613
477,25,1476,supports_cannot,0.00015766918659210205,0.00015766918659210205,0.00015766918659210205,7.038318290142342e-05,1.0,1.0,2.240154266357422
478,21,9236,suppresses_cannot,-0.00015746057033538818,0.00015746057033538818,0.00015746057033538818,5.00773785461206e-05,0.0,1.0,3.144345283508301
479,7,13587,supports_cannot,0.0001571178436279297,0.0001571178436279297,0.00016072392463684082,0.00027326704002916813,0.75,0.75,0.5749608278274536
480,19,14292,suppresses_cannot,-0.000157088041305542,0.000157088041305542,0.00017917156219482422,0.00017931930779013783,0.25,0.75,0.8760241270065308
481,30,6296,supports_cannot,0.0001570284366607666,0.0001570284366607666,0.0001570284366607666,2.151577064068988e-05,1.0,1.0,7.2982940673828125
482,30,13029,suppresses_cannot,-0.0001569688320159912,0.0001569688320159912,0.0001569688320159912,1.1786771210609004e-05,0.0,1.0,13.31737232208252
483,31,1418,suppresses_cannot,-0.00015687942504882812,0.00015687942504882812,0.00015687942504882812,4.226578676025383e-05,0.0,1.0,3.711735486984253
484,30,2450,supports_cannot,0.00015658140182495117,0.00015658140182495117,0.00015658140182495117,6.057043356122449e-05,1.0,1.0,2.5851128101348877
485,19,2059,supports_cannot,0.000156402587890625,0.000156402587890625,0.000156402587890625,3.672652383102104e-05,1.0,1.0,4.258573055267334
486,19,7010,suppresses_cannot,-0.00015527009963989258,0.00015527009963989258,0.00015527009963989258,1.6444077118649147e-05,0.0,1.0,9.442310333251953
487,31,9360,suppresses_cannot,-0.00015527009963989258,0.00015527009963989258,0.00015527009963989258,2.7172985937795602e-05,0.0,1.0,5.714134216308594
488,21,14329,supports_cannot,0.00015516579151153564,0.00015516579151153564,0.00015516579151153564,2.9617252948810346e-05,1.0,1.0,5.2390336990356445
489,19,5488,suppresses_cannot,-0.0001548677682876587,0.0001548677682876587,0.0001548677682876587,5.885339851374738e-05,0.0,1.0,2.631415843963623
490,28,3341,suppresses_cannot,-0.0001548677682876587,0.0001548677682876587,0.00015632808208465576,0.00010332644160371274,0.25,0.75,1.4988203048706055
491,17,8131,supports_cannot,0.000154837965965271,0.000154837965965271,0.000154837965965271,2.14729971048655e-05,1.0,1.0,7.210821628570557
492,31,3034,suppresses_cannot,-0.0001547485589981079,0.0001547485589981079,0.0001547485589981079,3.5302819014759734e-05,0.0,1.0,4.383461952209473
493,17,5150,supports_cannot,0.00015461444854736328,0.00015461444854736328,0.00015461444854736328,4.639393591787666e-05,1.0,1.0,3.332643508911133
494,15,7441,suppresses_cannot,-0.00015453994274139404,0.00015453994274139404,0.00015453994274139404,0.0001193031421280466,0.0,1.0,1.295355200767517
495,28,10332,suppresses_cannot,-0.00015416741371154785,0.00015416741371154785,0.00015416741371154785,2.576429324108176e-05,0.0,1.0,5.983762264251709
496,27,12493,supports_cannot,0.00015406310558319092,0.00015406310558319092,0.00015406310558319092,7.241491402965039e-05,1.0,1.0,2.127505302429199
497,17,1858,suppresses_cannot,-0.00015400350093841553,0.00015400350093841553,0.00015400350093841553,6.0910937463631853e-05,0.0,1.0,2.528339147567749
498,27,6752,suppresses_cannot,-0.00015375018119812012,0.00015375018119812012,0.00015375018119812012,0.00011118190013803542,0.0,1.0,1.3828705549240112
499,13,9457,suppresses_cannot,-0.00015372037887573242,0.00015372037887573242,0.00015372037887573242,0.00013124231190886348,0.0,1.0,1.1712714433670044
500,20,243,supports_cannot,0.00015369057655334473,0.00015369057655334473,0.00015369057655334473,3.9474332879763097e-05,1.0,1.0,3.893430709838867
501,21,2449,suppresses_cannot,-0.00015369057655334473,0.00015369057655334473,0.00015369057655334473,5.852066169609316e-05,0.0,1.0,2.6262617111206055
502,18,13565,suppresses_cannot,-0.00015357136726379395,0.00015357136726379395,0.00015357136726379395,2.4118808141793124e-05,0.0,1.0,6.367286205291748
503,28,6953,supports_cannot,0.0001535564661026001,0.0001535564661026001,0.0001535564661026001,4.969419751432724e-05,1.0,1.0,3.0900280475616455
504,29,6468,supports_cannot,0.00015354156494140625,0.00015354156494140625,0.00015354156494140625,6.41994847683236e-05,1.0,1.0,2.391632318496704
505,27,3365,supports_cannot,0.00015333294868469238,0.00015333294868469238,0.00015333294868469238,6.308195588644594e-05,1.0,1.0,2.430694341659546
506,25,4812,suppresses_cannot,-0.0001533031463623047,0.0001533031463623047,0.0001533031463623047,3.3209471439477056e-05,0.0,1.0,4.616247653961182
507,23,11026,supports_cannot,0.0001532435417175293,0.0001532435417175293,0.0001767277717590332,0.00018264545360580087,0.5,0.5,0.8390219211578369
508,29,5440,suppresses_cannot,-0.0001531541347503662,0.0001531541347503662,0.0001531541347503662,2.3317435989156365e-05,0.0,1.0,6.568222999572754
509,26,13641,suppresses_cannot,-0.0001529604196548462,0.0001529604196548462,0.0001529604196548462,5.8415964304003865e-05,0.0,1.0,2.618469476699829
510,16,12032,suppresses_cannot,-0.00015263259410858154,0.00015263259410858154,0.00015263259410858154,5.874553244211711e-05,0.0,1.0,2.5981991291046143
511,26,8671,suppresses_cannot,-0.00015246868133544922,0.00015246868133544922,0.00015246868133544922,7.836947770556435e-05,0.0,1.0,1.945510983467102
512,25,627,supports_cannot,0.00015239417552947998,0.00015239417552947998,0.00015239417552947998,7.60169277782552e-05,1.0,1.0,2.004739999771118
513,31,13738,supports_cannot,0.00015239417552947998,0.00015239417552947998,0.00015239417552947998,0.00010685915185604244,1.0,1.0,1.4261218309402466
514,31,8214,suppresses_cannot,-0.00015215575695037842,0.00015215575695037842,0.00015215575695037842,3.955003558075987e-05,0.0,1.0,3.8471710681915283
515,21,1874,suppresses_cannot,-0.00015212595462799072,0.00015212595462799072,0.00015212595462799072,8.743971557123587e-05,0.0,1.0,1.7397810220718384
516,21,8624,supports_cannot,0.0001519620418548584,0.0001519620418548584,0.0001519620418548584,2.6458203137735836e-05,1.0,1.0,5.743474960327148
517,14,4484,supports_cannot,0.00015152990818023682,0.00015152990818023682,0.00015152990818023682,0.00010481174831511453,1.0,1.0,1.4457340240478516
518,19,9047,suppresses_cannot,-0.00015142560005187988,0.00015142560005187988,0.00015142560005187988,2.6130961487069726e-05,0.0,1.0,5.794872283935547
519,14,2248,suppresses_cannot,-0.0001513957977294922,0.0001513957977294922,0.0001513957977294922,5.20782959938515e-05,0.0,1.0,2.9070804119110107
520,14,6382,supports_cannot,0.00015109777450561523,0.00015109777450561523,0.00015109777450561523,3.948118319385685e-05,1.0,1.0,3.8270833492279053
521,30,11097,suppresses_cannot,-0.0001510530710220337,0.0001510530710220337,0.0001510530710220337,3.645330434665084e-05,0.0,1.0,4.143741607666016
522,26,8427,suppresses_cannot,-0.000151023268699646,0.000151023268699646,0.000151023268699646,5.418305590865202e-05,0.0,1.0,2.787278652191162
523,30,1124,supports_cannot,0.0001509338617324829,0.0001509338617324829,0.0001509338617324829,3.785336957662366e-05,1.0,1.0,3.9873297214508057
524,27,7985,suppresses_cannot,-0.00015078485012054443,0.00015078485012054443,0.00015078485012054443,9.036505070980638e-05,0.0,1.0,1.668619155883789
525,19,8097,supports_cannot,0.00015048682689666748,0.00015048682689666748,0.00015048682689666748,5.0365102651994675e-05,1.0,1.0,2.9879186153411865
526,25,2181,suppresses_cannot,-0.00015038251876831055,0.00015038251876831055,0.00015038251876831055,5.635383422486484e-05,0.0,1.0,2.6685409545898438
527,22,7977,supports_cannot,0.00015029311180114746,0.00015029311180114746,0.00015029311180114746,5.5157415772555396e-05,1.0,1.0,2.7248034477233887
528,31,4852,supports_cannot,0.0001501142978668213,0.0001501142978668213,0.0001501142978668213,3.510763053782284e-05,1.0,1.0,4.27583122253418
529,20,5957,supports_cannot,0.00014986097812652588,0.00014986097812652588,0.00014986097812652588,2.8072598070139065e-05,1.0,1.0,5.33833646774292
530,30,309,suppresses_cannot,-0.00014966726303100586,0.00014966726303100586,0.00014966726303100586,0.00010799301526276395,0.0,1.0,1.3858976364135742
531,12,4319,supports_cannot,0.00014947354793548584,0.00014947354793548584,0.00017251074314117432,0.00015228554548230022,0.75,0.75,0.9815347194671631
532,17,9331,suppresses_cannot,-0.0001493692398071289,0.0001493692398071289,0.0001493692398071289,1.7895097698783502e-05,0.0,1.0,8.346935272216797
533,22,2851,suppresses_cannot,-0.00014922022819519043,0.00014922022819519043,0.00014922022819519043,1.1231759344809689e-05,0.0,1.0,13.285560607910156
534,23,3123,suppresses_cannot,-0.00014895200729370117,0.00014895200729370117,0.00014895200729370117,6.376403325702995e-05,0.0,1.0,2.3359878063201904
535,30,2137,supports_cannot,0.00014890730381011963,0.00014890730381011963,0.00014890730381011963,6.888886855449528e-05,1.0,1.0,2.1615583896636963
536,16,8569,supports_cannot,0.0001487135887145996,0.0001487135887145996,0.0001551508903503418,0.00020663860777858645,0.75,0.75,0.719679594039917
537,29,1101,suppresses_cannot,-0.00014865398406982422,0.00014865398406982422,0.00014865398406982422,5.625245103146881e-05,0.0,1.0,2.642622232437134
538,10,9940,supports_cannot,0.00014856457710266113,0.00014856457710266113,0.00014856457710266113,0.00016129801224451512,1.0,1.0,0.9210564494132996
539,24,6847,supports_cannot,0.0001484006643295288,0.0001484006643295288,0.0001484006643295288,2.091071473842021e-05,1.0,1.0,7.096871376037598
540,25,4293,supports_cannot,0.0001483708620071411,0.0001483708620071411,0.0001483708620071411,9.122733172262087e-05,1.0,1.0,1.626386046409607
541,22,8713,supports_cannot,0.00014825165271759033,0.00014825165271759033,0.00014825165271759033,3.9602102333446965e-05,1.0,1.0,3.743529796600342
542,16,10444,suppresses_cannot,-0.00014823675155639648,0.00014823675155639648,0.00014823675155639648,4.4594511564355344e-05,0.0,1.0,3.3241031169891357
543,27,9862,supports_cannot,0.00014810264110565186,0.00014810264110565186,0.00014810264110565186,3.68459259334486e-05,1.0,1.0,4.019512176513672
544,17,7285,supports_cannot,0.00014807283878326416,0.00014807283878326416,0.00014807283878326416,2.4900205971789546e-05,1.0,1.0,5.946650505065918
545,14,5424,suppresses_cannot,-0.0001480579376220703,0.0001480579376220703,0.0001480579376220703,6.771628250135109e-05,0.0,1.0,2.1864452362060547
546,29,14092,supports_cannot,0.00014802813529968262,0.00014802813529968262,0.00014802813529968262,5.654376946040429e-05,1.0,1.0,2.617938995361328
547,20,10996,supports_cannot,0.00014796853065490723,0.00014796853065490723,0.00014796853065490723,2.0069048332516104e-05,1.0,1.0,7.372971057891846
548,28,6412,supports_cannot,0.000147894024848938,0.000147894024848938,0.000147894024848938,6.112158007454127e-05,1.0,1.0,2.4196696281433105
549,18,8652,supports_cannot,0.00014775991439819336,0.00014775991439819336,0.00014775991439819336,6.075089186197147e-05,1.0,1.0,2.4322261810302734
550,17,4581,supports_cannot,0.00014753639698028564,0.00014753639698028564,0.00014753639698028564,0.00015245296526700258,1.0,1.0,0.9677502512931824
551,29,5,supports_cannot,0.00014734268188476562,0.00014734268188476562,0.00014734268188476562,7.690047641517594e-05,1.0,1.0,1.916017770767212
552,13,10963,supports_cannot,0.00014719367027282715,0.00014719367027282715,0.00014719367027282715,0.00010508953710086644,1.0,1.0,1.400650143623352
553,20,1788,suppresses_cannot,-0.00014698505401611328,0.00014698505401611328,0.00014698505401611328,1.3046746971667744e-05,0.0,1.0,11.266030311584473
554,29,8437,suppresses_cannot,-0.00014698505401611328,0.00014698505401611328,0.00014698505401611328,5.9675072407117113e-05,0.0,1.0,2.46308970451355
555,25,1685,supports_cannot,0.00014656782150268555,0.00014656782150268555,0.00014656782150268555,2.0392890291986987e-05,1.0,1.0,7.187201499938965
556,28,459,suppresses_cannot,-0.0001464635133743286,0.0001464635133743286,0.0001464635133743286,3.439837018959224e-05,0.0,1.0,4.257862091064453
557,30,12248,supports_cannot,0.00014635920524597168,0.00014635920524597168,0.00014635920524597168,1.0487496183486655e-05,1.0,1.0,13.955589294433594
558,25,1216,suppresses_cannot,-0.00014609098434448242,0.00014609098434448242,0.00014609098434448242,1.9445644284132868e-05,0.0,1.0,7.512786388397217
559,16,6127,supports_cannot,0.00014607608318328857,0.00014607608318328857,0.00014607608318328857,2.896293153753504e-05,1.0,1.0,5.043552875518799
560,19,3009,supports_cannot,0.00014601647853851318,0.00014601647853851318,0.00014601647853851318,0.00013848803064320236,1.0,1.0,1.0543617010116577
561,27,3387,suppresses_cannot,-0.0001459866762161255,0.0001459866762161255,0.0001459866762161255,3.585434751585126e-05,0.0,1.0,4.071659088134766
562,23,4985,supports_cannot,0.0001459270715713501,0.0001459270715713501,0.0001459270715713501,6.922461034264416e-05,1.0,1.0,2.108022928237915
563,23,11466,suppresses_cannot,-0.0001458972692489624,0.0001458972692489624,0.0001458972692489624,5.2444302127696574e-05,0.0,1.0,2.781946897506714
564,23,12583,supports_cannot,0.000145643949508667,0.000145643949508667,0.000145643949508667,3.69230801879894e-05,1.0,1.0,3.944523334503174
565,20,11241,supports_cannot,0.0001455247402191162,0.0001455247402191162,0.0001455247402191162,1.830054316087626e-05,1.0,1.0,7.951934814453125
566,18,10365,suppresses_cannot,-0.00014549493789672852,0.00014549493789672852,0.00014549493789672852,2.8849417503806762e-05,0.0,1.0,5.043253421783447
567,25,13151,suppresses_cannot,-0.00014542043209075928,0.00014542043209075928,0.00014542043209075928,3.640463910414837e-05,0.0,1.0,3.9945576190948486
568,20,11425,suppresses_cannot,-0.00014534592628479004,0.00014534592628479004,0.00014534592628479004,3.9322749216808006e-05,0.0,1.0,3.696229934692383
569,23,9544,suppresses_cannot,-0.00014513731002807617,0.00014513731002807617,0.00014513731002807617,4.2426574509590864e-05,0.0,1.0,3.420905590057373
570,27,2723,supports_cannot,0.00014513731002807617,0.00014513731002807617,0.00014513731002807617,5.790292925667018e-05,1.0,1.0,2.5065624713897705
571,17,4209,suppresses_cannot,-0.0001449882984161377,0.0001449882984161377,0.00018668174743652344,0.00019702193094417453,0.25,0.75,0.7358992695808411
572,19,7180,suppresses_cannot,-0.0001446455717086792,0.0001446455717086792,0.0001446455717086792,7.664623262826353e-05,0.0,1.0,1.8871843814849854
573,31,12423,supports_cannot,0.0001446455717086792,0.0001446455717086792,0.0001446455717086792,3.4968103136634454e-05,1.0,1.0,4.136500358581543
574,19,1391,suppresses_cannot,-0.0001446157693862915,0.0001446157693862915,0.0001446157693862915,4.8369129217462614e-05,0.0,1.0,2.9898362159729004
575,25,3071,suppresses_cannot,-0.00014454126358032227,0.00014454126358032227,0.00014454126358032227,7.053807348711416e-05,0.0,1.0,2.049124002456665
576,15,13260,suppresses_cannot,-0.00014449656009674072,0.00014449656009674072,0.00014449656009674072,7.843561616027728e-05,0.0,1.0,1.8422315120697021
577,29,11680,suppresses_cannot,-0.00014448165893554688,0.00014448165893554688,0.00014448165893554688,3.125205330434255e-05,0.0,1.0,4.623109340667725
578,28,2344,supports_cannot,0.0001443326473236084,0.0001443326473236084,0.0001443326473236084,2.1198042304604314e-05,1.0,1.0,6.808772087097168
579,29,7959,supports_cannot,0.0001443028450012207,0.0001443028450012207,0.0001443028450012207,2.756088179012295e-05,1.0,1.0,5.235784530639648
580,24,5463,suppresses_cannot,-0.00014428794384002686,0.00014428794384002686,0.00014428794384002686,5.982607399346307e-05,0.0,1.0,2.411790370941162
581,26,1810,suppresses_cannot,-0.00014409422874450684,0.00014409422874450684,0.00014409422874450684,2.9558059395640157e-05,0.0,1.0,4.874955177307129
582,18,7417,suppresses_cannot,-0.0001439899206161499,0.0001439899206161499,0.0003914684057235718,0.0005327804828993976,0.5,0.5,0.2702612578868866
583,1,2427,supports_cannot,0.00014391541481018066,0.00014391541481018066,0.00014391541481018066,9.031125227920711e-05,1.0,1.0,1.593549132347107
584,21,763,supports_cannot,0.00014382600784301758,0.00014382600784301758,0.00014382600784301758,4.931934017804451e-05,1.0,1.0,2.9162192344665527
585,11,2963,suppresses_cannot,-0.00014357268810272217,0.00014357268810272217,0.0001478344202041626,0.00015341913967859,0.25,0.75,0.9358199238777161
586,26,12294,suppresses_cannot,-0.00014346837997436523,0.00014346837997436523,0.00014346837997436523,4.932222145725973e-05,0.0,1.0,2.9087979793548584
587,29,3783,suppresses_cannot,-0.00014327466487884521,0.00014327466487884521,0.00014327466487884521,2.4020981072681025e-05,0.0,1.0,5.964562892913818
588,22,1570,suppresses_cannot,-0.0001430511474609375,0.0001430511474609375,0.0001430511474609375,5.0812865083571523e-05,0.0,1.0,2.8152544498443604
589,28,10304,suppresses_cannot,-0.00014290213584899902,0.00014290213584899902,0.00014290213584899902,3.5359007597435266e-05,0.0,1.0,4.041463375091553
590,25,8904,supports_cannot,0.00014287233352661133,0.00014287233352661133,0.00014287233352661133,2.178115573769901e-05,1.0,1.0,6.559446334838867
591,31,12606,supports_cannot,0.0001427680253982544,0.0001427680253982544,0.0001427680253982544,2.907702946686186e-05,1.0,1.0,4.9099931716918945
592,31,9922,suppresses_cannot,-0.00014269351959228516,0.00014269351959228516,0.00014269351959228516,2.898441016441211e-05,0.0,1.0,4.923112392425537
593,31,6266,suppresses_cannot,-0.00014258921146392822,0.00014258921146392822,0.00014258921146392822,6.544001371366903e-05,0.0,1.0,2.1789300441741943
594,28,9431,suppresses_cannot,-0.0001424252986907959,0.0001424252986907959,0.0001424252986907959,5.853566835867241e-05,0.0,1.0,2.4331369400024414
595,17,3428,suppresses_cannot,-0.0001423656940460205,0.0001423656940460205,0.0001423656940460205,5.353070446290076e-05,0.0,1.0,2.6595146656036377
596,30,2087,suppresses_cannot,-0.0001423358917236328,0.0001423358917236328,0.0001423358917236328,1.648776924412232e-05,0.0,1.0,8.632816314697266
597,29,12090,supports_cannot,0.00014227628707885742,0.00014227628707885742,0.00014227628707885742,3.109015233349055e-05,1.0,1.0,4.576249122619629
598,8,11350,suppresses_cannot,-0.00014227628707885742,0.00014227628707885742,0.00014787912368774414,0.0002502066199667752,0.5,0.5,0.5686351656913757
599,25,8692,suppresses_cannot,-0.00014224648475646973,0.00014224648475646973,0.00014224648475646973,1.521364083600929e-05,0.0,1.0,9.349929809570312
600,30,5183,suppresses_cannot,-0.00014220178127288818,0.00014220178127288818,0.00014220178127288818,1.9209550373489037e-05,0.0,1.0,7.402659893035889
601,31,10620,suppresses_cannot,-0.00014200806617736816,0.00014200806617736816,0.00014200806617736816,5.7547375035937876e-05,0.0,1.0,2.467672348022461
602,22,12624,supports_cannot,0.00014196336269378662,0.00014196336269378662,0.00014196336269378662,5.490759576787241e-05,1.0,1.0,2.585495948791504
603,31,12776,suppresses_cannot,-0.0001417994499206543,0.0001417994499206543,0.0001417994499206543,3.5529617889551446e-05,0.0,1.0,3.991020917892456
604,25,7837,suppresses_cannot,-0.0001417398452758789,0.0001417398452758789,0.0001417398452758789,3.6062239814782515e-05,0.0,1.0,3.930422782897949
605,15,1236,supports_cannot,0.00014172494411468506,0.00014172494411468506,0.00014685094356536865,0.00012781260011252016,0.75,0.75,1.1088495254516602
606,19,11694,supports_cannot,0.00014168024063110352,0.00014168024063110352,0.00014168024063110352,7.425741205224767e-05,1.0,1.0,1.9079608917236328
607,17,3526,suppresses_cannot,-0.00014162063598632812,0.00014162063598632812,0.00014162063598632812,7.961686060298234e-05,0.0,1.0,1.778777003288269
608,23,4077,supports_cannot,0.0001415461301803589,0.0001415461301803589,0.0001415461301803589,6.941499304957688e-05,1.0,1.0,2.0391290187835693
609,21,9230,suppresses_cannot,-0.0001415461301803589,0.0001415461301803589,0.0001415461301803589,5.475194120663218e-05,0.0,1.0,2.585225820541382
610,29,3311,suppresses_cannot,-0.00014150142669677734,0.00014150142669677734,0.00014150142669677734,3.08816488541197e-05,0.0,1.0,4.582055568695068
611,30,13251,supports_cannot,0.00014147162437438965,0.00014147162437438965,0.00014147162437438965,1.908417107188143e-05,1.0,1.0,7.413033962249756
612,17,5313,supports_cannot,0.00014144182205200195,0.00014144182205200195,0.00014144182205200195,3.974065839429386e-05,1.0,1.0,3.5591213703155518
613,31,8680,supports_cannot,0.00014112889766693115,0.00014112889766693115,0.00014112889766693115,1.59450155479135e-05,1.0,1.0,8.850972175598145
614,15,3758,supports_cannot,0.00014105439186096191,0.00014105439186096191,0.00014105439186096191,2.9589053156087175e-05,1.0,1.0,4.76711368560791
615,20,14291,suppresses_cannot,-0.00014105439186096191,0.00014105439186096191,0.00014105439186096191,6.915008998475969e-05,0.0,1.0,2.0398294925689697
616,21,4010,supports_cannot,0.00014095008373260498,0.00014095008373260498,0.00014095008373260498,4.4697710109176114e-05,1.0,1.0,3.153407335281372
617,17,4,suppresses_cannot,-0.0001407712697982788,0.0001407712697982788,0.0001407712697982788,6.800133269280195e-05,0.0,1.0,2.070125102996826
618,30,5689,supports_cannot,0.00014021992683410645,0.00014021992683410645,0.00014021992683410645,2.3429611246683635e-05,1.0,1.0,5.9847307205200195
619,28,5239,supports_cannot,0.0001401454210281372,0.0001401454210281372,0.00014100968837738037,9.625363600207493e-05,0.75,0.75,1.4560012817382812
620,23,2240,supports_cannot,0.00013999640941619873,0.00013999640941619873,0.00013999640941619873,4.182864722679369e-05,1.0,1.0,3.34690260887146
621,30,2549,supports_cannot,0.0001398324966430664,0.0001398324966430664,0.0001398324966430664,4.852610800298862e-05,1.0,1.0,2.8815929889678955
622,14,1441,supports_cannot,0.0001398026943206787,0.0001398026943206787,0.0001398026943206787,4.683077349909581e-05,1.0,1.0,2.985274076461792
623,17,6842,suppresses_cannot,-0.00013965368270874023,0.00013965368270874023,0.00013965368270874023,4.700645513366908e-05,0.0,1.0,2.970947027206421
624,8,2253,supports_cannot,0.0001396387815475464,0.0001396387815475464,0.0001396387815475464,0.0001274228561669588,1.0,1.0,1.0958691835403442
625,21,11574,supports_cannot,0.00013950467109680176,0.00013950467109680176,0.00013950467109680176,4.443072612048127e-05,1.0,1.0,3.139824151992798
626,19,1450,suppresses_cannot,-0.00013944506645202637,0.00013944506645202637,0.00013944506645202637,2.936003693321254e-05,0.0,1.0,4.749485015869141
627,17,9729,supports_cannot,0.00013935565948486328,0.00013935565948486328,0.00013935565948486328,7.312355592148378e-05,1.0,1.0,1.9057559967041016
628,27,8531,supports_cannot,0.0001392364501953125,0.0001392364501953125,0.0001392364501953125,7.750708027742803e-05,1.0,1.0,1.7964352369308472
629,25,13395,supports_cannot,0.00013908743858337402,0.00013908743858337402,0.00013908743858337402,2.7985173801425844e-05,1.0,1.0,4.9700398445129395
630,29,430,suppresses_cannot,-0.00013907253742218018,0.00013907253742218018,0.00013907253742218018,2.1440006094053388e-05,0.0,1.0,6.4865899085998535
631,31,5565,suppresses_cannot,-0.00013905763626098633,0.00013905763626098633,0.00013905763626098633,2.4084185497486033e-05,0.0,1.0,5.773814678192139
632,31,13741,suppresses_cannot,-0.000138893723487854,0.000138893723487854,0.0001491457223892212,0.00011583790183067322,0.25,0.75,1.1990351676940918
633,27,4641,suppresses_cannot,-0.00013878941535949707,0.00013878941535949707,0.00013878941535949707,3.810386260738596e-05,0.0,1.0,3.64239764213562
634,25,11654,supports_cannot,0.00013865530490875244,0.00013865530490875244,0.00013865530490875244,3.4091885027009994e-05,1.0,1.0,4.067105770111084
635,16,12849,supports_cannot,0.0001386404037475586,0.0001386404037475586,0.0001386404037475586,6.685160042252392e-05,1.0,1.0,2.0738532543182373
636,22,7694,supports_cannot,0.00013837218284606934,0.00013837218284606934,0.00013837218284606934,7.884516526246443e-05,1.0,1.0,1.75498628616333
637,30,10348,suppresses_cannot,-0.00013837218284606934,0.00013837218284606934,0.00013837218284606934,3.0446059099631384e-05,0.0,1.0,4.544830322265625
638,20,3796,suppresses_cannot,-0.00013810396194458008,0.00013810396194458008,0.00013810396194458008,2.469211904099211e-05,0.0,1.0,5.5930376052856445
639,24,4380,suppresses_cannot,-0.00013807415962219238,0.00013807415962219238,0.00013807415962219238,5.168249481357634e-05,0.0,1.0,2.6715846061706543
640,20,1620,suppresses_cannot,-0.0001373887062072754,0.0001373887062072754,0.0001373887062072754,4.139320662943646e-05,0.0,1.0,3.3191123008728027
641,22,7467,supports_cannot,0.0001373887062072754,0.0001373887062072754,0.0001373887062072754,7.109879516065121e-05,1.0,1.0,1.9323633909225464
642,24,9705,supports_cannot,0.00013722479343414307,0.00013722479343414307,0.00013722479343414307,4.770871237269603e-05,1.0,1.0,2.8763046264648438
643,30,12598,supports_cannot,0.00013709068298339844,0.00013709068298339844,0.00013709068298339844,3.9443573768949136e-05,1.0,1.0,3.4756152629852295
644,23,4089,suppresses_cannot,-0.00013703107833862305,0.00013703107833862305,0.00013703107833862305,5.8021392760565504e-05,0.0,1.0,2.3617336750030518
645,17,9707,supports_cannot,0.00013703107833862305,0.00013703107833862305,0.00013703107833862305,3.924670454580337e-05,1.0,1.0,3.4915308952331543
646,24,6802,suppresses_cannot,-0.00013691186904907227,0.00013691186904907227,0.00013691186904907227,5.486268491949886e-05,0.0,1.0,2.495537281036377
647,19,484,supports_cannot,0.00013689696788787842,0.00013689696788787842,0.00013689696788787842,2.66406550508691e-05,1.0,1.0,5.138648509979248
648,22,2572,supports_cannot,0.00013688206672668457,0.00013688206672668457,0.00013688206672668457,1.2369759133434854e-05,1.0,1.0,11.065862655639648
649,17,5345,supports_cannot,0.00013685226440429688,0.00013685226440429688,0.00013849139213562012,0.00010452191781951115,0.75,0.75,1.3093163967132568
650,11,5147,suppresses_cannot,-0.00013683736324310303,0.00013683736324310303,0.00013683736324310303,7.170897879404947e-05,0.0,1.0,1.9082319736480713
651,24,6363,supports_cannot,0.00013682246208190918,0.00013682246208190918,0.00013682246208190918,5.943815267528407e-05,1.0,1.0,2.3019299507141113
652,31,11085,supports_cannot,0.000136643648147583,0.000136643648147583,0.000136643648147583,9.508998482488096e-05,1.0,1.0,1.4369930028915405
653,28,1016,supports_cannot,0.00013659894466400146,0.00013659894466400146,0.00013659894466400146,4.5953063818160444e-05,1.0,1.0,2.9725754261016846
654,24,1484,suppresses_cannot,-0.00013659894466400146,0.00013659894466400146,0.00013659894466400146,2.166652848245576e-05,0.0,1.0,6.3046064376831055
655,16,10631,suppresses_cannot,-0.00013647973537445068,0.00013647973537445068,0.00013647973537445068,7.945697871036828e-05,0.0,1.0,1.7176557779312134
656,29,1567,suppresses_cannot,-0.00013631582260131836,0.00013631582260131836,0.00013631582260131836,5.2880390285281464e-05,0.0,1.0,2.5778143405914307
657,16,4836,supports_cannot,0.0001363009214401245,0.0001363009214401245,0.0001363009214401245,4.159937452641316e-05,1.0,1.0,3.2765138149261475
658,20,9634,suppresses_cannot,-0.00013625621795654297,0.00013625621795654297,0.00013625621795654297,4.7595196519978344e-05,0.0,1.0,2.862814426422119
659,11,3621,supports_cannot,0.00013616681098937988,0.00013616681098937988,0.00013616681098937988,4.026022361358628e-05,1.0,1.0,3.382167339324951
660,27,2874,suppresses_cannot,-0.00013615190982818604,0.00013615190982818604,0.00013615190982818604,3.6058998375665396e-05,0.0,1.0,3.7758095264434814
661,22,344,suppresses_cannot,-0.0001361072063446045,0.0001361072063446045,0.0001361072063446045,5.0963633839273825e-05,0.0,1.0,2.670673131942749
662,23,518,suppresses_cannot,-0.00013591349124908447,0.00013591349124908447,0.00013591349124908447,8.234933920903131e-05,0.0,1.0,1.650450348854065
663,19,2567,suppresses_cannot,-0.00013591349124908447,0.00013591349124908447,0.00013591349124908447,8.952116331784055e-05,0.0,1.0,1.518227458000183
664,24,11848,supports_cannot,0.00013580918312072754,0.00013580918312072754,0.00013580918312072754,1.568890547787305e-05,1.0,1.0,8.65638256072998
665,22,6366,suppresses_cannot,-0.0001357346773147583,0.0001357346773147583,0.0001357346773147583,3.3213251299457625e-05,0.0,1.0,4.08676290512085
666,13,1358,supports_cannot,0.00013558566570281982,0.00013558566570281982,0.00013558566570281982,5.96952268097084e-05,1.0,1.0,2.2712981700897217
667,8,1261,suppresses_cannot,-0.00013543665409088135,0.00013543665409088135,0.00013543665409088135,6.234780448721722e-05,0.0,1.0,2.172276258468628
668,19,8947,supports_cannot,0.00013533234596252441,0.00013533234596252441,0.00013533234596252441,9.786725422600284e-05,1.0,1.0,1.3828153610229492
669,20,10731,suppresses_cannot,-0.00013522803783416748,0.00013522803783416748,0.00013522803783416748,4.14740716223605e-05,0.0,1.0,3.2605440616607666
670,20,3972,supports_cannot,0.00013506412506103516,0.00013506412506103516,0.0007420778274536133,0.0008093721698969603,0.5,0.5,0.1668751835823059
671,29,12938,supports_cannot,0.00013500452041625977,0.00013500452041625977,0.00013500452041625977,5.7597288105171174e-05,1.0,1.0,2.3439388275146484
672,23,1983,suppresses_cannot,-0.00013491511344909668,0.00013491511344909668,0.00013491511344909668,4.171212640358135e-05,0.0,1.0,3.234433889389038
673,16,11065,supports_cannot,0.00013481080532073975,0.00013481080532073975,0.00013481080532073975,5.3279825806384906e-05,1.0,1.0,2.530241012573242
674,16,3096,suppresses_cannot,-0.00013478100299835205,0.00013478100299835205,0.00013478100299835205,2.609810144349467e-05,0.0,1.0,5.164398193359375
675,28,2807,supports_cannot,0.0001347064971923828,0.0001347064971923828,0.0001347064971923828,0.00011553603690117598,1.0,1.0,1.165926218032837
676,24,13724,supports_cannot,0.00013466179370880127,0.00013466179370880127,0.00013466179370880127,3.3524298487463966e-05,1.0,1.0,4.016841411590576
677,21,5101,supports_cannot,0.00013452768325805664,0.00013452768325805664,0.00013452768325805664,7.773317338433117e-05,1.0,1.0,1.730634093284607
678,26,5979,supports_cannot,0.0001345127820968628,0.0001345127820968628,0.0001345127820968628,2.6409141355543397e-05,1.0,1.0,5.093417167663574
679,29,7001,supports_cannot,0.0001344829797744751,0.0001344829797744751,0.0001344829797744751,2.8101627322030254e-05,1.0,1.0,4.785593509674072
680,19,10637,supports_cannot,0.00013440847396850586,0.00013440847396850586,0.00013440847396850586,0.00010290124919265509,1.0,1.0,1.306188941001892
681,19,7322,suppresses_cannot,-0.00013437867164611816,0.00013437867164611816,0.00013437867164611816,7.247653411468491e-05,0.0,1.0,1.8540990352630615
682,27,2827,supports_cannot,0.00013436377048492432,0.00013436377048492432,0.00013436377048492432,2.134155874955468e-05,1.0,1.0,6.295873641967773
683,19,6217,suppresses_cannot,-0.00013409554958343506,0.00013409554958343506,0.00013409554958343506,7.193994679255411e-05,0.0,1.0,1.8639929294586182
684,16,12008,suppresses_cannot,-0.00013406574726104736,0.00013406574726104736,0.00013406574726104736,3.0755341867916286e-05,0.0,1.0,4.359104633331299
685,22,13657,supports_cannot,0.0001339167356491089,0.0001339167356491089,0.0001339167356491089,4.785179044120014e-05,1.0,1.0,2.7985732555389404
686,30,3364,suppresses_cannot,-0.00013358891010284424,0.00013358891010284424,0.00013358891010284424,3.327603553771041e-05,0.0,1.0,4.014567852020264
687,19,13125,supports_cannot,0.0001335740089416504,0.0001335740089416504,0.0001335740089416504,9.581258200341836e-05,1.0,1.0,1.3941175937652588
688,22,12322,suppresses_cannot,-0.000133514404296875,0.000133514404296875,0.000133514404296875,7.567128341179341e-05,0.0,1.0,1.7643998861312866
689,17,5610,supports_cannot,0.00013339519500732422,0.00013339519500732422,0.00013339519500732422,4.02967089030426e-05,1.0,1.0,3.3103249073028564
690,14,9411,suppresses_cannot,-0.00013332068920135498,0.00013332068920135498,0.00013332068920135498,5.856890129507519e-05,0.0,1.0,2.2763051986694336
691,24,6081,suppresses_cannot,-0.00013332068920135498,0.00013332068920135498,0.00013332068920135498,4.5968386984895915e-05,0.0,1.0,2.900269031524658
692,29,2914,supports_cannot,0.00013327598571777344,0.00013327598571777344,0.00022214651107788086,0.000188183767022565,0.75,0.75,0.7082225680351257
693,19,629,supports_cannot,0.0001331716775894165,0.0001331716775894165,0.0001331716775894165,8.243178308475763e-05,1.0,1.0,1.6155380010604858
694,26,2776,supports_cannot,0.00013312697410583496,0.00013312697410583496,0.00013312697410583496,1.9417968360357918e-05,1.0,1.0,6.855864524841309
695,25,6915,suppresses_cannot,-0.00013309717178344727,0.00013309717178344727,0.00013309717178344727,3.279712836956605e-05,0.0,1.0,4.058196067810059
696,17,7337,suppresses_cannot,-0.00013297796249389648,0.00013297796249389648,0.00013297796249389648,4.9015932745533064e-05,0.0,1.0,2.712953805923462
697,24,5857,suppresses_cannot,-0.00013297796249389648,0.00013297796249389648,0.00013297796249389648,5.3733892855234444e-05,0.0,1.0,2.474750280380249
698,27,5658,supports_cannot,0.00013290345668792725,0.00013290345668792725,0.00013290345668792725,2.317518556083087e-05,1.0,1.0,5.7347307205200195
699,14,12639,supports_cannot,0.0001327991485595703,0.0001327991485595703,0.0001327991485595703,4.425523366080597e-05,1.0,1.0,3.000755786895752
700,30,10521,supports_cannot,0.0001327991485595703,0.0001327991485595703,0.0001327991485595703,7.973796164151281e-05,1.0,1.0,1.6654444932937622
701,14,5932,supports_cannot,0.00013276934623718262,0.00013276934623718262,0.00013276934623718262,2.2669735699309967e-05,1.0,1.0,5.856677532196045
702,18,9308,supports_cannot,0.00013275444507598877,0.00013275444507598877,0.00013275444507598877,8.396629709750414e-05,1.0,1.0,1.5810444355010986
703,16,12072,supports_cannot,0.0001325756311416626,0.0001325756311416626,0.0001325756311416626,3.6065892345504835e-05,1.0,1.0,3.6759281158447266
704,30,5025,suppresses_cannot,-0.00013247132301330566,0.00013247132301330566,0.00013247132301330566,2.2424559574574232e-05,0.0,1.0,5.907421112060547
705,14,5439,supports_cannot,0.00013247132301330566,0.00013247132301330566,0.00013247132301330566,3.528880552039482e-05,1.0,1.0,3.7539191246032715
706,29,2740,supports_cannot,0.00013245642185211182,0.00013245642185211182,0.00013245642185211182,1.5235626960929949e-05,1.0,1.0,8.693860054016113
707,31,570,supports_cannot,0.00013235211372375488,0.00013235211372375488,0.00013235211372375488,3.698674845509231e-05,1.0,1.0,3.5783658027648926
708,27,2302,supports_cannot,0.00013227760791778564,0.00013227760791778564,0.00013227760791778564,2.8936730814166367e-05,1.0,1.0,4.571269512176514
709,27,10884,supports_cannot,0.00013205409049987793,0.00013205409049987793,0.00013205409049987793,7.543124229414389e-05,1.0,1.0,1.750655174255371
710,18,5590,supports_cannot,0.00013199448585510254,0.00013199448585510254,0.00013199448585510254,2.7550293452804908e-05,1.0,1.0,4.791037082672119
711,7,6062,suppresses_cannot,-0.00013180077075958252,0.00013180077075958252,0.00013180077075958252,0.00022453836572822183,0.0,1.0,0.5869855284690857
712,21,7208,supports_cannot,0.00013177096843719482,0.00013177096843719482,0.00013177096843719482,4.096173506695777e-05,1.0,1.0,3.216928482055664
713,27,4114,suppresses_cannot,-0.00013172626495361328,0.00013172626495361328,0.00013172626495361328,3.0381534088519402e-05,0.0,1.0,4.3357343673706055
714,16,7454,supports_cannot,0.0001316368579864502,0.0001316368579864502,0.0001316368579864502,5.123007213114761e-05,1.0,1.0,2.5695230960845947
715,30,8891,suppresses_cannot,-0.00013159215450286865,0.00013159215450286865,0.00013159215450286865,1.3094475434627384e-05,0.0,1.0,10.049440383911133
716,19,1479,supports_cannot,0.00013150274753570557,0.00013150274753570557,0.00013150274753570557,0.00010884479706874117,1.0,1.0,1.208167552947998
717,17,12932,suppresses_cannot,-0.00013141334056854248,0.00013141334056854248,0.00013141334056854248,5.647629586746916e-05,0.0,1.0,2.326876163482666
718,17,1143,supports_cannot,0.0001313537359237671,0.0001313537359237671,0.0001313537359237671,4.746787453768775e-05,1.0,1.0,2.7672133445739746
719,29,12911,suppresses_cannot,-0.00013099610805511475,0.00013099610805511475,0.00013099610805511475,3.0654882721137255e-05,0.0,1.0,4.27325439453125
720,31,1123,suppresses_cannot,-0.0001307278871536255,0.0001307278871536255,0.0001307278871536255,4.230169361107983e-05,0.0,1.0,3.090369939804077
721,31,12946,supports_cannot,0.00013068318367004395,0.00013068318367004395,0.00013068318367004395,3.2451938750455156e-05,1.0,1.0,4.026976108551025
722,25,10718,suppresses_cannot,-0.0001306384801864624,0.0001306384801864624,0.0001306384801864624,4.8911493649939075e-05,0.0,1.0,2.6709158420562744
723,23,3040,suppresses_cannot,-0.00013040006160736084,0.00013040006160736084,0.00013040006160736084,6.110473623266444e-05,0.0,1.0,2.1340417861938477
724,21,2485,supports_cannot,0.00013022124767303467,0.00013022124767303467,0.00013022124767303467,2.6802326829056256e-05,1.0,1.0,4.858579635620117
725,23,5948,suppresses_cannot,-0.00013022124767303467,0.00013022124767303467,0.00013022124767303467,5.5296943173743784e-05,0.0,1.0,2.3549447059631348
726,30,10308,suppresses_cannot,-0.0001300722360610962,0.0001300722360610962,0.0001300722360610962,3.805672167800367e-05,0.0,1.0,3.4178519248962402
727,26,13357,supports_cannot,0.00013002753257751465,0.00013002753257751465,0.00013002753257751465,2.865172064048238e-05,1.0,1.0,4.538209915161133
728,9,2374,suppresses_cannot,-0.00012989342212677002,0.00012989342212677002,0.0001852661371231079,0.00026615182287059724,0.5,0.5,0.48804259300231934
729,29,11947,supports_cannot,0.00012986361980438232,0.00012986361980438232,0.00012986361980438232,3.5037326597375795e-05,1.0,1.0,3.7064363956451416
730,26,12789,suppresses_cannot,-0.00012981891632080078,0.00012981891632080078,0.00012981891632080078,2.1036639736848883e-05,0.0,1.0,6.171085834503174
731,21,6216,supports_cannot,0.00012971460819244385,0.00012971460819244385,0.00012971460819244385,1.547141800983809e-05,1.0,1.0,8.384143829345703
732,30,8465,supports_cannot,0.00012971460819244385,0.00012971460819244385,0.00012971460819244385,4.4404347136151046e-05,1.0,1.0,2.9212141036987305
733,15,6996,suppresses_cannot,-0.00012965500354766846,0.00012965500354766846,0.00012965500354766846,0.00010390578245278448,0.0,1.0,1.2478132247924805
734,22,10995,supports_cannot,0.00012953579425811768,0.00012953579425811768,0.00012953579425811768,7.743810419924557e-05,1.0,1.0,1.6727656126022339
735,12,8951,suppresses_cannot,-0.00012947618961334229,0.00012947618961334229,0.00012947618961334229,0.00013768025382887572,0.0,1.0,0.9404122233390808
736,19,12738,suppresses_cannot,-0.00012926757335662842,0.00012926757335662842,0.00012926757335662842,6.177062459755689e-05,0.0,1.0,2.092703104019165
737,15,2753,suppresses_cannot,-0.00012923777103424072,0.00012923777103424072,0.00012923777103424072,3.505939821479842e-05,0.0,1.0,3.6862518787384033
738,27,14038,suppresses_cannot,-0.0001291334629058838,0.0001291334629058838,0.0001291334629058838,7.944680692162365e-05,0.0,1.0,1.6254078149795532
739,23,9335,supports_cannot,0.0001290440559387207,0.0001290440559387207,0.0001290440559387207,2.4709774152142927e-05,1.0,1.0,5.222388744354248
740,15,9221,supports_cannot,0.00012902915477752686,0.00012902915477752686,0.00012902915477752686,8.976575918495655e-05,1.0,1.0,1.4373983144760132
741,20,2651,suppresses_cannot,-0.000129014253616333,0.000129014253616333,0.000129014253616333,2.1908193957642652e-05,0.0,1.0,5.888857841491699
742,21,4675,supports_cannot,0.000128820538520813,0.000128820538520813,0.000128820538520813,2.6494628400541842e-05,1.0,1.0,4.862137794494629
743,19,9759,supports_cannot,0.0001287907361984253,0.0001287907361984253,0.0001287907361984253,1.8807006199494936e-05,1.0,1.0,6.848018169403076
744,0,8092,supports_cannot,0.0001287907361984253,0.0001287907361984253,0.0001287907361984253,2.8451693651732057e-05,1.0,1.0,4.526645183563232
745,15,2500,suppresses_cannot,-0.00012874603271484375,0.00012874603271484375,0.00012874603271484375,5.533808871405199e-05,0.0,1.0,2.326535701751709
746,28,14310,supports_cannot,0.0001287311315536499,0.0001287311315536499,0.0001287311315536499,3.203832602594048e-05,1.0,1.0,4.018035411834717
747,28,5712,suppresses_cannot,-0.00012868642807006836,0.00012868642807006836,0.00012868642807006836,5.833309478475712e-05,0.0,1.0,2.206062078475952
748,31,3430,suppresses_cannot,-0.00012864172458648682,0.00012864172458648682,0.00012864172458648682,3.338813621667214e-05,0.0,1.0,3.852917194366455
749,12,6776,suppresses_cannot,-0.00012840330600738525,0.00012840330600738525,0.00012840330600738525,1.1841717423521914e-05,0.0,1.0,10.843299865722656
750,24,6041,supports_cannot,0.00012832880020141602,0.00012832880020141602,0.00012832880020141602,2.3178390620159917e-05,1.0,1.0,5.5365705490112305
751,31,6424,suppresses_cannot,-0.00012825429439544678,0.00012825429439544678,0.00012825429439544678,3.641183866420761e-05,0.0,1.0,3.5223240852355957
752,18,8746,suppresses_cannot,-0.00012814998626708984,0.00012814998626708984,0.00012814998626708984,4.487665864871815e-05,0.0,1.0,2.855604410171509
753,26,3280,suppresses_cannot,-0.00012798607349395752,0.00012798607349395752,0.00012798607349395752,3.3499756682431325e-05,0.0,1.0,3.820507526397705
754,22,3418,supports_cannot,0.00012786686420440674,0.00012786686420440674,0.00012786686420440674,5.727136885980144e-05,1.0,1.0,2.232649087905884
755,23,8266,supports_cannot,0.00012777745723724365,0.00012777745723724365,0.00012777745723724365,6.003008093102835e-05,1.0,1.0,2.1285572052001953
756,23,13157,supports_cannot,0.00012777745723724365,0.00012777745723724365,0.00012777745723724365,2.715095797611866e-05,1.0,1.0,4.706185817718506
757,31,11299,suppresses_cannot,-0.00012771785259246826,0.00012771785259246826,0.00012771785259246826,1.9049879483645782e-05,0.0,1.0,6.704391002655029
758,27,8122,supports_cannot,0.00012768805027008057,0.00012768805027008057,0.00012768805027008057,3.520300015225075e-05,1.0,1.0,3.627192258834839
759,25,9961,supports_cannot,0.00012768805027008057,0.00012768805027008057,0.00012768805027008057,2.646440771059133e-05,1.0,1.0,4.824896812438965
760,15,283,supports_cannot,0.00012759864330291748,0.00012759864330291748,0.00012759864330291748,8.570485806558281e-05,1.0,1.0,1.4888145923614502
761,30,670,supports_cannot,0.00012758374214172363,0.00012758374214172363,0.00012758374214172363,2.990898792631924e-05,1.0,1.0,4.265732288360596
762,14,3537,supports_cannot,0.00012749433517456055,0.00012749433517456055,0.00012749433517456055,3.734596248250455e-05,1.0,1.0,3.413872003555298
763,7,5370,suppresses_cannot,-0.00012728571891784668,0.00012728571891784668,0.00012791156768798828,0.00021641583589371294,0.25,0.75,0.5881534218788147
764,26,6361,supports_cannot,0.0001271367073059082,0.0001271367073059082,0.0001271367073059082,1.5708454156992957e-05,1.0,1.0,8.093520164489746
765,16,3796,supports_cannot,0.00012694299221038818,0.00012694299221038818,0.00012694299221038818,8.634096593596041e-05,1.0,1.0,1.4702521562576294
766,22,12258,suppresses_cannot,-0.00012692809104919434,0.00012692809104919434,0.00012692809104919434,4.085787440999411e-05,0.0,1.0,3.1065759658813477
767,26,8035,suppresses_cannot,-0.0001269131898880005,0.0001269131898880005,0.0001269131898880005,1.957227141247131e-05,0.0,1.0,6.484335899353027
768,18,6532,supports_cannot,0.00012674927711486816,0.00012674927711486816,0.00012674927711486816,2.8174545150250196e-05,1.0,1.0,4.498715877532959
769,19,13544,supports_cannot,0.00012658536434173584,0.00012658536434173584,0.00012658536434173584,1.3542876331484877e-05,1.0,1.0,9.347006797790527
770,17,2519,suppresses_cannot,-0.0001265108585357666,0.0001265108585357666,0.0001265108585357666,4.9586004024604335e-05,0.0,1.0,2.551342010498047
771,29,314,supports_cannot,0.00012649595737457275,0.00012649595737457275,0.00012649595737457275,2.0742860215250403e-05,1.0,1.0,6.098288536071777
772,7,1531,suppresses_cannot,-0.0001264512538909912,0.0001264512538909912,0.0001264512538909912,0.0002122235018759966,0.0,1.0,0.5958400368690491
773,14,3534,suppresses_cannot,-0.00012637674808502197,0.00012637674808502197,0.00012637674808502197,9.535344725009054e-05,0.0,1.0,1.3253506422042847
774,13,2655,suppresses_cannot,-0.00012618303298950195,0.00012618303298950195,0.00012618303298950195,4.792941763298586e-05,0.0,1.0,2.6326844692230225
775,26,1515,suppresses_cannot,-0.00012618303298950195,0.00012618303298950195,0.00012618303298950195,3.098292290815152e-05,0.0,1.0,4.0726637840271
776,26,10343,supports_cannot,0.00012618303298950195,0.00012618303298950195,0.00012618303298950195,2.75974325631978e-05,1.0,1.0,4.572274208068848
777,23,600,supports_cannot,0.0001261681318283081,0.0001261681318283081,0.0001261681318283081,5.3901476348983124e-05,1.0,1.0,2.3407175540924072
778,30,12257,suppresses_cannot,-0.00012615323066711426,0.00012615323066711426,0.00012615323066711426,4.350196832092479e-05,0.0,1.0,2.8999431133270264
779,23,4802,suppresses_cannot,-0.00012606382369995117,0.00012606382369995117,0.00012606382369995117,4.398011151351966e-05,0.0,1.0,2.866382598876953
780,27,40,supports_cannot,0.00012603402137756348,0.00012603402137756348,0.00012603402137756348,1.4561690477421507e-05,1.0,1.0,8.655177116394043
781,27,5443,supports_cannot,0.00012592971324920654,0.00012592971324920654,0.00012592971324920654,2.7103778847958893e-05,1.0,1.0,4.646204471588135
782,22,1612,suppresses_cannot,-0.00012579560279846191,0.00012579560279846191,0.00012579560279846191,7.64931901358068e-05,0.0,1.0,1.644533395767212
783,19,6125,supports_cannot,0.00012573599815368652,0.00012573599815368652,0.00012573599815368652,7.17215589247644e-05,1.0,1.0,1.753113031387329
784,19,1038,supports_cannot,0.00012570619583129883,0.00012570619583129883,0.00012570619583129883,8.860019443091005e-05,1.0,1.0,1.4188027381896973
785,19,7922,supports_cannot,0.0001255720853805542,0.0001255720853805542,0.0001255720853805542,4.3486099457368255e-05,1.0,1.0,2.8876373767852783
786,1,2829,suppresses_cannot,-0.00012552738189697266,0.00012552738189697266,0.00012552738189697266,4.312710007070564e-05,0.0,1.0,2.9106380939483643
787,26,3674,suppresses_cannot,-0.00012549757957458496,0.00012549757957458496,0.00012549757957458496,1.826571133278776e-05,0.0,1.0,6.870664119720459
788,17,8459,supports_cannot,0.00012540817260742188,0.00012540817260742188,0.00012540817260742188,8.99970928003313e-06,1.0,1.0,13.934690475463867
789,31,4983,supports_cannot,0.000125199556350708,0.000125199556350708,0.000125199556350708,6.994279829086736e-05,1.0,1.0,1.7900278568267822
790,24,7804,suppresses_cannot,-0.00012513995170593262,0.00012513995170593262,0.00012513995170593262,3.109799217781983e-05,0.0,1.0,4.024052619934082
791,29,699,suppresses_cannot,-0.00012511014938354492,0.00012511014938354492,0.00012511014938354492,4.5097796828486025e-05,0.0,1.0,2.7741963863372803
792,14,8357,supports_cannot,0.000125005841255188,0.000125005841255188,0.000125005841255188,3.682200622279197e-05,1.0,1.0,3.3948676586151123
793,19,10739,suppresses_cannot,-0.0001249462366104126,0.0001249462366104126,0.0001249462366104126,6.6502092522569e-05,0.0,1.0,1.8788316249847412
794,21,12033,supports_cannot,0.00012490153312683105,0.00012490153312683105,0.00012490153312683105,2.6124434953089803e-05,1.0,1.0,4.781023025512695
795,22,4396,suppresses_cannot,-0.00012487173080444336,0.00012487173080444336,0.00012487173080444336,9.666974074207246e-05,0.0,1.0,1.2917354106903076
796,20,6783,supports_cannot,0.00012478232383728027,0.00012478232383728027,0.00012478232383728027,5.463337947730906e-05,1.0,1.0,2.283994197845459
797,23,11273,supports_cannot,0.00012467801570892334,0.00012467801570892334,0.00012467801570892334,3.338015449116938e-05,1.0,1.0,3.7350940704345703
798,21,7609,suppresses_cannot,-0.0001246631145477295,0.0001246631145477295,0.0001246631145477295,2.4893361114664003e-05,0.0,1.0,5.007885456085205
799,26,3426,suppresses_cannot,-0.0001245737075805664,0.0001245737075805664,0.0001245737075805664,3.114880382781848e-05,0.0,1.0,3.999309539794922
800,19,20,suppresses_cannot,-0.00012455880641937256,0.00012455880641937256,0.00012455880641937256,1.6835667338455096e-05,0.0,1.0,7.3985066413879395
801,31,12258,suppresses_cannot,-0.00012433528900146484,0.00012433528900146484,0.00012433528900146484,3.60512021870818e-05,0.0,1.0,3.448852777481079
802,22,12913,supports_cannot,0.00012402236461639404,0.00012402236461639404,0.00012402236461639404,2.777612826321274e-05,1.0,1.0,4.465069770812988
803,16,11987,supports_cannot,0.0001239478588104248,0.0001239478588104248,0.0001239478588104248,7.586055289721116e-05,1.0,1.0,1.6338907480239868
804,31,1252,supports_cannot,0.00012390315532684326,0.00012390315532684326,0.00012390315532684326,6.514164851978421e-05,1.0,1.0,1.902057409286499
805,16,5496,suppresses_cannot,-0.00012373924255371094,0.00012373924255371094,0.00012373924255371094,3.372011269675568e-05,0.0,1.0,3.669597625732422
806,25,9166,supports_cannot,0.000123634934425354,0.000123634934425354,0.000123634934425354,1.1115456800325774e-05,1.0,1.0,11.122793197631836
807,16,5905,supports_cannot,0.00012356042861938477,0.00012356042861938477,0.00012829899787902832,9.770641918294132e-05,0.75,0.75,1.2646090984344482
808,14,9164,suppresses_cannot,-0.00012354552745819092,0.00012354552745819092,0.00012354552745819092,6.794935325160623e-05,0.0,1.0,1.8182002305984497
809,28,9040,suppresses_cannot,-0.00012350082397460938,0.00012350082397460938,0.00015169382095336914,0.0001231076748808846,0.25,0.75,1.0031934976577759
810,26,9441,supports_cannot,0.00012347102165222168,0.00012347102165222168,0.00012347102165222168,8.791423169896007e-05,1.0,1.0,1.4044486284255981
811,25,8265,supports_cannot,0.00012345612049102783,0.00012345612049102783,0.00012345612049102783,3.234801260987297e-05,1.0,1.0,3.816497802734375
812,27,2886,suppresses_cannot,-0.0001233816146850586,0.0001233816146850586,0.0001233816146850586,5.131494253873825e-05,0.0,1.0,2.4043993949890137
813,17,12034,supports_cannot,0.00012336671352386475,0.00012336671352386475,0.00012336671352386475,3.6644021747633815e-05,1.0,1.0,3.366626024246216
814,21,8140,supports_cannot,0.0001233220100402832,0.0001233220100402832,0.0001233220100402832,8.047656592680141e-05,1.0,1.0,1.5323965549468994
815,14,174,supports_cannot,0.00012330710887908936,0.00012330710887908936,0.00012330710887908936,5.7531102356733754e-05,1.0,1.0,2.1433122158050537
816,20,8898,supports_cannot,0.00012327730655670166,0.00012327730655670166,0.00012327730655670166,2.6808389520738274e-05,1.0,1.0,4.598459720611572
817,29,643,suppresses_cannot,-0.00012327730655670166,0.00012327730655670166,0.00012327730655670166,3.370215563336387e-05,0.0,1.0,3.657846450805664
818,23,8851,suppresses_cannot,-0.00012320280075073242,0.00012320280075073242,0.00012320280075073242,2.6094754502992146e-05,0.0,1.0,4.721362590789795
819,19,118,suppresses_cannot,-0.00012317299842834473,0.00012317299842834473,0.00012317299842834473,6.471481174230576e-05,0.0,1.0,1.903320074081421
820,29,3852,suppresses_cannot,-0.00012315809726715088,0.00012315809726715088,0.00012315809726715088,3.730204116436653e-05,0.0,1.0,3.301645040512085
821,20,1617,supports_cannot,0.0001230984926223755,0.0001230984926223755,0.0001230984926223755,3.324329372844659e-05,1.0,1.0,3.7029571533203125
822,16,13510,suppresses_cannot,-0.00012308359146118164,0.00012308359146118164,0.00012308359146118164,0.00011707718658726662,0.0,1.0,1.0513029098510742
823,31,4364,suppresses_cannot,-0.00012308359146118164,0.00012308359146118164,0.00012308359146118164,0.00011314675066387281,0.0,1.0,1.0878225564956665
824,29,11848,suppresses_cannot,-0.00012302398681640625,0.00012302398681640625,0.00012302398681640625,3.9619226299691945e-05,0.0,1.0,3.105158805847168
825,21,5972,supports_cannot,0.00012291967868804932,0.00012291967868804932,0.00012291967868804932,2.6267476641805843e-05,1.0,1.0,4.679538726806641
826,16,1038,suppresses_cannot,-0.00012286007404327393,0.00012286007404327393,0.00012286007404327393,0.00012158390018157661,0.0,1.0,1.0104962587356567
827,24,970,supports_cannot,0.00012274086475372314,0.00012274086475372314,0.00012274086475372314,7.83762225182727e-05,1.0,1.0,1.566047191619873
828,3,3271,supports_cannot,0.0001227259635925293,0.0001227259635925293,0.0001227259635925293,3.337205635034479e-05,1.0,1.0,3.677506685256958
829,23,4176,suppresses_cannot,-0.0001226961612701416,0.0001226961612701416,0.0001226961612701416,6.610784475924447e-05,0.0,1.0,1.8560000658035278
830,20,4836,supports_cannot,0.00012268126010894775,0.00012268126010894775,0.00012268126010894775,7.665890007046983e-05,1.0,1.0,1.6003525257110596
831,21,7760,supports_cannot,0.00012268126010894775,0.00012268126010894775,0.00012268126010894775,5.9065019740955904e-05,1.0,1.0,2.077054500579834
832,29,11482,supports_cannot,0.0001226663589477539,0.0001226663589477539,0.0001226663589477539,3.619182461989112e-05,1.0,1.0,3.389338970184326
833,21,3626,suppresses_cannot,-0.00012265145778656006,0.00012265145778656006,0.00012265145778656006,3.4280143154319376e-05,0.0,1.0,3.577915668487549
834,26,5911,supports_cannot,0.00012245774269104004,0.00012245774269104004,0.00012245774269104004,7.538709905929863e-05,1.0,1.0,1.624385952949524
835,18,10836,supports_cannot,0.00012245774269104004,0.00012245774269104004,0.00013697147369384766,0.00010467519314261153,0.75,0.75,1.169883131980896
836,23,2359,supports_cannot,0.00012242794036865234,0.00012242794036865234,0.00012242794036865234,4.7934976464603096e-05,1.0,1.0,2.554041862487793
837,17,11053,suppresses_cannot,-0.00012236833572387695,0.00012236833572387695,0.00012236833572387695,6.463838508352637e-05,0.0,1.0,1.8931218385696411
838,22,10194,suppresses_cannot,-0.00012236833572387695,0.00012236833572387695,0.00012236833572387695,8.142075239447877e-05,0.0,1.0,1.5029133558273315
839,20,4367,suppresses_cannot,-0.00012230873107910156,0.00012230873107910156,0.00012230873107910156,5.412864629761316e-05,0.0,1.0,2.2595934867858887
840,16,10676,suppresses_cannot,-0.00012229382991790771,0.00012229382991790771,0.00012229382991790771,3.236988777644001e-05,0.0,1.0,3.778012275695801
841,25,5652,supports_cannot,0.00012220442295074463,0.00012220442295074463,0.00012220442295074463,5.9934292949037626e-05,1.0,1.0,2.038973331451416
842,26,5578,supports_cannot,0.00012217462062835693,0.00012217462062835693,0.00012217462062835693,2.261006011394784e-05,1.0,1.0,5.40355110168457
843,23,4916,supports_cannot,0.00012211501598358154,0.00012211501598358154,0.00012211501598358154,4.635952791431919e-05,1.0,1.0,2.6340866088867188
844,6,435,suppresses_cannot,-0.00012208521366119385,0.00012208521366119385,0.00013409554958343506,0.00022417072614189237,0.5,0.5,0.5446081757545471
845,19,7875,suppresses_cannot,-0.0001220703125,0.0001220703125,0.00023996829986572266,0.00022860978788230568,0.25,0.75,0.5339680314064026
846,24,1538,suppresses_cannot,-0.00012202560901641846,0.00012202560901641846,0.00012923777103424072,0.00011495161015773192,0.25,0.75,1.0615389347076416
847,30,2361,suppresses_cannot,-0.00012193620204925537,0.00012193620204925537,0.00012193620204925537,4.1552568291081116e-05,0.0,1.0,2.934504508972168
848,15,7021,supports_cannot,0.00012171268463134766,0.00012171268463134766,0.00012171268463134766,2.489566213625949e-05,1.0,1.0,4.88891077041626
849,30,11752,suppresses_cannot,-0.00012157857418060303,0.00012157857418060303,0.00012157857418060303,5.502907151822001e-05,0.0,1.0,2.2093517780303955
850,23,10584,supports_cannot,0.00012142956256866455,0.00012142956256866455,0.00012142956256866455,5.2016202971572056e-05,1.0,1.0,2.334456443786621
851,24,9303,supports_cannot,0.00012136995792388916,0.00012136995792388916,0.00012136995792388916,4.8527705075684935e-05,1.0,1.0,2.501044750213623
852,18,5810,suppresses_cannot,-0.00012134015560150146,0.00012134015560150146,0.00012134015560150146,7.506899419240654e-05,0.0,1.0,1.6163817644119263
853,22,10324,suppresses_cannot,-0.00012134015560150146,0.00012134015560150146,0.00012134015560150146,1.990957389352843e-05,0.0,1.0,6.094562530517578
854,29,6863,suppresses_cannot,-0.00012131035327911377,0.00012131035327911377,0.00012131035327911377,1.6172058167285286e-05,0.0,1.0,7.501230716705322
855,31,3730,supports_cannot,0.00012119114398956299,0.00012119114398956299,0.00014494359493255615,0.00013404831406660378,0.75,0.75,0.9040855765342712
856,30,4799,suppresses_cannot,-0.0001211017370223999,0.0001211017370223999,0.0001211017370223999,2.8860109523520805e-05,0.0,1.0,4.196163177490234
857,15,8452,suppresses_cannot,-0.00012107193470001221,0.00012107193470001221,0.00012107193470001221,5.7096014643320814e-05,0.0,1.0,2.120497226715088
858,16,9219,suppresses_cannot,-0.00012095272541046143,0.00012095272541046143,0.00012095272541046143,8.97469581104815e-05,0.0,1.0,1.3477083444595337
859,15,11604,supports_cannot,0.00012084841728210449,0.00012084841728210449,0.00012084841728210449,3.0391955078812316e-05,1.0,1.0,3.9763288497924805
860,30,2779,supports_cannot,0.00012063980102539062,0.00012063980102539062,0.00012063980102539062,5.881853576283902e-05,1.0,1.0,2.0510506629943848
861,31,2474,supports_cannot,0.00012046098709106445,0.00012046098709106445,0.00012046098709106445,6.491226668003947e-05,1.0,1.0,1.8557507991790771
862,17,11845,supports_cannot,0.00012035667896270752,0.00012035667896270752,0.00012035667896270752,2.5247523808502592e-05,1.0,1.0,4.767068386077881
863,27,9494,suppresses_cannot,-0.00012028217315673828,0.00012028217315673828,0.00012028217315673828,2.5413955881958827e-05,0.0,1.0,4.732917785644531
864,24,5627,supports_cannot,0.00012020766735076904,0.00012020766735076904,0.00012020766735076904,5.2694304031319916e-05,1.0,1.0,2.281226873397827
865,14,8658,supports_cannot,0.0001201927661895752,0.0001201927661895752,0.0001201927661895752,3.929609010810964e-05,1.0,1.0,3.0586442947387695
866,17,12398,supports_cannot,0.0001201629638671875,0.0001201629638671875,0.0001201629638671875,2.1039637431385927e-05,1.0,1.0,5.711265563964844
867,22,8465,supports_cannot,0.0001201331615447998,0.0001201331615447998,0.0001201331615447998,3.339031900395639e-05,1.0,1.0,3.597844123840332
868,17,6949,suppresses_cannot,-0.00012011826038360596,0.00012011826038360596,0.00012011826038360596,1.992558281926904e-05,0.0,1.0,6.028343200683594
869,20,8105,supports_cannot,0.00012011826038360596,0.00012011826038360596,0.00012011826038360596,5.4881078540347517e-05,1.0,1.0,2.1887009143829346
870,26,9795,suppresses_cannot,-0.00012010335922241211,0.00012010335922241211,0.00012010335922241211,2.5767378247110173e-05,0.0,1.0,4.661062240600586
871,14,8006,supports_cannot,0.00012007355690002441,0.00012007355690002441,0.00012007355690002441,6.491581734735519e-05,1.0,1.0,1.84968101978302
872,19,13282,suppresses_cannot,-0.00012007355690002441,0.00012007355690002441,0.00012007355690002441,6.295911589404568e-05,0.0,1.0,1.9071671962738037
873,24,1600,suppresses_cannot,-0.00012005865573883057,0.00012005865573883057,0.00012005865573883057,5.080337723484263e-05,0.0,1.0,2.3632023334503174
874,25,4109,suppresses_cannot,-0.00012001395225524902,0.00012001395225524902,0.00012001395225524902,6.3564300944563e-05,0.0,1.0,1.8880716562271118
875,30,3695,suppresses_cannot,-0.00012001395225524902,0.00012001395225524902,0.00012001395225524902,0.00011774602899095044,0.0,1.0,1.019261121749878
876,26,13342,suppresses_cannot,-0.00011998414993286133,0.00011998414993286133,0.00011998414993286133,4.5751818106509745e-05,0.0,1.0,2.62250018119812
877,16,1754,supports_cannot,0.0001198500394821167,0.0001198500394821167,0.0001198500394821167,7.396246655844152e-05,1.0,1.0,1.6204169988632202
878,28,12031,suppresses_cannot,-0.00011983513832092285,0.00011983513832092285,0.00011983513832092285,4.687386172008701e-05,0.0,1.0,2.5565450191497803
879,13,5017,suppresses_cannot,-0.00011976063251495361,0.00011976063251495361,0.00011976063251495361,7.581145473523065e-05,0.0,1.0,1.5797168016433716
880,18,14009,supports_cannot,0.00011974573135375977,0.00011974573135375977,0.00011974573135375977,6.763950659660622e-05,1.0,1.0,1.7703518867492676
881,21,2568,suppresses_cannot,-0.00011967122554779053,0.00011967122554779053,0.00011967122554779053,3.228025889256969e-05,0.0,1.0,3.7072572708129883
882,24,968,suppresses_cannot,-0.00011958181858062744,0.00011958181858062744,0.00011958181858062744,0.00011075536167481914,0.0,1.0,1.07969331741333
883,27,2270,supports_cannot,0.00011946260929107666,0.00011946260929107666,0.00011946260929107666,1.980948400159832e-05,1.0,1.0,6.030575752258301
884,21,14234,supports_cannot,0.00011944770812988281,0.00011944770812988281,0.00011944770812988281,3.630534411058761e-05,1.0,1.0,3.290086030960083
885,16,12125,suppresses_cannot,-0.00011940300464630127,0.00011940300464630127,0.00011940300464630127,5.223195694270544e-05,0.0,1.0,2.2860143184661865
886,26,1396,supports_cannot,0.00011940300464630127,0.00011940300464630127,0.00011940300464630127,3.8134148780955e-05,1.0,1.0,3.1311306953430176
887,28,10907,suppresses_cannot,-0.00011932849884033203,0.00011932849884033203,0.00011932849884033203,4.852595884585753e-05,0.0,1.0,2.4590651988983154
888,18,11099,supports_cannot,0.00011928379535675049,0.00011928379535675049,0.00011928379535675049,4.212263593217358e-05,1.0,1.0,2.8318216800689697
889,26,5437,suppresses_cannot,-0.00011925399303436279,0.00011925399303436279,0.00011925399303436279,3.368726174812764e-05,0.0,1.0,3.540032148361206
890,24,9306,supports_cannot,0.00011906027793884277,0.00011906027793884277,0.00011906027793884277,4.466775499167852e-05,1.0,1.0,2.66546368598938
891,28,3382,suppresses_cannot,-0.00011897087097167969,0.00011897087097167969,0.00011897087097167969,2.8480699256761e-05,0.0,1.0,4.177245140075684
892,31,1981,suppresses_cannot,-0.00011895596981048584,0.00011895596981048584,0.00011895596981048584,3.3833035558927804e-05,0.0,1.0,3.5159709453582764
893,20,14234,supports_cannot,0.0001188516616821289,0.0001188516616821289,0.0001188516616821289,5.327140024746768e-05,1.0,1.0,2.2310595512390137
894,31,14197,suppresses_cannot,-0.00011883676052093506,0.00011883676052093506,0.00011883676052093506,2.0266077626729384e-05,0.0,1.0,5.863825798034668
895,25,660,suppresses_cannot,-0.00011882185935974121,0.00011882185935974121,0.00011882185935974121,5.595730908680707e-05,0.0,1.0,2.1234376430511475
896,19,9738,supports_cannot,0.00011879205703735352,0.00011879205703735352,0.00011879205703735352,3.076633220189251e-05,1.0,1.0,3.8611056804656982
897,30,717,suppresses_cannot,-0.00011873245239257812,0.00011873245239257812,0.00011873245239257812,2.4459992346237414e-05,0.0,1.0,4.854148864746094
898,19,2811,suppresses_cannot,-0.00011873245239257812,0.00011873245239257812,0.00012180209159851074,0.0001058373527484946,0.25,0.75,1.1218388080596924
899,22,9789,suppresses_cannot,-0.00011871755123138428,0.00011871755123138428,0.00012330710887908936,0.00010789257794385776,0.25,0.75,1.1003310680389404
900,27,10102,supports_cannot,0.00011865794658660889,0.00011865794658660889,0.00011865794658660889,3.127799936919473e-05,1.0,1.0,3.7936551570892334
901,6,9066,supports_cannot,0.00011865794658660889,0.00011865794658660889,0.00012104213237762451,0.00019736257672775537,0.5,0.5,0.601218044757843
902,29,254,suppresses_cannot,-0.00011861324310302734,0.00011861324310302734,0.00011861324310302734,6.378400576068088e-05,0.0,1.0,1.8596079349517822
903,21,5536,supports_cannot,0.0001185983419418335,0.0001185983419418335,0.0001185983419418335,1.1529329640325159e-05,1.0,1.0,10.286663055419922
904,30,3935,suppresses_cannot,-0.00011852383613586426,0.00011852383613586426,0.00011852383613586426,6.19531492702663e-05,0.0,1.0,1.9131203889846802
905,20,10660,supports_cannot,0.00011847913265228271,0.00011847913265228271,0.00011847913265228271,3.0141696697683074e-05,1.0,1.0,3.9307384490966797
906,15,7732,supports_cannot,0.00011841952800750732,0.00011841952800750732,0.00011841952800750732,4.903878289042041e-05,1.0,1.0,2.414813756942749
907,3,4345,suppresses_cannot,-0.00011838972568511963,0.00011838972568511963,0.00011955201625823975,0.0002064002037514001,0.75,0.75,0.5735930800437927
908,19,3480,suppresses_cannot,-0.00011837482452392578,0.00011837482452392578,0.00011837482452392578,8.467182487947866e-05,0.0,1.0,1.3980426788330078
909,31,11077,supports_cannot,0.00011830031871795654,0.00011830031871795654,0.00011830031871795654,4.2982872400898486e-05,1.0,1.0,2.7522664070129395
910,22,6451,suppresses_cannot,-0.00011827051639556885,0.00011827051639556885,0.00011827051639556885,3.636744077084586e-05,0.0,1.0,3.25209903717041
911,30,1127,suppresses_cannot,-0.00011827051639556885,0.00011827051639556885,0.00011827051639556885,2.5778177587199025e-05,0.0,1.0,4.588008880615234
912,20,10890,supports_cannot,0.00011824071407318115,0.00011824071407318115,0.00011824071407318115,5.096853055874817e-05,1.0,1.0,2.3198769092559814
913,26,12832,suppresses_cannot,-0.0001179724931716919,0.0001179724931716919,0.0001179724931716919,4.334686673246324e-05,0.0,1.0,2.7215921878814697
914,15,10816,supports_cannot,0.0001179724931716919,0.0001179724931716919,0.0001179724931716919,3.502700928947888e-05,1.0,1.0,3.3680436611175537
915,26,9463,supports_cannot,0.0001179128885269165,0.0001179128885269165,0.0001179128885269165,5.244447311270051e-05,1.0,1.0,2.248337745666504
916,17,4093,supports_cannot,0.00011783838272094727,0.00011783838272094727,0.00011783838272094727,3.8438687624875456e-05,1.0,1.0,3.0656192302703857
917,30,9250,supports_cannot,0.00011767446994781494,0.00011767446994781494,0.00011767446994781494,3.4754371881717816e-05,1.0,1.0,3.385889768600464
918,23,10571,suppresses_cannot,-0.00011757016181945801,0.00011757016181945801,0.00011757016181945801,2.710463377297856e-05,0.0,1.0,4.337640285491943
919,22,7005,supports_cannot,0.00011742115020751953,0.00011742115020751953,0.00011742115020751953,9.874221723293886e-05,1.0,1.0,1.1891686916351318
920,22,11009,suppresses_cannot,-0.00011740624904632568,0.00011740624904632568,0.00011740624904632568,3.617590482463129e-05,0.0,1.0,3.245426654815674
921,30,13145,supports_cannot,0.00011739134788513184,0.00011739134788513184,0.00011739134788513184,2.7673426302499138e-05,1.0,1.0,4.242023944854736
922,9,12078,suppresses_cannot,-0.00011739134788513184,0.00011739134788513184,0.0001233816146850586,0.00018857336544897407,0.25,0.75,0.6225234866142273
923,12,13464,suppresses_cannot,-0.00011727213859558105,0.00011727213859558105,0.00011727213859558105,7.022376667009667e-05,0.0,1.0,1.6699779033660889
924,24,9260,supports_cannot,0.00011724233627319336,0.00011724233627319336,0.00011724233627319336,6.726989522576332e-05,1.0,1.0,1.7428648471832275
925,31,11443,supports_cannot,0.00011724233627319336,0.00011724233627319336,0.00011724233627319336,4.089499998372048e-05,1.0,1.0,2.8669111728668213
926,12,1577,supports_cannot,0.00011716783046722412,0.00011716783046722412,0.00011716783046722412,7.270590867847204e-05,1.0,1.0,1.6115310192108154
927,29,3237,suppresses_cannot,-0.00011704862117767334,0.00011704862117767334,0.00011704862117767334,1.2264977158338297e-05,0.0,1.0,9.543320655822754
928,30,4614,suppresses_cannot,-0.00011701881885528564,0.00011701881885528564,0.00011701881885528564,1.8608077880344354e-05,0.0,1.0,6.288602828979492
929,31,13814,suppresses_cannot,-0.00011701881885528564,0.00011701881885528564,0.00011701881885528564,3.372001810930669e-05,0.0,1.0,3.4703071117401123
930,22,6812,suppresses_cannot,-0.00011698901653289795,0.00011698901653289795,0.00011698901653289795,4.317749335314147e-05,0.0,1.0,2.7094907760620117
931,1,198,supports_cannot,0.00011695921421051025,0.00011695921421051025,0.00013266503810882568,0.0001453110744478181,0.75,0.75,0.8048884868621826
932,17,12117,suppresses_cannot,-0.00011686980724334717,0.00011686980724334717,0.00011686980724334717,5.406657874118537e-05,0.0,1.0,2.161590576171875
933,16,10820,supports_cannot,0.00011685490608215332,0.00011685490608215332,0.00011685490608215332,5.234008131083101e-05,1.0,1.0,2.2326083183288574
934,19,10040,suppresses_cannot,-0.00011685490608215332,0.00011685490608215332,0.00011685490608215332,5.136401523486711e-05,0.0,1.0,2.2750344276428223
935,22,336,supports_cannot,0.000116690993309021,0.000116690993309021,0.000116690993309021,8.019264350878075e-05,1.0,1.0,1.4551334381103516
936,19,1040,supports_cannot,0.00011667609214782715,0.00011667609214782715,0.00011667609214782715,5.210715244174935e-05,1.0,1.0,2.23915696144104
937,18,6422,suppresses_cannot,-0.0001166611909866333,0.0001166611909866333,0.0001166611909866333,0.00011696537694660947,0.0,1.0,0.9973993301391602
938,20,619,supports_cannot,0.00011660158634185791,0.00011660158634185791,0.00011660158634185791,3.0611739930463955e-05,1.0,1.0,3.8090479373931885
939,24,12981,supports_cannot,0.00011658668518066406,0.00011658668518066406,0.00011658668518066406,8.445903222309425e-05,1.0,1.0,1.380393385887146
940,14,7687,supports_cannot,0.00011655688285827637,0.00011655688285827637,0.00015527009963989258,0.0001336285495199263,0.75,0.75,0.8722453713417053
941,22,12691,supports_cannot,0.00011654198169708252,0.00011654198169708252,0.00011654198169708252,2.992050394823309e-05,1.0,1.0,3.8950538635253906
942,19,8345,suppresses_cannot,-0.0001163780689239502,0.0001163780689239502,0.0001163780689239502,4.976139098289423e-05,0.0,1.0,2.3387222290039062
943,27,7629,supports_cannot,0.00011627376079559326,0.00011627376079559326,0.00011627376079559326,3.037379792658612e-05,1.0,1.0,3.828094005584717
944,16,5657,suppresses_cannot,-0.00011627376079559326,0.00011627376079559326,0.00011627376079559326,5.971976861474104e-05,0.0,1.0,1.9469894170761108
945,29,9302,suppresses_cannot,-0.00011625885963439941,0.00011625885963439941,0.00011625885963439941,5.1693783461814746e-05,0.0,1.0,2.248991012573242
946,28,5216,suppresses_cannot,-0.00011615455150604248,0.00011615455150604248,0.00011615455150604248,3.430342621868476e-05,0.0,1.0,3.386091947555542
947,31,3616,supports_cannot,0.00011597573757171631,0.00011597573757171631,0.00011597573757171631,5.762347063864581e-05,1.0,1.0,2.0126476287841797
948,29,5947,suppresses_cannot,-0.00011591613292694092,0.00011591613292694092,0.00011591613292694092,5.7219487644033507e-05,0.0,1.0,2.025815725326538
949,20,8388,suppresses_cannot,-0.00011590123176574707,0.00011590123176574707,0.00011590123176574707,2.5026482035173103e-05,0.0,1.0,4.631143093109131
950,17,2244,suppresses_cannot,-0.00011590123176574707,0.00011590123176574707,0.00011590123176574707,2.509098885639105e-05,0.0,1.0,4.619236946105957
951,16,3215,suppresses_cannot,-0.00011590123176574707,0.00011590123176574707,0.00011590123176574707,2.2452584744314663e-05,0.0,1.0,5.162043571472168
952,31,1159,supports_cannot,0.00011579692363739014,0.00011579692363739014,0.00011579692363739014,3.32004128722474e-05,1.0,1.0,3.4878158569335938
953,23,8597,suppresses_cannot,-0.00011578202247619629,0.00011578202247619629,0.00011578202247619629,1.2376075574138667e-05,0.0,1.0,9.35530948638916
954,31,13452,suppresses_cannot,-0.00011578202247619629,0.00011578202247619629,0.00011578202247619629,4.238067413098179e-05,0.0,1.0,2.7319533824920654
955,17,7103,suppresses_cannot,-0.0001156926155090332,0.0001156926155090332,0.0001156926155090332,7.11676839273423e-05,0.0,1.0,1.6256340742111206
956,30,9672,supports_cannot,0.0001156926155090332,0.0001156926155090332,0.0001156926155090332,4.800586975761689e-05,1.0,1.0,2.409968137741089
957,13,13321,suppresses_cannot,-0.00011564791202545166,0.00011564791202545166,0.00011564791202545166,6.601636414416134e-05,0.0,1.0,1.7518067359924316
958,27,14202,suppresses_cannot,-0.00011561810970306396,0.00011561810970306396,0.00011561810970306396,4.462529977899976e-05,0.0,1.0,2.590864658355713
959,16,10882,supports_cannot,0.00011558830738067627,0.00011558830738067627,0.00011558830738067627,3.403569644433446e-05,1.0,1.0,3.396090507507324
960,24,7661,suppresses_cannot,-0.00011548399925231934,0.00011548399925231934,0.00011548399925231934,4.301003718865104e-05,0.0,1.0,2.6850476264953613
961,30,4677,suppresses_cannot,-0.00011546909809112549,0.00011546909809112549,0.00011546909809112549,3.009696229128167e-05,0.0,1.0,3.8365695476531982
962,13,4368,supports_cannot,0.00011543929576873779,0.00011543929576873779,0.00011543929576873779,6.81725432514213e-05,1.0,1.0,1.6933400630950928
963,18,6335,suppresses_cannot,-0.0001153796911239624,0.0001153796911239624,0.0001153796911239624,3.72721697203815e-05,0.0,1.0,3.0955989360809326
964,8,7281,supports_cannot,0.0001153796911239624,0.0001153796911239624,0.0001153796911239624,0.00011857724166475236,1.0,1.0,0.9730340242385864
965,23,2713,supports_cannot,0.00011530518531799316,0.00011530518531799316,0.00011530518531799316,5.2951614634366706e-05,1.0,1.0,2.1775574684143066
966,31,3260,supports_cannot,0.00011529028415679932,0.00011529028415679932,0.00011529028415679932,6.332030898192897e-05,1.0,1.0,1.8207473754882812
967,16,789,supports_cannot,0.00011524558067321777,0.00011524558067321777,0.00011524558067321777,7.510209252359346e-05,1.0,1.0,1.5345189571380615
968,30,1777,suppresses_cannot,-0.00011520087718963623,0.00011520087718963623,0.00011520087718963623,7.670216291444376e-05,0.0,1.0,1.501924753189087
969,22,476,suppresses_cannot,-0.00011514127254486084,0.00011514127254486084,0.00011514127254486084,6.040074731572531e-05,0.0,1.0,1.9062888622283936
970,28,8714,suppresses_cannot,-0.0001150965690612793,0.0001150965690612793,0.0001150965690612793,2.0470746676437557e-05,0.0,1.0,5.6224894523620605
971,22,8042,supports_cannot,0.00011500716209411621,0.00011500716209411621,0.00011500716209411621,2.1008185285609215e-05,1.0,1.0,5.4743971824646
972,14,12198,suppresses_cannot,-0.00011499226093292236,0.00011499226093292236,0.00011499226093292236,5.247157969279215e-05,0.0,1.0,2.1915152072906494
973,15,256,supports_cannot,0.00011491775512695312,0.00011491775512695312,0.00011491775512695312,9.097310248762369e-05,1.0,1.0,1.263205885887146
974,29,13152,suppresses_cannot,-0.00011487305164337158,0.00011487305164337158,0.00011487305164337158,3.805847154580988e-05,0.0,1.0,3.0183305740356445
975,23,7055,supports_cannot,0.00011482834815979004,0.00011482834815979004,0.00011482834815979004,3.0963954486651346e-05,1.0,1.0,3.7084522247314453
976,21,9036,suppresses_cannot,-0.0001147538423538208,0.0001147538423538208,0.0001147538423538208,5.741851055063307e-05,0.0,1.0,1.998551368713379
977,30,5042,suppresses_cannot,-0.00011469423770904541,0.00011469423770904541,0.00011469423770904541,3.352225758135319e-05,0.0,1.0,3.4214353561401367
978,13,3822,suppresses_cannot,-0.00011464953422546387,0.00011464953422546387,0.00011539459228515625,8.750439155846834e-05,0.25,0.75,1.310214638710022
979,16,6363,supports_cannot,0.00011463463306427002,0.00011463463306427002,0.00011463463306427002,4.5969782149768434e-06,1.0,1.0,24.936948776245117
980,31,5766,suppresses_cannot,-0.00011458992958068848,0.00011458992958068848,0.00011458992958068848,5.850001616636291e-05,0.0,1.0,1.9588016271591187
981,9,4435,supports_cannot,0.00011457502841949463,0.00011457502841949463,0.00014828145503997803,0.00021048130292911083,0.75,0.75,0.5443477630615234
982,18,13301,supports_cannot,0.00011456012725830078,0.00011456012725830078,0.00011456012725830078,3.141328852507286e-05,1.0,1.0,3.6468682289123535
983,18,8284,suppresses_cannot,-0.00011454522609710693,0.00011454522609710693,0.00011454522609710693,0.00010592078615445644,0.0,1.0,1.0814235210418701
984,29,5684,suppresses_cannot,-0.00011450052261352539,0.00011450052261352539,0.00011450052261352539,4.6945951908128336e-05,0.0,1.0,2.43898606300354
985,30,8730,supports_cannot,0.0001144111156463623,0.0001144111156463623,0.0001144111156463623,4.420206823851913e-05,1.0,1.0,2.5883655548095703
986,18,2646,supports_cannot,0.0001144111156463623,0.0001144111156463623,0.0001144111156463623,2.059530197584536e-05,1.0,1.0,5.555203914642334
987,19,11420,suppresses_cannot,-0.00011433660984039307,0.00011433660984039307,0.00011433660984039307,3.3118907595053315e-05,0.0,1.0,3.4523062705993652
988,29,10116,suppresses_cannot,-0.00011429190635681152,0.00011429190635681152,0.00011429190635681152,4.361277387943119e-05,0.0,1.0,2.6206061840057373
989,27,7525,supports_cannot,0.00011426210403442383,0.00011426210403442383,0.00011426210403442383,4.7152851038845256e-05,1.0,1.0,2.4232277870178223
990,15,254,suppresses_cannot,-0.00011426210403442383,0.00011426210403442383,0.00011426210403442383,6.99047013767995e-05,0.0,1.0,1.6345410346984863
991,29,3716,supports_cannot,0.00011417269706726074,0.00011417269706726074,0.00011417269706726074,4.375503704068251e-05,1.0,1.0,2.609361171722412
992,18,12138,supports_cannot,0.0001141577959060669,0.0001141577959060669,0.0001141577959060669,2.999870957864914e-05,1.0,1.0,3.8054232597351074
993,30,7826,suppresses_cannot,-0.00011411309242248535,0.00011411309242248535,0.00011411309242248535,6.391119677573442e-05,0.0,1.0,1.7854945659637451
994,19,2418,supports_cannot,0.00011411309242248535,0.00011411309242248535,0.00011411309242248535,3.2346313673770055e-05,1.0,1.0,3.5278546810150146
995,31,636,suppresses_cannot,-0.00011405348777770996,0.00011405348777770996,0.00011405348777770996,4.301553053664975e-05,0.0,1.0,2.651448965072632
996,8,3912,suppresses_cannot,-0.00011385977268218994,0.00011385977268218994,0.0001650303602218628,0.00017333505093120039,0.5,0.5,0.656876802444458
997,28,10816,supports_cannot,0.00011374056339263916,0.00011374056339263916,0.00011374056339263916,2.6985253498423845e-05,1.0,1.0,4.2149152755737305
998,16,6731,supports_cannot,0.00011366605758666992,0.00011366605758666992,0.00011366605758666992,3.639045462477952e-05,1.0,1.0,3.1235129833221436
999,10,14295,suppresses_cannot,-0.00011363625526428223,0.00011363625526428223,0.00011363625526428223,5.2909210353391245e-05,0.0,1.0,2.147759437561035
1000,28,2510,suppresses_cannot,-0.00011360645294189453,0.00011360645294189453,0.00011360645294189453,3.670445948955603e-05,0.0,1.0,3.095167636871338
1001,31,740,supports_cannot,0.00011360645294189453,0.00011360645294189453,0.00011360645294189453,2.827544631145429e-05,1.0,1.0,4.017848014831543
1002,20,4645,suppresses_cannot,-0.0001135021448135376,0.0001135021448135376,0.0001135021448135376,4.751290907734074e-05,0.0,1.0,2.388869524002075
1003,5,14319,suppresses_cannot,-0.00011348724365234375,0.00011348724365234375,0.00011348724365234375,7.637818634975702e-05,0.0,1.0,1.4858593940734863
1004,26,8392,supports_cannot,0.00011341273784637451,0.00011341273784637451,0.00011341273784637451,2.410826891718898e-05,1.0,1.0,4.70430850982666
1005,19,3982,suppresses_cannot,-0.00011339783668518066,0.00011339783668518066,0.00011339783668518066,5.538611367228441e-05,0.0,1.0,2.047405481338501
1006,15,12921,suppresses_cannot,-0.00011333823204040527,0.00011333823204040527,0.00011333823204040527,2.4193557692342438e-05,0.0,1.0,4.68464469909668
1007,21,1832,supports_cannot,0.00011330842971801758,0.00011330842971801758,0.00011330842971801758,3.436111001065001e-05,1.0,1.0,3.2975776195526123
1008,21,5133,suppresses_cannot,-0.00011326372623443604,0.00011326372623443604,0.00011326372623443604,1.3686657439393457e-05,0.0,1.0,8.275484085083008
1009,24,8380,suppresses_cannot,-0.00011317431926727295,0.00011317431926727295,0.00011317431926727295,2.0306531951064244e-05,0.0,1.0,5.573295593261719
1010,27,635,suppresses_cannot,-0.00011314451694488525,0.00011314451694488525,0.00011314451694488525,1.7192835002788343e-05,0.0,1.0,6.5809102058410645
1011,30,11928,supports_cannot,0.00011304020881652832,0.00011304020881652832,0.00011304020881652832,3.8078516809036955e-05,1.0,1.0,2.9686086177825928
1012,28,7098,supports_cannot,0.00011302530765533447,0.00011302530765533447,0.00011302530765533447,2.29952438530745e-05,1.0,1.0,4.915159702301025
1013,31,5831,supports_cannot,0.00011302530765533447,0.00011302530765533447,0.00011302530765533447,4.20424148614984e-05,1.0,1.0,2.688363790512085
1014,23,9356,suppresses_cannot,-0.00011298060417175293,0.00011298060417175293,0.00011298060417175293,7.299255230464041e-05,0.0,1.0,1.5478373765945435
1015,20,12953,supports_cannot,0.00011296570301055908,0.00011296570301055908,0.00011296570301055908,4.599137537297793e-05,1.0,1.0,2.4562366008758545
1016,22,1132,supports_cannot,0.00011289119720458984,0.00011289119720458984,0.00011289119720458984,5.935497392783873e-05,1.0,1.0,1.90196692943573
1017,24,2372,supports_cannot,0.000112876296043396,0.000112876296043396,0.000112876296043396,1.5398336472571827e-05,1.0,1.0,7.33042049407959
1018,25,8371,suppresses_cannot,-0.000112876296043396,0.000112876296043396,0.000112876296043396,3.723865302163176e-05,0.0,1.0,3.0311594009399414
1019,30,2507,supports_cannot,0.00011286139488220215,0.00011286139488220215,0.00011286139488220215,5.068302561994642e-05,1.0,1.0,2.226808547973633
1020,31,1760,suppresses_cannot,-0.0001128166913986206,0.0001128166913986206,0.0001128166913986206,3.0431581762968563e-05,0.0,1.0,3.707223892211914
1021,16,1662,suppresses_cannot,-0.00011274218559265137,0.00011274218559265137,0.00011274218559265137,3.504060077830218e-05,0.0,1.0,3.217473030090332
1022,24,10738,suppresses_cannot,-0.00011272728443145752,0.00011272728443145752,0.00011272728443145752,4.557782449410297e-05,0.0,1.0,2.473292350769043
1023,31,2406,suppresses_cannot,-0.00011272728443145752,0.00011272728443145752,0.00011272728443145752,4.906764661427587e-05,0.0,1.0,2.2973852157592773
1024,22,2472,suppresses_cannot,-0.00011266767978668213,0.00011266767978668213,0.00011266767978668213,1.2704977052635513e-05,0.0,1.0,8.867995262145996
1025,29,11990,suppresses_cannot,-0.00011263787746429443,0.00011263787746429443,0.00011263787746429443,1.0461538295203354e-05,0.0,1.0,10.766855239868164
1026,15,683,supports_cannot,0.00011257827281951904,0.00011257827281951904,0.00011257827281951904,7.463557267328724e-05,1.0,1.0,1.5083729028701782
1027,29,3319,suppresses_cannot,-0.0001125633716583252,0.0001125633716583252,0.0001125633716583252,3.233008101233281e-05,0.0,1.0,3.481691598892212
1028,17,10747,suppresses_cannot,-0.0001125633716583252,0.0001125633716583252,0.000132828950881958,0.00010736629337770864,0.25,0.75,1.0484051704406738
1029,29,11182,suppresses_cannot,-0.00011251866817474365,0.00011251866817474365,0.00011251866817474365,4.595982682076283e-05,0.0,1.0,2.4481961727142334
1030,22,12411,suppresses_cannot,-0.0001125037670135498,0.0001125037670135498,0.0001125037670135498,7.304676546482369e-05,0.0,1.0,1.5401607751846313
1031,24,12538,suppresses_cannot,-0.00011231005191802979,0.00011231005191802979,0.00011231005191802979,6.97329014656134e-05,0.0,1.0,1.610574722290039
1032,21,3635,supports_cannot,0.00011205673217773438,0.00011205673217773438,0.00011205673217773438,6.709851004416123e-05,1.0,1.0,1.6700330972671509
1033,29,5400,suppresses_cannot,-0.00011204183101654053,0.00011204183101654053,0.00011204183101654053,3.41554987244308e-05,0.0,1.0,3.2803454399108887
1034,24,12261,supports_cannot,0.00011204183101654053,0.00011204183101654053,0.00011204183101654053,6.057744758436456e-05,1.0,1.0,1.8495633602142334
1035,15,8329,supports_cannot,0.00011202692985534668,0.00011202692985534668,0.00012916326522827148,0.00010332578676752746,0.75,0.75,1.084210753440857
1036,25,11114,suppresses_cannot,-0.00011198222637176514,0.00011198222637176514,0.00011198222637176514,3.8841091736685485e-05,0.0,1.0,2.8830864429473877
1037,13,3523,suppresses_cannot,-0.00011198222637176514,0.00011198222637176514,0.00011198222637176514,0.00010553275933489203,0.0,1.0,1.0611133575439453
1038,29,2070,supports_cannot,0.00011196732521057129,0.00011196732521057129,0.00011196732521057129,3.115121216978878e-05,1.0,1.0,3.5943167209625244
1039,27,840,suppresses_cannot,-0.00011195242404937744,0.00011195242404937744,0.00011195242404937744,5.5910721130203456e-05,0.0,1.0,2.002342700958252
1040,18,13697,suppresses_cannot,-0.0001119375228881836,0.0001119375228881836,0.0001119375228881836,1.4222422578313854e-05,0.0,1.0,7.870495796203613
1041,16,8439,supports_cannot,0.00011192262172698975,0.00011192262172698975,0.00011192262172698975,4.404691208037548e-05,1.0,1.0,2.5409867763519287
1042,28,10927,suppresses_cannot,-0.00011189281940460205,0.00011189281940460205,0.00011189281940460205,2.629407390486449e-05,0.0,1.0,4.255438327789307
1043,13,12855,suppresses_cannot,-0.00011189281940460205,0.00011189281940460205,0.00015522539615631104,0.00015274964971467853,0.25,0.75,0.7325242161750793
1044,24,1816,suppresses_cannot,-0.00011174380779266357,0.00011174380779266357,0.00011174380779266357,6.205807585502043e-05,0.0,1.0,1.8006328344345093
1045,18,1702,suppresses_cannot,-0.00011169910430908203,0.00011169910430908203,0.00011169910430908203,4.7008910769363865e-05,0.0,1.0,2.376126289367676
1046,25,12076,suppresses_cannot,-0.00011166930198669434,0.00011166930198669434,0.00011166930198669434,3.691230449476279e-05,0.0,1.0,3.025259494781494
1047,21,993,supports_cannot,0.00011165440082550049,0.00011165440082550049,0.00011165440082550049,3.61979691660963e-05,1.0,1.0,3.0845487117767334
1048,27,1592,suppresses_cannot,-0.0001115947961807251,0.0001115947961807251,0.0001115947961807251,1.8241571524413303e-05,0.0,1.0,6.117608070373535
1049,21,2249,supports_cannot,0.00011157989501953125,0.00011157989501953125,0.00011157989501953125,9.217399929184467e-05,1.0,1.0,1.2105354070663452
1050,21,11352,suppresses_cannot,-0.00011150538921356201,0.00011150538921356201,0.00011150538921356201,5.351175059331581e-05,0.0,1.0,2.0837552547454834
1051,13,8818,supports_cannot,0.00011147558689117432,0.00011147558689117432,0.00011147558689117432,2.588559073046781e-05,1.0,1.0,4.306472301483154
1052,28,808,suppresses_cannot,-0.00011143088340759277,0.00011143088340759277,0.00011143088340759277,3.58860197593458e-05,0.0,1.0,3.105133533477783
1053,28,165,supports_cannot,0.00011138617992401123,0.00011138617992401123,0.00011138617992401123,4.2331706936238334e-05,1.0,1.0,2.63127064704895
1054,19,10301,suppresses_cannot,-0.00011138617992401123,0.00011138617992401123,0.00011138617992401123,1.468177288188599e-05,0.0,1.0,7.586697578430176
1055,3,203,suppresses_cannot,-0.00011137127876281738,0.00011137127876281738,0.00011214613914489746,0.00019283435540273786,0.25,0.75,0.5775489211082458
1056,23,9907,supports_cannot,0.00011135637760162354,0.00011135637760162354,0.00011135637760162354,7.086007826728746e-05,1.0,1.0,1.5714967250823975
1057,26,1751,suppresses_cannot,-0.00011134147644042969,0.00011134147644042969,0.00011134147644042969,4.441435885382816e-05,0.0,1.0,2.506880283355713
1058,24,9812,supports_cannot,0.00011132657527923584,0.00011132657527923584,0.00011132657527923584,4.2910010961350054e-05,1.0,1.0,2.5944197177886963
1059,22,11293,supports_cannot,0.00011129677295684814,0.00011129677295684814,0.00011129677295684814,8.535374036000576e-06,1.0,1.0,13.039470672607422
1060,30,8716,supports_cannot,0.00011126697063446045,0.00011126697063446045,0.00011126697063446045,6.453365494962782e-05,1.0,1.0,1.7241696119308472
1061,23,8668,supports_cannot,0.0001112222671508789,0.0001112222671508789,0.0001112222671508789,6.043342364137061e-05,1.0,1.0,1.8404098749160767
1062,27,1312,supports_cannot,0.0001112222671508789,0.0001112222671508789,0.0001112222671508789,1.5542589608230628e-05,1.0,1.0,7.155966758728027
1063,20,10009,supports_cannot,0.00011114776134490967,0.00011114776134490967,0.00011114776134490967,2.5980494683608413e-05,1.0,1.0,4.278122901916504
1064,8,9454,supports_cannot,0.00011114776134490967,0.00011114776134490967,0.00011976063251495361,0.00020146432507317513,0.5,0.5,0.5516994595527649
1065,26,11380,suppresses_cannot,-0.00011111795902252197,0.00011111795902252197,0.00011111795902252197,5.6695539569773246e-06,0.0,1.0,19.599061965942383
1066,23,4617,suppresses_cannot,-0.00011110305786132812,0.00011110305786132812,0.00011110305786132812,2.8938991817994975e-05,0.0,1.0,3.839216470718384
1067,16,9987,suppresses_cannot,-0.00011107325553894043,0.00011107325553894043,0.00011107325553894043,6.451073568314314e-05,0.0,1.0,1.7217793464660645
1068,24,4066,supports_cannot,0.00011107325553894043,0.00011107325553894043,0.00011107325553894043,4.097017153981142e-05,1.0,1.0,2.711076259613037
1069,15,3816,supports_cannot,0.00011107325553894043,0.00011107325553894043,0.00011107325553894043,8.253190026152879e-05,1.0,1.0,1.3458220958709717
1070,22,13610,supports_cannot,0.00011104345321655273,0.00011104345321655273,0.00011104345321655273,4.772190368385054e-05,1.0,1.0,2.3268864154815674
1071,1,4053,supports_cannot,0.00011104345321655273,0.00011104345321655273,0.0001569986343383789,0.00011959589755861089,0.75,0.75,0.9284887909889221
1072,14,12421,suppresses_cannot,-0.00011102855205535889,0.00011102855205535889,0.00011102855205535889,4.699926284956746e-05,0.0,1.0,2.362346649169922
1073,29,10844,supports_cannot,0.00011102855205535889,0.00011102855205535889,0.00011102855205535889,5.876119394088164e-05,1.0,1.0,1.889487624168396
1074,18,1065,supports_cannot,0.00011101365089416504,0.00011101365089416504,0.00011101365089416504,3.2388132240157574e-05,1.0,1.0,3.427602767944336
1075,16,8840,supports_cannot,0.00011095404624938965,0.00011095404624938965,0.00011095404624938965,7.690884376643226e-05,1.0,1.0,1.4426695108413696
1076,17,5304,suppresses_cannot,-0.00011092424392700195,0.00011092424392700195,0.00011092424392700195,1.1876216376549564e-05,0.0,1.0,9.340031623840332
1077,31,10867,suppresses_cannot,-0.0001109093427658081,0.0001109093427658081,0.0001109093427658081,1.5182192328211386e-05,0.0,1.0,7.305225372314453
1078,24,5024,suppresses_cannot,-0.0001109093427658081,0.0001109093427658081,0.0001109093427658081,6.107689841883257e-05,0.0,1.0,1.81589674949646
1079,23,13662,suppresses_cannot,-0.00011084973812103271,0.00011084973812103271,0.00011084973812103271,7.68257086747326e-06,0.0,1.0,14.428728103637695
1080,29,4928,supports_cannot,0.00011079013347625732,0.00011079013347625732,0.00011079013347625732,1.9406845240155235e-05,1.0,1.0,5.7088165283203125
1081,31,1332,supports_cannot,0.00011076033115386963,0.00011076033115386963,0.00011076033115386963,3.631875733844936e-05,1.0,1.0,3.049672842025757
1082,16,12043,suppresses_cannot,-0.00011074542999267578,0.00011074542999267578,0.00011074542999267578,0.00016976078040897846,0.0,1.0,0.6523616909980774
1083,16,1139,supports_cannot,0.00011073052883148193,0.00011073052883148193,0.00011073052883148193,7.538799400208518e-05,1.0,1.0,1.4688085317611694
1084,24,425,suppresses_cannot,-0.0001106560230255127,0.0001106560230255127,0.0001106560230255127,4.8270609113387764e-05,0.0,1.0,2.292409896850586
1085,4,2361,supports_cannot,0.0001106560230255127,0.0001106560230255127,0.0001106560230255127,0.0001840473705669865,1.0,1.0,0.6012366414070129
1086,27,8723,suppresses_cannot,-0.0001105964183807373,0.0001105964183807373,0.0001105964183807373,2.626873174449429e-05,0.0,1.0,4.2101922035217285
1087,24,4777,suppresses_cannot,-0.0001105964183807373,0.0001105964183807373,0.0001105964183807373,7.971927698235959e-05,0.0,1.0,1.3873233795166016
1088,20,8427,suppresses_cannot,-0.00011058151721954346,0.00011058151721954346,0.00011058151721954346,2.63214205915574e-05,0.0,1.0,4.201198577880859
1089,31,10951,suppresses_cannot,-0.00011056661605834961,0.00011056661605834961,0.00011056661605834961,2.7282752853352576e-05,0.0,1.0,4.052619457244873
1090,30,10657,suppresses_cannot,-0.00011053681373596191,0.00011053681373596191,0.00011053681373596191,4.5249729737406597e-05,0.0,1.0,2.442817211151123
1091,28,12867,suppresses_cannot,-0.00011047720909118652,0.00011047720909118652,0.00011047720909118652,2.48219002969563e-05,0.0,1.0,4.450795650482178
1092,28,14182,suppresses_cannot,-0.00011038780212402344,0.00011038780212402344,0.00011038780212402344,6.1938662838656455e-06,0.0,1.0,17.822113037109375
1093,15,2012,suppresses_cannot,-0.00011022388935089111,0.00011022388935089111,0.00011022388935089111,5.274966315482743e-05,0.0,1.0,2.0895657539367676
1094,16,12478,supports_cannot,0.00011016428470611572,0.00011016428470611572,0.0001796931028366089,0.00018586743681225926,0.5,0.5,0.5927035212516785
1095,16,12329,supports_cannot,0.00011007487773895264,0.00011007487773895264,0.00011007487773895264,3.732263212441467e-05,1.0,1.0,2.949279546737671
1096,25,13973,suppresses_cannot,-0.0001100301742553711,0.0001100301742553711,0.0001100301742553711,5.236614742898382e-05,0.0,1.0,2.1011698246002197
1097,30,9415,suppresses_cannot,-0.00010986626148223877,0.00010986626148223877,0.00010986626148223877,2.6523141059442423e-05,0.0,1.0,4.142279148101807
1098,25,7407,supports_cannot,0.00010982155799865723,0.00010982155799865723,0.00010982155799865723,3.7610803701682016e-05,1.0,1.0,2.9199471473693848
1099,13,7283,suppresses_cannot,-0.00010980665683746338,0.00010980665683746338,0.00010980665683746338,3.738176746992394e-05,0.0,1.0,2.93743896484375
1100,18,2036,supports_cannot,0.00010977685451507568,0.00010977685451507568,0.00010977685451507568,8.121215068968013e-05,1.0,1.0,1.351729393005371
1101,22,8372,suppresses_cannot,-0.0001096874475479126,0.0001096874475479126,0.0001096874475479126,4.197289308649488e-05,0.0,1.0,2.6132924556732178
1102,17,7259,suppresses_cannot,-0.00010959804058074951,0.00010959804058074951,0.00010959804058074951,4.258780973032117e-05,0.0,1.0,2.573460340499878
1103,27,9054,suppresses_cannot,-0.00010952353477478027,0.00010952353477478027,0.00010952353477478027,5.010727545595728e-05,0.0,1.0,2.1857810020446777
1104,25,13462,suppresses_cannot,-0.00010950863361358643,0.00010950863361358643,0.00010950863361358643,3.010593354701996e-05,0.0,1.0,3.6374433040618896
1105,15,1046,suppresses_cannot,-0.00010946393013000488,0.00010946393013000488,0.00010946393013000488,2.3736329239909537e-05,0.0,1.0,4.611661911010742
1106,28,10407,suppresses_cannot,-0.00010944902896881104,0.00010944902896881104,0.00010944902896881104,3.983634087489918e-05,0.0,1.0,2.747467041015625
1107,29,14206,supports_cannot,0.00010935962200164795,0.00010935962200164795,0.00010935962200164795,6.191441207192838e-05,1.0,1.0,1.7663031816482544
1108,20,4576,supports_cannot,0.00010935962200164795,0.00010935962200164795,0.00010935962200164795,5.0920742069138214e-05,1.0,1.0,2.147643804550171
1109,20,6776,supports_cannot,0.00010935962200164795,0.00010935962200164795,0.00010935962200164795,7.262535655172542e-05,1.0,1.0,1.5058050155639648
1110,17,5149,suppresses_cannot,-0.0001093149185180664,0.0001093149185180664,0.0001093149185180664,9.869568748399615e-05,0.0,1.0,1.107595682144165
1111,21,5862,supports_cannot,0.00010927021503448486,0.00010927021503448486,0.00010927021503448486,3.5623223084257916e-05,1.0,1.0,3.067387104034424
1112,21,1443,suppresses_cannot,-0.00010925531387329102,0.00010925531387329102,0.00010925531387329102,3.505779386614449e-05,0.0,1.0,3.116434335708618
1113,31,7096,supports_cannot,0.00010918080806732178,0.00010918080806732178,0.00010918080806732178,5.043985220254399e-05,1.0,1.0,2.164574384689331
1114,16,6074,supports_cannot,0.00010918080806732178,0.00010918080806732178,0.00010918080806732178,6.863847374916077e-05,1.0,1.0,1.5906648635864258
1115,29,10482,supports_cannot,0.00010912120342254639,0.00010912120342254639,0.00010912120342254639,2.3385324311675504e-05,1.0,1.0,4.666225433349609
1116,22,6329,supports_cannot,0.00010910630226135254,0.00010910630226135254,0.00010910630226135254,5.906354999751784e-05,1.0,1.0,1.8472696542739868
1117,28,10427,suppresses_cannot,-0.00010897219181060791,0.00010897219181060791,0.00010897219181060791,6.592252611881122e-05,0.0,1.0,1.6530342102050781
1118,21,9554,suppresses_cannot,-0.00010897219181060791,0.00010897219181060791,0.00010897219181060791,4.3436011765152216e-05,0.0,1.0,2.508798360824585
1119,29,4148,suppresses_cannot,-0.00010879337787628174,0.00010879337787628174,0.00010879337787628174,1.7249823940801434e-05,0.0,1.0,6.306926250457764
1120,21,13320,supports_cannot,0.00010873377323150635,0.00010873377323150635,0.00010873377323150635,4.826475560548715e-05,1.0,1.0,2.2528607845306396
1121,29,7997,supports_cannot,0.00010870397090911865,0.00010870397090911865,0.00010870397090911865,4.065623215865344e-05,1.0,1.0,2.673734426498413
1122,16,13124,suppresses_cannot,-0.00010862946510314941,0.00010862946510314941,0.00010862946510314941,4.6066419599810615e-05,0.0,1.0,2.358105182647705
1123,22,10575,supports_cannot,0.00010859966278076172,0.00010859966278076172,0.00010859966278076172,1.8487291526980698e-05,1.0,1.0,5.874286651611328
1124,24,2756,supports_cannot,0.00010856986045837402,0.00010856986045837402,0.00010856986045837402,4.336729398346506e-05,1.0,1.0,2.5034964084625244
1125,30,38,supports_cannot,0.00010854005813598633,0.00010854005813598633,0.00010854005813598633,1.3173503248253837e-05,1.0,1.0,8.239270210266113
1126,23,13675,suppresses_cannot,-0.00010846555233001709,0.00010846555233001709,0.00010846555233001709,3.914424451068044e-05,0.0,1.0,2.7709195613861084
1127,26,445,suppresses_cannot,-0.00010845065116882324,0.00010845065116882324,0.00010845065116882324,2.0141365894232877e-05,0.0,1.0,5.384472846984863
1128,25,7849,suppresses_cannot,-0.00010845065116882324,0.00010845065116882324,0.00011804699897766113,7.922564691398293e-05,0.25,0.75,1.3688831329345703
1129,29,7859,supports_cannot,0.00010836124420166016,0.00010836124420166016,0.00010836124420166016,5.124323797645047e-05,1.0,1.0,2.114644765853882
1130,20,3416,supports_cannot,0.00010831654071807861,0.00010831654071807861,0.00010831654071807861,2.545053393987473e-05,1.0,1.0,4.25596284866333
1131,21,3382,supports_cannot,0.00010816752910614014,0.00010816752910614014,0.00010816752910614014,2.93276461889036e-05,1.0,1.0,3.688244342803955
1132,14,1217,suppresses_cannot,-0.00010813772678375244,0.00010813772678375244,0.00010813772678375244,7.015489973127842e-05,0.0,1.0,1.5414137840270996
1133,24,4211,suppresses_cannot,-0.0001081228256225586,0.0001081228256225586,0.0001081228256225586,4.0724498830968514e-05,0.0,1.0,2.654982328414917
1134,31,47,supports_cannot,0.0001080930233001709,0.0001080930233001709,0.0001080930233001709,1.611225525266491e-05,1.0,1.0,6.708745002746582
1135,8,9373,supports_cannot,0.00010807812213897705,0.00010807812213897705,0.00010807812213897705,0.0001370210957247764,1.0,1.0,0.7887699604034424
1136,23,11168,suppresses_cannot,-0.0001080632209777832,0.0001080632209777832,0.0001080632209777832,8.2630300312303e-05,0.0,1.0,1.3077917098999023
1137,29,5869,suppresses_cannot,-0.00010803341865539551,0.00010803341865539551,0.00010803341865539551,1.9123455786029808e-05,0.0,1.0,5.649261951446533
1138,14,6551,supports_cannot,0.00010801851749420166,0.00010801851749420166,0.00010801851749420166,1.7984528312808834e-05,1.0,1.0,6.006190776824951
1139,30,14296,suppresses_cannot,-0.00010795891284942627,0.00010795891284942627,0.00010795891284942627,3.083967021666467e-05,0.0,1.0,3.500650644302368
1140,16,723,suppresses_cannot,-0.00010794401168823242,0.00010794401168823242,0.00010794401168823242,4.494626773521304e-05,0.0,1.0,2.401623487472534
1141,30,10840,supports_cannot,0.00010791420936584473,0.00010791420936584473,0.00010791420936584473,4.431735578691587e-05,1.0,1.0,2.435032606124878
1142,29,11608,supports_cannot,0.00010786950588226318,0.00010786950588226318,0.00010786950588226318,4.8153349780477583e-05,1.0,1.0,2.2401247024536133
1143,16,9605,suppresses_cannot,-0.00010786950588226318,0.00010786950588226318,0.00010786950588226318,4.944837201037444e-05,0.0,1.0,2.181457281112671
1144,29,11192,suppresses_cannot,-0.0001077502965927124,0.0001077502965927124,0.0001077502965927124,3.845816900138743e-05,0.0,1.0,2.801753044128418
1145,30,9249,supports_cannot,0.00010770559310913086,0.00010770559310913086,0.00010770559310913086,4.002035711891949e-05,1.0,1.0,2.691270112991333
1146,30,5950,suppresses_cannot,-0.00010764598846435547,0.00010764598846435547,0.00010764598846435547,1.6230149412876926e-05,0.0,1.0,6.632469654083252
1147,27,6048,supports_cannot,0.00010764598846435547,0.00010764598846435547,0.00010764598846435547,1.9173574401065707e-05,1.0,1.0,5.614288330078125
1148,28,8774,supports_cannot,0.00010763108730316162,0.00010763108730316162,0.00010763108730316162,4.213321881252341e-05,1.0,1.0,2.554542303085327
1149,24,10938,suppresses_cannot,-0.00010760128498077393,0.00010760128498077393,0.00010760128498077393,1.561291173857171e-05,0.0,1.0,6.891813278198242
1150,19,2292,suppresses_cannot,-0.00010754168033599854,0.00010754168033599854,0.00010754168033599854,4.2742940422613174e-05,0.0,1.0,2.516010284423828
1151,24,2874,suppresses_cannot,-0.00010751187801361084,0.00010751187801361084,0.00010751187801361084,1.1879608791787177e-05,0.0,1.0,9.050118446350098
1152,29,5951,suppresses_cannot,-0.00010751187801361084,0.00010751187801361084,0.00010751187801361084,4.383374471217394e-05,0.0,1.0,2.4527194499969482
1153,31,3023,suppresses_cannot,-0.00010749697685241699,0.00010749697685241699,0.00010749697685241699,1.1180400179000571e-05,0.0,1.0,9.614768981933594
1154,23,7833,supports_cannot,0.00010748207569122314,0.00010748207569122314,0.00010748207569122314,5.998216875013895e-05,1.0,1.0,1.7919005155563354
1155,12,5760,supports_cannot,0.0001074373722076416,0.0001074373722076416,0.000265270471572876,0.0002529638586565852,0.75,0.75,0.4247143268585205
1156,28,11889,supports_cannot,0.00010739266872406006,0.00010739266872406006,0.00010739266872406006,5.294369475450367e-05,1.0,1.0,2.0284316539764404
1157,25,240,supports_cannot,0.00010734796524047852,0.00010734796524047852,0.00010734796524047852,2.286372364324052e-05,1.0,1.0,4.6951212882995605
1158,15,13821,supports_cannot,0.00010734796524047852,0.00010734796524047852,0.00012296438217163086,0.0001013657747535035,0.75,0.75,1.0590158700942993
1159,24,1934,supports_cannot,0.00010733306407928467,0.00010733306407928467,0.00010733306407928467,3.13955097226426e-05,1.0,1.0,3.4187393188476562
1160,26,3944,suppresses_cannot,-0.00010731816291809082,0.00010731816291809082,0.00010731816291809082,2.064225554931909e-05,0.0,1.0,5.1989545822143555
1161,29,10544,suppresses_cannot,-0.00010728836059570312,0.00010728836059570312,0.00010728836059570312,2.724946170928888e-05,0.0,1.0,3.937265157699585
1162,18,12254,suppresses_cannot,-0.00010722875595092773,0.00010722875595092773,0.00010722875595092773,1.7210060832439922e-05,0.0,1.0,6.230585098266602
1163,18,272,suppresses_cannot,-0.00010716915130615234,0.00010716915130615234,0.00010716915130615234,2.9113773052813485e-05,0.0,1.0,3.6810462474823
1164,16,1999,suppresses_cannot,-0.0001071542501449585,0.0001071542501449585,0.0001071542501449585,4.8351867008022964e-05,0.0,1.0,2.216134786605835
1165,23,5679,supports_cannot,0.00010707974433898926,0.00010707974433898926,0.00015398859977722168,0.00016014270659070462,0.75,0.75,0.6686519980430603
1166,20,10266,supports_cannot,0.00010706484317779541,0.00010706484317779541,0.00010706484317779541,5.682008486473933e-05,1.0,1.0,1.8842781782150269
1167,31,13597,suppresses_cannot,-0.00010706484317779541,0.00010706484317779541,0.00010706484317779541,3.278543590568006e-05,0.0,1.0,3.265622138977051
1168,21,4473,suppresses_cannot,-0.00010702013969421387,0.00010702013969421387,0.00010702013969421387,6.157956522656605e-05,0.0,1.0,1.7379164695739746
1169,22,2425,suppresses_cannot,-0.00010696053504943848,0.00010696053504943848,0.00010696053504943848,5.2493887778837234e-05,0.0,1.0,2.037580728530884
1170,19,3264,suppresses_cannot,-0.00010693073272705078,0.00010693073272705078,0.00010693073272705078,0.00011743690265575424,0.0,1.0,0.9105377197265625
1171,15,8354,suppresses_cannot,-0.00010691583156585693,0.00010691583156585693,0.0001922696828842163,0.00024600300821475685,0.25,0.75,0.43461188673973083
1172,23,2132,suppresses_cannot,-0.00010685622692108154,0.00010685622692108154,0.00010685622692108154,1.7808994016377255e-05,0.0,1.0,6.000126361846924
1173,31,13245,supports_cannot,0.00010669231414794922,0.00010669231414794922,0.00010669231414794922,1.948575118149165e-05,1.0,1.0,5.475400924682617
1174,31,13062,supports_cannot,0.00010667741298675537,0.00010667741298675537,0.00010667741298675537,3.083215051447041e-05,1.0,1.0,3.4599406719207764
1175,30,559,suppresses_cannot,-0.00010655820369720459,0.00010655820369720459,0.00010655820369720459,2.6683694159146398e-05,0.0,1.0,3.993382453918457
1176,26,9907,supports_cannot,0.00010651350021362305,0.00010651350021362305,0.00010651350021362305,3.584816658985801e-05,1.0,1.0,2.9712398052215576
1177,13,4642,supports_cannot,0.0001064687967300415,0.0001064687967300415,0.0001064687967300415,5.5933589464984834e-05,1.0,1.0,1.903485894203186
1178,18,7634,supports_cannot,0.00010640919208526611,0.00010640919208526611,0.00010640919208526611,5.7328379625687376e-05,1.0,1.0,1.8561346530914307
1179,29,9028,suppresses_cannot,-0.00010640919208526611,0.00010640919208526611,0.00010640919208526611,5.049641549703665e-05,0.0,1.0,2.107262372970581
1180,26,7351,supports_cannot,0.00010639429092407227,0.00010639429092407227,0.00010639429092407227,8.123623410938308e-05,1.0,1.0,1.3096901178359985
1181,28,3340,supports_cannot,0.00010637938976287842,0.00010637938976287842,0.00010637938976287842,4.217586320010014e-05,1.0,1.0,2.5222811698913574
1182,17,5071,suppresses_cannot,-0.00010630488395690918,0.00010630488395690918,0.00010630488395690918,4.326914495322853e-05,0.0,1.0,2.4568288326263428
1183,18,8435,suppresses_cannot,-0.00010628998279571533,0.00010628998279571533,0.00010628998279571533,1.3304751519171987e-05,0.0,1.0,7.988873481750488
1184,26,9335,suppresses_cannot,-0.00010626018047332764,0.00010626018047332764,0.00010626018047332764,2.597652746771928e-05,0.0,1.0,4.090622901916504
1185,27,3831,supports_cannot,0.00010617077350616455,0.00010617077350616455,0.00010617077350616455,3.546835432644002e-05,1.0,1.0,2.993394374847412
1186,12,9114,suppresses_cannot,-0.0001061558723449707,0.0001061558723449707,0.0001061558723449707,4.288588388590142e-05,0.0,1.0,2.4753103256225586
1187,18,7014,suppresses_cannot,-0.00010611116886138916,0.00010611116886138916,0.00010611116886138916,1.0409194146632217e-05,0.0,1.0,10.193984031677246
1188,24,2504,supports_cannot,0.00010606646537780762,0.00010606646537780762,0.00010606646537780762,4.782910764333792e-05,1.0,1.0,2.2176132202148438
1189,27,13129,supports_cannot,0.00010600686073303223,0.00010600686073303223,0.00010600686073303223,3.058230868191458e-05,1.0,1.0,3.466280460357666
1190,19,2902,suppresses_cannot,-0.00010597705841064453,0.00010597705841064453,0.00010597705841064453,5.922586205997504e-05,0.0,1.0,1.7893712520599365
1191,17,13404,suppresses_cannot,-0.00010593235492706299,0.00010593235492706299,0.00010593235492706299,5.8490280935075134e-05,0.0,1.0,1.8111103773117065
1192,20,11879,suppresses_cannot,-0.00010588765144348145,0.00010588765144348145,0.000126570463180542,9.194913582177833e-05,0.25,0.75,1.1515893936157227
1193,17,14085,suppresses_cannot,-0.0001058727502822876,0.0001058727502822876,0.0001058727502822876,1.7740838302415796e-05,0.0,1.0,5.9677414894104
1194,30,7675,supports_cannot,0.0001058429479598999,0.0001058429479598999,0.0001058429479598999,2.3875003535067663e-05,1.0,1.0,4.433211326599121
1195,24,4234,suppresses_cannot,-0.00010576844215393066,0.00010576844215393066,0.00010576844215393066,3.582862700568512e-05,0.0,1.0,2.9520652294158936
1196,26,8554,supports_cannot,0.00010572373867034912,0.00010572373867034912,0.00010572373867034912,1.4978646504459903e-05,1.0,1.0,7.0582966804504395
1197,28,7973,suppresses_cannot,-0.00010558962821960449,0.00010558962821960449,0.00010558962821960449,1.8895823814091273e-05,0.0,1.0,5.587986946105957
1198,24,9587,suppresses_cannot,-0.00010557472705841064,0.00010557472705841064,0.00010557472705841064,4.627269663615152e-05,0.0,1.0,2.2815771102905273
1199,22,14117,supports_cannot,0.0001055598258972168,0.0001055598258972168,0.0001055598258972168,8.185431215679273e-05,1.0,1.0,1.2896062135696411
1200,12,513,suppresses_cannot,-0.00010554492473602295,0.00010554492473602295,0.00010554492473602295,3.282558827777393e-05,0.0,1.0,3.215324640274048
1201,21,12164,suppresses_cannot,-0.0001055300235748291,0.0001055300235748291,0.0001055300235748291,3.2334806746803224e-05,0.0,1.0,3.2636663913726807
1202,25,13336,suppresses_cannot,-0.00010548532009124756,0.00010548532009124756,0.00010548532009124756,2.75516740657622e-05,0.0,1.0,3.8286354541778564
1203,25,12633,suppresses_cannot,-0.00010545551776885986,0.00010545551776885986,0.00010545551776885986,5.4462427215185016e-05,0.0,1.0,1.9362984895706177
1204,14,12647,supports_cannot,0.00010544061660766602,0.00010544061660766602,0.00013273954391479492,0.0001747078204061836,0.5,0.5,0.6035254597663879
1205,15,13963,suppresses_cannot,-0.00010541081428527832,0.00010541081428527832,0.00010541081428527832,7.57770567361149e-06,0.0,1.0,13.910648345947266
1206,20,2443,suppresses_cannot,-0.00010530650615692139,0.00010530650615692139,0.00010530650615692139,5.8613486544345506e-06,0.0,1.0,17.96625518798828
1207,31,12835,suppresses_cannot,-0.00010529160499572754,0.00010529160499572754,0.00010529160499572754,2.1561336325248703e-05,0.0,1.0,4.883352279663086
1208,29,13274,supports_cannot,0.00010527670383453369,0.00010527670383453369,0.00010527670383453369,4.739645737572573e-05,1.0,1.0,2.221193552017212
1209,21,6243,suppresses_cannot,-0.00010526180267333984,0.00010526180267333984,0.00010526180267333984,2.8726624805130996e-05,0.0,1.0,3.664259195327759
1210,26,9583,supports_cannot,0.00010526180267333984,0.00010526180267333984,0.00010526180267333984,4.706291656475514e-05,1.0,1.0,2.236618757247925
1211,26,8882,supports_cannot,0.000105246901512146,0.000105246901512146,0.000105246901512146,4.374616401037201e-05,1.0,1.0,2.4058544635772705
1212,14,3001,suppresses_cannot,-0.000105246901512146,0.000105246901512146,0.00011755526065826416,9.559572936268523e-05,0.25,0.75,1.100958228111267
1213,15,4929,suppresses_cannot,-0.00010523200035095215,0.00010523200035095215,0.00010523200035095215,2.3996792151592672e-05,0.0,1.0,4.385252475738525
1214,17,9407,suppresses_cannot,-0.0001051872968673706,0.0001051872968673706,0.0001051872968673706,4.367103611002676e-05,0.0,1.0,2.408628463745117
1215,23,4291,suppresses_cannot,-0.00010515749454498291,0.00010515749454498291,0.00010515749454498291,1.7243282854906283e-05,0.0,1.0,6.098460674285889
1216,30,10945,supports_cannot,0.00010515749454498291,0.00010515749454498291,0.00010515749454498291,2.3851480364101008e-05,1.0,1.0,4.4088454246521
1217,17,10066,supports_cannot,0.00010514259338378906,0.00010514259338378906,0.00010514259338378906,4.6046756324358284e-05,1.0,1.0,2.2833876609802246
1218,27,2621,supports_cannot,0.00010506808757781982,0.00010506808757781982,0.00010506808757781982,7.052435103105381e-05,1.0,1.0,1.4898128509521484
1219,13,7554,supports_cannot,0.00010505318641662598,0.00010505318641662598,0.00010505318641662598,4.3554122385103256e-05,1.0,1.0,2.4120147228240967
1220,15,13598,suppresses_cannot,-0.00010503828525543213,0.00010503828525543213,0.00010503828525543213,0.0001035852765198797,0.0,1.0,1.0140271186828613
1221,31,1209,supports_cannot,0.00010502338409423828,0.00010502338409423828,0.00010502338409423828,3.6280896893003955e-05,1.0,1.0,2.8947296142578125
1222,23,7665,supports_cannot,0.00010500848293304443,0.00010500848293304443,0.00010500848293304443,6.83740436215885e-05,1.0,1.0,1.5357944965362549
1223,29,12268,suppresses_cannot,-0.00010494887828826904,0.00010494887828826904,0.00010494887828826904,5.00223868584726e-05,0.0,1.0,2.0980381965637207
1224,27,12638,suppresses_cannot,-0.00010494887828826904,0.00010494887828826904,0.00010494887828826904,2.3329084797296673e-05,0.0,1.0,4.498627662658691
1225,28,1851,supports_cannot,0.00010491907596588135,0.00010491907596588135,0.00010491907596588135,5.553432856686413e-05,1.0,1.0,1.8892651796340942
1226,26,9073,supports_cannot,0.00010477006435394287,0.00010477006435394287,0.00010477006435394287,5.746522219851613e-05,1.0,1.0,1.8231908082962036
1227,18,11450,supports_cannot,0.00010477006435394287,0.00010477006435394287,0.00010477006435394287,2.0051200408488512e-05,1.0,1.0,5.225126266479492
1228,13,1814,suppresses_cannot,-0.00010477006435394287,0.00010477006435394287,0.00010477006435394287,5.452776895253919e-05,0.0,1.0,1.9214074611663818
1229,20,5729,suppresses_cannot,-0.00010475516319274902,0.00010475516319274902,0.00010475516319274902,1.3385490092332475e-05,0.0,1.0,7.826023101806641
1230,24,6230,supports_cannot,0.00010475516319274902,0.00010475516319274902,0.00010475516319274902,1.7973221474676393e-05,1.0,1.0,5.828401565551758
1231,21,9830,supports_cannot,0.00010475516319274902,0.00010475516319274902,0.00010475516319274902,3.496295175864361e-05,1.0,1.0,2.996176242828369
1232,19,3931,supports_cannot,0.00010471045970916748,0.00010471045970916748,0.00010471045970916748,1.5076227100507822e-05,1.0,1.0,6.945401668548584
1233,20,12159,suppresses_cannot,-0.00010469555854797363,0.00010469555854797363,0.00010469555854797363,2.0507917724899016e-05,0.0,1.0,5.105128288269043
1234,28,1839,supports_cannot,0.00010463595390319824,0.00010463595390319824,0.00010463595390319824,3.8344496715581045e-05,1.0,1.0,2.7288389205932617
1235,20,11263,suppresses_cannot,-0.00010463595390319824,0.00010463595390319824,0.00010463595390319824,2.3474754925700836e-05,0.0,1.0,4.457381725311279
1236,31,4518,supports_cannot,0.00010463595390319824,0.00010463595390319824,0.00010463595390319824,5.173754470888525e-05,1.0,1.0,2.022437572479248
1237,13,13155,suppresses_cannot,-0.00010463595390319824,0.00010463595390319824,0.0001601874828338623,0.00014903012197464705,0.25,0.75,0.7021127939224243
1238,20,12370,supports_cannot,0.0001046210527420044,0.0001046210527420044,0.0001046210527420044,3.8928617868805304e-05,1.0,1.0,2.6875100135803223
1239,22,6493,suppresses_cannot,-0.00010444223880767822,0.00010444223880767822,0.00010444223880767822,4.955477197654545e-05,0.0,1.0,2.107612133026123
1240,20,2989,supports_cannot,0.00010444223880767822,0.00010444223880767822,0.00010444223880767822,1.1518385690578725e-05,1.0,1.0,9.067436218261719
1241,20,12794,supports_cannot,0.00010442733764648438,0.00010442733764648438,0.00010442733764648438,3.14404460368678e-05,1.0,1.0,3.3214330673217773
1242,23,13348,suppresses_cannot,-0.00010438263416290283,0.00010438263416290283,0.00010438263416290283,3.574138099793345e-05,0.0,1.0,2.9204981327056885
1243,29,10537,supports_cannot,0.00010436773300170898,0.00010436773300170898,0.00010436773300170898,2.8217717044753954e-05,1.0,1.0,3.6986594200134277
1244,26,6943,supports_cannot,0.00010435283184051514,0.00010435283184051514,0.00010435283184051514,7.012155401753262e-05,1.0,1.0,1.4881705045700073
1245,27,5773,supports_cannot,0.00010432302951812744,0.00010432302951812744,0.00010432302951812744,5.5667234846623614e-05,1.0,1.0,1.8740472793579102
1246,29,9380,supports_cannot,0.0001042783260345459,0.0001042783260345459,0.0001042783260345459,3.0013306968612596e-05,1.0,1.0,3.474402904510498
1247,25,10056,suppresses_cannot,-0.0001042783260345459,0.0001042783260345459,0.0001042783260345459,6.344360008370131e-05,0.0,1.0,1.643638253211975
1248,29,13755,suppresses_cannot,-0.0001042485237121582,0.0001042485237121582,0.0001042485237121582,3.75964300474152e-05,0.0,1.0,2.7728304862976074
1249,21,2704,supports_cannot,0.00010420382022857666,0.00010420382022857666,0.00010420382022857666,5.0390895921736956e-05,1.0,1.0,2.0679097175598145
1250,23,5310,supports_cannot,0.00010418891906738281,0.00010418891906738281,0.00010418891906738281,6.28331326879561e-05,1.0,1.0,1.6581844091415405
1251,30,11709,supports_cannot,0.00010417401790618896,0.00010417401790618896,0.00010417401790618896,3.27901761920657e-05,1.0,1.0,3.1769886016845703
1252,31,1042,supports_cannot,0.00010415911674499512,0.00010415911674499512,0.00010415911674499512,6.242893869057298e-05,1.0,1.0,1.6684428453445435
1253,10,11152,supports_cannot,0.00010414421558380127,0.00010414421558380127,0.00039874017238616943,0.00048269701073877513,0.5,0.5,0.21575483679771423
1254,31,8245,suppresses_cannot,-0.00010408461093902588,0.00010408461093902588,0.00010408461093902588,3.667779310490005e-05,0.0,1.0,2.8378100395202637
1255,24,2873,supports_cannot,0.00010406970977783203,0.00010406970977783203,0.00010406970977783203,2.1246234609861858e-05,1.0,1.0,4.898265838623047
1256,20,13412,supports_cannot,0.00010405480861663818,0.00010405480861663818,0.00010405480861663818,3.986749652540311e-05,1.0,1.0,2.610016107559204
1257,31,3320,suppresses_cannot,-0.00010405480861663818,0.00010405480861663818,0.00010405480861663818,8.071184856817126e-05,0.0,1.0,1.2892135381698608
1258,28,1642,supports_cannot,0.00010403990745544434,0.00010403990745544434,0.00010403990745544434,4.419445394887589e-05,1.0,1.0,2.354139566421509
1259,16,1677,supports_cannot,0.00010401010513305664,0.00010401010513305664,0.00010401010513305664,3.552249472704716e-05,1.0,1.0,2.928006887435913
1260,28,4234,supports_cannot,0.00010401010513305664,0.00010401010513305664,0.00010401010513305664,2.067593959509395e-05,1.0,1.0,5.030489444732666
1261,17,5238,suppresses_cannot,-0.00010399520397186279,0.00010399520397186279,0.00010399520397186279,4.19000607507769e-05,0.0,1.0,2.4819822311401367
1262,16,11446,suppresses_cannot,-0.00010398030281066895,0.00010398030281066895,0.00010398030281066895,4.041714782943018e-05,0.0,1.0,2.5726778507232666
1263,22,6247,suppresses_cannot,-0.00010392069816589355,0.00010392069816589355,0.00010392069816589355,5.780233186669648e-05,0.0,1.0,1.7978633642196655
1264,14,10026,suppresses_cannot,-0.00010392069816589355,0.00010392069816589355,0.00010392069816589355,3.577692768885754e-05,0.0,1.0,2.9046847820281982
1265,17,3110,suppresses_cannot,-0.00010389089584350586,0.00010389089584350586,0.00010389089584350586,2.7966998459305614e-05,0.0,1.0,3.7147672176361084
1266,29,5060,suppresses_cannot,-0.00010387599468231201,0.00010387599468231201,0.00010387599468231201,3.173535515088588e-05,0.0,1.0,3.2731945514678955
1267,26,10873,suppresses_cannot,-0.00010374188423156738,0.00010374188423156738,0.00010374188423156738,2.9742821425315924e-05,0.0,1.0,3.4879636764526367
1268,21,6128,supports_cannot,0.00010371208190917969,0.00010371208190917969,0.00010371208190917969,2.1640056729665957e-05,1.0,1.0,4.79259729385376
1269,21,8050,suppresses_cannot,-0.00010369718074798584,0.00010369718074798584,0.00010369718074798584,5.1312923460500315e-05,0.0,1.0,2.020878553390503
1270,12,9894,suppresses_cannot,-0.00010366737842559814,0.00010366737842559814,0.00010366737842559814,3.1518557079834864e-05,0.0,1.0,3.289090156555176
1271,28,735,suppresses_cannot,-0.00010363757610321045,0.00010363757610321045,0.00010363757610321045,3.255061528761871e-05,0.0,1.0,3.183889865875244
1272,20,10000,suppresses_cannot,-0.0001036226749420166,0.0001036226749420166,0.0001335442066192627,0.00013383591431193054,0.25,0.75,0.7742516398429871
1273,31,8990,suppresses_cannot,-0.00010356307029724121,0.00010356307029724121,0.00010356307029724121,4.737085328088142e-05,0.0,1.0,2.1862192153930664
1274,25,2639,supports_cannot,0.00010354816913604736,0.00010354816913604736,0.00010354816913604736,1.8337577785132453e-05,1.0,1.0,5.6467742919921875
1275,17,8936,supports_cannot,0.00010354816913604736,0.00010354816913604736,0.00010354816913604736,5.1375907787587494e-05,1.0,1.0,2.015500545501709
1276,13,2048,supports_cannot,0.00010338425636291504,0.00010338425636291504,0.00010338425636291504,7.885695231379941e-05,1.0,1.0,1.311035394668579
1277,26,6675,suppresses_cannot,-0.00010338425636291504,0.00010338425636291504,0.00010338425636291504,7.190176256699488e-05,0.0,1.0,1.437854290008545
1278,21,6141,suppresses_cannot,-0.00010338425636291504,0.00010338425636291504,0.00010338425636291504,3.271823879913427e-05,0.0,1.0,3.1598355770111084
1279,20,11763,supports_cannot,0.00010335445404052734,0.00010335445404052734,0.00010335445404052734,5.964974843664095e-05,1.0,1.0,1.7326889038085938
1280,19,6227,suppresses_cannot,-0.0001033395528793335,0.0001033395528793335,0.00017093122005462646,0.00016518948541488498,0.25,0.75,0.6255819201469421
1281,12,7877,suppresses_cannot,-0.00010332465171813965,0.00010332465171813965,0.00010332465171813965,2.3709821107331663e-05,0.0,1.0,4.357883930206299
1282,21,3857,supports_cannot,0.00010329484939575195,0.00010329484939575195,0.00010329484939575195,2.687868800421711e-05,1.0,1.0,3.8430016040802
1283,30,1604,supports_cannot,0.00010329484939575195,0.00010329484939575195,0.00010329484939575195,5.385137046687305e-05,1.0,1.0,1.918147087097168
1284,16,12813,supports_cannot,0.00010326504707336426,0.00010326504707336426,0.00010326504707336426,5.409365985542536e-05,1.0,1.0,1.9090046882629395
1285,27,7017,suppresses_cannot,-0.00010325014591217041,0.00010325014591217041,0.00010325014591217041,1.1500404980324674e-05,0.0,1.0,8.977956771850586
1286,2,4380,suppresses_cannot,-0.00010323524475097656,0.00010323524475097656,0.00010323524475097656,3.8167341699590907e-05,0.0,1.0,2.704805850982666
1287,27,1721,suppresses_cannot,-0.00010322034358978271,0.00010322034358978271,0.00010322034358978271,4.765146877616644e-05,0.0,1.0,2.1661524772644043
1288,17,10712,supports_cannot,0.00010322034358978271,0.00010322034358978271,0.0001439601182937622,0.00012054468970745802,0.75,0.75,0.8562827706336975
1289,25,11554,supports_cannot,0.00010305643081665039,0.00010305643081665039,0.00010305643081665039,2.8324531740508974e-05,1.0,1.0,3.638415813446045
1290,23,4343,supports_cannot,0.0001030266284942627,0.0001030266284942627,0.0001030266284942627,5.178579522180371e-05,1.0,1.0,1.9894765615463257
1291,16,6364,supports_cannot,0.00010298192501068115,0.00010298192501068115,0.00010298192501068115,2.7604364731814712e-05,1.0,1.0,3.7306389808654785
1292,27,11567,supports_cannot,0.0001029670238494873,0.0001029670238494873,0.0001029670238494873,1.8446962712914683e-05,1.0,1.0,5.581786632537842
1293,17,179,suppresses_cannot,-0.00010280311107635498,0.00010280311107635498,0.00010280311107635498,1.8445512978360057e-05,0.0,1.0,5.573338985443115
1294,21,5622,suppresses_cannot,-0.00010278820991516113,0.00010278820991516113,0.00010278820991516113,3.430705692153424e-05,0.0,1.0,2.996124505996704
1295,28,9564,suppresses_cannot,-0.00010277330875396729,0.00010277330875396729,0.00010277330875396729,5.4381820518756285e-05,0.0,1.0,1.8898468017578125
1296,0,378,suppresses_cannot,-0.00010266900062561035,0.00010266900062561035,0.00010266900062561035,7.970607839524746e-05,0.0,1.0,1.2880949974060059
1297,30,11560,supports_cannot,0.00010259449481964111,0.00010259449481964111,0.00010259449481964111,1.7456703062634915e-05,1.0,1.0,5.877082347869873
1298,21,8047,suppresses_cannot,-0.00010253489017486572,0.00010253489017486572,0.00028087198734283447,0.0002916948578786105,0.25,0.75,0.35151422023773193
1299,27,1544,supports_cannot,0.00010251998901367188,0.00010251998901367188,0.00010251998901367188,1.9689165128511377e-05,1.0,1.0,5.206923484802246
1300,27,5114,supports_cannot,0.00010251998901367188,0.00010251998901367188,0.00010251998901367188,8.061643166001886e-05,1.0,1.0,1.2717008590698242
1301,18,14003,supports_cannot,0.00010250508785247803,0.00010250508785247803,0.00010250508785247803,3.5673027014127e-05,1.0,1.0,2.873461961746216
1302,23,7073,supports_cannot,0.00010246038436889648,0.00010246038436889648,0.00010246038436889648,2.7255913664703257e-05,1.0,1.0,3.759197950363159
1303,28,3639,supports_cannot,0.00010243058204650879,0.00010243058204650879,0.00010243058204650879,4.995037306798622e-05,1.0,1.0,2.050647020339966
1304,18,12943,supports_cannot,0.00010241568088531494,0.00010241568088531494,0.00010241568088531494,5.293092908686958e-05,1.0,1.0,1.9348928928375244
1305,31,6831,suppresses_cannot,-0.0001023411750793457,0.0001023411750793457,0.0001023411750793457,3.179967825417407e-05,0.0,1.0,3.218308448791504
1306,17,8977,suppresses_cannot,-0.0001023411750793457,0.0001023411750793457,0.0001023411750793457,3.865417602355592e-05,0.0,1.0,2.6476097106933594
1307,16,8700,suppresses_cannot,-0.00010226666927337646,0.00010226666927337646,0.00010226666927337646,1.3924566701462027e-05,0.0,1.0,7.344333648681641
1308,29,2555,suppresses_cannot,-0.00010220706462860107,0.00010220706462860107,0.00010220706462860107,1.836028059187811e-05,0.0,1.0,5.566748142242432
1309,14,1625,suppresses_cannot,-0.00010216236114501953,0.00010216236114501953,0.00010216236114501953,5.204432818572968e-05,0.0,1.0,1.9629874229431152
1310,31,8082,suppresses_cannot,-0.00010211765766143799,0.00010211765766143799,0.00010211765766143799,5.131744183017872e-05,0.0,1.0,1.9899210929870605
1311,23,9662,suppresses_cannot,-0.00010211765766143799,0.00010211765766143799,0.00010211765766143799,1.6607375073363073e-05,0.0,1.0,6.148933410644531
1312,26,7092,suppresses_cannot,-0.00010207295417785645,0.00010207295417785645,0.00010207295417785645,2.867551847884897e-05,0.0,1.0,3.5595850944519043
1313,30,10685,suppresses_cannot,-0.00010204315185546875,0.00010204315185546875,0.00010204315185546875,3.144598304061219e-05,0.0,1.0,3.2450296878814697
1314,8,12312,supports_cannot,0.0001020282506942749,0.0001020282506942749,0.00010628998279571533,0.00010957328777294606,0.75,0.75,0.9311416149139404
1315,27,8178,suppresses_cannot,-0.00010199844837188721,0.00010199844837188721,0.00010199844837188721,3.317969822091982e-05,0.0,1.0,3.074122190475464
1316,23,2217,suppresses_cannot,-0.00010196864604949951,0.00010196864604949951,0.00010196864604949951,4.740078657050617e-05,0.0,1.0,2.1512014865875244
1317,26,13192,suppresses_cannot,-0.00010195374488830566,0.00010195374488830566,0.00010195374488830566,4.245785021339543e-05,0.0,1.0,2.4012930393218994
1318,30,4048,suppresses_cannot,-0.00010192394256591797,0.00010192394256591797,0.00010192394256591797,3.1771429348737e-05,0.0,1.0,3.2080376148223877
1319,29,2096,suppresses_cannot,-0.00010190904140472412,0.00010190904140472412,0.00010190904140472412,6.475592090282589e-05,0.0,1.0,1.5737409591674805
1320,31,11750,supports_cannot,0.00010190904140472412,0.00010190904140472412,0.00010190904140472412,1.6341697119059972e-05,1.0,1.0,6.236135005950928
1321,22,3334,supports_cannot,0.00010189414024353027,0.00010189414024353027,0.00010189414024353027,5.1668055675690994e-05,1.0,1.0,1.9720916748046875
1322,22,12203,suppresses_cannot,-0.00010189414024353027,0.00010189414024353027,0.00010189414024353027,3.427638876019046e-05,0.0,1.0,2.9727210998535156
1323,14,8138,suppresses_cannot,-0.00010187923908233643,0.00010187923908233643,0.00010187923908233643,9.065658377949148e-05,0.0,1.0,1.1237930059432983
1324,30,5098,suppresses_cannot,-0.00010181963443756104,0.00010181963443756104,0.00010181963443756104,1.772075120243244e-05,0.0,1.0,5.745784759521484
1325,16,2969,supports_cannot,0.0001017153263092041,0.0001017153263092041,0.0001017153263092041,4.357067882665433e-05,1.0,1.0,2.3344902992248535
1326,11,10594,supports_cannot,0.0001017153263092041,0.0001017153263092041,0.0001017153263092041,5.4782758525107056e-05,1.0,1.0,1.856703281402588
1327,4,7578,supports_cannot,0.0001017153263092041,0.0001017153263092041,0.0001017153263092041,4.529973739408888e-05,1.0,1.0,2.245384454727173
1328,26,4441,supports_cannot,0.00010170042514801025,0.00010170042514801025,0.00010170042514801025,2.5466546503594145e-05,1.0,1.0,3.993490695953369
1329,23,12611,suppresses_cannot,-0.00010167062282562256,0.00010167062282562256,0.0001020580530166626,5.927235179115087e-05,0.25,0.75,1.7153128385543823
1330,18,8045,suppresses_cannot,-0.00010165572166442871,0.00010165572166442871,0.00010165572166442871,2.4080294679151848e-05,0.0,1.0,4.221530914306641
1331,29,7789,suppresses_cannot,-0.00010162591934204102,0.00010162591934204102,0.00010162591934204102,2.7707441404345445e-05,0.0,1.0,3.6678202152252197
1332,27,3657,suppresses_cannot,-0.00010161101818084717,0.00010161101818084717,0.00010161101818084717,8.438465556537267e-06,0.0,1.0,12.04140853881836
1333,23,8210,suppresses_cannot,-0.00010153651237487793,0.00010153651237487793,0.00010153651237487793,2.7333670004736632e-05,0.0,1.0,3.7147045135498047
1334,27,1958,suppresses_cannot,-0.00010153651237487793,0.00010153651237487793,0.00010153651237487793,8.309505574288778e-06,0.0,1.0,12.219319343566895
1335,27,5737,suppresses_cannot,-0.00010152161121368408,0.00010152161121368408,0.00010152161121368408,4.67541249236092e-05,0.0,1.0,2.171393632888794
1336,29,12964,supports_cannot,0.00010150671005249023,0.00010150671005249023,0.00010150671005249023,2.5826941055129282e-05,1.0,1.0,3.9302642345428467
1337,30,13128,supports_cannot,0.00010149180889129639,0.00010149180889129639,0.00010149180889129639,5.5835116654634476e-05,1.0,1.0,1.8177056312561035
1338,27,11966,suppresses_cannot,-0.00010146200656890869,0.00010146200656890869,0.00010146200656890869,7.183849811553955e-05,0.0,1.0,1.4123625755310059
1339,29,1703,suppresses_cannot,-0.00010146200656890869,0.00010146200656890869,0.00010146200656890869,9.502296597929671e-05,0.0,1.0,1.0677629709243774
1340,29,10391,supports_cannot,0.00010144710540771484,0.00010144710540771484,0.00010144710540771484,2.9322425689315423e-05,1.0,1.0,3.4597103595733643
1341,25,2351,suppresses_cannot,-0.00010144710540771484,0.00010144710540771484,0.00010144710540771484,3.869099236908369e-05,0.0,1.0,2.6219825744628906
1342,26,431,supports_cannot,0.00010141730308532715,0.00010141730308532715,0.00010141730308532715,4.9660444346955046e-05,1.0,1.0,2.042214870452881
1343,7,2165,suppresses_cannot,-0.00010135769844055176,0.00010135769844055176,0.00010135769844055176,4.42741256847512e-05,0.0,1.0,2.289321184158325
1344,30,4593,suppresses_cannot,-0.00010132789611816406,0.00010132789611816406,0.00010132789611816406,5.203712498769164e-05,0.0,1.0,1.94722318649292
1345,26,2269,supports_cannot,0.00010131299495697021,0.00010131299495697021,0.00010131299495697021,2.9308348530321382e-05,1.0,1.0,3.456796169281006
1346,18,922,suppresses_cannot,-0.00010131299495697021,0.00010131299495697021,0.00011564791202545166,9.619628690415993e-05,0.25,0.75,1.0531902313232422
1347,27,10109,supports_cannot,0.00010129809379577637,0.00010129809379577637,0.00010129809379577637,3.220677172066644e-05,1.0,1.0,3.1452419757843018
1348,23,12148,supports_cannot,0.00010126829147338867,0.00010126829147338867,0.00010126829147338867,8.060466643655673e-05,1.0,1.0,1.2563576698303223
1349,20,3123,suppresses_cannot,-0.00010123848915100098,0.00010123848915100098,0.00010123848915100098,2.9841561627108604e-05,0.0,1.0,3.39253306388855
1350,22,2591,supports_cannot,0.00010123848915100098,0.00010123848915100098,0.00010123848915100098,7.580803503515199e-05,1.0,1.0,1.335458517074585
1351,18,11908,suppresses_cannot,-0.00010120868682861328,0.00010120868682861328,0.00010120868682861328,5.639571099891327e-05,0.0,1.0,1.79461669921875
1352,21,13890,suppresses_cannot,-0.00010119378566741943,0.00010119378566741943,0.00010119378566741943,2.7417954697739333e-05,0.0,1.0,3.6907851696014404
1353,31,4668,supports_cannot,0.00010117888450622559,0.00010117888450622559,0.00010117888450622559,3.582413773983717e-05,1.0,1.0,2.8243215084075928
1354,29,2822,suppresses_cannot,-0.0001011192798614502,0.0001011192798614502,0.0001011192798614502,3.179005580022931e-05,0.0,1.0,3.1808462142944336
1355,30,13808,suppresses_cannot,-0.00010098516941070557,0.00010098516941070557,0.00010098516941070557,3.816930257016793e-05,0.0,1.0,2.645716905593872
1356,29,969,suppresses_cannot,-0.00010098516941070557,0.00010098516941070557,0.00010098516941070557,2.3797276298864745e-05,0.0,1.0,4.243559837341309
1357,31,2816,suppresses_cannot,-0.00010097026824951172,0.00010097026824951172,0.00010097026824951172,3.95118331653066e-05,0.0,1.0,2.55544376373291
1358,29,3678,supports_cannot,0.00010095536708831787,0.00010095536708831787,0.00010095536708831787,0.00010034367733169347,1.0,1.0,1.0060960054397583
1359,20,11544,suppresses_cannot,-0.00010092556476593018,0.00010092556476593018,0.00010092556476593018,2.261017834825907e-05,0.0,1.0,4.463722229003906
1360,30,11777,suppresses_cannot,-0.00010089576244354248,0.00010089576244354248,0.00010089576244354248,6.562248927366454e-06,0.0,1.0,15.375178337097168
1361,30,14244,suppresses_cannot,-0.00010085105895996094,0.00010085105895996094,0.00010085105895996094,2.302348548255395e-05,0.0,1.0,4.380355358123779
1362,14,4276,suppresses_cannot,-0.00010083615779876709,0.00010083615779876709,0.00010083615779876709,2.8323102014837787e-05,0.0,1.0,3.560208559036255
1363,18,2120,supports_cannot,0.00010083615779876709,0.00010083615779876709,0.00010083615779876709,3.642595765995793e-05,1.0,1.0,2.768249988555908
1364,25,11681,suppresses_cannot,-0.00010079145431518555,0.00010079145431518555,0.00010079145431518555,3.2413281587651e-05,0.0,1.0,3.109572649002075
1365,24,5102,supports_cannot,0.00010079145431518555,0.00010079145431518555,0.00010079145431518555,7.129794539650902e-05,1.0,1.0,1.4136656522750854
1366,16,11010,supports_cannot,0.0001007765531539917,0.0001007765531539917,0.0001007765531539917,0.00011790799908339977,1.0,1.0,0.8547049760818481
1367,21,3054,suppresses_cannot,-0.00010071694850921631,0.00010071694850921631,0.00010071694850921631,4.845277362619527e-05,0.0,1.0,2.078662157058716
1368,27,2327,suppresses_cannot,-0.00010071694850921631,0.00010071694850921631,0.00010071694850921631,4.657381941797212e-05,0.0,1.0,2.162522792816162
1369,21,6057,supports_cannot,0.00010070204734802246,0.00010070204734802246,0.00010070204734802246,4.799785165232606e-05,1.0,1.0,2.098053216934204
1370,25,11658,suppresses_cannot,-0.00010068714618682861,0.00010068714618682861,0.00010068714618682861,2.5706791348056868e-05,0.0,1.0,3.916752576828003
1371,29,2715,suppresses_cannot,-0.00010067224502563477,0.00010067224502563477,0.00010067224502563477,1.2523714758572169e-05,0.0,1.0,8.038528442382812
1372,16,1598,supports_cannot,0.00010067224502563477,0.00010067224502563477,0.00010067224502563477,7.085363904479891e-05,1.0,1.0,1.4208478927612305
1373,31,8893,supports_cannot,0.00010065734386444092,0.00010065734386444092,0.00010065734386444092,8.606461960880551e-06,1.0,1.0,11.695552825927734
1374,24,4413,supports_cannot,0.00010062754154205322,0.00010062754154205322,0.00010062754154205322,3.411131547181867e-05,1.0,1.0,2.9499754905700684
1375,18,8429,supports_cannot,0.00010062754154205322,0.00010062754154205322,0.00018356740474700928,0.0001897663314593956,0.5,0.5,0.5302707552909851
1376,24,11029,supports_cannot,0.00010058283805847168,0.00010058283805847168,0.00010058283805847168,3.7330726627260447e-05,1.0,1.0,2.694371223449707
1377,16,226,suppresses_cannot,-0.00010053813457489014,0.00010053813457489014,0.00010053813457489014,5.677825538441539e-05,0.0,1.0,1.7707154750823975
1378,30,8026,supports_cannot,0.0001004636287689209,0.0001004636287689209,0.0001004636287689209,3.157939499942586e-05,1.0,1.0,3.1813032627105713
1379,25,4746,suppresses_cannot,-0.00010040402412414551,0.00010040402412414551,0.00010040402412414551,2.6522007829044014e-05,0.0,1.0,3.78568696975708
1380,21,13671,suppresses_cannot,-0.00010040402412414551,0.00010040402412414551,0.00010040402412414551,3.6832643672823906e-05,0.0,1.0,2.7259521484375
1381,21,7841,supports_cannot,0.00010038912296295166,0.00010038912296295166,0.00010038912296295166,4.884760346612893e-05,1.0,1.0,2.0551493167877197
1382,24,8606,suppresses_cannot,-0.00010037422180175781,0.00010037422180175781,0.00010037422180175781,3.502897743601352e-05,0.0,1.0,2.8654625415802
1383,30,1649,suppresses_cannot,-0.00010037422180175781,0.00010037422180175781,0.00010037422180175781,3.45529115293175e-05,0.0,1.0,2.904942512512207
1384,30,5799,suppresses_cannot,-0.00010031461715698242,0.00010031461715698242,0.00010031461715698242,2.2733956939191557e-05,0.0,1.0,4.412545204162598
1385,22,3009,suppresses_cannot,-0.00010031461715698242,0.00010031461715698242,0.00010031461715698242,4.421077755978331e-05,0.0,1.0,2.269008159637451
1386,17,10618,supports_cannot,0.00010029971599578857,0.00010029971599578857,0.00010029971599578857,3.5688633943209425e-05,1.0,1.0,2.810410737991333
1387,28,13013,supports_cannot,0.00010028481483459473,0.00010028481483459473,0.00010028481483459473,3.0253262593760155e-05,1.0,1.0,3.314842700958252
1388,28,6,supports_cannot,0.00010019540786743164,0.00010019540786743164,0.00010019540786743164,2.0102279449929483e-05,1.0,1.0,4.984280586242676
1389,23,4124,suppresses_cannot,-0.00010016560554504395,0.00010016560554504395,0.00010016560554504395,4.920392166241072e-05,0.0,1.0,2.035723924636841
1390,16,488,suppresses_cannot,-0.00010004639625549316,0.00010004639625549316,0.00010004639625549316,1.5462121154996566e-05,0.0,1.0,6.4704179763793945
1391,28,3143,supports_cannot,0.00010003149509429932,0.00010003149509429932,0.00010003149509429932,1.4410732546821237e-05,1.0,1.0,6.941457748413086
1392,27,14183,suppresses_cannot,-0.00010003149509429932,0.00010003149509429932,0.00010003149509429932,5.6250402849400416e-05,0.0,1.0,1.7783249616622925
1393,30,5947,suppresses_cannot,-9.995698928833008e-05,9.995698928833008e-05,9.995698928833008e-05,3.04724344459828e-05,0.0,1.0,3.280242681503296
1394,13,7549,suppresses_cannot,-9.991228580474854e-05,9.991228580474854e-05,0.00011052191257476807,7.292384543688968e-05,0.25,0.75,1.3700907230377197
1395,24,7683,suppresses_cannot,-9.986758232116699e-05,9.986758232116699e-05,9.986758232116699e-05,2.8087151804356836e-05,0.0,1.0,3.5556321144104004
1396,27,477,supports_cannot,9.98377799987793e-05,9.98377799987793e-05,9.98377799987793e-05,1.5674775568186305e-05,1.0,1.0,6.369326591491699
1397,31,7396,supports_cannot,9.98079776763916e-05,9.98079776763916e-05,9.98079776763916e-05,7.217653910629451e-05,1.0,1.0,1.382831335067749
1398,29,992,suppresses_cannot,-9.97781753540039e-05,9.97781753540039e-05,9.97781753540039e-05,2.2498405087389983e-05,0.0,1.0,4.434899806976318
1399,13,7395,suppresses_cannot,-9.974837303161621e-05,9.974837303161621e-05,9.974837303161621e-05,7.433818245772272e-05,0.0,1.0,1.3418188095092773
1400,13,12622,supports_cannot,9.973347187042236e-05,9.973347187042236e-05,9.973347187042236e-05,5.0535974878584966e-05,1.0,1.0,1.9735143184661865
1401,31,5287,suppresses_cannot,-9.973347187042236e-05,9.973347187042236e-05,9.973347187042236e-05,3.1247032893588766e-05,0.0,1.0,3.1917741298675537
1402,20,448,supports_cannot,9.971857070922852e-05,9.971857070922852e-05,9.971857070922852e-05,2.7636700906441547e-05,1.0,1.0,3.6081933975219727
1403,26,11593,supports_cannot,9.970366954803467e-05,9.970366954803467e-05,9.970366954803467e-05,5.029677413403988e-05,1.0,1.0,1.9823074340820312
1404,31,12861,supports_cannot,9.968876838684082e-05,9.968876838684082e-05,9.968876838684082e-05,1.8832828573067673e-05,1.0,1.0,5.2933502197265625
1405,29,6196,supports_cannot,9.958446025848389e-05,9.958446025848389e-05,9.958446025848389e-05,3.260552330175415e-05,1.0,1.0,3.054220676422119
1406,17,7605,suppresses_cannot,-9.958446025848389e-05,9.958446025848389e-05,9.958446025848389e-05,3.031033520528581e-05,0.0,1.0,3.2854950428009033
1407,28,415,supports_cannot,9.953975677490234e-05,9.953975677490234e-05,9.953975677490234e-05,4.9687452701618895e-05,1.0,1.0,2.0033178329467773
1408,24,14143,supports_cannot,9.950995445251465e-05,9.950995445251465e-05,9.950995445251465e-05,9.504885383648798e-06,1.0,1.0,10.46934700012207
1409,28,2191,supports_cannot,9.94950532913208e-05,9.94950532913208e-05,9.94950532913208e-05,6.12740041106008e-05,1.0,1.0,1.6237726211547852
1410,28,3519,supports_cannot,9.94652509689331e-05,9.94652509689331e-05,9.94652509689331e-05,4.518679634202272e-05,1.0,1.0,2.2012016773223877
1411,24,5185,suppresses_cannot,-9.940564632415771e-05,9.940564632415771e-05,9.940564632415771e-05,2.825387127813883e-05,0.0,1.0,3.518301486968994
1412,18,4204,supports_cannot,9.937584400177002e-05,9.937584400177002e-05,9.937584400177002e-05,8.720270852791145e-05,1.0,1.0,1.139595866203308
1413,28,8102,supports_cannot,9.936094284057617e-05,9.936094284057617e-05,9.936094284057617e-05,3.1520066841039807e-05,1.0,1.0,3.1523075103759766
1414,21,10983,supports_cannot,9.931623935699463e-05,9.931623935699463e-05,9.931623935699463e-05,2.7862872229889035e-05,1.0,1.0,3.564465045928955
1415,30,8726,suppresses_cannot,-9.931623935699463e-05,9.931623935699463e-05,9.931623935699463e-05,4.918261765851639e-05,0.0,1.0,2.019336223602295
1416,18,11041,suppresses_cannot,-9.931623935699463e-05,9.931623935699463e-05,9.931623935699463e-05,8.600205910624936e-05,0.0,1.0,1.1548123359680176
1417,17,11456,supports_cannot,9.930133819580078e-05,9.930133819580078e-05,9.930133819580078e-05,1.6289634004351683e-05,1.0,1.0,6.095982551574707
1418,28,6624,suppresses_cannot,-9.930133819580078e-05,9.930133819580078e-05,9.930133819580078e-05,3.182739965268411e-05,0.0,1.0,3.119995355606079
1419,19,3076,suppresses_cannot,-9.928643703460693e-05,9.928643703460693e-05,9.928643703460693e-05,6.236280023586005e-05,0.0,1.0,1.5920779705047607
1420,29,8558,suppresses_cannot,-9.925663471221924e-05,9.925663471221924e-05,9.925663471221924e-05,3.856209514196962e-05,0.0,1.0,2.5739428997039795
1421,30,3979,supports_cannot,9.925663471221924e-05,9.925663471221924e-05,9.925663471221924e-05,2.9615932362503372e-05,1.0,1.0,3.3514604568481445
1422,28,13379,suppresses_cannot,-9.924173355102539e-05,9.924173355102539e-05,9.924173355102539e-05,1.6604093616479076e-05,0.0,1.0,5.976943016052246
1423,10,2015,supports_cannot,9.922683238983154e-05,9.922683238983154e-05,9.922683238983154e-05,4.370336318970658e-05,1.0,1.0,2.2704622745513916
1424,22,13914,supports_cannot,9.919703006744385e-05,9.919703006744385e-05,9.919703006744385e-05,2.5735245799296536e-05,1.0,1.0,3.854520082473755
1425,31,11233,supports_cannot,9.919703006744385e-05,9.919703006744385e-05,9.919703006744385e-05,1.0015830412157811e-05,1.0,1.0,9.904023170471191
1426,29,4188,supports_cannot,9.916722774505615e-05,9.916722774505615e-05,9.916722774505615e-05,1.1039045602956321e-05,1.0,1.0,8.983314514160156
1427,16,11293,suppresses_cannot,-9.91523265838623e-05,9.91523265838623e-05,9.91523265838623e-05,6.849030614830554e-05,0.0,1.0,1.4476840496063232
1428,26,2135,supports_cannot,9.91523265838623e-05,9.91523265838623e-05,9.91523265838623e-05,3.330818435642868e-05,1.0,1.0,2.976815700531006
1429,28,11982,supports_cannot,9.906291961669922e-05,9.906291961669922e-05,9.906291961669922e-05,1.9021026673726737e-05,1.0,1.0,5.208073616027832
1430,18,7994,supports_cannot,9.906291961669922e-05,9.906291961669922e-05,9.906291961669922e-05,6.521071190945804e-05,1.0,1.0,1.5191203355789185
1431,25,7804,suppresses_cannot,-9.906291961669922e-05,9.906291961669922e-05,9.906291961669922e-05,4.134434129809961e-05,0.0,1.0,2.396045446395874
1432,19,9505,suppresses_cannot,-9.903311729431152e-05,9.903311729431152e-05,9.903311729431152e-05,1.751659146975726e-05,0.0,1.0,5.653674602508545
1433,26,12463,suppresses_cannot,-9.900331497192383e-05,9.900331497192383e-05,9.900331497192383e-05,3.086361175519414e-05,0.0,1.0,3.207768201828003
1434,22,11889,suppresses_cannot,-9.900331497192383e-05,9.900331497192383e-05,9.900331497192383e-05,6.510385719593614e-05,0.0,1.0,1.5206981897354126
1435,22,8699,supports_cannot,9.898841381072998e-05,9.898841381072998e-05,9.898841381072998e-05,2.8653390472754836e-05,1.0,1.0,3.454684019088745
1436,8,3355,supports_cannot,9.895861148834229e-05,9.895861148834229e-05,9.895861148834229e-05,3.132399433525279e-05,1.0,1.0,3.1591951847076416
1437,31,6017,supports_cannot,9.88990068435669e-05,9.88990068435669e-05,9.88990068435669e-05,1.4678385014121886e-05,1.0,1.0,6.737730503082275
1438,17,8999,supports_cannot,9.88692045211792e-05,9.88692045211792e-05,9.88692045211792e-05,3.386916432646103e-05,1.0,1.0,2.9191510677337646
1439,0,13463,suppresses_cannot,-9.88692045211792e-05,9.88692045211792e-05,0.00010763108730316162,8.960549894254655e-05,0.25,0.75,1.103383183479309
1440,30,1891,suppresses_cannot,-9.885430335998535e-05,9.885430335998535e-05,9.885430335998535e-05,2.203814801760018e-05,0.0,1.0,4.485599040985107
1441,29,11558,suppresses_cannot,-9.879469871520996e-05,9.879469871520996e-05,9.879469871520996e-05,2.278092688356992e-05,0.0,1.0,4.336728096008301
1442,18,6375,supports_cannot,9.879469871520996e-05,9.879469871520996e-05,9.879469871520996e-05,2.4203027351177298e-05,1.0,1.0,4.08191442489624
1443,31,8936,supports_cannot,9.877979755401611e-05,9.877979755401611e-05,9.877979755401611e-05,2.8600024961633608e-05,1.0,1.0,3.4538357257843018
1444,19,10627,supports_cannot,9.876489639282227e-05,9.876489639282227e-05,9.876489639282227e-05,1.7878761354950257e-05,1.0,1.0,5.52414608001709
1445,17,6469,suppresses_cannot,-9.874999523162842e-05,9.874999523162842e-05,9.874999523162842e-05,3.8984933780739084e-05,0.0,1.0,2.533029794692993
1446,30,1324,supports_cannot,9.874999523162842e-05,9.874999523162842e-05,9.874999523162842e-05,3.5593489883467555e-05,1.0,1.0,2.774383544921875
1447,22,5872,suppresses_cannot,-9.873509407043457e-05,9.873509407043457e-05,9.873509407043457e-05,4.954586620442569e-05,0.0,1.0,1.9928019046783447
1448,31,14215,suppresses_cannot,-9.860098361968994e-05,9.860098361968994e-05,9.860098361968994e-05,2.4447328542009927e-05,0.0,1.0,4.033200263977051
1449,28,497,suppresses_cannot,-9.85860824584961e-05,9.85860824584961e-05,9.85860824584961e-05,3.3423726563341916e-05,0.0,1.0,2.9495837688446045
1450,30,961,supports_cannot,9.85860824584961e-05,9.85860824584961e-05,9.85860824584961e-05,1.761375278874766e-05,1.0,1.0,5.597107887268066
1451,23,4670,supports_cannot,9.85562801361084e-05,9.85562801361084e-05,9.85562801361084e-05,1.737986531225033e-05,1.0,1.0,5.67071533203125
1452,26,11352,suppresses_cannot,-9.840726852416992e-05,9.840726852416992e-05,9.840726852416992e-05,1.3063279766356573e-05,0.0,1.0,7.533120632171631
1453,24,758,suppresses_cannot,-9.839236736297607e-05,9.839236736297607e-05,0.0001001209020614624,7.595658826176077e-05,0.25,0.75,1.2953763008117676
1454,14,4682,supports_cannot,9.837746620178223e-05,9.837746620178223e-05,9.837746620178223e-05,9.685963595984504e-05,1.0,1.0,1.0156704187393188
1455,25,36,suppresses_cannot,-9.837746620178223e-05,9.837746620178223e-05,9.837746620178223e-05,7.320310396607965e-05,0.0,1.0,1.3438974618911743
1456,21,9576,suppresses_cannot,-9.836256504058838e-05,9.836256504058838e-05,9.836256504058838e-05,4.574838749249466e-05,0.0,1.0,2.1500771045684814
1457,17,4282,suppresses_cannot,-9.822845458984375e-05,9.822845458984375e-05,9.822845458984375e-05,3.9604201447218657e-05,0.0,1.0,2.4802534580230713
1458,17,10664,supports_cannot,9.812414646148682e-05,9.812414646148682e-05,9.812414646148682e-05,3.7110421544639394e-05,1.0,1.0,2.644113063812256
1459,20,597,suppresses_cannot,-9.812414646148682e-05,9.812414646148682e-05,9.812414646148682e-05,2.1114619812578894e-05,0.0,1.0,4.647212982177734
1460,21,1222,supports_cannot,9.812414646148682e-05,9.812414646148682e-05,9.812414646148682e-05,4.296801125747152e-05,1.0,1.0,2.2836556434631348
1461,23,6958,suppresses_cannot,-9.809434413909912e-05,9.809434413909912e-05,9.809434413909912e-05,5.423756647360278e-06,0.0,1.0,18.086048126220703
1462,31,7195,supports_cannot,9.801983833312988e-05,9.801983833312988e-05,9.801983833312988e-05,3.273050970165059e-05,1.0,1.0,2.9947543144226074
1463,22,2728,supports_cannot,9.801983833312988e-05,9.801983833312988e-05,9.801983833312988e-05,7.653643115190789e-05,1.0,1.0,1.2806951999664307
1464,17,8148,suppresses_cannot,-9.800493717193604e-05,9.800493717193604e-05,9.800493717193604e-05,4.201678166282363e-06,0.0,1.0,23.325183868408203
1465,30,936,supports_cannot,9.797513484954834e-05,9.797513484954834e-05,9.797513484954834e-05,4.759975490742363e-05,1.0,1.0,2.058311700820923
1466,25,3737,supports_cannot,9.791553020477295e-05,9.791553020477295e-05,9.791553020477295e-05,3.8903650420252234e-05,1.0,1.0,2.5168726444244385
1467,20,3077,supports_cannot,9.791553020477295e-05,9.791553020477295e-05,9.791553020477295e-05,5.092977880849503e-05,1.0,1.0,1.9225594997406006
1468,21,13353,suppresses_cannot,-9.788572788238525e-05,9.788572788238525e-05,9.788572788238525e-05,2.2531437934958376e-05,0.0,1.0,4.3444061279296875
1469,24,864,supports_cannot,9.782612323760986e-05,9.782612323760986e-05,9.782612323760986e-05,3.628335616667755e-05,1.0,1.0,2.6961708068847656
1470,22,10287,suppresses_cannot,-9.781122207641602e-05,9.781122207641602e-05,9.781122207641602e-05,1.4267750884755515e-05,0.0,1.0,6.855405330657959
1471,21,8616,supports_cannot,9.776651859283447e-05,9.776651859283447e-05,9.776651859283447e-05,1.2257588423381094e-05,1.0,1.0,7.975998878479004
1472,28,6940,supports_cannot,9.776651859283447e-05,9.776651859283447e-05,9.776651859283447e-05,1.6226393199758604e-05,1.0,1.0,6.025153160095215
1473,31,10088,suppresses_cannot,-9.775161743164062e-05,9.775161743164062e-05,9.775161743164062e-05,5.1281112973811105e-05,0.0,1.0,1.9061914682388306
1474,20,12024,supports_cannot,9.773671627044678e-05,9.773671627044678e-05,0.0001591891050338745,0.00021221928182058036,0.5,0.5,0.4605458676815033
1475,17,4644,supports_cannot,9.769201278686523e-05,9.769201278686523e-05,9.769201278686523e-05,9.286376553063747e-06,1.0,1.0,10.519927024841309
1476,24,12608,supports_cannot,9.766221046447754e-05,9.766221046447754e-05,9.766221046447754e-05,5.0487815315136686e-05,1.0,1.0,1.934371829032898
1477,16,13553,suppresses_cannot,-9.766221046447754e-05,9.766221046447754e-05,9.766221046447754e-05,3.169068804709241e-05,0.0,1.0,3.0817320346832275
1478,20,8584,suppresses_cannot,-9.763240814208984e-05,9.763240814208984e-05,9.763240814208984e-05,6.40921134618111e-05,0.0,1.0,1.5233138799667358
1479,31,4690,supports_cannot,9.7617506980896e-05,9.7617506980896e-05,0.0006177574396133423,0.000754755805246532,0.5,0.5,0.12933655083179474
1480,17,232,supports_cannot,9.760260581970215e-05,9.760260581970215e-05,9.760260581970215e-05,3.6238117900211364e-05,1.0,1.0,2.693368434906006
1481,17,7176,suppresses_cannot,-9.75579023361206e-05,9.75579023361206e-05,9.75579023361206e-05,8.963880827650428e-05,0.0,1.0,1.0883444547653198
1482,25,6717,supports_cannot,9.754300117492676e-05,9.754300117492676e-05,9.754300117492676e-05,2.1149509848328307e-05,1.0,1.0,4.6120686531066895
1483,31,1739,supports_cannot,9.752810001373291e-05,9.752810001373291e-05,9.752810001373291e-05,2.3455444534192793e-05,1.0,1.0,4.158015251159668
1484,28,8517,supports_cannot,9.749829769134521e-05,9.749829769134521e-05,9.749829769134521e-05,2.6633018933353014e-05,1.0,1.0,3.6608049869537354
1485,16,2711,supports_cannot,9.746849536895752e-05,9.746849536895752e-05,9.746849536895752e-05,5.934014916419983e-05,1.0,1.0,1.6425387859344482
1486,16,6264,supports_cannot,9.746849536895752e-05,9.746849536895752e-05,9.746849536895752e-05,4.225736847729422e-05,1.0,1.0,2.306544303894043
1487,23,4900,supports_cannot,9.745359420776367e-05,9.745359420776367e-05,9.745359420776367e-05,4.7449229896301404e-05,1.0,1.0,2.053849935531616
1488,31,5104,supports_cannot,9.743869304656982e-05,9.743869304656982e-05,9.743869304656982e-05,2.1682018996216357e-05,1.0,1.0,4.493985652923584
1489,16,10195,supports_cannot,9.737908840179443e-05,9.737908840179443e-05,9.737908840179443e-05,3.105837822658941e-05,1.0,1.0,3.1353564262390137
1490,30,8952,suppresses_cannot,-9.733438491821289e-05,9.733438491821289e-05,9.733438491821289e-05,2.713291542022489e-05,0.0,1.0,3.58731746673584
1491,25,9610,suppresses_cannot,-9.733438491821289e-05,9.733438491821289e-05,9.733438491821289e-05,2.458624840073753e-05,0.0,1.0,3.958894968032837
1492,22,3913,suppresses_cannot,-9.72747802734375e-05,9.72747802734375e-05,9.72747802734375e-05,3.520023892633617e-05,0.0,1.0,2.7634692192077637
1493,31,4651,supports_cannot,9.723007678985596e-05,9.723007678985596e-05,9.723007678985596e-05,2.4557959477533586e-05,1.0,1.0,3.9592080116271973
1494,21,1718,supports_cannot,9.721517562866211e-05,9.721517562866211e-05,9.721517562866211e-05,1.7135531379608437e-05,1.0,1.0,5.673308849334717
1495,19,5106,suppresses_cannot,-9.718537330627441e-05,9.718537330627441e-05,9.718537330627441e-05,1.9169196093571372e-05,0.0,1.0,5.069871425628662
1496,10,6230,supports_cannot,9.718537330627441e-05,9.718537330627441e-05,0.00012564659118652344,9.716924978420138e-05,0.75,0.75,1.0001659393310547
1497,31,6398,supports_cannot,9.705126285552979e-05,9.705126285552979e-05,9.705126285552979e-05,4.262962465872988e-05,1.0,1.0,2.2766153812408447
1498,29,5003,supports_cannot,9.703636169433594e-05,9.703636169433594e-05,9.703636169433594e-05,2.2457626982941292e-05,1.0,1.0,4.320864200592041
1499,16,3562,supports_cannot,9.703636169433594e-05,9.703636169433594e-05,9.703636169433594e-05,1.837211129895877e-05,1.0,1.0,5.281720161437988
1500,18,7075,supports_cannot,9.702146053314209e-05,9.702146053314209e-05,9.702146053314209e-05,2.6051504391944036e-05,1.0,1.0,3.724216938018799
1501,21,139,suppresses_cannot,-9.697675704956055e-05,9.697675704956055e-05,9.697675704956055e-05,2.745086749200709e-05,0.0,1.0,3.5327389240264893
1502,28,6862,suppresses_cannot,-9.69618558883667e-05,9.69618558883667e-05,9.69618558883667e-05,4.813534178538248e-05,0.0,1.0,2.0143589973449707
1503,16,7170,supports_cannot,9.69618558883667e-05,9.69618558883667e-05,9.69618558883667e-05,2.1931366063654423e-05,1.0,1.0,4.421149253845215
1504,0,10729,suppresses_cannot,-9.690225124359131e-05,9.690225124359131e-05,9.690225124359131e-05,2.2619251467403956e-05,0.0,1.0,4.284060478210449
1505,31,13705,suppresses_cannot,-9.679794311523438e-05,9.679794311523438e-05,9.679794311523438e-05,2.182458047172986e-05,0.0,1.0,4.435271263122559
1506,20,10811,suppresses_cannot,-9.678304195404053e-05,9.678304195404053e-05,9.678304195404053e-05,2.4121933165588416e-05,0.0,1.0,4.012241840362549
1507,30,626,suppresses_cannot,-9.676814079284668e-05,9.676814079284668e-05,9.676814079284668e-05,2.8850510716438293e-05,0.0,1.0,3.3541221618652344
1508,27,11478,supports_cannot,9.672343730926514e-05,9.672343730926514e-05,9.672343730926514e-05,3.73538896383252e-05,1.0,1.0,2.5893805027008057
1509,28,12167,suppresses_cannot,-9.669363498687744e-05,9.669363498687744e-05,0.0001033395528793335,7.695722160860896e-05,0.25,0.75,1.2564595937728882
1510,14,13476,supports_cannot,9.666383266448975e-05,9.666383266448975e-05,9.666383266448975e-05,4.615117359207943e-05,1.0,1.0,2.0945043563842773
1511,19,11218,supports_cannot,9.663403034210205e-05,9.663403034210205e-05,0.00010336935520172119,0.00010660008410923183,0.75,0.75,0.9065098762512207
1512,23,5917,supports_cannot,9.657442569732666e-05,9.657442569732666e-05,9.657442569732666e-05,6.794221553718671e-05,1.0,1.0,1.4214199781417847
1513,24,8314,suppresses_cannot,-9.655952453613281e-05,9.655952453613281e-05,9.655952453613281e-05,1.016630540107144e-05,0.0,1.0,9.497994422912598
1514,20,6638,supports_cannot,9.654462337493896e-05,9.654462337493896e-05,9.654462337493896e-05,7.076275505824015e-05,1.0,1.0,1.3643423318862915
1515,18,6581,suppresses_cannot,-9.652972221374512e-05,9.652972221374512e-05,9.652972221374512e-05,1.3507555195246823e-05,0.0,1.0,7.146349906921387
1516,20,10804,suppresses_cannot,-9.652972221374512e-05,9.652972221374512e-05,9.652972221374512e-05,3.338803435326554e-05,0.0,1.0,2.8911471366882324
1517,20,5382,supports_cannot,9.651482105255127e-05,9.651482105255127e-05,9.651482105255127e-05,3.3192387490998954e-05,1.0,1.0,2.9077396392822266
1518,18,6531,supports_cannot,9.648501873016357e-05,9.648501873016357e-05,9.648501873016357e-05,4.543636168818921e-05,1.0,1.0,2.1235198974609375
1519,14,8124,suppresses_cannot,-9.645521640777588e-05,9.645521640777588e-05,9.645521640777588e-05,5.5604687076993287e-05,0.0,1.0,1.7346597909927368
1520,19,3905,suppresses_cannot,-9.644031524658203e-05,9.644031524658203e-05,9.644031524658203e-05,3.6416171496966854e-05,0.0,1.0,2.648282766342163
1521,16,8191,suppresses_cannot,-9.639561176300049e-05,9.639561176300049e-05,9.639561176300049e-05,3.006161750818137e-05,0.0,1.0,3.2066006660461426
1522,30,14271,supports_cannot,9.635090827941895e-05,9.635090827941895e-05,9.635090827941895e-05,2.9010030630161054e-05,1.0,1.0,3.321296215057373
1523,12,5351,supports_cannot,9.635090827941895e-05,9.635090827941895e-05,0.00013405084609985352,0.00018525056657381356,0.75,0.75,0.5201112627983093
1524,20,6637,supports_cannot,9.63360071182251e-05,9.63360071182251e-05,9.63360071182251e-05,3.131727498839609e-05,1.0,1.0,3.076129913330078
1525,31,12913,supports_cannot,9.629130363464355e-05,9.629130363464355e-05,9.629130363464355e-05,2.520767338864971e-05,1.0,1.0,3.819920063018799
1526,23,12216,supports_cannot,9.624660015106201e-05,9.624660015106201e-05,9.624660015106201e-05,2.8698703317786567e-05,1.0,1.0,3.353691339492798
1527,21,9244,supports_cannot,9.623169898986816e-05,9.623169898986816e-05,9.623169898986816e-05,1.4597936569771264e-05,1.0,1.0,6.592143535614014
1528,31,5881,supports_cannot,9.621679782867432e-05,9.621679782867432e-05,9.621679782867432e-05,1.337652065558359e-05,1.0,1.0,7.1929612159729
1529,30,8664,supports_cannot,9.620189666748047e-05,9.620189666748047e-05,9.620189666748047e-05,3.4303884604014456e-05,1.0,1.0,2.8044023513793945
1530,25,2207,supports_cannot,9.618699550628662e-05,9.618699550628662e-05,9.618699550628662e-05,2.7441526981419884e-05,1.0,1.0,3.505161762237549
1531,26,3663,supports_cannot,9.618699550628662e-05,9.618699550628662e-05,9.618699550628662e-05,1.8688520867726766e-05,1.0,1.0,5.146848678588867
1532,20,2388,supports_cannot,9.615719318389893e-05,9.615719318389893e-05,9.615719318389893e-05,3.8340229366440326e-05,1.0,1.0,2.5079972743988037
1533,18,8726,supports_cannot,9.614229202270508e-05,9.614229202270508e-05,9.614229202270508e-05,4.151712710154243e-05,1.0,1.0,2.3157260417938232
1534,27,9665,suppresses_cannot,-9.608268737792969e-05,9.608268737792969e-05,9.608268737792969e-05,4.998898657504469e-05,0.0,1.0,1.9220771789550781
1535,13,7273,suppresses_cannot,-9.608268737792969e-05,9.608268737792969e-05,9.608268737792969e-05,3.854932583635673e-05,0.0,1.0,2.4924609661102295
1536,28,7412,supports_cannot,9.608268737792969e-05,9.608268737792969e-05,9.608268737792969e-05,2.422321995254606e-05,1.0,1.0,3.966552734375
1537,21,11343,supports_cannot,9.606778621673584e-05,9.606778621673584e-05,9.606778621673584e-05,2.7617648811428808e-05,1.0,1.0,3.478492259979248
1538,19,2260,suppresses_cannot,-9.606778621673584e-05,9.606778621673584e-05,9.606778621673584e-05,2.4008109903661534e-05,0.0,1.0,4.001471996307373
1539,27,8744,suppresses_cannot,-9.605288505554199e-05,9.605288505554199e-05,9.605288505554199e-05,5.159100328455679e-05,0.0,1.0,1.8618146181106567
1540,23,13537,suppresses_cannot,-9.605288505554199e-05,9.605288505554199e-05,9.605288505554199e-05,4.280755820218474e-05,0.0,1.0,2.2438299655914307
1541,20,12554,suppresses_cannot,-9.603798389434814e-05,9.603798389434814e-05,9.603798389434814e-05,3.46544838976115e-05,0.0,1.0,2.7713003158569336
1542,29,13398,supports_cannot,9.60230827331543e-05,9.60230827331543e-05,9.60230827331543e-05,5.1350449211895466e-05,1.0,1.0,1.8699560165405273
1543,17,11137,supports_cannot,9.59932804107666e-05,9.59932804107666e-05,9.59932804107666e-05,2.5259590984205715e-05,1.0,1.0,3.8002703189849854
1544,26,1748,supports_cannot,9.597837924957275e-05,9.597837924957275e-05,9.597837924957275e-05,2.1149420717847534e-05,1.0,1.0,4.538108825683594
1545,25,11297,supports_cannot,9.594857692718506e-05,9.594857692718506e-05,9.594857692718506e-05,2.4615794245619327e-05,1.0,1.0,3.89784574508667
1546,4,6827,suppresses_cannot,-9.594857692718506e-05,9.594857692718506e-05,0.0001001507043838501,0.0001698209234746173,0.5,0.5,0.5649985671043396
1547,22,9222,supports_cannot,9.588897228240967e-05,9.588897228240967e-05,9.588897228240967e-05,3.0424138458329253e-05,1.0,1.0,3.1517398357391357
1548,16,13272,suppresses_cannot,-9.587407112121582e-05,9.587407112121582e-05,9.587407112121582e-05,2.8668826416833326e-05,0.0,1.0,3.3441922664642334
1549,19,1035,supports_cannot,9.584426879882812e-05,9.584426879882812e-05,9.584426879882812e-05,2.0103825590922497e-05,1.0,1.0,4.767463684082031
1550,18,2506,suppresses_cannot,-9.584426879882812e-05,9.584426879882812e-05,9.584426879882812e-05,5.535219679586589e-05,0.0,1.0,1.7315350770950317
1551,19,635,supports_cannot,9.578466415405273e-05,9.578466415405273e-05,9.578466415405273e-05,4.520852235145867e-05,1.0,1.0,2.118730306625366
1552,21,12490,suppresses_cannot,-9.576976299285889e-05,9.576976299285889e-05,9.576976299285889e-05,3.8183192373253405e-05,0.0,1.0,2.5081653594970703
1553,15,1026,suppresses_cannot,-9.575486183166504e-05,9.575486183166504e-05,9.575486183166504e-05,6.656530604232103e-05,0.0,1.0,1.4385100603103638
1554,16,13509,supports_cannot,9.572505950927734e-05,9.572505950927734e-05,9.572505950927734e-05,2.04635871341452e-05,1.0,1.0,4.677823543548584
1555,31,9193,supports_cannot,9.57101583480835e-05,9.57101583480835e-05,9.57101583480835e-05,3.217743869754486e-05,1.0,1.0,2.9744491577148438
1556,30,1171,supports_cannot,9.569525718688965e-05,9.569525718688965e-05,9.569525718688965e-05,2.7746506020775996e-05,1.0,1.0,3.448911666870117
1557,26,10440,suppresses_cannot,-9.56803560256958e-05,9.56803560256958e-05,9.56803560256958e-05,8.715064723219257e-06,0.0,1.0,10.978730201721191
1558,26,7088,suppresses_cannot,-9.560585021972656e-05,9.560585021972656e-05,9.560585021972656e-05,4.159197851549834e-05,0.0,1.0,2.2986607551574707
1559,12,11278,supports_cannot,9.560585021972656e-05,9.560585021972656e-05,9.560585021972656e-05,2.3061875253915787e-05,1.0,1.0,4.145623207092285
1560,17,9635,supports_cannot,9.560585021972656e-05,9.560585021972656e-05,9.560585021972656e-05,5.002466787118465e-05,1.0,1.0,1.9111740589141846
1561,16,9574,suppresses_cannot,-9.557604789733887e-05,9.557604789733887e-05,9.557604789733887e-05,3.141793786198832e-05,0.0,1.0,3.0420854091644287
1562,26,7766,supports_cannot,9.557604789733887e-05,9.557604789733887e-05,9.557604789733887e-05,2.9639439162565395e-05,1.0,1.0,3.224623918533325
1563,16,5808,suppresses_cannot,-9.551644325256348e-05,9.551644325256348e-05,9.551644325256348e-05,2.398346441623289e-05,0.0,1.0,3.982595443725586
1564,27,2604,supports_cannot,9.550154209136963e-05,9.550154209136963e-05,9.550154209136963e-05,2.9854561944375746e-05,1.0,1.0,3.198892593383789
1565,22,6521,suppresses_cannot,-9.545683860778809e-05,9.545683860778809e-05,9.545683860778809e-05,4.848130629397929e-05,0.0,1.0,1.96894109249115
1566,16,946,supports_cannot,9.544193744659424e-05,9.544193744659424e-05,9.544193744659424e-05,4.78225301776547e-05,1.0,1.0,1.9957525730133057
1567,27,6918,suppresses_cannot,-9.538233280181885e-05,9.538233280181885e-05,9.538233280181885e-05,1.6873662389116362e-05,0.0,1.0,5.65273380279541
1568,14,2871,supports_cannot,9.529292583465576e-05,9.529292583465576e-05,9.529292583465576e-05,6.843627488706261e-05,1.0,1.0,1.3924329280853271
1569,23,5002,suppresses_cannot,-9.526312351226807e-05,9.526312351226807e-05,9.526312351226807e-05,5.1472714403644204e-05,0.0,1.0,1.8507499694824219
1570,17,3884,suppresses_cannot,-9.521842002868652e-05,9.521842002868652e-05,9.930133819580078e-05,9.265791595680639e-05,0.25,0.75,1.0276339054107666
1571,24,6244,suppresses_cannot,-9.517371654510498e-05,9.517371654510498e-05,9.517371654510498e-05,8.899850945454091e-05,0.0,1.0,1.0693855285644531
1572,28,7741,supports_cannot,9.515881538391113e-05,9.515881538391113e-05,9.515881538391113e-05,3.496711724437773e-05,1.0,1.0,2.7213799953460693
1573,31,11488,supports_cannot,9.514391422271729e-05,9.514391422271729e-05,9.514391422271729e-05,5.9017198509536684e-05,1.0,1.0,1.6121387481689453
1574,15,1871,suppresses_cannot,-9.512901306152344e-05,9.512901306152344e-05,9.518861770629883e-05,6.0271762777119875e-05,0.25,0.75,1.5783346891403198
1575,30,13683,suppresses_cannot,-9.50545072555542e-05,9.50545072555542e-05,9.50545072555542e-05,5.291414345265366e-05,0.0,1.0,1.796391248703003
1576,24,9593,supports_cannot,9.499490261077881e-05,9.499490261077881e-05,9.499490261077881e-05,6.0599730204558e-05,1.0,1.0,1.5675796270370483
1577,30,11430,supports_cannot,9.499490261077881e-05,9.499490261077881e-05,0.00016547739505767822,0.00019648078887257725,0.5,0.5,0.48348188400268555
1578,25,12210,suppresses_cannot,-9.498000144958496e-05,9.498000144958496e-05,9.498000144958496e-05,1.3628397027787287e-05,0.0,1.0,6.969271183013916
1579,28,10374,suppresses_cannot,-9.496510028839111e-05,9.496510028839111e-05,9.496510028839111e-05,2.0990457414882258e-05,0.0,1.0,4.524203300476074
1580,14,8419,suppresses_cannot,-9.493529796600342e-05,9.493529796600342e-05,9.493529796600342e-05,0.00010076144099002704,0.0,1.0,0.9421788454055786
1581,28,6952,supports_cannot,9.493529796600342e-05,9.493529796600342e-05,9.493529796600342e-05,1.8938120774691924e-05,1.0,1.0,5.012920379638672
1582,16,118,supports_cannot,9.492039680480957e-05,9.492039680480957e-05,9.492039680480957e-05,4.770011219079606e-05,1.0,1.0,1.9899407625198364
1583,31,11041,suppresses_cannot,-9.490549564361572e-05,9.490549564361572e-05,9.490549564361572e-05,4.356223507784307e-05,0.0,1.0,2.1786186695098877
1584,25,351,suppresses_cannot,-9.490549564361572e-05,9.490549564361572e-05,9.490549564361572e-05,3.5539425880415365e-05,0.0,1.0,2.670428514480591
1585,17,5579,supports_cannot,9.487569332122803e-05,9.487569332122803e-05,9.487569332122803e-05,7.289036875590682e-05,1.0,1.0,1.3016217947006226
1586,28,1132,supports_cannot,9.483098983764648e-05,9.483098983764648e-05,9.483098983764648e-05,8.416554919676855e-05,1.0,1.0,1.1267198324203491
1587,25,4058,supports_cannot,9.483098983764648e-05,9.483098983764648e-05,9.483098983764648e-05,2.7262170988251455e-05,1.0,1.0,3.478482484817505
1588,20,10352,supports_cannot,9.483098983764648e-05,9.483098983764648e-05,9.483098983764648e-05,7.203665882116184e-05,1.0,1.0,1.3164268732070923
1589,22,4580,supports_cannot,9.47713851928711e-05,9.47713851928711e-05,0.0001919865608215332,0.00018280294898431748,0.75,0.75,0.5184346437454224
1590,30,8539,suppresses_cannot,-9.472668170928955e-05,9.472668170928955e-05,9.472668170928955e-05,3.610584099078551e-05,0.0,1.0,2.6235833168029785
1591,13,11841,suppresses_cannot,-9.460747241973877e-05,9.460747241973877e-05,9.460747241973877e-05,8.237409929279238e-05,0.0,1.0,1.1485099792480469
1592,23,5179,suppresses_cannot,-9.459257125854492e-05,9.459257125854492e-05,9.459257125854492e-05,4.452696521184407e-05,0.0,1.0,2.1243884563446045
1593,22,1520,supports_cannot,9.454786777496338e-05,9.454786777496338e-05,9.454786777496338e-05,2.576777114882134e-05,1.0,1.0,3.66922926902771
1594,31,10200,supports_cannot,9.453296661376953e-05,9.453296661376953e-05,9.453296661376953e-05,1.433618672308512e-05,1.0,1.0,6.594010353088379
1595,29,11582,supports_cannot,9.450316429138184e-05,9.450316429138184e-05,9.450316429138184e-05,2.370667425566353e-05,1.0,1.0,3.9863524436950684
1596,20,14132,suppresses_cannot,-9.444355964660645e-05,9.444355964660645e-05,9.444355964660645e-05,4.0721020923228934e-05,0.0,1.0,2.3192827701568604
1597,15,12669,suppresses_cannot,-9.444355964660645e-05,9.444355964660645e-05,9.444355964660645e-05,9.187132673105225e-05,0.0,1.0,1.0279982089996338
1598,15,7201,supports_cannot,9.44286584854126e-05,9.44286584854126e-05,9.44286584854126e-05,2.441468313918449e-05,1.0,1.0,3.867699146270752
1599,6,10666,supports_cannot,9.438395500183105e-05,9.438395500183105e-05,9.438395500183105e-05,1.7590162315173075e-05,1.0,1.0,5.365723609924316
1600,22,10576,supports_cannot,9.433925151824951e-05,9.433925151824951e-05,9.433925151824951e-05,2.330664938199334e-05,1.0,1.0,4.047739505767822
1601,17,9496,supports_cannot,9.429454803466797e-05,9.429454803466797e-05,9.429454803466797e-05,3.417033440200612e-05,1.0,1.0,2.7595441341400146
1602,23,2423,suppresses_cannot,-9.423494338989258e-05,9.423494338989258e-05,9.423494338989258e-05,3.288688458269462e-05,0.0,1.0,2.8654263019561768
1603,14,5906,supports_cannot,9.422004222869873e-05,9.422004222869873e-05,9.562075138092041e-05,7.075798930600286e-05,0.75,0.75,1.331581711769104
1604,29,13128,suppresses_cannot,-9.420514106750488e-05,9.420514106750488e-05,9.420514106750488e-05,4.2499625124037266e-05,0.0,1.0,2.21661114692688
1605,17,8922,suppresses_cannot,-9.420514106750488e-05,9.420514106750488e-05,9.420514106750488e-05,4.2786534322658554e-05,0.0,1.0,2.201747417449951
1606,28,10842,supports_cannot,9.417533874511719e-05,9.417533874511719e-05,9.417533874511719e-05,4.083183375769295e-05,1.0,1.0,2.306419610977173
1607,21,9031,suppresses_cannot,-9.417533874511719e-05,9.417533874511719e-05,9.417533874511719e-05,4.379396341391839e-05,0.0,1.0,2.150418281555176
1608,15,4722,supports_cannot,9.413063526153564e-05,9.413063526153564e-05,9.413063526153564e-05,1.1345989150868263e-05,1.0,1.0,8.296379089355469
1609,29,12431,suppresses_cannot,-9.41157341003418e-05,9.41157341003418e-05,9.41157341003418e-05,9.38702214625664e-06,0.0,1.0,10.026153564453125
1610,25,5197,supports_cannot,9.410083293914795e-05,9.410083293914795e-05,9.410083293914795e-05,5.327284088707529e-05,1.0,1.0,1.7663941383361816
1611,21,464,suppresses_cannot,-9.40859317779541e-05,9.40859317779541e-05,9.40859317779541e-05,4.813226405531168e-05,0.0,1.0,1.9547373056411743
1612,24,5623,supports_cannot,9.407103061676025e-05,9.407103061676025e-05,9.407103061676025e-05,2.0919207599945366e-05,1.0,1.0,4.496872901916504
1613,20,11743,supports_cannot,9.40561294555664e-05,9.40561294555664e-05,9.40561294555664e-05,4.753650864586234e-05,1.0,1.0,1.978608250617981
1614,29,10692,suppresses_cannot,-9.399652481079102e-05,9.399652481079102e-05,0.00010368227958679199,0.00011316931340843439,0.25,0.75,0.8305831551551819
1615,21,3071,suppresses_cannot,-9.396672248840332e-05,9.396672248840332e-05,9.396672248840332e-05,5.6126966228475794e-05,0.0,1.0,1.674181342124939
1616,26,9610,suppresses_cannot,-9.396672248840332e-05,9.396672248840332e-05,9.396672248840332e-05,2.6376199457445182e-05,0.0,1.0,3.5625569820404053
1617,19,2523,supports_cannot,9.395182132720947e-05,9.395182132720947e-05,9.395182132720947e-05,4.5998847781447694e-05,1.0,1.0,2.0424821376800537
1618,14,10683,suppresses_cannot,-9.395182132720947e-05,9.395182132720947e-05,9.395182132720947e-05,2.556665458541829e-05,0.0,1.0,3.6747794151306152
1619,31,7487,suppresses_cannot,-9.392201900482178e-05,9.392201900482178e-05,9.392201900482178e-05,2.1477380869328044e-05,0.0,1.0,4.373066425323486
1620,23,64,supports_cannot,9.392201900482178e-05,9.392201900482178e-05,9.392201900482178e-05,3.496147473924793e-05,1.0,1.0,2.686443328857422
1621,31,8350,suppresses_cannot,-9.392201900482178e-05,9.392201900482178e-05,9.392201900482178e-05,4.481362338992767e-05,0.0,1.0,2.0958364009857178
1622,17,4412,suppresses_cannot,-9.390711784362793e-05,9.390711784362793e-05,9.390711784362793e-05,5.329309351509437e-05,0.0,1.0,1.7620879411697388
1623,12,13622,suppresses_cannot,-9.389221668243408e-05,9.389221668243408e-05,0.00010769069194793701,7.872452988522127e-05,0.25,0.75,1.192667841911316
1624,25,6687,supports_cannot,9.387731552124023e-05,9.387731552124023e-05,9.387731552124023e-05,7.688348705414683e-05,1.0,1.0,1.2210335731506348
1625,27,12584,suppresses_cannot,-9.387731552124023e-05,9.387731552124023e-05,9.387731552124023e-05,2.5861754693323746e-05,0.0,1.0,3.6299667358398438
1626,29,14262,suppresses_cannot,-9.384751319885254e-05,9.384751319885254e-05,9.384751319885254e-05,3.639000351540744e-05,0.0,1.0,2.5789365768432617
1627,31,14121,supports_cannot,9.384751319885254e-05,9.384751319885254e-05,9.384751319885254e-05,5.1547380280680954e-05,1.0,1.0,1.8206068277359009
1628,24,9405,supports_cannot,9.383261203765869e-05,9.383261203765869e-05,9.383261203765869e-05,2.3730150132905692e-05,1.0,1.0,3.9541513919830322
1629,17,12554,supports_cannot,9.372830390930176e-05,9.372830390930176e-05,9.372830390930176e-05,5.856606730958447e-05,1.0,1.0,1.6003857851028442
1630,21,3509,supports_cannot,9.371340274810791e-05,9.371340274810791e-05,9.371340274810791e-05,1.8212431314168498e-05,1.0,1.0,5.145573139190674
1631,22,11634,supports_cannot,9.371340274810791e-05,9.371340274810791e-05,9.371340274810791e-05,1.4298244423116557e-05,1.0,1.0,6.554189205169678
1632,20,4312,suppresses_cannot,-9.357929229736328e-05,9.357929229736328e-05,9.357929229736328e-05,5.461813634610735e-05,0.0,1.0,1.7133373022079468
1633,26,12431,supports_cannot,9.356439113616943e-05,9.356439113616943e-05,9.356439113616943e-05,1.4167070730763953e-05,1.0,1.0,6.604356288909912
1634,24,10388,suppresses_cannot,-9.354948997497559e-05,9.354948997497559e-05,9.354948997497559e-05,2.4546930944779888e-05,0.0,1.0,3.8110458850860596
1635,23,13083,suppresses_cannot,-9.354948997497559e-05,9.354948997497559e-05,9.354948997497559e-05,5.151966615812853e-05,0.0,1.0,1.8158015012741089
1636,30,10050,supports_cannot,9.353458881378174e-05,9.353458881378174e-05,9.353458881378174e-05,1.726480149955023e-05,1.0,1.0,5.4176459312438965
1637,29,14059,supports_cannot,9.351968765258789e-05,9.351968765258789e-05,9.351968765258789e-05,6.072840187698603e-05,1.0,1.0,1.5399662256240845
1638,28,29,supports_cannot,9.350478649139404e-05,9.350478649139404e-05,9.350478649139404e-05,2.2965406969888136e-05,1.0,1.0,4.071548938751221
1639,27,1045,supports_cannot,9.350478649139404e-05,9.350478649139404e-05,9.350478649139404e-05,4.295161852496676e-05,1.0,1.0,2.1769793033599854
1640,23,7621,suppresses_cannot,-9.34898853302002e-05,9.34898853302002e-05,9.34898853302002e-05,3.338425449328497e-05,0.0,1.0,2.8004186153411865
1641,18,5421,supports_cannot,9.347498416900635e-05,9.347498416900635e-05,9.347498416900635e-05,2.6549951144261286e-05,1.0,1.0,3.520721197128296
1642,23,5537,supports_cannot,9.34600830078125e-05,9.34600830078125e-05,9.34600830078125e-05,5.567903281189501e-05,1.0,1.0,1.6785507202148438
1643,23,4349,supports_cannot,9.34302806854248e-05,9.34302806854248e-05,9.34302806854248e-05,4.060247738379985e-05,1.0,1.0,2.301098108291626
1644,22,12748,suppresses_cannot,-9.340047836303711e-05,9.340047836303711e-05,9.340047836303711e-05,1.7341264538117684e-05,0.0,1.0,5.386023998260498
1645,25,529,supports_cannot,9.340047836303711e-05,9.340047836303711e-05,9.340047836303711e-05,6.204901001183316e-05,1.0,1.0,1.5052694082260132
1646,20,4357,supports_cannot,9.338557720184326e-05,9.338557720184326e-05,0.00010229647159576416,0.00010063272202387452,0.75,0.75,0.9279842376708984
1647,31,13317,suppresses_cannot,-9.337067604064941e-05,9.337067604064941e-05,9.337067604064941e-05,2.7199595933780074e-05,0.0,1.0,3.4327962398529053
1648,31,14004,supports_cannot,9.331107139587402e-05,9.331107139587402e-05,9.331107139587402e-05,1.104975126509089e-05,1.0,1.0,8.44463062286377
1649,19,11025,supports_cannot,9.329617023468018e-05,9.329617023468018e-05,9.329617023468018e-05,7.242598803713918e-05,1.0,1.0,1.2881587743759155
1650,21,5790,supports_cannot,9.328126907348633e-05,9.328126907348633e-05,9.328126907348633e-05,2.408743057458196e-05,1.0,1.0,3.8726115226745605
1651,20,6887,suppresses_cannot,-9.326636791229248e-05,9.326636791229248e-05,9.326636791229248e-05,3.6103083402849734e-05,0.0,1.0,2.5833351612091064
1652,28,3539,suppresses_cannot,-9.325146675109863e-05,9.325146675109863e-05,9.325146675109863e-05,5.146336479810998e-05,0.0,1.0,1.8119970560073853
1653,30,3020,suppresses_cannot,-9.320676326751709e-05,9.320676326751709e-05,9.320676326751709e-05,1.119777425628854e-05,0.0,1.0,8.323685646057129
1654,17,4161,suppresses_cannot,-9.316205978393555e-05,9.316205978393555e-05,9.316205978393555e-05,1.868474828370381e-05,0.0,1.0,4.985994338989258
1655,27,7732,suppresses_cannot,-9.313225746154785e-05,9.313225746154785e-05,9.313225746154785e-05,3.334890425321646e-05,0.0,1.0,2.792663097381592
1656,17,5112,suppresses_cannot,-9.3117356300354e-05,9.3117356300354e-05,9.3117356300354e-05,1.0450155969010666e-05,0.0,1.0,8.91061782836914
1657,17,162,suppresses_cannot,-9.3117356300354e-05,9.3117356300354e-05,9.3117356300354e-05,1.6638685337966308e-05,0.0,1.0,5.596436500549316
1658,28,9054,supports_cannot,9.308755397796631e-05,9.308755397796631e-05,9.308755397796631e-05,6.081335413909983e-06,1.0,1.0,15.307088851928711
1659,19,12578,suppresses_cannot,-9.307265281677246e-05,9.307265281677246e-05,9.307265281677246e-05,2.038907950918656e-05,0.0,1.0,4.564828395843506
1660,15,8860,supports_cannot,9.305775165557861e-05,9.305775165557861e-05,9.305775165557861e-05,1.8136146536562592e-05,1.0,1.0,5.1310648918151855
1661,23,8284,suppresses_cannot,-9.304285049438477e-05,9.304285049438477e-05,9.304285049438477e-05,3.283071782789193e-05,0.0,1.0,2.8340182304382324
1662,30,4075,supports_cannot,9.304285049438477e-05,9.304285049438477e-05,9.304285049438477e-05,2.0495635908446275e-05,1.0,1.0,4.539641857147217
1663,22,7949,supports_cannot,9.302794933319092e-05,9.302794933319092e-05,9.302794933319092e-05,3.457134516793303e-05,1.0,1.0,2.6908977031707764
1664,24,9871,suppresses_cannot,-9.299814701080322e-05,9.299814701080322e-05,9.299814701080322e-05,2.0266998035367578e-05,0.0,1.0,4.588648796081543
1665,22,2600,supports_cannot,9.298324584960938e-05,9.298324584960938e-05,9.298324584960938e-05,2.8935584850842133e-05,1.0,1.0,3.213456392288208
1666,30,12619,supports_cannot,9.296834468841553e-05,9.296834468841553e-05,9.296834468841553e-05,2.1974818082526326e-05,1.0,1.0,4.230676174163818
1667,10,6759,supports_cannot,9.295344352722168e-05,9.295344352722168e-05,9.295344352722168e-05,3.0286095352494158e-05,1.0,1.0,3.069178581237793
1668,27,11445,supports_cannot,9.290874004364014e-05,9.290874004364014e-05,9.290874004364014e-05,2.3340351617662236e-05,1.0,1.0,3.9806056022644043
1669,10,3204,supports_cannot,9.290874004364014e-05,9.290874004364014e-05,0.00010369718074798584,6.790263432776555e-05,0.75,0.75,1.3682641983032227
1670,26,8445,suppresses_cannot,-9.287893772125244e-05,9.287893772125244e-05,9.287893772125244e-05,2.1586280126939528e-05,0.0,1.0,4.302683353424072
1671,14,8147,suppresses_cannot,-9.28640365600586e-05,9.28640365600586e-05,9.307265281677246e-05,5.531849092221819e-05,0.25,0.75,1.6787160634994507
1672,25,5311,suppresses_cannot,-9.28342342376709e-05,9.28342342376709e-05,9.28342342376709e-05,3.624482997111045e-05,0.0,1.0,2.561309576034546
1673,21,9493,supports_cannot,9.28044319152832e-05,9.28044319152832e-05,9.28044319152832e-05,2.170366315112915e-05,1.0,1.0,4.275979518890381
1674,30,10570,suppresses_cannot,-9.278953075408936e-05,9.278953075408936e-05,9.278953075408936e-05,3.703046968439594e-05,0.0,1.0,2.5057616233825684
1675,19,6627,supports_cannot,9.277462959289551e-05,9.277462959289551e-05,9.277462959289551e-05,2.7559188310988247e-05,1.0,1.0,3.366377115249634
1676,22,2757,supports_cannot,9.277462959289551e-05,9.277462959289551e-05,9.277462959289551e-05,5.0278868002351373e-05,1.0,1.0,1.8452012538909912
1677,28,14127,supports_cannot,9.267032146453857e-05,9.267032146453857e-05,9.267032146453857e-05,2.63935999100795e-05,1.0,1.0,3.5110902786254883
1678,30,14327,suppresses_cannot,-9.265542030334473e-05,9.265542030334473e-05,9.265542030334473e-05,2.706370833038818e-05,0.0,1.0,3.4236037731170654
1679,16,13958,suppresses_cannot,-9.264051914215088e-05,9.264051914215088e-05,9.264051914215088e-05,4.569842712953687e-05,0.0,1.0,2.027214527130127
1680,26,11232,suppresses_cannot,-9.262561798095703e-05,9.262561798095703e-05,9.262561798095703e-05,3.6746081605087966e-05,0.0,1.0,2.520693778991699
1681,19,6251,supports_cannot,9.261071681976318e-05,9.261071681976318e-05,9.261071681976318e-05,6.333630153676495e-05,1.0,1.0,1.4622060060501099
1682,19,7368,supports_cannot,9.261071681976318e-05,9.261071681976318e-05,9.261071681976318e-05,5.958603651379235e-05,1.0,1.0,1.5542352199554443
1683,26,31,suppresses_cannot,-9.258091449737549e-05,9.258091449737549e-05,9.258091449737549e-05,3.2405456295236945e-05,0.0,1.0,2.856954574584961
1684,25,10,supports_cannot,9.256601333618164e-05,9.256601333618164e-05,9.256601333618164e-05,6.963660416658968e-05,1.0,1.0,1.3292723894119263
1685,28,5863,supports_cannot,9.247660636901855e-05,9.247660636901855e-05,9.247660636901855e-05,3.103601193288341e-05,1.0,1.0,2.9796550273895264
1686,27,8592,suppresses_cannot,-9.244680404663086e-05,9.244680404663086e-05,9.244680404663086e-05,2.8475024009821936e-05,0.0,1.0,3.2465925216674805
1687,17,8524,suppresses_cannot,-9.243190288543701e-05,9.243190288543701e-05,9.243190288543701e-05,6.32617375231348e-05,0.0,1.0,1.461102843284607
1688,21,11234,supports_cannot,9.241700172424316e-05,9.241700172424316e-05,9.241700172424316e-05,3.991289850091562e-05,1.0,1.0,2.315467119216919
1689,19,7747,supports_cannot,9.241700172424316e-05,9.241700172424316e-05,9.241700172424316e-05,3.6293931771069765e-05,1.0,1.0,2.5463485717773438
1690,29,4723,supports_cannot,9.240210056304932e-05,9.240210056304932e-05,9.240210056304932e-05,3.345098957652226e-05,1.0,1.0,2.762312889099121
1691,26,12780,supports_cannot,9.237229824066162e-05,9.237229824066162e-05,9.237229824066162e-05,2.1059400751255453e-05,1.0,1.0,4.386273384094238
1692,23,14275,suppresses_cannot,-9.235739707946777e-05,9.235739707946777e-05,9.235739707946777e-05,2.508536090317648e-05,0.0,1.0,3.6817245483398438
1693,26,8460,supports_cannot,9.232759475708008e-05,9.232759475708008e-05,9.232759475708008e-05,1.406107548973523e-05,1.0,1.0,6.566182613372803
1694,28,9584,suppresses_cannot,-9.231269359588623e-05,9.231269359588623e-05,9.231269359588623e-05,3.492998439469375e-05,0.0,1.0,2.642792224884033
1695,22,6229,suppresses_cannot,-9.231269359588623e-05,9.231269359588623e-05,9.231269359588623e-05,3.6382894904818386e-05,0.0,1.0,2.53725528717041
1696,20,2367,suppresses_cannot,-9.231269359588623e-05,9.231269359588623e-05,9.231269359588623e-05,9.924287587637082e-05,0.0,1.0,0.9301694631576538
1697,25,9225,suppresses_cannot,-9.228289127349854e-05,9.228289127349854e-05,9.228289127349854e-05,5.726974268327467e-05,0.0,1.0,1.6113725900650024
1698,20,6410,supports_cannot,9.226799011230469e-05,9.226799011230469e-05,9.226799011230469e-05,2.7752092137234285e-05,1.0,1.0,3.3247218132019043
1699,29,12180,suppresses_cannot,-9.22083854675293e-05,9.22083854675293e-05,9.22083854675293e-05,6.0936428781133145e-05,0.0,1.0,1.5131897926330566
1700,26,1039,suppresses_cannot,-9.219348430633545e-05,9.219348430633545e-05,9.219348430633545e-05,3.36422526743263e-05,0.0,1.0,2.7404074668884277
1701,20,5486,suppresses_cannot,-9.219348430633545e-05,9.219348430633545e-05,9.219348430633545e-05,6.518957525258884e-05,0.0,1.0,1.4142366647720337
1702,12,13973,supports_cannot,9.219348430633545e-05,9.219348430633545e-05,9.219348430633545e-05,2.9632243240484968e-05,1.0,1.0,3.111255407333374
1703,26,5335,suppresses_cannot,-9.21785831451416e-05,9.21785831451416e-05,9.21785831451416e-05,3.5529581509763375e-05,0.0,1.0,2.5944178104400635
1704,21,4278,suppresses_cannot,-9.211897850036621e-05,9.211897850036621e-05,9.211897850036621e-05,3.748294693650678e-05,0.0,1.0,2.4576237201690674
1705,19,12232,suppresses_cannot,-9.210407733917236e-05,9.210407733917236e-05,9.210407733917236e-05,4.105889092897996e-05,0.0,1.0,2.2432188987731934
1706,25,13549,suppresses_cannot,-9.204447269439697e-05,9.204447269439697e-05,9.204447269439697e-05,2.656189099070616e-05,0.0,1.0,3.465282917022705
1707,25,4438,suppresses_cannot,-9.202957153320312e-05,9.202957153320312e-05,9.202957153320312e-05,4.169659223407507e-05,0.0,1.0,2.2071244716644287
1708,26,7376,suppresses_cannot,-9.201467037200928e-05,9.201467037200928e-05,9.201467037200928e-05,3.250542431487702e-05,0.0,1.0,2.8307480812072754
1709,21,9875,supports_cannot,9.201467037200928e-05,9.201467037200928e-05,9.201467037200928e-05,4.0297640225617215e-05,1.0,1.0,2.2833762168884277
1710,22,11805,supports_cannot,9.196996688842773e-05,9.196996688842773e-05,9.196996688842773e-05,2.3188849809230305e-05,1.0,1.0,3.9661285877227783
1711,19,397,suppresses_cannot,-9.195506572723389e-05,9.195506572723389e-05,9.195506572723389e-05,5.010910172131844e-05,0.0,1.0,1.835097074508667
1712,30,8250,suppresses_cannot,-9.195506572723389e-05,9.195506572723389e-05,9.195506572723389e-05,1.1574768905120436e-05,0.0,1.0,7.944439888000488
1713,14,1938,suppresses_cannot,-9.18656587600708e-05,9.18656587600708e-05,9.18656587600708e-05,6.115342694101855e-05,0.0,1.0,1.5022159814834595
1714,23,11744,supports_cannot,9.18358564376831e-05,9.18358564376831e-05,9.18358564376831e-05,2.1359530364861712e-05,1.0,1.0,4.299525737762451
1715,13,1896,supports_cannot,9.18358564376831e-05,9.18358564376831e-05,9.18358564376831e-05,5.861172758159228e-05,1.0,1.0,1.566851258277893
1716,18,8649,suppresses_cannot,-9.180605411529541e-05,9.180605411529541e-05,9.180605411529541e-05,9.031708032125607e-05,0.0,1.0,1.0164860486984253
1717,29,498,supports_cannot,9.177625179290771e-05,9.177625179290771e-05,9.177625179290771e-05,2.706144005060196e-05,1.0,1.0,3.3914029598236084
1718,29,786,suppresses_cannot,-9.177625179290771e-05,9.177625179290771e-05,9.177625179290771e-05,4.040066050947644e-05,0.0,1.0,2.2716522216796875
1719,17,650,supports_cannot,9.176135063171387e-05,9.176135063171387e-05,9.176135063171387e-05,3.569548061932437e-05,1.0,1.0,2.570671319961548
1720,27,11008,suppresses_cannot,-9.174644947052002e-05,9.174644947052002e-05,9.174644947052002e-05,5.365168544813059e-05,0.0,1.0,1.7100385427474976
1721,27,73,suppresses_cannot,-9.170174598693848e-05,9.170174598693848e-05,9.170174598693848e-05,4.979829100193456e-05,0.0,1.0,1.8414636850357056
1722,26,8115,supports_cannot,9.170174598693848e-05,9.170174598693848e-05,9.170174598693848e-05,6.689465226372704e-05,1.0,1.0,1.3708381652832031
1723,19,13908,supports_cannot,9.170174598693848e-05,9.170174598693848e-05,9.170174598693848e-05,3.81591817131266e-05,1.0,1.0,2.40313720703125
1724,30,3593,supports_cannot,9.165704250335693e-05,9.165704250335693e-05,9.165704250335693e-05,3.348822065163404e-05,1.0,1.0,2.7369935512542725
1725,22,8632,suppresses_cannot,-9.162724018096924e-05,9.162724018096924e-05,9.162724018096924e-05,5.72784265386872e-05,0.0,1.0,1.5996814966201782
1726,21,4742,supports_cannot,9.159743785858154e-05,9.159743785858154e-05,9.159743785858154e-05,5.547856562770903e-05,1.0,1.0,1.6510419845581055
1727,25,5941,suppresses_cannot,-9.159743785858154e-05,9.159743785858154e-05,9.159743785858154e-05,5.654180495184846e-05,0.0,1.0,1.6199949979782104
1728,19,4321,suppresses_cannot,-9.1552734375e-05,9.1552734375e-05,9.1552734375e-05,4.796674329554662e-05,0.0,1.0,1.9086710214614868
1729,29,3812,suppresses_cannot,-9.15229320526123e-05,9.15229320526123e-05,9.15229320526123e-05,3.760723484447226e-05,0.0,1.0,2.43365216255188
1730,28,10965,supports_cannot,9.149312973022461e-05,9.149312973022461e-05,9.149312973022461e-05,3.2042305974755436e-05,1.0,1.0,2.8553853034973145
1731,30,85,suppresses_cannot,-9.149312973022461e-05,9.149312973022461e-05,9.149312973022461e-05,3.61366146535147e-05,0.0,1.0,2.531867742538452
1732,25,9919,suppresses_cannot,-9.147822856903076e-05,9.147822856903076e-05,9.147822856903076e-05,8.894955681171268e-05,0.0,1.0,1.0284281969070435
1733,16,9883,supports_cannot,9.146332740783691e-05,9.146332740783691e-05,9.146332740783691e-05,6.170808774186298e-05,1.0,1.0,1.4821934700012207
1734,18,10741,supports_cannot,9.143352508544922e-05,9.143352508544922e-05,9.143352508544922e-05,3.30629336531274e-05,1.0,1.0,2.765439033508301
1735,17,852,suppresses_cannot,-9.141862392425537e-05,9.141862392425537e-05,9.141862392425537e-05,3.793057840084657e-05,0.0,1.0,2.41015625
1736,18,9012,supports_cannot,9.137392044067383e-05,9.137392044067383e-05,9.137392044067383e-05,1.7125992599176243e-05,1.0,1.0,5.33539342880249
1737,19,1481,suppresses_cannot,-9.12696123123169e-05,9.12696123123169e-05,9.12696123123169e-05,3.515788557706401e-05,0.0,1.0,2.5959925651550293
1738,25,7765,supports_cannot,9.125471115112305e-05,9.125471115112305e-05,9.125471115112305e-05,5.7191533414879814e-05,1.0,1.0,1.5955982208251953
1739,20,10952,suppresses_cannot,-9.12398099899292e-05,9.12398099899292e-05,9.12398099899292e-05,2.650344504218083e-05,0.0,1.0,3.442564010620117
1740,25,13859,suppresses_cannot,-9.12100076675415e-05,9.12100076675415e-05,9.12100076675415e-05,3.36837547365576e-05,0.0,1.0,2.707833766937256
1741,28,9042,supports_cannot,9.119510650634766e-05,9.119510650634766e-05,9.119510650634766e-05,1.1247682778048329e-05,1.0,1.0,8.107900619506836
1742,20,9064,supports_cannot,9.119510650634766e-05,9.119510650634766e-05,9.119510650634766e-05,2.022174885496497e-05,1.0,1.0,4.509753227233887
1743,12,96,suppresses_cannot,-9.118020534515381e-05,9.118020534515381e-05,9.118020534515381e-05,3.628230115282349e-05,0.0,1.0,2.5130767822265625
1744,30,5959,suppresses_cannot,-9.118020534515381e-05,9.118020534515381e-05,9.118020534515381e-05,3.426547482376918e-05,0.0,1.0,2.6609935760498047
1745,31,12477,suppresses_cannot,-9.118020534515381e-05,9.118020534515381e-05,9.118020534515381e-05,1.7324680811725557e-05,0.0,1.0,5.2630228996276855
1746,16,11006,suppresses_cannot,-9.115040302276611e-05,9.115040302276611e-05,9.115040302276611e-05,1.9811994206975214e-05,0.0,1.0,4.600768089294434
1747,22,11622,suppresses_cannot,-9.109079837799072e-05,9.109079837799072e-05,9.109079837799072e-05,2.5985451429733075e-05,0.0,1.0,3.505453586578369
1748,20,3292,supports_cannot,9.107589721679688e-05,9.107589721679688e-05,9.107589721679688e-05,1.9487893951009028e-05,1.0,1.0,4.673460006713867
1749,29,8010,suppresses_cannot,-9.106099605560303e-05,9.106099605560303e-05,9.106099605560303e-05,7.8036573540885e-05,0.0,1.0,1.1669014692306519
1750,24,9681,supports_cannot,9.098649024963379e-05,9.098649024963379e-05,9.098649024963379e-05,1.8672932128538378e-05,1.0,1.0,4.872640132904053
1751,30,58,suppresses_cannot,-9.094178676605225e-05,9.094178676605225e-05,9.094178676605225e-05,4.112194437766448e-05,0.0,1.0,2.211514711380005
1752,30,3952,supports_cannot,9.094178676605225e-05,9.094178676605225e-05,9.094178676605225e-05,3.204907989129424e-05,1.0,1.0,2.837578773498535
1753,29,13830,supports_cannot,9.09268856048584e-05,9.09268856048584e-05,9.09268856048584e-05,3.9345217373920605e-05,1.0,1.0,2.311002254486084
1754,28,1405,suppresses_cannot,-9.088218212127686e-05,9.088218212127686e-05,9.088218212127686e-05,4.5546206820290536e-05,0.0,1.0,1.9953842163085938
1755,10,4148,suppresses_cannot,-9.086728096008301e-05,9.086728096008301e-05,9.086728096008301e-05,5.660371243720874e-05,0.0,1.0,1.6053236722946167
1756,21,11384,suppresses_cannot,-9.086728096008301e-05,9.086728096008301e-05,9.086728096008301e-05,3.2756222935859114e-05,0.0,1.0,2.7740464210510254
1757,24,11188,suppresses_cannot,-9.086728096008301e-05,9.086728096008301e-05,9.086728096008301e-05,3.3275369787588716e-05,0.0,1.0,2.730767011642456
1758,21,3123,supports_cannot,9.085237979888916e-05,9.085237979888916e-05,9.085237979888916e-05,1.0108337846759241e-05,1.0,1.0,8.98786449432373
1759,21,12365,suppresses_cannot,-9.083747863769531e-05,9.083747863769531e-05,9.083747863769531e-05,8.323755173478276e-05,0.0,1.0,1.091304063796997
1760,12,2747,suppresses_cannot,-9.082257747650146e-05,9.082257747650146e-05,9.082257747650146e-05,2.4030148779274896e-05,0.0,1.0,3.7795259952545166
1761,31,7906,suppresses_cannot,-9.080767631530762e-05,9.080767631530762e-05,0.00011071562767028809,0.00011975567031186074,0.5,0.5,0.7582745552062988
1762,18,7198,suppresses_cannot,-9.079277515411377e-05,9.079277515411377e-05,9.079277515411377e-05,1.8499556972528808e-05,0.0,1.0,4.907834529876709
1763,31,2305,suppresses_cannot,-9.077787399291992e-05,9.077787399291992e-05,9.098649024963379e-05,8.093993528746068e-05,0.25,0.75,1.1215461492538452
1764,31,566,supports_cannot,9.073317050933838e-05,9.073317050933838e-05,9.073317050933838e-05,1.5109417290659621e-05,1.0,1.0,6.005073547363281
1765,20,7272,suppresses_cannot,-9.073317050933838e-05,9.073317050933838e-05,9.073317050933838e-05,5.315475209499709e-05,0.0,1.0,1.7069625854492188
1766,22,13079,suppresses_cannot,-9.071826934814453e-05,9.071826934814453e-05,9.071826934814453e-05,4.3135132727911696e-05,0.0,1.0,2.1031179428100586
1767,29,12393,suppresses_cannot,-9.065866470336914e-05,9.065866470336914e-05,9.065866470336914e-05,3.650827056844719e-05,0.0,1.0,2.483236312866211
1768,20,11057,supports_cannot,9.064376354217529e-05,9.064376354217529e-05,9.302794933319092e-05,6.544038478750736e-05,0.75,0.75,1.3851349353790283
1769,17,3588,supports_cannot,9.062886238098145e-05,9.062886238098145e-05,9.062886238098145e-05,2.420214696030598e-05,1.0,1.0,3.744661808013916
1770,14,14318,suppresses_cannot,-9.06139612197876e-05,9.06139612197876e-05,9.06139612197876e-05,5.127967961016111e-05,0.0,1.0,1.7670539617538452
1771,14,13470,supports_cannot,9.059906005859375e-05,9.059906005859375e-05,9.059906005859375e-05,4.5901324483565986e-05,1.0,1.0,1.9737787246704102
1772,25,2606,suppresses_cannot,-9.055435657501221e-05,9.055435657501221e-05,9.055435657501221e-05,2.134426358679775e-05,0.0,1.0,4.242561340332031
1773,17,4188,supports_cannot,9.053945541381836e-05,9.053945541381836e-05,9.053945541381836e-05,7.836538861738518e-05,1.0,1.0,1.1553500890731812
1774,19,3846,suppresses_cannot,-9.053945541381836e-05,9.053945541381836e-05,9.053945541381836e-05,4.7272777010221034e-05,0.0,1.0,1.9152556657791138
1775,19,9711,suppresses_cannot,-9.050965309143066e-05,9.050965309143066e-05,9.050965309143066e-05,6.304295675363392e-05,0.0,1.0,1.4356821775436401
1776,4,2842,suppresses_cannot,-9.049475193023682e-05,9.049475193023682e-05,9.180605411529541e-05,0.0001543967955512926,0.25,0.75,0.5861180424690247
1777,31,12942,supports_cannot,9.045004844665527e-05,9.045004844665527e-05,9.045004844665527e-05,4.148711377638392e-05,1.0,1.0,2.1801962852478027
1778,31,7633,suppresses_cannot,-9.034574031829834e-05,9.034574031829834e-05,9.034574031829834e-05,2.9313076083781198e-05,0.0,1.0,3.082096576690674
1779,15,11492,supports_cannot,9.034574031829834e-05,9.034574031829834e-05,9.034574031829834e-05,3.408081101952121e-05,1.0,1.0,2.6509268283843994
1780,24,220,supports_cannot,9.033083915710449e-05,9.033083915710449e-05,9.033083915710449e-05,1.5938281649141572e-05,1.0,1.0,5.667538642883301
1781,15,4454,suppresses_cannot,-9.033083915710449e-05,9.033083915710449e-05,9.033083915710449e-05,2.51153305725893e-05,0.0,1.0,3.5966413021087646
1782,15,5480,suppresses_cannot,-9.033083915710449e-05,9.033083915710449e-05,9.033083915710449e-05,2.639976082718931e-05,0.0,1.0,3.4216535091400146
1783,28,11012,supports_cannot,9.031593799591064e-05,9.031593799591064e-05,9.031593799591064e-05,6.210006540641189e-05,1.0,1.0,1.4543614387512207
1784,15,6520,supports_cannot,9.03010368347168e-05,9.03010368347168e-05,9.03010368347168e-05,3.760467370739207e-05,1.0,1.0,2.40132474899292
1785,31,12226,supports_cannot,9.03010368347168e-05,9.03010368347168e-05,9.03010368347168e-05,3.6199850001139566e-05,1.0,1.0,2.494514226913452
1786,26,979,supports_cannot,9.028613567352295e-05,9.028613567352295e-05,9.028613567352295e-05,3.3942014852073044e-05,1.0,1.0,2.660011053085327
1787,29,12471,supports_cannot,9.02414321899414e-05,9.02414321899414e-05,9.02414321899414e-05,3.169322371832095e-05,1.0,1.0,2.847341537475586
1788,26,3189,suppresses_cannot,-9.02414321899414e-05,9.02414321899414e-05,9.02414321899414e-05,3.708568328875117e-05,0.0,1.0,2.4333226680755615
1789,18,12513,supports_cannot,9.021162986755371e-05,9.021162986755371e-05,9.021162986755371e-05,4.130899833398871e-05,1.0,1.0,2.1838252544403076
1790,13,3772,supports_cannot,9.019672870635986e-05,9.019672870635986e-05,9.019672870635986e-05,4.658882608055137e-05,1.0,1.0,1.936016321182251
1791,8,5710,supports_cannot,9.016692638397217e-05,9.016692638397217e-05,9.016692638397217e-05,4.228300167596899e-05,1.0,1.0,2.132462739944458
1792,30,11237,suppresses_cannot,-9.016692638397217e-05,9.016692638397217e-05,9.016692638397217e-05,4.829236786463298e-05,0.0,1.0,1.8671051263809204
1793,17,8750,suppresses_cannot,-9.010732173919678e-05,9.010732173919678e-05,9.010732173919678e-05,4.024512963951565e-05,0.0,1.0,2.238962173461914
1794,30,3426,suppresses_cannot,-9.007751941680908e-05,9.007751941680908e-05,9.007751941680908e-05,2.3964861611602828e-05,0.0,1.0,3.758732795715332
1795,27,12194,suppresses_cannot,-9.001791477203369e-05,9.001791477203369e-05,9.001791477203369e-05,9.86986833595438e-06,0.0,1.0,9.120476722717285
1796,16,544,suppresses_cannot,-9.000301361083984e-05,9.000301361083984e-05,9.000301361083984e-05,3.2204687158809975e-05,0.0,1.0,2.794717788696289
1797,28,10366,suppresses_cannot,-9.000301361083984e-05,9.000301361083984e-05,9.000301361083984e-05,5.8454577811062336e-05,0.0,1.0,1.5397086143493652
1798,24,4072,supports_cannot,8.9988112449646e-05,8.9988112449646e-05,8.9988112449646e-05,1.0813716471602675e-05,1.0,1.0,8.321662902832031
1799,11,13939,suppresses_cannot,-8.99583101272583e-05,8.99583101272583e-05,8.99583101272583e-05,2.913095522671938e-05,0.0,1.0,3.0880656242370605
1800,19,7947,supports_cannot,8.994340896606445e-05,8.994340896606445e-05,8.994340896606445e-05,1.0347974239266478e-05,1.0,1.0,8.691884994506836
1801,20,2806,supports_cannot,8.99285078048706e-05,8.99285078048706e-05,8.99285078048706e-05,3.019630821654573e-05,1.0,1.0,2.9781291484832764
1802,30,10119,suppresses_cannot,-8.99285078048706e-05,8.99285078048706e-05,8.99285078048706e-05,1.4147999536362477e-05,0.0,1.0,6.356269836425781
1803,26,4827,suppresses_cannot,-8.991360664367676e-05,8.991360664367676e-05,8.991360664367676e-05,8.677221194375306e-05,0.0,1.0,1.0362027883529663
1804,24,6375,suppresses_cannot,-8.989870548248291e-05,8.989870548248291e-05,8.989870548248291e-05,2.2405019990401343e-05,0.0,1.0,4.012435436248779
1805,28,2989,supports_cannot,8.988380432128906e-05,8.988380432128906e-05,8.988380432128906e-05,2.7165368010173552e-05,1.0,1.0,3.3087642192840576
1806,26,10761,supports_cannot,8.988380432128906e-05,8.988380432128906e-05,0.00011944770812988281,0.00018539754091762006,0.5,0.5,0.4848165810108185
1807,27,3977,suppresses_cannot,-8.986890316009521e-05,8.986890316009521e-05,8.986890316009521e-05,1.8889988496084698e-05,0.0,1.0,4.757488250732422
1808,14,2455,supports_cannot,8.985400199890137e-05,8.985400199890137e-05,8.985400199890137e-05,4.8647954827174544e-05,1.0,1.0,1.8470252752304077
1809,22,9155,supports_cannot,8.979439735412598e-05,8.979439735412598e-05,8.979439735412598e-05,3.435287362663075e-05,1.0,1.0,2.6138832569122314
1810,22,2965,suppresses_cannot,-8.979439735412598e-05,8.979439735412598e-05,8.979439735412598e-05,3.312081389594823e-05,0.0,1.0,2.7111167907714844
1811,17,3008,supports_cannot,8.977949619293213e-05,8.977949619293213e-05,8.977949619293213e-05,1.3009140275244135e-05,1.0,1.0,6.901262283325195
1812,22,1550,supports_cannot,8.976459503173828e-05,8.976459503173828e-05,8.976459503173828e-05,1.5445541066583246e-05,1.0,1.0,5.81168270111084
1813,28,10845,supports_cannot,8.974969387054443e-05,8.974969387054443e-05,8.974969387054443e-05,3.828818807960488e-05,1.0,1.0,2.3440568447113037
1814,11,4210,suppresses_cannot,-8.96155834197998e-05,8.96155834197998e-05,8.96155834197998e-05,4.1013830923475325e-05,0.0,1.0,2.1850087642669678
1815,21,10067,suppresses_cannot,-8.955597877502441e-05,8.955597877502441e-05,8.955597877502441e-05,1.6049125406425446e-05,0.0,1.0,5.58011531829834
1816,20,4671,suppresses_cannot,-8.954107761383057e-05,8.954107761383057e-05,8.954107761383057e-05,3.0541126761818305e-05,0.0,1.0,2.9318196773529053
1817,26,12824,supports_cannot,8.951127529144287e-05,8.951127529144287e-05,8.951127529144287e-05,3.122502312180586e-05,1.0,1.0,2.866652011871338
1818,18,8822,suppresses_cannot,-8.945167064666748e-05,8.945167064666748e-05,8.945167064666748e-05,3.607800681493245e-05,0.0,1.0,2.479396104812622
1819,29,2136,suppresses_cannot,-8.943676948547363e-05,8.943676948547363e-05,8.943676948547363e-05,5.7864868722390383e-05,0.0,1.0,1.5456143617630005
1820,29,12259,suppresses_cannot,-8.942186832427979e-05,8.942186832427979e-05,8.942186832427979e-05,3.669783836812712e-05,0.0,1.0,2.436706781387329
1821,2,12761,supports_cannot,8.940696716308594e-05,8.940696716308594e-05,8.940696716308594e-05,5.996738400426693e-05,1.0,1.0,1.4909266233444214
1822,19,2290,supports_cannot,8.940696716308594e-05,8.940696716308594e-05,8.940696716308594e-05,2.644173218868673e-05,1.0,1.0,3.381282329559326
1823,26,3524,supports_cannot,8.939206600189209e-05,8.939206600189209e-05,8.939206600189209e-05,3.476536221569404e-05,1.0,1.0,2.5712969303131104
1824,30,13229,supports_cannot,8.937716484069824e-05,8.937716484069824e-05,8.937716484069824e-05,4.312859527999535e-05,1.0,1.0,2.072341203689575
1825,26,9484,supports_cannot,8.937716484069824e-05,8.937716484069824e-05,8.937716484069824e-05,3.324650606373325e-05,1.0,1.0,2.6883175373077393
1826,15,12102,suppresses_cannot,-8.937716484069824e-05,8.937716484069824e-05,8.937716484069824e-05,5.911280823056586e-05,0.0,1.0,1.5119762420654297
1827,16,4370,suppresses_cannot,-8.93622636795044e-05,8.93622636795044e-05,8.93622636795044e-05,7.51449988456443e-05,0.0,1.0,1.1891977787017822
1828,21,11564,supports_cannot,8.934736251831055e-05,8.934736251831055e-05,8.934736251831055e-05,2.6059058654936962e-05,1.0,1.0,3.4286487102508545
1829,27,5974,supports_cannot,8.934736251831055e-05,8.934736251831055e-05,8.934736251831055e-05,3.8759819290135056e-05,1.0,1.0,2.305154323577881
1830,4,10848,suppresses_cannot,-8.934736251831055e-05,8.934736251831055e-05,9.22083854675293e-05,0.00015806444571353495,0.75,0.75,0.5652590990066528
1831,16,1172,suppresses_cannot,-8.931756019592285e-05,8.931756019592285e-05,8.931756019592285e-05,6.795788794988766e-05,0.0,1.0,1.314307451248169
1832,27,11072,supports_cannot,8.9302659034729e-05,8.9302659034729e-05,8.9302659034729e-05,2.3640075596631505e-05,1.0,1.0,3.7775959968566895
1833,28,6048,supports_cannot,8.9302659034729e-05,8.9302659034729e-05,8.9302659034729e-05,3.1227271392708644e-05,1.0,1.0,2.85976505279541
1834,30,11617,supports_cannot,8.9302659034729e-05,8.9302659034729e-05,8.9302659034729e-05,3.057783396798186e-05,1.0,1.0,2.9205031394958496
1835,17,13186,supports_cannot,8.928775787353516e-05,8.928775787353516e-05,8.928775787353516e-05,4.395564610604197e-05,1.0,1.0,2.0313148498535156
1836,19,845,suppresses_cannot,-8.927285671234131e-05,8.927285671234131e-05,8.927285671234131e-05,2.5884766728268005e-05,0.0,1.0,3.4488565921783447
1837,19,5894,supports_cannot,8.927285671234131e-05,8.927285671234131e-05,8.927285671234131e-05,2.3202073862194084e-05,1.0,1.0,3.847623825073242
1838,21,1917,supports_cannot,8.927285671234131e-05,8.927285671234131e-05,8.927285671234131e-05,2.6078287191921845e-05,1.0,1.0,3.4232635498046875
1839,19,11166,supports_cannot,8.922815322875977e-05,8.922815322875977e-05,8.922815322875977e-05,1.5196437743725255e-05,1.0,1.0,5.871648788452148
1840,16,5228,supports_cannot,8.921325206756592e-05,8.921325206756592e-05,8.921325206756592e-05,1.9013152268598787e-05,1.0,1.0,4.692185878753662
1841,14,12978,suppresses_cannot,-8.919835090637207e-05,8.919835090637207e-05,8.919835090637207e-05,0.0001074825631803833,0.0,1.0,0.8298867344856262
1842,22,2839,suppresses_cannot,-8.918344974517822e-05,8.918344974517822e-05,8.918344974517822e-05,1.5921714293654077e-05,0.0,1.0,5.601371765136719
1843,27,7064,suppresses_cannot,-8.915364742279053e-05,8.915364742279053e-05,8.915364742279053e-05,4.35257243225351e-05,0.0,1.0,2.048297882080078
1844,23,3095,suppresses_cannot,-8.913874626159668e-05,8.913874626159668e-05,8.913874626159668e-05,4.14925925724674e-05,0.0,1.0,2.1483049392700195
1845,31,12308,suppresses_cannot,-8.913874626159668e-05,8.913874626159668e-05,8.913874626159668e-05,5.271635018289089e-05,0.0,1.0,1.6909127235412598
1846,31,13214,suppresses_cannot,-8.912384510040283e-05,8.912384510040283e-05,8.912384510040283e-05,1.432660428690724e-05,0.0,1.0,6.220862865447998
1847,23,945,supports_cannot,8.909404277801514e-05,8.909404277801514e-05,8.909404277801514e-05,3.604222001740709e-05,1.0,1.0,2.471935510635376
1848,17,5877,supports_cannot,8.907914161682129e-05,8.907914161682129e-05,8.907914161682129e-05,2.113531081704423e-05,1.0,1.0,4.2147064208984375
1849,30,8098,suppresses_cannot,-8.906424045562744e-05,8.906424045562744e-05,8.906424045562744e-05,1.697965490166098e-05,0.0,1.0,5.245349884033203
1850,31,9645,suppresses_cannot,-8.90493392944336e-05,8.90493392944336e-05,8.90493392944336e-05,5.715137376682833e-05,0.0,1.0,1.558131217956543
1851,17,8406,suppresses_cannot,-8.90195369720459e-05,8.90195369720459e-05,8.90195369720459e-05,3.07610935124103e-05,0.0,1.0,2.893900156021118
1852,27,11440,suppresses_cannot,-8.89897346496582e-05,8.89897346496582e-05,8.89897346496582e-05,1.2177449207229074e-05,0.0,1.0,7.307747840881348
1853,22,11500,suppresses_cannot,-8.894503116607666e-05,8.894503116607666e-05,8.894503116607666e-05,1.1497624655021355e-05,0.0,1.0,7.735947608947754
1854,30,1562,supports_cannot,8.891522884368896e-05,8.891522884368896e-05,8.891522884368896e-05,4.5067386963637546e-05,1.0,1.0,1.9729394912719727
1855,4,13921,suppresses_cannot,-8.891522884368896e-05,8.891522884368896e-05,8.891522884368896e-05,2.0603791199391708e-05,0.0,1.0,4.315478801727295
1856,23,1925,suppresses_cannot,-8.888542652130127e-05,8.888542652130127e-05,8.888542652130127e-05,2.2756932594347745e-05,0.0,1.0,3.9058611392974854
1857,15,3366,suppresses_cannot,-8.884072303771973e-05,8.884072303771973e-05,8.884072303771973e-05,7.046532118692994e-06,0.0,1.0,12.607721328735352
1858,21,7712,suppresses_cannot,-8.882582187652588e-05,8.882582187652588e-05,8.882582187652588e-05,2.115613824571483e-05,0.0,1.0,4.198583602905273
1859,19,1664,suppresses_cannot,-8.881092071533203e-05,8.881092071533203e-05,8.881092071533203e-05,2.2570768123841844e-05,0.0,1.0,3.9347758293151855
1860,29,6173,suppresses_cannot,-8.879601955413818e-05,8.879601955413818e-05,8.879601955413818e-05,2.950894668174442e-05,0.0,1.0,3.009121894836426
1861,26,8559,suppresses_cannot,-8.878111839294434e-05,8.878111839294434e-05,8.878111839294434e-05,4.399576937430538e-05,0.0,1.0,2.017946720123291
1862,20,1313,supports_cannot,8.876621723175049e-05,8.876621723175049e-05,8.876621723175049e-05,4.400884427013807e-05,1.0,1.0,2.0170085430145264
1863,31,12373,supports_cannot,8.872151374816895e-05,8.872151374816895e-05,8.872151374816895e-05,3.221622682758607e-05,1.0,1.0,2.753938674926758
1864,18,11628,supports_cannot,8.872151374816895e-05,8.872151374816895e-05,8.872151374816895e-05,2.4134895284078084e-05,1.0,1.0,3.676067590713501
1865,15,1568,suppresses_cannot,-8.87066125869751e-05,8.87066125869751e-05,8.87066125869751e-05,3.251853559049778e-05,0.0,1.0,2.7278785705566406
1866,22,30,supports_cannot,8.87066125869751e-05,8.87066125869751e-05,8.87066125869751e-05,3.082160765188746e-05,1.0,1.0,2.878065824508667
1867,14,9570,supports_cannot,8.87066125869751e-05,8.87066125869751e-05,8.87066125869751e-05,2.898350248869974e-05,1.0,1.0,3.060589551925659
1868,25,11175,supports_cannot,8.864700794219971e-05,8.864700794219971e-05,8.864700794219971e-05,1.0157335964322556e-05,1.0,1.0,8.727386474609375
1869,30,2963,suppresses_cannot,-8.864700794219971e-05,8.864700794219971e-05,8.945167064666748e-05,9.081680764211342e-05,0.25,0.75,0.9761079549789429
1870,16,14258,suppresses_cannot,-8.861720561981201e-05,8.861720561981201e-05,8.861720561981201e-05,3.5348024539416656e-05,0.0,1.0,2.5069916248321533
1871,22,13090,suppresses_cannot,-8.857250213623047e-05,8.857250213623047e-05,8.857250213623047e-05,2.1741605451097712e-05,0.0,1.0,4.07387113571167
1872,23,10602,suppresses_cannot,-8.857250213623047e-05,8.857250213623047e-05,8.857250213623047e-05,1.6599758964730427e-05,0.0,1.0,5.3357696533203125
1873,22,9697,supports_cannot,8.857250213623047e-05,8.857250213623047e-05,8.857250213623047e-05,6.53835668344982e-05,1.0,1.0,1.3546600341796875
1874,26,3186,supports_cannot,8.857250213623047e-05,8.857250213623047e-05,8.857250213623047e-05,2.5171550078084692e-05,1.0,1.0,3.518754243850708
1875,13,2324,suppresses_cannot,-8.855760097503662e-05,8.855760097503662e-05,8.855760097503662e-05,8.487743616569787e-05,0.0,1.0,1.043358564376831
1876,15,2336,supports_cannot,8.855760097503662e-05,8.855760097503662e-05,8.855760097503662e-05,5.150280048837885e-05,1.0,1.0,1.7194715738296509
1877,19,11136,supports_cannot,8.849799633026123e-05,8.849799633026123e-05,8.849799633026123e-05,4.170036845607683e-05,1.0,1.0,2.1222352981567383
1878,24,2417,supports_cannot,8.848309516906738e-05,8.848309516906738e-05,8.848309516906738e-05,4.8835750931175426e-05,1.0,1.0,1.8118507862091064
1879,21,12043,supports_cannot,8.846819400787354e-05,8.846819400787354e-05,8.846819400787354e-05,1.820209035940934e-05,1.0,1.0,4.860331058502197
1880,17,5921,suppresses_cannot,-8.845329284667969e-05,8.845329284667969e-05,8.845329284667969e-05,2.4049901185208e-05,0.0,1.0,3.6779065132141113
1881,30,9499,supports_cannot,8.840858936309814e-05,8.840858936309814e-05,8.840858936309814e-05,2.028390736086294e-05,1.0,1.0,4.35855770111084
1882,21,1412,suppresses_cannot,-8.840858936309814e-05,8.840858936309814e-05,9.231269359588623e-05,7.039395859465003e-05,0.25,0.75,1.2559115886688232
1883,19,684,suppresses_cannot,-8.83340835571289e-05,8.83340835571289e-05,8.83340835571289e-05,5.0475897296564654e-05,0.0,1.0,1.7500250339508057
1884,17,1241,supports_cannot,8.83340835571289e-05,8.83340835571289e-05,8.83340835571289e-05,5.4618853027932346e-05,1.0,1.0,1.6172819137573242
1885,25,2080,supports_cannot,8.830428123474121e-05,8.830428123474121e-05,8.830428123474121e-05,3.700004890561104e-05,1.0,1.0,2.386599063873291
1886,17,5255,supports_cannot,8.830428123474121e-05,8.830428123474121e-05,8.830428123474121e-05,3.209660280845128e-05,1.0,1.0,2.7512032985687256
1887,29,3358,supports_cannot,8.827447891235352e-05,8.827447891235352e-05,8.827447891235352e-05,2.328089794900734e-05,1.0,1.0,3.791712522506714
1888,26,6545,supports_cannot,8.825957775115967e-05,8.825957775115967e-05,8.825957775115967e-05,4.4380180042935535e-05,1.0,1.0,1.9887161254882812
1889,27,119,supports_cannot,8.824467658996582e-05,8.824467658996582e-05,8.824467658996582e-05,4.001928027719259e-05,1.0,1.0,2.2050540447235107
1890,27,9499,suppresses_cannot,-8.822977542877197e-05,8.822977542877197e-05,8.822977542877197e-05,4.2704938095994294e-05,0.0,1.0,2.0660321712493896
1891,22,5721,supports_cannot,8.821487426757812e-05,8.821487426757812e-05,8.821487426757812e-05,8.04762021289207e-06,1.0,1.0,10.96160888671875
1892,29,9588,suppresses_cannot,-8.821487426757812e-05,8.821487426757812e-05,8.821487426757812e-05,1.5791856640134938e-05,0.0,1.0,5.5860981941223145
1893,13,6213,suppresses_cannot,-8.817017078399658e-05,8.817017078399658e-05,8.817017078399658e-05,3.889342042384669e-05,0.0,1.0,2.2669687271118164
1894,15,13959,suppresses_cannot,-8.817017078399658e-05,8.817017078399658e-05,8.817017078399658e-05,4.2313618905609474e-05,0.0,1.0,2.0837302207946777
1895,30,1885,supports_cannot,8.814036846160889e-05,8.814036846160889e-05,8.814036846160889e-05,1.230062662216369e-05,1.0,1.0,7.165517807006836
1896,31,4107,suppresses_cannot,-8.814036846160889e-05,8.814036846160889e-05,8.814036846160889e-05,1.3958586350781843e-05,0.0,1.0,6.314418792724609
1897,20,8389,suppresses_cannot,-8.806586265563965e-05,8.806586265563965e-05,8.806586265563965e-05,7.514721073675901e-05,0.0,1.0,1.1719112396240234
1898,28,5568,supports_cannot,8.806586265563965e-05,8.806586265563965e-05,8.806586265563965e-05,1.91279141290579e-05,1.0,1.0,4.604049205780029
1899,23,14183,supports_cannot,8.803606033325195e-05,8.803606033325195e-05,8.803606033325195e-05,2.1473353626788594e-05,1.0,1.0,4.099781036376953
1900,27,7610,suppresses_cannot,-8.80211591720581e-05,8.80211591720581e-05,8.80211591720581e-05,3.2447747798869386e-05,0.0,1.0,2.712704658508301
1901,12,11804,supports_cannot,8.800625801086426e-05,8.800625801086426e-05,8.800625801086426e-05,1.5039074241940398e-05,1.0,1.0,5.851839542388916
1902,27,5242,supports_cannot,8.800625801086426e-05,8.800625801086426e-05,8.800625801086426e-05,2.294788464496378e-05,1.0,1.0,3.8350484371185303
1903,24,4238,supports_cannot,8.793175220489502e-05,8.793175220489502e-05,8.793175220489502e-05,5.904773934162222e-05,1.0,1.0,1.4891637563705444
1904,31,12063,suppresses_cannot,-8.793175220489502e-05,8.793175220489502e-05,8.793175220489502e-05,3.17109988827724e-05,0.0,1.0,2.7729101181030273
1905,23,12512,supports_cannot,8.785724639892578e-05,8.785724639892578e-05,8.785724639892578e-05,4.9919683078769594e-05,1.0,1.0,1.759972095489502
1906,31,8154,supports_cannot,8.784234523773193e-05,8.784234523773193e-05,8.784234523773193e-05,1.672557664278429e-05,1.0,1.0,5.251976490020752
1907,19,3056,suppresses_cannot,-8.784234523773193e-05,8.784234523773193e-05,8.784234523773193e-05,2.0893803593935445e-05,0.0,1.0,4.204229354858398
1908,21,2729,supports_cannot,8.781254291534424e-05,8.781254291534424e-05,8.781254291534424e-05,3.167501563439146e-05,1.0,1.0,2.772296667098999
1909,19,7133,suppresses_cannot,-8.781254291534424e-05,8.781254291534424e-05,8.781254291534424e-05,3.1674819183535874e-05,0.0,1.0,2.7723138332366943
1910,21,5436,suppresses_cannot,-8.781254291534424e-05,8.781254291534424e-05,8.781254291534424e-05,3.6354762414703146e-05,0.0,1.0,2.4154343605041504
1911,15,4593,supports_cannot,8.77678394317627e-05,8.77678394317627e-05,8.77678394317627e-05,8.44395071908366e-06,1.0,1.0,10.394166946411133
1912,18,6786,supports_cannot,8.7738037109375e-05,8.7738037109375e-05,0.00023126602172851562,0.00021698567434214056,0.75,0.75,0.4043494462966919
1913,8,8632,supports_cannot,8.766353130340576e-05,8.766353130340576e-05,9.681284427642822e-05,7.490351708838716e-05,0.75,0.75,1.1703526973724365
1914,29,10259,suppresses_cannot,-8.761882781982422e-05,8.761882781982422e-05,8.761882781982422e-05,2.198841866629664e-05,0.0,1.0,3.984771251678467
1915,28,10497,suppresses_cannot,-8.757412433624268e-05,8.757412433624268e-05,8.757412433624268e-05,2.5585857656551525e-05,0.0,1.0,3.4227547645568848
1916,28,8663,suppresses_cannot,-8.754432201385498e-05,8.754432201385498e-05,8.754432201385498e-05,5.6847948144422844e-05,0.0,1.0,1.539973258972168
1917,19,6030,supports_cannot,8.751451969146729e-05,8.751451969146729e-05,8.751451969146729e-05,7.347555219894275e-05,1.0,1.0,1.1910699605941772
1918,17,2591,supports_cannot,8.749961853027344e-05,8.749961853027344e-05,8.749961853027344e-05,1.6671621779096313e-05,1.0,1.0,5.248415946960449
1919,24,3541,suppresses_cannot,-8.748471736907959e-05,8.748471736907959e-05,8.748471736907959e-05,3.0230408810894005e-05,0.0,1.0,2.8939309120178223
1920,24,7892,supports_cannot,8.748471736907959e-05,8.748471736907959e-05,8.748471736907959e-05,2.097250944643747e-05,1.0,1.0,4.171399116516113
1921,23,7566,suppresses_cannot,-8.746981620788574e-05,8.746981620788574e-05,0.0001004338264465332,6.686193955829367e-05,0.25,0.75,1.3082153797149658
1922,29,2594,suppresses_cannot,-8.744001388549805e-05,8.744001388549805e-05,8.744001388549805e-05,4.481940413825214e-05,0.0,1.0,1.9509409666061401
1923,28,7802,supports_cannot,8.741021156311035e-05,8.741021156311035e-05,8.741021156311035e-05,2.1552519683609717e-05,1.0,1.0,4.055683612823486
1924,29,8336,suppresses_cannot,-8.736550807952881e-05,8.736550807952881e-05,8.736550807952881e-05,1.1145779353682883e-05,0.0,1.0,7.838438034057617
1925,11,469,supports_cannot,8.736550807952881e-05,8.736550807952881e-05,0.00010465085506439209,0.00010130384180229157,0.75,0.75,0.8624106049537659
1926,13,13614,supports_cannot,8.733570575714111e-05,8.733570575714111e-05,8.733570575714111e-05,3.644275420811027e-05,1.0,1.0,2.396517753601074
1927,19,3668,supports_cannot,8.730590343475342e-05,8.730590343475342e-05,8.730590343475342e-05,2.7437448807177134e-05,1.0,1.0,3.181997537612915
1928,19,11630,suppresses_cannot,-8.729100227355957e-05,8.729100227355957e-05,8.729100227355957e-05,3.752140764845535e-05,0.0,1.0,2.3264319896698
1929,19,4671,supports_cannot,8.729100227355957e-05,8.729100227355957e-05,8.729100227355957e-05,2.3384418454952538e-05,1.0,1.0,3.732870101928711
1930,16,2026,suppresses_cannot,-8.723139762878418e-05,8.723139762878418e-05,8.723139762878418e-05,4.600954343914054e-05,0.0,1.0,1.8959413766860962
1931,29,4951,suppresses_cannot,-8.723139762878418e-05,8.723139762878418e-05,8.723139762878418e-05,1.3964192476123571e-05,0.0,1.0,6.246790885925293
1932,17,12976,suppresses_cannot,-8.721649646759033e-05,8.721649646759033e-05,8.721649646759033e-05,2.2751544747734442e-05,0.0,1.0,3.8334314823150635
1933,20,11630,suppresses_cannot,-8.720159530639648e-05,8.720159530639648e-05,8.720159530639648e-05,4.0772581996861845e-05,0.0,1.0,2.1387312412261963
1934,10,12385,supports_cannot,8.718669414520264e-05,8.718669414520264e-05,8.718669414520264e-05,4.6926164941396564e-05,1.0,1.0,1.8579548597335815
1935,25,10878,supports_cannot,8.718669414520264e-05,8.718669414520264e-05,8.718669414520264e-05,3.5357646993361413e-05,1.0,1.0,2.465851068496704
1936,29,9387,supports_cannot,8.717179298400879e-05,8.717179298400879e-05,8.717179298400879e-05,1.6060686903074384e-05,1.0,1.0,5.427649974822998
1937,25,4546,suppresses_cannot,-8.715689182281494e-05,8.715689182281494e-05,8.715689182281494e-05,5.416096973931417e-05,0.0,1.0,1.6092195510864258
1938,19,7541,supports_cannot,8.71419906616211e-05,8.71419906616211e-05,8.71419906616211e-05,1.308067385252798e-05,1.0,1.0,6.661888122558594
1939,29,7440,suppresses_cannot,-8.71419906616211e-05,8.71419906616211e-05,8.71419906616211e-05,3.171272328472696e-05,0.0,1.0,2.7478559017181396
1940,25,8611,supports_cannot,8.71419906616211e-05,8.71419906616211e-05,8.71419906616211e-05,2.271370976814069e-05,1.0,1.0,3.8365368843078613
1941,14,3896,suppresses_cannot,-8.71419906616211e-05,8.71419906616211e-05,8.71419906616211e-05,3.4955544833792374e-05,0.0,1.0,2.4929375648498535
1942,18,8214,suppresses_cannot,-8.712708950042725e-05,8.712708950042725e-05,8.712708950042725e-05,2.2147773051983677e-05,0.0,1.0,3.9338982105255127
1943,27,4456,supports_cannot,8.712708950042725e-05,8.712708950042725e-05,8.712708950042725e-05,2.64307909674244e-05,1.0,1.0,3.2964236736297607
1944,30,1284,supports_cannot,8.71121883392334e-05,8.71121883392334e-05,8.71121883392334e-05,1.6547428458579816e-05,1.0,1.0,5.2643938064575195
1945,29,4840,suppresses_cannot,-8.709728717803955e-05,8.709728717803955e-05,8.709728717803955e-05,1.971677011169959e-05,0.0,1.0,4.417421340942383
1946,21,1600,supports_cannot,8.706748485565186e-05,8.706748485565186e-05,8.706748485565186e-05,1.3746488548349589e-05,1.0,1.0,6.333797931671143
1947,22,5732,supports_cannot,8.703768253326416e-05,8.703768253326416e-05,8.703768253326416e-05,3.0419847462326288e-05,1.0,1.0,2.861213445663452
1948,16,9919,supports_cannot,8.702278137207031e-05,8.702278137207031e-05,8.702278137207031e-05,3.1628085707779974e-05,1.0,1.0,2.7514400482177734
1949,26,7306,suppresses_cannot,-8.702278137207031e-05,8.702278137207031e-05,8.702278137207031e-05,5.44255344721023e-05,0.0,1.0,1.5989329814910889
1950,21,5591,suppresses_cannot,-8.699297904968262e-05,8.699297904968262e-05,8.699297904968262e-05,2.8909742468385957e-05,0.0,1.0,3.0091230869293213
1951,19,9492,supports_cannot,8.696317672729492e-05,8.696317672729492e-05,8.696317672729492e-05,4.5251133997226134e-05,1.0,1.0,1.9217900037765503
1952,16,11873,suppresses_cannot,-8.696317672729492e-05,8.696317672729492e-05,8.696317672729492e-05,5.1875478675356135e-05,0.0,1.0,1.676383137702942
1953,28,1890,supports_cannot,8.696317672729492e-05,8.696317672729492e-05,0.00014227628707885742,0.00014710526738781482,0.5,0.5,0.591162919998169
1954,19,1721,suppresses_cannot,-8.694827556610107e-05,8.694827556610107e-05,8.694827556610107e-05,2.8645796191995032e-05,0.0,1.0,3.0352890491485596
1955,16,2582,suppresses_cannot,-8.688867092132568e-05,8.688867092132568e-05,8.688867092132568e-05,2.9946408176328987e-05,0.0,1.0,2.9014720916748047
1956,20,9638,suppresses_cannot,-8.685886859893799e-05,8.685886859893799e-05,8.685886859893799e-05,2.7957226848229766e-05,0.0,1.0,3.1068482398986816
1957,22,2061,suppresses_cannot,-8.684396743774414e-05,8.684396743774414e-05,8.684396743774414e-05,4.214720684103668e-05,0.0,1.0,2.0604915618896484
1958,17,4294,supports_cannot,8.682906627655029e-05,8.682906627655029e-05,8.682906627655029e-05,3.560197365004569e-05,1.0,1.0,2.4388835430145264
1959,15,749,suppresses_cannot,-8.67992639541626e-05,8.67992639541626e-05,8.67992639541626e-05,5.665761636919342e-05,0.0,1.0,1.5319963693618774
1960,27,5509,suppresses_cannot,-8.67694616317749e-05,8.67694616317749e-05,8.67694616317749e-05,1.399715620209463e-05,0.0,1.0,6.199077606201172
1961,26,5864,supports_cannot,8.673965930938721e-05,8.673965930938721e-05,8.673965930938721e-05,3.182518048561178e-05,1.0,1.0,2.725504159927368
1962,20,11580,supports_cannot,8.673965930938721e-05,8.673965930938721e-05,8.673965930938721e-05,3.647605626611039e-05,1.0,1.0,2.3779890537261963
1963,29,1105,suppresses_cannot,-8.673965930938721e-05,8.673965930938721e-05,8.673965930938721e-05,1.4198195458448026e-05,0.0,1.0,6.109202861785889
1964,17,9064,supports_cannot,8.672475814819336e-05,8.672475814819336e-05,8.672475814819336e-05,2.725923877733294e-05,1.0,1.0,3.181481122970581
1965,22,6783,supports_cannot,8.669495582580566e-05,8.669495582580566e-05,8.669495582580566e-05,2.484815013303887e-05,1.0,1.0,3.488990068435669
1966,27,2992,supports_cannot,8.669495582580566e-05,8.669495582580566e-05,8.669495582580566e-05,2.249574026791379e-05,1.0,1.0,3.8538384437561035
1967,28,4638,supports_cannot,8.668005466461182e-05,8.668005466461182e-05,8.668005466461182e-05,3.5618759284261614e-05,1.0,1.0,2.4335505962371826
1968,14,4954,supports_cannot,8.666515350341797e-05,8.666515350341797e-05,8.666515350341797e-05,5.685934957000427e-05,1.0,1.0,1.5242023468017578
1969,15,12571,suppresses_cannot,-8.666515350341797e-05,8.666515350341797e-05,8.666515350341797e-05,5.340469579095952e-05,0.0,1.0,1.6228002309799194
1970,26,5728,supports_cannot,8.662045001983643e-05,8.662045001983643e-05,8.662045001983643e-05,3.503392872516997e-05,1.0,1.0,2.47247314453125
1971,15,1850,supports_cannot,8.657574653625488e-05,8.657574653625488e-05,8.848309516906738e-05,6.772013148292899e-05,0.75,0.75,1.2784343957901
1972,18,10439,suppresses_cannot,-8.653104305267334e-05,8.653104305267334e-05,8.653104305267334e-05,3.343327625771053e-05,0.0,1.0,2.5881712436676025
1973,19,14180,supports_cannot,8.651614189147949e-05,8.651614189147949e-05,8.651614189147949e-05,2.4750017473706976e-05,1.0,1.0,3.4955990314483643
1974,17,13707,supports_cannot,8.64863395690918e-05,8.64863395690918e-05,8.64863395690918e-05,4.831402111449279e-05,1.0,1.0,1.7900878190994263
1975,19,12201,supports_cannot,8.647143840789795e-05,8.647143840789795e-05,8.647143840789795e-05,1.2837322174164001e-05,1.0,1.0,6.735939979553223
1976,31,12944,suppresses_cannot,-8.647143840789795e-05,8.647143840789795e-05,8.647143840789795e-05,1.5193478247965686e-05,0.0,1.0,5.691351890563965
1977,25,1016,supports_cannot,8.647143840789795e-05,8.647143840789795e-05,8.647143840789795e-05,2.5693901989143342e-05,1.0,1.0,3.365445613861084
1978,30,12173,suppresses_cannot,-8.647143840789795e-05,8.647143840789795e-05,8.647143840789795e-05,3.524009298416786e-05,0.0,1.0,2.453780174255371
1979,26,5725,supports_cannot,8.644163608551025e-05,8.644163608551025e-05,8.644163608551025e-05,2.3821821741876192e-05,1.0,1.0,3.628674268722534
1980,19,12000,supports_cannot,8.64267349243164e-05,8.64267349243164e-05,9.378790855407715e-05,8.098868420347571e-05,0.75,0.75,1.067145824432373
1981,30,4301,suppresses_cannot,-8.641183376312256e-05,8.641183376312256e-05,8.641183376312256e-05,2.5833898689597845e-05,0.0,1.0,3.3449008464813232
1982,18,13390,supports_cannot,8.638203144073486e-05,8.638203144073486e-05,8.638203144073486e-05,2.2302070647128858e-05,1.0,1.0,3.8732738494873047
1983,28,1709,supports_cannot,8.638203144073486e-05,8.638203144073486e-05,8.638203144073486e-05,5.3210063924780115e-05,1.0,1.0,1.6234153509140015
1984,3,2145,supports_cannot,8.630752563476562e-05,8.630752563476562e-05,8.630752563476562e-05,1.699286440270953e-05,1.0,1.0,5.079044818878174
1985,25,8998,suppresses_cannot,-8.630752563476562e-05,8.630752563476562e-05,8.630752563476562e-05,3.452423698036e-05,0.0,1.0,2.499911069869995
1986,20,3253,supports_cannot,8.629262447357178e-05,8.629262447357178e-05,8.629262447357178e-05,1.2126899491704535e-05,1.0,1.0,7.11580228805542
1987,30,1700,suppresses_cannot,-8.629262447357178e-05,8.629262447357178e-05,8.629262447357178e-05,2.049279100901913e-05,0.0,1.0,4.210876941680908
1988,12,923,suppresses_cannot,-8.629262447357178e-05,8.629262447357178e-05,9.383261203765869e-05,9.85690057859756e-05,0.25,0.75,0.8754539489746094
1989,29,4425,supports_cannot,8.627772331237793e-05,8.627772331237793e-05,8.627772331237793e-05,3.9033955545164645e-05,1.0,1.0,2.210325002670288
1990,0,2605,suppresses_cannot,-8.627772331237793e-05,8.627772331237793e-05,0.00010052323341369629,6.982100603636354e-05,0.25,0.75,1.2356986999511719
1991,20,7813,suppresses_cannot,-8.626282215118408e-05,8.626282215118408e-05,8.626282215118408e-05,9.410493476025295e-06,0.0,1.0,9.166662216186523
1992,20,7,suppresses_cannot,-8.624792098999023e-05,8.624792098999023e-05,8.624792098999023e-05,1.6219803001149558e-05,0.0,1.0,5.317445278167725
1993,7,7198,suppresses_cannot,-8.624792098999023e-05,8.624792098999023e-05,8.624792098999023e-05,4.1657483961898834e-05,0.0,1.0,2.070406436920166
1994,16,11581,suppresses_cannot,-8.624792098999023e-05,8.624792098999023e-05,8.624792098999023e-05,4.571631507133134e-05,0.0,1.0,1.886589527130127
1995,27,2846,suppresses_cannot,-8.624792098999023e-05,8.624792098999023e-05,8.624792098999023e-05,3.162769280606881e-05,0.0,1.0,2.7269747257232666
1996,18,9013,supports_cannot,8.621811866760254e-05,8.621811866760254e-05,8.621811866760254e-05,1.5053595234348904e-05,1.0,1.0,5.727410316467285
1997,26,5737,suppresses_cannot,-8.618831634521484e-05,8.618831634521484e-05,8.618831634521484e-05,3.069601734750904e-05,0.0,1.0,2.8078012466430664
1998,27,7144,suppresses_cannot,-8.609890937805176e-05,8.609890937805176e-05,8.609890937805176e-05,2.7443344151834026e-05,0.0,1.0,3.1373329162597656
1999,30,13708,suppresses_cannot,-8.600950241088867e-05,8.600950241088867e-05,8.600950241088867e-05,3.1446914363186806e-05,0.0,1.0,2.735069751739502
2000,31,1513,suppresses_cannot,-8.599460124969482e-05,8.599460124969482e-05,8.599460124969482e-05,3.521972394082695e-05,0.0,1.0,2.4416604042053223
2001,4,2027,suppresses_cannot,-8.590519428253174e-05,8.590519428253174e-05,0.00013609230518341064,0.00011001195525750518,0.25,0.75,0.7808714509010315
2002,4,1111,supports_cannot,8.547306060791016e-05,8.547306060791016e-05,8.547306060791016e-05,5.946076271357015e-05,1.0,1.0,1.4374699592590332
2003,3,727,suppresses_cannot,-8.524954319000244e-05,8.524954319000244e-05,0.00012351572513580322,9.960732131730765e-05,0.25,0.75,0.85585618019104
2004,13,11485,supports_cannot,8.505582809448242e-05,8.505582809448242e-05,8.505582809448242e-05,6.885790207888931e-05,1.0,1.0,1.2352370023727417
2005,11,7066,suppresses_cannot,-8.501112461090088e-05,8.501112461090088e-05,8.501112461090088e-05,8.076187805272639e-05,0.0,1.0,1.052614450454712
2006,13,11685,suppresses_cannot,-8.462369441986084e-05,8.462369441986084e-05,8.462369441986084e-05,3.49981892213691e-05,0.0,1.0,2.41794490814209
2007,2,10698,suppresses_cannot,-8.45789909362793e-05,8.45789909362793e-05,8.45789909362793e-05,4.339940642239526e-05,0.0,1.0,1.9488513469696045
2008,13,12230,supports_cannot,8.45193862915039e-05,8.45193862915039e-05,8.45193862915039e-05,3.067859142902307e-05,1.0,1.0,2.754995584487915
2009,13,7084,supports_cannot,8.380413055419922e-05,8.380413055419922e-05,8.380413055419922e-05,4.1189894545823336e-05,1.0,1.0,2.0345799922943115
2010,10,12642,suppresses_cannot,-8.355081081390381e-05,8.355081081390381e-05,0.00012721121311187744,0.00015414114750456065,0.25,0.75,0.5420409440994263
2011,12,6062,suppresses_cannot,-8.32676887512207e-05,8.32676887512207e-05,8.32676887512207e-05,3.3341832022415474e-05,0.0,1.0,2.497393846511841
2012,8,10111,suppresses_cannot,-8.316338062286377e-05,8.316338062286377e-05,8.450448513031006e-05,0.0001391509867971763,0.5,0.5,0.5976485013961792
2013,5,6152,supports_cannot,8.311867713928223e-05,8.311867713928223e-05,9.834766387939453e-05,9.713323379401118e-05,0.75,0.75,0.855718195438385
2014,12,3326,suppresses_cannot,-8.308887481689453e-05,8.308887481689453e-05,8.308887481689453e-05,2.687055712158326e-05,0.0,1.0,3.0921900272369385
2015,13,4078,suppresses_cannot,-8.29845666885376e-05,8.29845666885376e-05,8.29845666885376e-05,2.4333459805347957e-05,0.0,1.0,3.410306692123413
2016,2,5684,supports_cannot,8.276104927062988e-05,8.276104927062988e-05,8.365511894226074e-05,0.00014341966016218066,0.75,0.75,0.5770550966262817
2017,13,11924,suppresses_cannot,-8.268654346466064e-05,8.268654346466064e-05,8.268654346466064e-05,1.0106579793500714e-05,0.0,1.0,8.181455612182617
2018,0,8268,supports_cannot,8.258223533630371e-05,8.258223533630371e-05,8.258223533630371e-05,5.315828093443997e-05,1.0,1.0,1.553515911102295
2019,13,13935,suppresses_cannot,-8.2358717918396e-05,8.2358717918396e-05,8.2358717918396e-05,5.340051211533137e-05,0.0,1.0,1.542283296585083
2020,10,2727,suppresses_cannot,-8.165836334228516e-05,8.165836334228516e-05,0.00013297796249389648,0.00018551148241385818,0.25,0.75,0.4401795566082001
2021,8,11939,suppresses_cannot,-8.134543895721436e-05,8.134543895721436e-05,8.134543895721436e-05,5.1684604841284454e-05,0.0,1.0,1.5738813877105713
2022,13,4288,suppresses_cannot,-8.133053779602051e-05,8.133053779602051e-05,8.133053779602051e-05,3.0295010219560936e-05,0.0,1.0,2.6846179962158203
2023,13,8985,suppresses_cannot,-8.101761341094971e-05,8.101761341094971e-05,8.101761341094971e-05,5.635828711092472e-05,0.0,1.0,1.437545657157898
2024,13,10134,supports_cannot,8.101761341094971e-05,8.101761341094971e-05,8.101761341094971e-05,5.559435157920234e-05,1.0,1.0,1.4572993516921997
2025,12,3275,supports_cannot,7.994472980499268e-05,7.994472980499268e-05,7.994472980499268e-05,2.1936630218988284e-05,1.0,1.0,3.644348382949829
2026,4,7053,suppresses_cannot,-7.975101470947266e-05,7.975101470947266e-05,7.975101470947266e-05,2.0572584617184475e-05,0.0,1.0,3.8765671253204346
2027,8,2442,suppresses_cannot,-7.967650890350342e-05,7.967650890350342e-05,8.092820644378662e-05,0.00013941801444161683,0.5,0.5,0.5714936256408691
2028,2,11898,suppresses_cannot,-7.958710193634033e-05,7.958710193634033e-05,7.958710193634033e-05,3.869513238896616e-05,0.0,1.0,2.0567729473114014
2029,12,179,suppresses_cannot,-7.95125961303711e-05,7.95125961303711e-05,7.95125961303711e-05,8.524193617631681e-06,0.0,1.0,9.327872276306152
2030,12,3941,supports_cannot,7.946789264678955e-05,7.946789264678955e-05,7.946789264678955e-05,4.368429654277861e-05,1.0,1.0,1.819140911102295
2031,11,2613,supports_cannot,7.940828800201416e-05,7.940828800201416e-05,7.940828800201416e-05,6.700684025418013e-05,1.0,1.0,1.1850773096084595
2032,12,3327,supports_cannot,7.924437522888184e-05,7.924437522888184e-05,9.66191291809082e-05,8.519874972989783e-05,0.75,0.75,0.9301119446754456
2033,2,9968,supports_cannot,7.899105548858643e-05,7.899105548858643e-05,9.118020534515381e-05,7.636290683876723e-05,0.75,0.75,1.0344165563583374
2034,11,7498,suppresses_cannot,-7.846951484680176e-05,7.846951484680176e-05,7.846951484680176e-05,3.337193629704416e-05,0.0,1.0,2.351362466812134
2035,12,9150,suppresses_cannot,-7.79181718826294e-05,7.79181718826294e-05,7.79181718826294e-05,2.8838652724516578e-05,0.0,1.0,2.7018656730651855
2036,11,8989,supports_cannot,7.718801498413086e-05,7.718801498413086e-05,7.718801498413086e-05,5.3681404097005725e-05,1.0,1.0,1.4378911256790161
2037,13,4219,supports_cannot,7.697939872741699e-05,7.697939872741699e-05,7.697939872741699e-05,3.591558197513223e-05,1.0,1.0,2.1433427333831787
2038,13,1378,supports_cannot,7.656216621398926e-05,7.656216621398926e-05,7.656216621398926e-05,1.3720563401875552e-05,1.0,1.0,5.580103397369385
2039,13,1502,suppresses_cannot,-7.650256156921387e-05,7.650256156921387e-05,7.650256156921387e-05,1.4683595509268343e-05,0.0,1.0,5.21006965637207
2040,13,13608,suppresses_cannot,-7.647275924682617e-05,7.647275924682617e-05,7.647275924682617e-05,1.3493838196154684e-05,0.0,1.0,5.667235374450684
2041,8,7903,supports_cannot,7.630884647369385e-05,7.630884647369385e-05,7.630884647369385e-05,2.7807638616650365e-05,1.0,1.0,2.744168281555176
2042,13,5538,supports_cannot,7.59810209274292e-05,7.59810209274292e-05,7.59810209274292e-05,5.973137012915686e-05,1.0,1.0,1.2720454931259155
2043,13,5427,suppresses_cannot,-7.583200931549072e-05,7.583200931549072e-05,7.583200931549072e-05,2.2156673367135227e-05,0.0,1.0,3.4225356578826904
2044,13,4759,suppresses_cannot,-7.560849189758301e-05,7.560849189758301e-05,7.560849189758301e-05,3.5011235013371333e-05,0.0,1.0,2.1595494747161865
2045,8,14238,supports_cannot,7.559359073638916e-05,7.559359073638916e-05,7.559359073638916e-05,0.0001229761983267963,1.0,1.0,0.614700973033905
2046,12,3218,suppresses_cannot,-7.559359073638916e-05,7.559359073638916e-05,8.000433444976807e-05,6.142733036540449e-05,0.25,0.75,1.2306182384490967
2047,13,131,suppresses_cannot,-7.529556751251221e-05,7.529556751251221e-05,7.529556751251221e-05,1.4124941117188428e-05,0.0,1.0,5.330681324005127
2048,11,4052,suppresses_cannot,-7.522106170654297e-05,7.522106170654297e-05,7.522106170654297e-05,4.567001451505348e-05,0.0,1.0,1.647055745124817
2049,10,9623,supports_cannot,7.519125938415527e-05,7.519125938415527e-05,7.519125938415527e-05,4.664339576265775e-05,1.0,1.0,1.612045168876648
2050,0,8727,supports_cannot,7.517635822296143e-05,7.517635822296143e-05,0.0001045912504196167,7.970682781888172e-05,0.75,0.75,0.9431608319282532
2051,12,2485,supports_cannot,7.510185241699219e-05,7.510185241699219e-05,7.510185241699219e-05,4.2585776100168005e-05,1.0,1.0,1.7635431289672852
2052,11,11845,supports_cannot,7.44163990020752e-05,7.44163990020752e-05,7.44163990020752e-05,4.4341239117784426e-05,1.0,1.0,1.678266167640686
2053,13,10139,supports_cannot,7.426738739013672e-05,7.426738739013672e-05,7.426738739013672e-05,1.9667049855343066e-05,1.0,1.0,3.7762339115142822
2054,0,13336,supports_cannot,7.392466068267822e-05,7.392466068267822e-05,7.392466068267822e-05,3.4576663892949e-05,1.0,1.0,2.1379928588867188
2055,12,10373,suppresses_cannot,-7.37905502319336e-05,7.37905502319336e-05,7.37905502319336e-05,2.7973888791166246e-05,0.0,1.0,2.637836456298828
2056,3,11012,supports_cannot,7.365643978118896e-05,7.365643978118896e-05,7.365643978118896e-05,5.233745105215348e-05,1.0,1.0,1.4073371887207031
2057,12,3388,suppresses_cannot,-7.362663745880127e-05,7.362663745880127e-05,7.362663745880127e-05,3.575273512979038e-05,0.0,1.0,2.05932879447937
2058,11,10520,suppresses_cannot,-7.361173629760742e-05,7.361173629760742e-05,7.686018943786621e-05,9.705661796033382e-05,0.25,0.75,0.7584412097930908
2059,4,10275,suppresses_cannot,-7.355213165283203e-05,7.355213165283203e-05,0.00011742115020751953,0.00011204737529624254,0.25,0.75,0.6564378142356873
2060,12,3740,suppresses_cannot,-7.34180212020874e-05,7.34180212020874e-05,7.34180212020874e-05,7.472884135495406e-06,0.0,1.0,9.824588775634766
2061,0,2762,supports_cannot,7.323920726776123e-05,7.323920726776123e-05,7.323920726776123e-05,2.7707390472642146e-05,1.0,1.0,2.6433093547821045
2062,12,3237,suppresses_cannot,-7.314980030059814e-05,7.314980030059814e-05,7.314980030059814e-05,1.4177912817103788e-05,0.0,1.0,5.159419059753418
2063,9,7562,supports_cannot,7.31050968170166e-05,7.31050968170166e-05,7.69495964050293e-05,0.00012704789696726948,0.5,0.5,0.5754136443138123
2064,7,5489,supports_cannot,7.306039333343506e-05,7.306039333343506e-05,7.306039333343506e-05,5.963209332549013e-05,1.0,1.0,1.225185751914978
2065,2,14246,supports_cannot,7.268786430358887e-05,7.268786430358887e-05,7.268786430358887e-05,3.8040012441342697e-05,1.0,1.0,1.910826563835144
2066,11,9527,suppresses_cannot,-7.265806198120117e-05,7.265806198120117e-05,7.265806198120117e-05,2.8388960345182568e-05,0.0,1.0,2.5593771934509277
2067,12,12701,supports_cannot,7.262825965881348e-05,7.262825965881348e-05,7.262825965881348e-05,3.312008993816562e-05,1.0,1.0,2.1928763389587402
2068,4,6798,suppresses_cannot,-7.24494457244873e-05,7.24494457244873e-05,7.852911949157715e-05,0.00010868884419323877,0.25,0.75,0.666576623916626
2069,11,12239,suppresses_cannot,-7.237493991851807e-05,7.237493991851807e-05,8.620321750640869e-05,7.959702634252608e-05,0.25,0.75,0.9092668890953064
2070,10,13540,suppresses_cannot,-7.222592830657959e-05,7.222592830657959e-05,7.222592830657959e-05,2.9220151191111654e-05,0.0,1.0,2.471784830093384
2071,12,6150,supports_cannot,7.18533992767334e-05,7.18533992767334e-05,7.18533992767334e-05,3.9485916204284877e-05,1.0,1.0,1.8197221755981445
2072,0,6337,suppresses_cannot,-7.146596908569336e-05,7.146596908569336e-05,7.146596908569336e-05,3.9388771256199107e-05,0.0,1.0,1.8143742084503174
2073,10,1009,suppresses_cannot,-7.145106792449951e-05,7.145106792449951e-05,7.145106792449951e-05,1.2881249858764932e-05,0.0,1.0,5.546904563903809
2074,12,7206,supports_cannot,7.137656211853027e-05,7.137656211853027e-05,7.137656211853027e-05,2.370457696088124e-05,1.0,1.0,3.011087656021118
2075,10,8892,supports_cannot,7.136166095733643e-05,7.136166095733643e-05,7.136166095733643e-05,1.5579995306325145e-05,1.0,1.0,4.580338478088379
2076,8,12139,supports_cannot,7.133185863494873e-05,7.133185863494873e-05,7.133185863494873e-05,0.0001167378795798868,1.0,1.0,0.6110429763793945
2077,3,3214,supports_cannot,7.092952728271484e-05,7.092952728271484e-05,7.092952728271484e-05,4.9407251935917884e-05,1.0,1.0,1.4356096982955933
2078,12,9442,suppresses_cannot,-7.069110870361328e-05,7.069110870361328e-05,7.069110870361328e-05,7.297482807189226e-05,0.0,1.0,0.9687053561210632
2079,11,3677,suppresses_cannot,-7.034838199615479e-05,7.034838199615479e-05,7.034838199615479e-05,1.7262022083741613e-05,0.0,1.0,4.075326442718506
2080,4,11701,suppresses_cannot,-7.009506225585938e-05,7.009506225585938e-05,7.009506225585938e-05,2.803044299071189e-05,0.0,1.0,2.500676155090332
2081,12,14039,suppresses_cannot,-6.996095180511475e-05,6.996095180511475e-05,6.996095180511475e-05,3.594002919271588e-05,0.0,1.0,1.9466025829315186
2082,11,9513,suppresses_cannot,-6.987154483795166e-05,6.987154483795166e-05,6.987154483795166e-05,3.043957804038655e-05,0.0,1.0,2.295417547225952
2083,12,12812,suppresses_cannot,-6.987154483795166e-05,6.987154483795166e-05,6.987154483795166e-05,4.61070412711706e-05,0.0,1.0,1.5154203176498413
2084,2,5499,suppresses_cannot,-6.985664367675781e-05,6.985664367675781e-05,6.985664367675781e-05,3.4482716728234664e-05,0.0,1.0,2.0258450508117676
2085,7,5733,supports_cannot,6.982684135437012e-05,6.982684135437012e-05,6.982684135437012e-05,8.207260543713346e-05,1.0,1.0,0.8507935404777527
2086,9,5195,suppresses_cannot,-6.939470767974854e-05,6.939470767974854e-05,6.939470767974854e-05,0.00011509389878483489,0.0,1.0,0.6029399037361145
2087,9,11959,supports_cannot,6.905198097229004e-05,6.905198097229004e-05,6.905198097229004e-05,2.8026433938066475e-05,1.0,1.0,2.463815927505493
2088,8,4143,suppresses_cannot,-6.905198097229004e-05,6.905198097229004e-05,6.905198097229004e-05,2.0322933778516017e-05,0.0,1.0,3.3977365493774414
2089,5,3155,suppresses_cannot,-6.839632987976074e-05,6.839632987976074e-05,6.893277168273926e-05,9.997279266826808e-05,0.25,0.75,0.684149444103241
2090,10,13152,suppresses_cannot,-6.833672523498535e-05,6.833672523498535e-05,6.833672523498535e-05,2.3869912183727138e-05,0.0,1.0,2.8628811836242676
2091,0,11346,supports_cannot,6.83218240737915e-05,6.83218240737915e-05,6.867945194244385e-05,0.00011761640053009614,0.75,0.75,0.5808869004249573
2092,11,2765,suppresses_cannot,-6.830692291259766e-05,6.830692291259766e-05,6.830692291259766e-05,1.3446297998598311e-05,0.0,1.0,5.079979419708252
2093,3,749,supports_cannot,6.781518459320068e-05,6.781518459320068e-05,6.781518459320068e-05,3.582227509468794e-05,1.0,1.0,1.8931009769439697
2094,11,3394,suppresses_cannot,-6.768107414245605e-05,6.768107414245605e-05,9.363889694213867e-05,7.511290459660813e-05,0.25,0.75,0.9010578989982605
2095,12,999,supports_cannot,6.760656833648682e-05,6.760656833648682e-05,7.294118404388428e-05,5.845224586664699e-05,0.75,0.75,1.1566120386123657
2096,12,6137,suppresses_cannot,-6.757676601409912e-05,6.757676601409912e-05,8.322298526763916e-05,8.047992741921917e-05,0.25,0.75,0.839672327041626
2097,12,10813,supports_cannot,6.747245788574219e-05,6.747245788574219e-05,6.937980651855469e-05,5.2318195230327547e-05,0.75,0.75,1.2896556854248047
2098,11,2824,suppresses_cannot,-6.733834743499756e-05,6.733834743499756e-05,6.733834743499756e-05,3.5806206142297015e-05,0.0,1.0,1.8806333541870117
2099,4,3869,suppresses_cannot,-6.718933582305908e-05,6.718933582305908e-05,6.718933582305908e-05,3.420346911298111e-05,0.0,1.0,1.9644012451171875
2100,3,6399,suppresses_cannot,-6.668269634246826e-05,6.668269634246826e-05,6.790459156036377e-05,0.00011690946121234447,0.75,0.75,0.5703789591789246
2101,12,2565,suppresses_cannot,-6.638467311859131e-05,6.638467311859131e-05,6.638467311859131e-05,2.4954044420155697e-05,0.0,1.0,2.6602768898010254
2102,5,5270,supports_cannot,6.632506847381592e-05,6.632506847381592e-05,6.632506847381592e-05,2.687985761440359e-05,1.0,1.0,2.467463254928589
2103,4,11986,suppresses_cannot,-6.631016731262207e-05,6.631016731262207e-05,6.851553916931152e-05,0.00011413898027967662,0.25,0.75,0.5809598565101624
2104,12,8893,suppresses_cannot,-6.620585918426514e-05,6.620585918426514e-05,6.620585918426514e-05,2.632583891681861e-05,0.0,1.0,2.514862060546875
2105,11,3653,supports_cannot,6.61611557006836e-05,6.61611557006836e-05,7.37905502319336e-05,0.00010081967775477096,0.75,0.75,0.6562325358390808
2106,7,222,supports_cannot,6.61015510559082e-05,6.61015510559082e-05,6.636977195739746e-05,0.00011188313510501757,0.75,0.75,0.5908088684082031
2107,1,12638,suppresses_cannot,-6.608664989471436e-05,6.608664989471436e-05,6.608664989471436e-05,3.077820656471886e-05,0.0,1.0,2.1471898555755615
2108,3,5299,supports_cannot,6.607174873352051e-05,6.607174873352051e-05,6.607174873352051e-05,2.2217205696506426e-05,1.0,1.0,2.9738998413085938
2109,10,7028,suppresses_cannot,-6.586313247680664e-05,6.586313247680664e-05,8.487701416015625e-05,8.80787119967863e-05,0.25,0.75,0.7477758526802063
2110,1,11427,suppresses_cannot,-6.57886266708374e-05,6.57886266708374e-05,6.57886266708374e-05,0.0001128837902797386,0.0,1.0,0.5827996134757996
2111,5,3741,suppresses_cannot,-6.54757022857666e-05,6.54757022857666e-05,6.54757022857666e-05,7.749104406684637e-05,0.0,1.0,0.8449454307556152
2112,5,9142,supports_cannot,6.504356861114502e-05,6.504356861114502e-05,6.504356861114502e-05,9.899021097226068e-05,1.0,1.0,0.6570706963539124
2113,11,12723,supports_cannot,6.496906280517578e-05,6.496906280517578e-05,6.496906280517578e-05,6.502198812086135e-05,1.0,1.0,0.9991860389709473
2114,7,9247,supports_cannot,6.495416164398193e-05,6.495416164398193e-05,6.495416164398193e-05,5.545347084989771e-05,1.0,1.0,1.1713272333145142
2115,11,7150,supports_cannot,6.490945816040039e-05,6.490945816040039e-05,6.490945816040039e-05,2.662860424607061e-05,1.0,1.0,2.4375836849212646
2116,4,2119,supports_cannot,6.434321403503418e-05,6.434321403503418e-05,6.434321403503418e-05,2.4200164261856116e-05,1.0,1.0,2.65879225730896
2117,6,7790,supports_cannot,6.423890590667725e-05,6.423890590667725e-05,6.423890590667725e-05,8.089749462669715e-05,1.0,1.0,0.7940778136253357
2118,4,3655,suppresses_cannot,-6.385147571563721e-05,6.385147571563721e-05,6.51925802230835e-05,0.0001118016880354844,0.5,0.5,0.5711137056350708
2119,6,10980,supports_cannot,6.361305713653564e-05,6.361305713653564e-05,6.361305713653564e-05,2.2674783394904807e-05,1.0,1.0,2.8054535388946533
2120,7,14192,supports_cannot,6.358325481414795e-05,6.358325481414795e-05,0.00010795891284942627,0.00016360808513127267,0.25,0.75,0.3886314928531647
2121,6,6574,supports_cannot,6.35683536529541e-05,6.35683536529541e-05,8.276104927062988e-05,8.946601155912504e-05,0.5,0.5,0.7105307579040527
2122,11,8208,suppresses_cannot,-6.344914436340332e-05,6.344914436340332e-05,9.390711784362793e-05,0.00013093276356812567,0.25,0.75,0.48459333181381226
2123,8,3133,suppresses_cannot,-6.312131881713867e-05,6.312131881713867e-05,6.312131881713867e-05,1.901803807413671e-05,0.0,1.0,3.319023370742798
2124,8,4392,suppresses_cannot,-6.276369094848633e-05,6.276369094848633e-05,7.098913192749023e-05,0.00011824541434179991,0.75,0.75,0.5307917594909668
2125,5,10795,supports_cannot,6.192922592163086e-05,6.192922592163086e-05,6.192922592163086e-05,3.199117782060057e-05,1.0,1.0,1.9358220100402832
2126,8,5144,supports_cannot,6.179511547088623e-05,6.179511547088623e-05,6.179511547088623e-05,7.174386701080948e-05,1.0,1.0,0.8613296151161194
2127,2,138,supports_cannot,6.161630153656006e-05,6.161630153656006e-05,6.161630153656006e-05,3.72061986126937e-05,1.0,1.0,1.656076192855835
2128,4,419,suppresses_cannot,-6.154179573059082e-05,6.154179573059082e-05,6.175041198730469e-05,0.00010158983786823228,0.25,0.75,0.605786919593811
2129,11,11927,supports_cannot,6.140768527984619e-05,6.140768527984619e-05,6.140768527984619e-05,3.392400685697794e-05,1.0,1.0,1.8101541996002197
2130,8,11354,supports_cannot,6.119906902313232e-05,6.119906902313232e-05,6.382167339324951e-05,9.365298319607973e-05,0.75,0.75,0.6534662842750549
2131,2,1601,supports_cannot,6.116926670074463e-05,6.116926670074463e-05,6.116926670074463e-05,5.6430810218444094e-05,1.0,1.0,1.0839693546295166
2132,11,11553,supports_cannot,6.10649585723877e-05,6.10649585723877e-05,6.10649585723877e-05,2.4912264052545652e-05,1.0,1.0,2.451200485229492
2133,1,4798,suppresses_cannot,-6.0945749282836914e-05,6.0945749282836914e-05,6.0945749282836914e-05,1.4900356291036587e-05,0.0,1.0,4.0902204513549805
2134,10,9322,supports_cannot,6.0811638832092285e-05,6.0811638832092285e-05,6.757676601409912e-05,4.8875306674744934e-05,0.75,0.75,1.2442201375961304
2135,5,13418,supports_cannot,6.015598773956299e-05,6.015598773956299e-05,6.015598773956299e-05,2.5304063456133008e-05,1.0,1.0,2.3773250579833984
2136,9,6889,suppresses_cannot,-6.012618541717529e-05,6.012618541717529e-05,7.127225399017334e-05,9.667588892625645e-05,0.5,0.5,0.6219356656074524
2137,11,1797,suppresses_cannot,-5.9992074966430664e-05,5.9992074966430664e-05,5.9992074966430664e-05,4.012403223896399e-05,0.0,1.0,1.4951657056808472
2138,7,4661,suppresses_cannot,-5.994737148284912e-05,5.994737148284912e-05,5.994737148284912e-05,3.080405076616444e-05,0.0,1.0,1.9460872411727905
2139,4,3517,supports_cannot,5.969405174255371e-05,5.969405174255371e-05,6.780028343200684e-05,4.541656016954221e-05,0.75,0.75,1.3143675327301025
2140,10,12506,suppresses_cannot,-5.9470534324645996e-05,5.9470534324645996e-05,5.9470534324645996e-05,3.398960689082742e-05,0.0,1.0,1.7496682405471802
2141,6,5517,supports_cannot,5.9276819229125977e-05,5.9276819229125977e-05,5.9276819229125977e-05,2.33974806178594e-05,1.0,1.0,2.5334699153900146
2142,10,7078,supports_cannot,5.920231342315674e-05,5.920231342315674e-05,5.920231342315674e-05,2.3779428374837153e-05,1.0,1.0,2.4896438121795654
2143,9,815,supports_cannot,5.914270877838135e-05,5.914270877838135e-05,5.967915058135986e-05,7.524092507082969e-05,0.75,0.75,0.7860444188117981
2144,11,10096,supports_cannot,5.8844685554504395e-05,5.8844685554504395e-05,0.00015173852443695068,0.000184983728104271,0.5,0.5,0.31810736656188965
2145,6,8149,suppresses_cannot,-5.882978439331055e-05,5.882978439331055e-05,5.882978439331055e-05,9.845146450970788e-06,0.0,1.0,5.975510597229004
2146,2,8645,suppresses_cannot,-5.829334259033203e-05,5.829334259033203e-05,6.109476089477539e-05,9.8361138952896e-05,0.5,0.5,0.592646062374115
2147,11,6452,supports_cannot,5.7563185691833496e-05,5.7563185691833496e-05,5.7563185691833496e-05,1.8321830793865956e-05,1.0,1.0,3.1417810916900635
2148,7,13458,suppresses_cannot,-5.7563185691833496e-05,5.7563185691833496e-05,5.7563185691833496e-05,1.9205064745619893e-05,0.0,1.0,2.9972915649414062
2149,1,88,supports_cannot,5.741417407989502e-05,5.741417407989502e-05,5.741417407989502e-05,9.448264790989924e-06,1.0,1.0,6.07668924331665
2150,9,7202,suppresses_cannot,-5.7369470596313477e-05,5.7369470596313477e-05,5.7369470596313477e-05,2.477161069691647e-05,0.0,1.0,2.3159360885620117
2151,11,8492,supports_cannot,5.698204040527344e-05,5.698204040527344e-05,5.698204040527344e-05,2.2326375983539037e-05,1.0,1.0,2.552229404449463
2152,10,7206,suppresses_cannot,-5.698204040527344e-05,5.698204040527344e-05,5.698204040527344e-05,2.5576469852239825e-05,0.0,1.0,2.2279086112976074
2153,7,8766,supports_cannot,5.689263343811035e-05,5.689263343811035e-05,5.8323144912719727e-05,9.821471758186817e-05,0.75,0.75,0.5792679190635681
2154,5,8869,suppresses_cannot,-5.677342414855957e-05,5.677342414855957e-05,5.677342414855957e-05,9.077435970539227e-05,0.0,1.0,0.6254345774650574
2155,0,10390,supports_cannot,5.65946102142334e-05,5.65946102142334e-05,5.65946102142334e-05,2.6680569135351107e-05,1.0,1.0,2.12119197845459
2156,8,11879,supports_cannot,5.65648078918457e-05,5.65648078918457e-05,5.8263540267944336e-05,9.486873750574887e-05,0.75,0.75,0.5962428450584412
2157,11,3432,supports_cannot,5.619227886199951e-05,5.619227886199951e-05,5.619227886199951e-05,3.82722464564722e-05,1.0,1.0,1.4682252407073975
2158,9,9571,suppresses_cannot,-5.574524402618408e-05,5.574524402618408e-05,0.00011087954044342041,0.00012303004041314125,0.25,0.75,0.453102707862854
2159,6,12543,supports_cannot,5.5462121963500977e-05,5.5462121963500977e-05,6.008148193359375e-05,5.410530138760805e-05,0.75,0.75,1.02507746219635
2160,4,2577,suppresses_cannot,-5.5417418479919434e-05,5.5417418479919434e-05,5.5417418479919434e-05,1.0430419024487492e-05,0.0,1.0,5.3130574226379395
2161,11,1244,suppresses_cannot,-5.5417418479919434e-05,5.5417418479919434e-05,5.5417418479919434e-05,4.614093268173747e-05,0.0,1.0,1.2010468244552612
2162,11,415,suppresses_cannot,-5.532801151275635e-05,5.532801151275635e-05,5.532801151275635e-05,6.531145481858402e-05,0.0,1.0,0.8471410274505615
2163,8,14144,supports_cannot,5.53131103515625e-05,5.53131103515625e-05,5.53131103515625e-05,1.3472364116751123e-05,1.0,1.0,4.1056718826293945
2164,10,6985,suppresses_cannot,-5.494058132171631e-05,5.494058132171631e-05,5.494058132171631e-05,1.1865245141962077e-05,0.0,1.0,4.630378723144531
2165,7,9629,supports_cannot,5.479156970977783e-05,5.479156970977783e-05,5.479156970977783e-05,2.6734140192274936e-05,1.0,1.0,2.0494980812072754
2166,7,8496,supports_cannot,5.459785461425781e-05,5.459785461425781e-05,5.459785461425781e-05,2.3765403966535814e-05,1.0,1.0,2.2973668575286865
2167,3,1072,suppresses_cannot,-5.4582953453063965e-05,5.4582953453063965e-05,6.686151027679443e-05,4.747085040435195e-05,0.25,0.75,1.1498204469680786
2168,9,2365,supports_cannot,5.409121513366699e-05,5.409121513366699e-05,5.409121513366699e-05,3.189095150446519e-05,1.0,1.0,1.6961305141448975
2169,10,10415,suppresses_cannot,-5.3942203521728516e-05,5.3942203521728516e-05,5.3942203521728516e-05,1.5688821804360487e-05,0.0,1.0,3.4382567405700684
2170,3,6390,suppresses_cannot,-5.3763389587402344e-05,5.3763389587402344e-05,0.00019800662994384766,0.00020293584384489805,0.25,0.75,0.26492801308631897
2171,0,2612,suppresses_cannot,-5.3763389587402344e-05,5.3763389587402344e-05,7.519125938415527e-05,8.167168562067673e-05,0.25,0.75,0.6582867503166199
2172,7,11354,supports_cannot,5.358457565307617e-05,5.358457565307617e-05,5.358457565307617e-05,7.623596320627257e-05,1.0,1.0,0.702877938747406
2173,11,7504,suppresses_cannot,-5.342066287994385e-05,5.342066287994385e-05,6.32256269454956e-05,6.36432523606345e-05,0.5,0.5,0.83937668800354
2174,1,11930,supports_cannot,5.340576171875e-05,5.340576171875e-05,5.340576171875e-05,2.9218042982392944e-05,1.0,1.0,1.8278348445892334
2175,10,43,supports_cannot,5.3122639656066895e-05,5.3122639656066895e-05,5.3122639656066895e-05,5.637883077724837e-05,1.0,1.0,0.9422444105148315
2176,6,12790,suppresses_cannot,-5.301833152770996e-05,5.301833152770996e-05,5.301833152770996e-05,9.900876648316626e-06,0.0,1.0,5.354912281036377
2177,7,3401,supports_cannot,5.2988529205322266e-05,5.2988529205322266e-05,5.701184272766113e-05,9.144334762822837e-05,0.75,0.75,0.5794683694839478
2178,0,11579,supports_cannot,5.294382572174072e-05,5.294382572174072e-05,7.547438144683838e-05,9.39243400353007e-05,0.5,0.5,0.5636858940124512
2179,6,11965,suppresses_cannot,-5.2928924560546875e-05,5.2928924560546875e-05,5.2928924560546875e-05,3.4726879675872624e-05,0.0,1.0,1.5241485834121704
2180,1,2341,suppresses_cannot,-5.285441875457764e-05,5.285441875457764e-05,5.285441875457764e-05,2.2039916075300425e-05,0.0,1.0,2.3981223106384277
2181,0,491,supports_cannot,5.285441875457764e-05,5.285441875457764e-05,8.253753185272217e-05,7.247580651892349e-05,0.75,0.75,0.729269802570343
2182,5,13861,supports_cannot,5.283951759338379e-05,5.283951759338379e-05,7.340312004089355e-05,7.280878344317898e-05,0.75,0.75,0.7257300019264221
2183,11,3343,supports_cannot,5.2794814109802246e-05,5.2794814109802246e-05,5.2794814109802246e-05,5.4430569434771314e-05,1.0,1.0,0.969947874546051
2184,4,9185,supports_cannot,5.269050598144531e-05,5.269050598144531e-05,5.269050598144531e-05,2.460260657244362e-05,1.0,1.0,2.1416633129119873
2185,10,6822,suppresses_cannot,-5.264580249786377e-05,5.264580249786377e-05,5.869567394256592e-05,6.518431473523378e-05,0.25,0.75,0.8076452612876892
2186,10,2188,suppresses_cannot,-5.252659320831299e-05,5.252659320831299e-05,5.252659320831299e-05,7.910299245850183e-06,0.0,1.0,6.640278339385986
2187,5,14076,suppresses_cannot,-5.251169204711914e-05,5.251169204711914e-05,5.7220458984375e-05,9.370719635626301e-05,0.25,0.75,0.5603805780410767
2188,11,2049,supports_cannot,5.2481889724731445e-05,5.2481889724731445e-05,5.2481889724731445e-05,2.2818792785983533e-05,1.0,1.0,2.299941301345825
2189,11,9716,suppresses_cannot,-5.24669885635376e-05,5.24669885635376e-05,5.24669885635376e-05,2.2774333046982065e-05,0.0,1.0,2.303776979446411
2190,10,650,supports_cannot,5.24669885635376e-05,5.24669885635376e-05,5.24669885635376e-05,1.6990323274512775e-05,1.0,1.0,3.0880508422851562
2191,5,7077,suppresses_cannot,-5.245208740234375e-05,5.245208740234375e-05,5.316734313964844e-05,5.025325663154945e-05,0.25,0.75,1.0437549352645874
2192,10,1174,supports_cannot,5.233287811279297e-05,5.233287811279297e-05,5.233287811279297e-05,1.7557234968990088e-05,1.0,1.0,2.980701208114624
2193,6,5680,suppresses_cannot,-5.21540641784668e-05,5.21540641784668e-05,5.283951759338379e-05,8.718952449271455e-05,0.25,0.75,0.5981689095497131
2194,9,2142,suppresses_cannot,-5.2094459533691406e-05,5.2094459533691406e-05,5.2094459533691406e-05,2.877293445635587e-05,0.0,1.0,1.8105367422103882
2195,4,5852,suppresses_cannot,-5.206465721130371e-05,5.206465721130371e-05,5.647540092468262e-05,9.203408990288153e-05,0.25,0.75,0.5657105445861816
2196,6,3888,suppresses_cannot,-5.206465721130371e-05,5.206465721130371e-05,7.137656211853027e-05,5.345002136891708e-05,0.25,0.75,0.9740811586380005
2197,9,10599,supports_cannot,5.188584327697754e-05,5.188584327697754e-05,5.6743621826171875e-05,8.57298873597756e-05,0.75,0.75,0.6052246689796448
2198,11,8612,suppresses_cannot,-5.1856040954589844e-05,5.1856040954589844e-05,5.1856040954589844e-05,1.9394650735193864e-05,0.0,1.0,2.6737287044525146
2199,11,976,supports_cannot,5.1781535148620605e-05,5.1781535148620605e-05,5.1781535148620605e-05,5.384822725318372e-05,1.0,1.0,0.961620032787323
2200,11,4114,suppresses_cannot,-5.170702934265137e-05,5.170702934265137e-05,5.170702934265137e-05,3.1791088986210525e-05,0.0,1.0,1.6264629364013672
2201,2,2214,suppresses_cannot,-5.170702934265137e-05,5.170702934265137e-05,5.27799129486084e-05,9.038821008289233e-05,0.5,0.5,0.5720550417900085
2202,9,7629,suppresses_cannot,-5.1662325859069824e-05,5.1662325859069824e-05,5.1662325859069824e-05,1.8050977814709768e-05,0.0,1.0,2.86202335357666
2203,9,8877,supports_cannot,5.1662325859069824e-05,5.1662325859069824e-05,5.1662325859069824e-05,4.477547554415651e-05,1.0,1.0,1.15380859375
2204,4,332,supports_cannot,5.14984130859375e-05,5.14984130859375e-05,5.14984130859375e-05,7.517160702263936e-05,1.0,1.0,0.685077965259552
2205,1,8061,suppresses_cannot,-5.1409006118774414e-05,5.1409006118774414e-05,6.791949272155762e-05,7.302569429157302e-05,0.25,0.75,0.7039851546287537
2206,10,3769,suppresses_cannot,-5.099177360534668e-05,5.099177360534668e-05,5.099177360534668e-05,2.4674900487298146e-05,0.0,1.0,2.0665440559387207
2207,11,7903,supports_cannot,5.097687244415283e-05,5.097687244415283e-05,5.097687244415283e-05,3.2895295589696616e-05,1.0,1.0,1.5496705770492554
2208,10,5449,suppresses_cannot,-5.091726779937744e-05,5.091726779937744e-05,5.091726779937744e-05,3.37551609845832e-05,0.0,1.0,1.5084291696548462
2209,11,11133,suppresses_cannot,-5.085766315460205e-05,5.085766315460205e-05,5.175173282623291e-05,4.486399484449066e-05,0.25,0.75,1.133596420288086
2210,11,7948,suppresses_cannot,-5.0768256187438965e-05,5.0768256187438965e-05,5.0768256187438965e-05,1.1749553777917754e-05,0.0,1.0,4.320866584777832
2211,11,3328,supports_cannot,5.0708651542663574e-05,5.0708651542663574e-05,5.0708651542663574e-05,2.1257199477986433e-05,1.0,1.0,2.385481119155884
2212,9,3459,suppresses_cannot,-5.0693750381469727e-05,5.0693750381469727e-05,5.0693750381469727e-05,2.3174425223260187e-05,0.0,1.0,2.1874866485595703
2213,7,12988,supports_cannot,5.0693750381469727e-05,5.0693750381469727e-05,5.1021575927734375e-05,7.706931501161307e-05,0.75,0.75,0.6577682495117188
2214,4,9067,supports_cannot,5.0649046897888184e-05,5.0649046897888184e-05,5.0649046897888184e-05,4.5661076001124457e-05,1.0,1.0,1.1092389822006226
2215,10,1918,supports_cannot,5.0649046897888184e-05,5.0649046897888184e-05,0.00010050833225250244,0.00014675321290269494,0.25,0.75,0.3451307415962219
2216,11,10499,supports_cannot,5.0634145736694336e-05,5.0634145736694336e-05,5.0634145736694336e-05,5.153906386112794e-06,1.0,1.0,9.824419021606445
2217,5,1411,supports_cannot,5.0574541091918945e-05,5.0574541091918945e-05,5.0693750381469727e-05,8.385517139686272e-05,0.75,0.75,0.6031177639961243
2218,9,4402,suppresses_cannot,-5.0008296966552734e-05,5.0008296966552734e-05,5.0008296966552734e-05,3.865105099976063e-05,0.0,1.0,1.2938405275344849
2219,10,12591,suppresses_cannot,-4.985928535461426e-05,4.985928535461426e-05,6.896257400512695e-05,8.749069093028083e-05,0.25,0.75,0.569881021976471
2220,11,6404,suppresses_cannot,-4.979968070983887e-05,4.979968070983887e-05,4.979968070983887e-05,2.7149817469762638e-05,0.0,1.0,1.8342546224594116
2221,7,9523,suppresses_cannot,-4.9740076065063477e-05,4.9740076065063477e-05,4.9740076065063477e-05,2.1898462364333682e-05,0.0,1.0,2.271395683288574
2222,6,4125,supports_cannot,4.957616329193115e-05,4.957616329193115e-05,4.957616329193115e-05,2.782982846838422e-05,1.0,1.0,1.7814037799835205
2223,9,7463,supports_cannot,4.9442052841186523e-05,4.9442052841186523e-05,4.9442052841186523e-05,1.2347839401627425e-05,1.0,1.0,4.004105091094971
2224,10,6050,supports_cannot,4.941225051879883e-05,4.941225051879883e-05,4.941225051879883e-05,3.5408495023148134e-05,1.0,1.0,1.395491361618042
2225,9,2069,supports_cannot,4.9248337745666504e-05,4.9248337745666504e-05,4.933774471282959e-05,8.313792204717174e-05,0.75,0.75,0.5923691391944885
2226,11,3600,supports_cannot,4.9233436584472656e-05,4.9233436584472656e-05,4.9233436584472656e-05,2.7288611818221398e-05,1.0,1.0,1.8041750192642212
2227,4,12384,suppresses_cannot,-4.9114227294921875e-05,4.9114227294921875e-05,5.310773849487305e-05,7.87968747317791e-05,0.25,0.75,0.6233017444610596
2228,0,309,suppresses_cannot,-4.902482032775879e-05,4.902482032775879e-05,4.902482032775879e-05,8.714160685485695e-06,0.0,1.0,5.625879287719727
2229,2,5502,suppresses_cannot,-4.8920512199401855e-05,4.8920512199401855e-05,4.8920512199401855e-05,1.6317546396749094e-05,0.0,1.0,2.9980309009552
2230,5,12767,suppresses_cannot,-4.8786401748657227e-05,4.8786401748657227e-05,4.8786401748657227e-05,3.502356048556976e-05,0.0,1.0,1.392959475517273
2231,3,5530,supports_cannot,4.875659942626953e-05,4.875659942626953e-05,4.875659942626953e-05,2.6552012059255503e-05,1.0,1.0,1.8362674713134766
2232,2,4190,suppresses_cannot,-4.8726797103881836e-05,4.8726797103881836e-05,4.8726797103881836e-05,1.723793138808105e-05,0.0,1.0,2.826719284057617
2233,0,11979,suppresses_cannot,-4.8726797103881836e-05,4.8726797103881836e-05,4.8726797103881836e-05,6.801820563850924e-05,0.0,1.0,0.7163787484169006
2234,6,6352,supports_cannot,4.8488378524780273e-05,4.8488378524780273e-05,4.8488378524780273e-05,1.536704985483084e-05,1.0,1.0,3.1553468704223633
2235,1,8823,supports_cannot,4.819035530090332e-05,4.819035530090332e-05,4.819035530090332e-05,3.321547410450876e-05,1.0,1.0,1.4508404731750488
2236,10,4263,suppresses_cannot,-4.814565181732178e-05,4.814565181732178e-05,4.814565181732178e-05,7.224635737657081e-06,0.0,1.0,6.664093017578125
2237,10,10752,supports_cannot,4.814565181732178e-05,4.814565181732178e-05,4.814565181732178e-05,4.237660323269665e-05,1.0,1.0,1.13613760471344
2238,5,8965,suppresses_cannot,-4.7966837882995605e-05,4.7966837882995605e-05,4.92781400680542e-05,5.5114822316681966e-05,0.25,0.75,0.8703073859214783
2239,0,5163,supports_cannot,4.793703556060791e-05,4.793703556060791e-05,4.793703556060791e-05,2.849545853678137e-05,1.0,1.0,1.6822692155838013
2240,9,616,supports_cannot,4.7713518142700195e-05,4.7713518142700195e-05,4.7713518142700195e-05,3.650358848972246e-05,1.0,1.0,1.3070911169052124
2241,5,8473,suppresses_cannot,-4.769861698150635e-05,4.769861698150635e-05,5.2735209465026855e-05,8.243594493251294e-05,0.5,0.5,0.5786142945289612
2242,2,13353,suppresses_cannot,-4.754960536956787e-05,4.754960536956787e-05,4.754960536956787e-05,1.7387419575243257e-05,0.0,1.0,2.734712839126587
2243,0,1698,supports_cannot,4.7534704208374023e-05,4.7534704208374023e-05,4.7534704208374023e-05,3.460986408754252e-05,1.0,1.0,1.373443841934204
2244,10,1483,supports_cannot,4.7400593757629395e-05,4.7400593757629395e-05,4.7400593757629395e-05,2.8900367397000082e-05,1.0,1.0,1.640138030052185
2245,7,4026,supports_cannot,4.738569259643555e-05,4.738569259643555e-05,5.6117773056030273e-05,6.061711610527709e-05,0.75,0.75,0.7817213535308838
2246,10,1082,suppresses_cannot,-4.735589027404785e-05,4.735589027404785e-05,4.735589027404785e-05,2.691968074941542e-05,0.0,1.0,1.7591547966003418
2247,5,12485,suppresses_cannot,-4.7326087951660156e-05,4.7326087951660156e-05,4.7326087951660156e-05,1.7815656974562444e-05,0.0,1.0,2.6564321517944336
2248,3,6864,suppresses_cannot,-4.731118679046631e-05,4.731118679046631e-05,4.731118679046631e-05,5.515020347957034e-06,0.0,1.0,8.578604698181152
2249,9,12986,suppresses_cannot,-4.717707633972168e-05,4.717707633972168e-05,4.717707633972168e-05,3.181767533533275e-05,0.0,1.0,1.4827316999435425
2250,9,161,supports_cannot,4.7072768211364746e-05,4.7072768211364746e-05,4.7072768211364746e-05,4.464223457034677e-05,1.0,1.0,1.054444670677185
2251,0,42,suppresses_cannot,-4.6953558921813965e-05,4.6953558921813965e-05,4.6953558921813965e-05,3.1484807550441474e-05,0.0,1.0,1.4913084506988525
2252,4,2104,supports_cannot,4.6953558921813965e-05,4.6953558921813965e-05,4.6953558921813965e-05,7.65143777243793e-05,1.0,1.0,0.6136566996574402
2253,4,7502,suppresses_cannot,-4.6700239181518555e-05,4.6700239181518555e-05,4.729628562927246e-05,7.912095315987244e-05,0.25,0.75,0.5902385711669922
2254,8,1854,suppresses_cannot,-4.6640634536743164e-05,4.6640634536743164e-05,4.6640634536743164e-05,2.5836345230345614e-05,0.0,1.0,1.805233359336853
2255,7,11225,supports_cannot,4.632771015167236e-05,4.632771015167236e-05,4.868209362030029e-05,2.9918039217591286e-05,0.75,0.75,1.5484874248504639
2256,10,10671,suppresses_cannot,-4.626810550689697e-05,4.626810550689697e-05,4.626810550689697e-05,1.4410424228117336e-05,0.0,1.0,3.21073842048645
2257,3,9762,suppresses_cannot,-4.6253204345703125e-05,4.6253204345703125e-05,4.6253204345703125e-05,2.9959858238726156e-06,0.0,1.0,15.438387870788574
2258,8,7331,suppresses_cannot,-4.617869853973389e-05,4.617869853973389e-05,0.00010608136653900146,9.758919622981921e-05,0.25,0.75,0.47319477796554565
2259,6,12140,suppresses_cannot,-4.60892915725708e-05,4.60892915725708e-05,4.659593105316162e-05,2.8982582080061547e-05,0.25,0.75,1.5902409553527832
2260,10,12035,suppresses_cannot,-4.597008228302002e-05,4.597008228302002e-05,0.00010152161121368408,9.263966785511002e-05,0.25,0.75,0.49622461199760437
2261,4,4988,suppresses_cannot,-4.5940279960632324e-05,4.5940279960632324e-05,4.5940279960632324e-05,1.5163635907811113e-05,0.0,1.0,3.029634714126587
2262,8,9963,suppresses_cannot,-4.57763671875e-05,4.57763671875e-05,4.57763671875e-05,2.3778443392075133e-06,0.0,1.0,19.251197814941406
2263,5,14182,supports_cannot,4.571676254272461e-05,4.571676254272461e-05,4.571676254272461e-05,2.8730644771712832e-05,1.0,1.0,1.591219425201416
2264,0,10673,suppresses_cannot,-4.5433640480041504e-05,4.5433640480041504e-05,4.5433640480041504e-05,2.890132054744754e-05,0.0,1.0,1.5720263719558716
2265,4,8203,suppresses_cannot,-4.5418739318847656e-05,4.5418739318847656e-05,4.5418739318847656e-05,2.7650708943838254e-05,0.0,1.0,1.642588496208191
2266,3,1074,suppresses_cannot,-4.509091377258301e-05,4.509091377258301e-05,4.509091377258301e-05,1.324474396824371e-05,0.0,1.0,3.404438018798828
2267,4,5014,supports_cannot,4.503130912780762e-05,4.503130912780762e-05,4.503130912780762e-05,1.6461379345855676e-05,1.0,1.0,2.7355730533599854
2268,7,10594,suppresses_cannot,-4.4971704483032227e-05,4.4971704483032227e-05,0.00021156668663024902,0.0002940937993116677,0.75,0.75,0.15291619300842285
2269,0,3805,supports_cannot,4.489719867706299e-05,4.489719867706299e-05,4.489719867706299e-05,2.2168254872667603e-05,1.0,1.0,2.025292158126831
2270,7,10932,suppresses_cannot,-4.486739635467529e-05,4.486739635467529e-05,4.486739635467529e-05,7.540927617810667e-05,0.0,1.0,0.5949851274490356
2271,10,9338,supports_cannot,4.482269287109375e-05,4.482269287109375e-05,4.482269287109375e-05,2.687227606656961e-05,1.0,1.0,1.6679900884628296
2272,5,6834,suppresses_cannot,-4.462897777557373e-05,4.462897777557373e-05,0.00012604892253875732,0.00013410579413175583,0.5,0.5,0.3327893316745758
2273,2,12875,supports_cannot,4.4599175453186035e-05,4.4599175453186035e-05,4.713237285614014e-05,7.855648436816409e-05,0.5,0.5,0.5677338242530823
2274,10,853,supports_cannot,4.455447196960449e-05,4.455447196960449e-05,0.00010785460472106934,0.00011521885608090088,0.5,0.5,0.3866942822933197
2275,7,14021,suppresses_cannot,-4.4539570808410645e-05,4.4539570808410645e-05,4.4539570808410645e-05,4.3937587179243565e-05,0.0,1.0,1.0137008428573608
2276,5,13205,suppresses_cannot,-4.45246696472168e-05,4.45246696472168e-05,5.435943603515625e-05,8.81316518643871e-05,0.5,0.5,0.5052063465118408
2277,10,10603,supports_cannot,4.44948673248291e-05,4.44948673248291e-05,4.44948673248291e-05,1.9116394469165243e-05,1.0,1.0,2.327576160430908
2278,7,10827,suppresses_cannot,-4.443526268005371e-05,4.443526268005371e-05,4.443526268005371e-05,1.612999585631769e-05,0.0,1.0,2.754821300506592
2279,9,12650,suppresses_cannot,-4.436075687408447e-05,4.436075687408447e-05,4.436075687408447e-05,1.4771936548640952e-05,0.0,1.0,3.003042459487915
2280,4,9546,supports_cannot,4.431605339050293e-05,4.431605339050293e-05,4.553794860839844e-05,7.49525788705796e-05,0.5,0.5,0.5912545323371887
2281,3,3117,supports_cannot,4.4286251068115234e-05,4.4286251068115234e-05,4.4286251068115234e-05,1.8855851521948352e-05,1.0,1.0,2.3486738204956055
2282,7,14299,suppresses_cannot,-4.41819429397583e-05,4.41819429397583e-05,5.964934825897217e-05,4.7729241487104446e-05,0.25,0.75,0.9256787300109863
2283,9,11726,suppresses_cannot,-4.404783248901367e-05,4.404783248901367e-05,4.404783248901367e-05,2.7894209779333323e-05,0.0,1.0,1.5791029930114746
2284,7,6718,suppresses_cannot,-4.398822784423828e-05,4.398822784423828e-05,4.398822784423828e-05,1.0222761375189293e-05,0.0,1.0,4.302968978881836
2285,7,8236,suppresses_cannot,-4.398822784423828e-05,4.398822784423828e-05,4.398822784423828e-05,1.2154744581494015e-05,0.0,1.0,3.6190168857574463
2286,5,6955,supports_cannot,4.3973326683044434e-05,4.3973326683044434e-05,4.3973326683044434e-05,3.376628956175409e-05,1.0,1.0,1.302284836769104
2287,10,13538,supports_cannot,4.392862319946289e-05,4.392862319946289e-05,4.392862319946289e-05,1.5449622878804803e-05,1.0,1.0,2.8433456420898438
2288,3,10591,supports_cannot,4.391372203826904e-05,4.391372203826904e-05,4.391372203826904e-05,1.5145408724492881e-05,1.0,1.0,2.8994741439819336
2289,10,5237,supports_cannot,4.391372203826904e-05,4.391372203826904e-05,4.597008228302002e-05,4.6962300984887406e-05,0.75,0.75,0.9350845217704773
2290,7,8426,supports_cannot,4.360079765319824e-05,4.360079765319824e-05,5.176663398742676e-05,7.447075768141076e-05,0.5,0.5,0.5854753851890564
2291,2,8872,suppresses_cannot,-4.354119300842285e-05,4.354119300842285e-05,4.354119300842285e-05,3.0005610824446194e-05,0.0,1.0,1.4511016607284546
2292,10,13956,suppresses_cannot,-4.3332576751708984e-05,4.3332576751708984e-05,4.3332576751708984e-05,1.1121578609163407e-05,0.0,1.0,3.896260976791382
2293,7,1638,supports_cannot,4.3138861656188965e-05,4.3138861656188965e-05,4.340708255767822e-05,5.7119668781524524e-05,0.75,0.75,0.7552365660667419
2294,2,41,suppresses_cannot,-4.3004751205444336e-05,4.3004751205444336e-05,4.819035530090332e-05,8.051038457779214e-05,0.75,0.75,0.5341516137123108
2295,9,4889,suppresses_cannot,-4.298985004425049e-05,4.298985004425049e-05,4.298985004425049e-05,3.230182483093813e-05,0.0,1.0,1.3308799266815186
2296,5,2988,supports_cannot,4.297494888305664e-05,4.297494888305664e-05,4.297494888305664e-05,2.2895788788446225e-05,1.0,1.0,1.8769803047180176
2297,6,12809,suppresses_cannot,-4.2811036109924316e-05,4.2811036109924316e-05,4.2811036109924316e-05,1.4070192264625803e-05,0.0,1.0,3.042675733566284
2298,10,7999,suppresses_cannot,-4.278123378753662e-05,4.278123378753662e-05,4.278123378753662e-05,3.083817136939615e-05,0.0,1.0,1.3872817754745483
2299,6,12689,supports_cannot,4.2766332626342773e-05,4.2766332626342773e-05,0.0002506673336029053,0.00028902676422148943,0.75,0.75,0.1479666829109192
2300,9,8332,suppresses_cannot,-4.266202449798584e-05,4.266202449798584e-05,4.266202449798584e-05,2.3880100343376398e-05,0.0,1.0,1.7865092754364014
2301,9,4665,suppresses_cannot,-4.264712333679199e-05,4.264712333679199e-05,4.264712333679199e-05,2.0177139958832413e-05,0.0,1.0,2.113635540008545
2302,4,11010,suppresses_cannot,-4.2572617530822754e-05,4.2572617530822754e-05,4.2572617530822754e-05,2.8777483748854138e-05,0.0,1.0,1.4793723821640015
2303,5,11302,suppresses_cannot,-4.2557716369628906e-05,4.2557716369628906e-05,4.2557716369628906e-05,3.130614277324639e-05,0.0,1.0,1.3594046831130981
2304,8,11948,suppresses_cannot,-4.254281520843506e-05,4.254281520843506e-05,4.254281520843506e-05,5.114315354148857e-05,0.0,1.0,0.8318379521369934
2305,7,11029,suppresses_cannot,-4.252791404724121e-05,4.252791404724121e-05,4.252791404724121e-05,1.8957674910780042e-05,0.0,1.0,2.2433083057403564
2306,2,6626,suppresses_cannot,-4.236400127410889e-05,4.236400127410889e-05,4.531443119049072e-05,7.068976992741227e-05,0.5,0.5,0.5992946624755859
2307,9,5564,suppresses_cannot,-4.2185187339782715e-05,4.2185187339782715e-05,5.917251110076904e-05,9.297022188547999e-05,0.5,0.5,0.4537494480609894
2308,3,7677,suppresses_cannot,-4.217028617858887e-05,4.217028617858887e-05,4.217028617858887e-05,2.3863101887400262e-05,0.0,1.0,1.7671751976013184
2309,8,11590,supports_cannot,4.203617572784424e-05,4.203617572784424e-05,4.3258070945739746e-05,7.252040086314082e-05,0.75,0.75,0.5796462297439575
2310,0,11779,supports_cannot,4.1961669921875e-05,4.1961669921875e-05,4.1961669921875e-05,2.0476645659073256e-05,1.0,1.0,2.0492451190948486
2311,2,7332,suppresses_cannot,-4.194676876068115e-05,4.194676876068115e-05,4.194676876068115e-05,1.8779832316795364e-05,0.0,1.0,2.233607053756714
2312,9,1745,supports_cannot,4.194676876068115e-05,4.194676876068115e-05,4.194676876068115e-05,1.5372012057923712e-05,1.0,1.0,2.7287750244140625
2313,3,11396,supports_cannot,4.1931867599487305e-05,4.1931867599487305e-05,4.1931867599487305e-05,2.513353683752939e-05,1.0,1.0,1.668363094329834
2314,0,10734,suppresses_cannot,-4.182755947113037e-05,4.182755947113037e-05,6.474554538726807e-05,5.462809349410236e-05,0.25,0.75,0.7656785249710083
2315,9,3561,supports_cannot,4.175305366516113e-05,4.175305366516113e-05,4.175305366516113e-05,6.564450450241566e-05,1.0,1.0,0.6360479593276978
2316,7,11957,supports_cannot,4.1738152503967285e-05,4.1738152503967285e-05,4.1738152503967285e-05,1.8277614799444564e-05,1.0,1.0,2.283566474914551
2317,8,10077,suppresses_cannot,-4.16487455368042e-05,4.16487455368042e-05,4.16487455368042e-05,1.6167938156286255e-05,0.0,1.0,2.5760080814361572
2318,3,5157,suppresses_cannot,-4.157423973083496e-05,4.157423973083496e-05,4.270672798156738e-05,7.1346054028254e-05,0.5,0.5,0.5827125310897827
2319,7,2623,suppresses_cannot,-4.155933856964111e-05,4.155933856964111e-05,4.155933856964111e-05,1.212807183037512e-05,0.0,1.0,3.426705837249756
2320,6,13713,supports_cannot,4.1544437408447266e-05,4.1544437408447266e-05,4.1544437408447266e-05,1.0644311259966344e-05,1.0,1.0,3.902970552444458
2321,9,6282,supports_cannot,4.1112303733825684e-05,4.1112303733825684e-05,4.1112303733825684e-05,1.950909245351795e-05,1.0,1.0,2.1073405742645264
2322,5,223,supports_cannot,4.0903687477111816e-05,4.0903687477111816e-05,4.0903687477111816e-05,2.7083551685791463e-05,1.0,1.0,1.5102777481079102
2323,4,8232,supports_cannot,4.081428050994873e-05,4.081428050994873e-05,4.081428050994873e-05,7.479655778297456e-06,1.0,1.0,5.456705093383789
2324,3,6139,supports_cannot,4.0784478187561035e-05,4.0784478187561035e-05,4.4658780097961426e-05,7.164359703892842e-05,0.75,0.75,0.5692690014839172
2325,9,14278,supports_cannot,4.06801700592041e-05,4.06801700592041e-05,4.06801700592041e-05,9.019277968036477e-06,1.0,1.0,4.51035737991333
2326,5,12553,supports_cannot,4.0650367736816406e-05,4.0650367736816406e-05,4.0650367736816406e-05,2.0515561118372716e-05,1.0,1.0,1.981440544128418
2327,0,8833,supports_cannot,4.063546657562256e-05,4.063546657562256e-05,4.063546657562256e-05,6.484314508270472e-05,1.0,1.0,0.6266732811927795
2328,7,9983,supports_cannot,4.060566425323486e-05,4.060566425323486e-05,5.836784839630127e-05,7.764086331008002e-05,0.5,0.5,0.5229934453964233
2329,4,10656,suppresses_cannot,-4.056096076965332e-05,4.056096076965332e-05,4.056096076965332e-05,5.089073601993732e-05,0.0,1.0,0.7970204949378967
2330,9,11839,supports_cannot,4.051625728607178e-05,4.051625728607178e-05,4.051625728607178e-05,2.4531036615371704e-05,1.0,1.0,1.6516324281692505
2331,2,1603,supports_cannot,4.051625728607178e-05,4.051625728607178e-05,4.051625728607178e-05,4.611595795722678e-05,1.0,1.0,0.878573477268219
2332,9,8690,supports_cannot,4.044175148010254e-05,4.044175148010254e-05,4.711747169494629e-05,3.652372834039852e-05,0.75,0.75,1.1072733402252197
2333,4,8207,suppresses_cannot,-4.042685031890869e-05,4.042685031890869e-05,4.042685031890869e-05,1.7417021808796562e-05,0.0,1.0,2.3211112022399902
2334,8,1342,suppresses_cannot,-4.024803638458252e-05,4.024803638458252e-05,4.188716411590576e-05,6.735069473506883e-05,0.25,0.75,0.5975890159606934
2335,9,3990,suppresses_cannot,-4.0158629417419434e-05,4.0158629417419434e-05,4.0158629417419434e-05,3.473284959909506e-05,0.0,1.0,1.1562145948410034
2336,0,9735,suppresses_cannot,-4.011392593383789e-05,4.011392593383789e-05,4.011392593383789e-05,5.979425986879505e-05,0.0,1.0,0.6708658337593079
2337,9,9144,supports_cannot,4.011392593383789e-05,4.011392593383789e-05,4.011392593383789e-05,3.0260644052759744e-05,1.0,1.0,1.3256136178970337
2338,4,850,suppresses_cannot,-4.0084123611450195e-05,4.0084123611450195e-05,4.470348358154297e-05,7.327608182094991e-05,0.25,0.75,0.5470287799835205
2339,9,2050,supports_cannot,3.992021083831787e-05,3.992021083831787e-05,3.992021083831787e-05,1.325539324170677e-05,1.0,1.0,3.011620044708252
2340,9,4090,suppresses_cannot,-3.975629806518555e-05,3.975629806518555e-05,3.975629806518555e-05,1.5596440789522603e-05,0.0,1.0,2.5490620136260986
2341,2,11244,suppresses_cannot,-3.975629806518555e-05,3.975629806518555e-05,4.062056541442871e-05,6.873401434859261e-05,0.5,0.5,0.5784079432487488
2342,6,7569,suppresses_cannot,-3.972649574279785e-05,3.972649574279785e-05,3.972649574279785e-05,2.280407352373004e-05,0.0,1.0,1.7420787811279297
2343,4,576,suppresses_cannot,-3.9711594581604004e-05,3.9711594581604004e-05,3.9711594581604004e-05,1.7806500181904994e-05,0.0,1.0,2.2301738262176514
2344,6,10831,supports_cannot,3.960728645324707e-05,3.960728645324707e-05,4.6193599700927734e-05,5.286146551952697e-05,0.75,0.75,0.7492657899856567
2345,2,1810,suppresses_cannot,-3.950297832489014e-05,3.950297832489014e-05,3.950297832489014e-05,2.1496478439075872e-05,0.0,1.0,1.837648630142212
2346,6,4707,supports_cannot,3.950297832489014e-05,3.950297832489014e-05,4.3079257011413574e-05,4.376041397335939e-05,0.75,0.75,0.9027103185653687
2347,7,4978,supports_cannot,3.948807716369629e-05,3.948807716369629e-05,3.948807716369629e-05,1.8965449271490797e-05,1.0,1.0,2.082105875015259
2348,6,7934,suppresses_cannot,-3.933906555175781e-05,3.933906555175781e-05,3.933906555175781e-05,1.7052814655471593e-05,0.0,1.0,2.3068954944610596
2349,9,2763,supports_cannot,3.9190053939819336e-05,3.9190053939819336e-05,4.360079765319824e-05,4.148244624957442e-05,0.75,0.75,0.9447382688522339
2350,9,392,suppresses_cannot,-3.9130449295043945e-05,3.9130449295043945e-05,3.9130449295043945e-05,3.2836167520144954e-05,0.0,1.0,1.1916874647140503
2351,9,13457,suppresses_cannot,-3.9070844650268555e-05,3.9070844650268555e-05,5.3942203521728516e-05,4.025698217446916e-05,0.25,0.75,0.9705358743667603
2352,7,4436,supports_cannot,3.886222839355469e-05,3.886222839355469e-05,3.886222839355469e-05,7.330523203563644e-06,1.0,1.0,5.301425457000732
2353,9,4658,suppresses_cannot,-3.884732723236084e-05,3.884732723236084e-05,3.884732723236084e-05,1.4478983757726382e-05,0.0,1.0,2.6830146312713623
2354,8,13759,suppresses_cannot,-3.884732723236084e-05,3.884732723236084e-05,3.950297832489014e-05,6.800989649491385e-05,0.5,0.5,0.5712010860443115
2355,7,9046,supports_cannot,3.8817524909973145e-05,3.8817524909973145e-05,4.573166370391846e-05,3.452257442404516e-05,0.75,0.75,1.1244099140167236
2356,2,13831,supports_cannot,3.866851329803467e-05,3.866851329803467e-05,3.866851329803467e-05,1.3072888577880803e-05,1.0,1.0,2.957916259765625
2357,6,5972,suppresses_cannot,-3.860890865325928e-05,3.860890865325928e-05,3.860890865325928e-05,1.3888737157685682e-05,0.0,1.0,2.779871702194214
2358,5,4283,suppresses_cannot,-3.853440284729004e-05,3.853440284729004e-05,3.853440284729004e-05,1.1203493158973288e-05,0.0,1.0,3.4394986629486084
2359,6,588,suppresses_cannot,-3.8504600524902344e-05,3.8504600524902344e-05,3.993511199951172e-05,6.450819637393579e-05,0.5,0.5,0.5968946814537048
2360,7,7466,supports_cannot,3.844499588012695e-05,3.844499588012695e-05,3.9190053939819336e-05,6.666430999757722e-05,0.5,0.5,0.5766953229904175
2361,6,9652,suppresses_cannot,-3.8430094718933105e-05,3.8430094718933105e-05,3.8430094718933105e-05,1.175998113467358e-05,0.0,1.0,3.2678701877593994
2362,5,6220,suppresses_cannot,-3.838539123535156e-05,3.838539123535156e-05,3.838539123535156e-05,1.604356111784e-05,0.0,1.0,2.3925726413726807
2363,7,11252,supports_cannot,3.835558891296387e-05,3.835558891296387e-05,5.5730342864990234e-05,5.186588168726303e-05,0.75,0.75,0.7395148277282715
2364,5,13839,suppresses_cannot,-3.8295984268188477e-05,3.8295984268188477e-05,3.8295984268188477e-05,1.0617785846989136e-05,0.0,1.0,3.606776475906372
2365,8,14281,suppresses_cannot,-3.828108310699463e-05,3.828108310699463e-05,4.704296588897705e-05,7.421601912938058e-05,0.25,0.75,0.5158061981201172
2366,5,13406,suppresses_cannot,-3.822147846221924e-05,3.822147846221924e-05,3.822147846221924e-05,2.8512471544672735e-05,0.0,1.0,1.3405177593231201
2367,4,10072,suppresses_cannot,-3.8057565689086914e-05,3.8057565689086914e-05,3.8057565689086914e-05,1.0032410500571132e-05,0.0,1.0,3.793461322784424
2368,7,3399,suppresses_cannot,-3.802776336669922e-05,3.802776336669922e-05,3.802776336669922e-05,3.285581260570325e-05,0.0,1.0,1.1574136018753052
2369,6,12137,suppresses_cannot,-3.7983059883117676e-05,3.7983059883117676e-05,4.793703556060791e-05,4.754703331855126e-05,0.25,0.75,0.7988523840904236
2370,8,8918,suppresses_cannot,-3.796815872192383e-05,3.796815872192383e-05,3.796815872192383e-05,3.307797305751592e-05,0.0,1.0,1.1478381156921387
2371,9,6850,supports_cannot,3.790855407714844e-05,3.790855407714844e-05,3.790855407714844e-05,5.297441475704545e-06,1.0,1.0,7.156010627746582
2372,2,3328,supports_cannot,3.790855407714844e-05,3.790855407714844e-05,6.216764450073242e-05,9.413999214302748e-05,0.25,0.75,0.4026827812194824
2373,9,7189,supports_cannot,3.78340482711792e-05,3.78340482711792e-05,3.78340482711792e-05,2.0337081878096797e-05,1.0,1.0,1.8603477478027344
2374,7,3720,supports_cannot,3.774464130401611e-05,3.774464130401611e-05,4.60892915725708e-05,3.578298128559254e-05,0.75,0.75,1.0548210144042969
2375,0,1494,supports_cannot,3.771483898162842e-05,3.771483898162842e-05,3.771483898162842e-05,2.4208489776356146e-05,1.0,1.0,1.5579177141189575
2376,2,9808,supports_cannot,3.768503665924072e-05,3.768503665924072e-05,3.768503665924072e-05,3.499514423310757e-05,1.0,1.0,1.0768647193908691
2377,0,8693,suppresses_cannot,-3.7670135498046875e-05,3.7670135498046875e-05,3.7670135498046875e-05,1.623266507522203e-05,0.0,1.0,2.3206374645233154
2378,0,11338,supports_cannot,3.7670135498046875e-05,3.7670135498046875e-05,3.883242607116699e-05,6.54670293442905e-05,0.75,0.75,0.5754061937332153
2379,8,3440,supports_cannot,3.762543201446533e-05,3.762543201446533e-05,3.762543201446533e-05,1.0574775842542294e-05,1.0,1.0,3.5580356121063232
2380,5,9724,supports_cannot,3.758072853088379e-05,3.758072853088379e-05,3.758072853088379e-05,3.970453326473944e-05,1.0,1.0,0.9465097784996033
2381,6,12929,suppresses_cannot,-3.7536025047302246e-05,3.7536025047302246e-05,3.7536025047302246e-05,1.852939385571517e-05,0.0,1.0,2.0257554054260254
2382,4,2388,suppresses_cannot,-3.738701343536377e-05,3.738701343536377e-05,7.66068696975708e-05,6.70539156999439e-05,0.25,0.75,0.5575664639472961
2383,8,11254,supports_cannot,3.7163496017456055e-05,3.7163496017456055e-05,3.7163496017456055e-05,2.0251396563253365e-05,1.0,1.0,1.835107684135437
2384,6,3025,suppresses_cannot,-3.714859485626221e-05,3.714859485626221e-05,3.762543201446533e-05,6.314697384368628e-05,0.25,0.75,0.5882878303527832
2385,1,286,suppresses_cannot,-3.7044286727905273e-05,3.7044286727905273e-05,3.7044286727905273e-05,1.668341974436771e-05,0.0,1.0,2.2204251289367676
2386,2,11154,suppresses_cannot,-3.699958324432373e-05,3.699958324432373e-05,3.699958324432373e-05,1.7051219401764683e-05,0.0,1.0,2.169908046722412
2387,2,2975,supports_cannot,3.68952751159668e-05,3.68952751159668e-05,3.960728645324707e-05,4.2320221837144345e-05,0.75,0.75,0.8718119263648987
2388,5,12196,supports_cannot,3.680586814880371e-05,3.680586814880371e-05,3.680586814880371e-05,8.430265552306082e-06,1.0,1.0,4.365920066833496
2389,3,6147,supports_cannot,3.680586814880371e-05,3.680586814880371e-05,4.044175148010254e-05,6.79978693369776e-05,0.25,0.75,0.5412797331809998
2390,4,9258,suppresses_cannot,-3.679096698760986e-05,3.679096698760986e-05,3.679096698760986e-05,8.862108188623097e-06,0.0,1.0,4.151491165161133
2391,5,1074,suppresses_cannot,-3.674626350402832e-05,3.674626350402832e-05,3.674626350402832e-05,1.0050454875454307e-05,0.0,1.0,3.6561787128448486
2392,8,11499,supports_cannot,3.662705421447754e-05,3.662705421447754e-05,3.662705421447754e-05,6.831625796621665e-06,1.0,1.0,5.361395835876465
2393,6,9776,supports_cannot,3.650784492492676e-05,3.650784492492676e-05,3.650784492492676e-05,8.807431186141912e-06,1.0,1.0,4.14511775970459
2394,5,12083,suppresses_cannot,-3.635883331298828e-05,3.635883331298828e-05,3.635883331298828e-05,2.7157782824360766e-05,0.0,1.0,1.3387997150421143
2395,8,8304,supports_cannot,3.6329030990600586e-05,3.6329030990600586e-05,3.6329030990600586e-05,3.401280628168024e-05,1.0,1.0,1.0680986642837524
2396,3,11398,suppresses_cannot,-3.6329030990600586e-05,3.6329030990600586e-05,3.6329030990600586e-05,1.640170557948295e-05,0.0,1.0,2.214954137802124
2397,0,11154,suppresses_cannot,-3.628432750701904e-05,3.628432750701904e-05,4.522502422332764e-05,3.9479527913499624e-05,0.25,0.75,0.9190669059753418
2398,5,7602,suppresses_cannot,-3.6269426345825195e-05,3.6269426345825195e-05,3.6269426345825195e-05,3.087890218012035e-05,0.0,1.0,1.174569845199585
2399,6,14223,suppresses_cannot,-3.616511821746826e-05,3.616511821746826e-05,5.4195523262023926e-05,8.364856330445036e-05,0.75,0.75,0.4323459565639496
2400,6,13959,supports_cannot,3.612041473388672e-05,3.612041473388672e-05,3.790855407714844e-05,5.0220634875586256e-05,0.75,0.75,0.7192345261573792
2401,7,11484,suppresses_cannot,-3.6090612411499023e-05,3.6090612411499023e-05,3.6090612411499023e-05,1.7728874809108675e-05,0.0,1.0,2.035696506500244
2402,6,13439,suppresses_cannot,-3.6090612411499023e-05,3.6090612411499023e-05,4.741549491882324e-05,4.3524138163775206e-05,0.25,0.75,0.8292091488838196
2403,7,6516,suppresses_cannot,-3.600120544433594e-05,3.600120544433594e-05,3.8176774978637695e-05,4.6687942813150585e-05,0.25,0.75,0.7711028456687927
2404,4,8583,supports_cannot,3.597140312194824e-05,3.597140312194824e-05,3.597140312194824e-05,5.117024193168618e-05,1.0,1.0,0.7029750347137451
2405,7,8668,supports_cannot,3.591179847717285e-05,3.591179847717285e-05,3.591179847717285e-05,1.1617593372648116e-05,1.0,1.0,3.091156244277954
2406,6,13218,supports_cannot,3.586709499359131e-05,3.586709499359131e-05,3.878772258758545e-05,5.7193046814063564e-05,0.75,0.75,0.6271233558654785
2407,5,1224,suppresses_cannot,-3.5822391510009766e-05,3.5822391510009766e-05,3.8951635360717773e-05,6.46366534056142e-05,0.5,0.5,0.5542117357254028
2408,6,8603,supports_cannot,3.5762786865234375e-05,3.5762786865234375e-05,3.5762786865234375e-05,1.9554503523977473e-05,1.0,1.0,1.8288770914077759
2409,2,10709,suppresses_cannot,-3.5762786865234375e-05,3.5762786865234375e-05,3.5762786865234375e-05,2.9923252441221848e-05,0.0,1.0,1.195150375366211
2410,5,3463,suppresses_cannot,-3.567337989807129e-05,3.567337989807129e-05,3.567337989807129e-05,3.819467110588448e-06,0.0,1.0,9.339881896972656
2411,2,7821,suppresses_cannot,-3.565847873687744e-05,3.565847873687744e-05,3.565847873687744e-05,5.9872938436456025e-05,0.0,1.0,0.5955691933631897
2412,5,7072,suppresses_cannot,-3.555417060852051e-05,3.555417060852051e-05,3.847479820251465e-05,6.49565045023337e-05,0.75,0.75,0.5473535060882568
2413,6,9840,suppresses_cannot,-3.553926944732666e-05,3.553926944732666e-05,4.155933856964111e-05,5.850470552104525e-05,0.5,0.5,0.6074600219726562
2414,4,10207,suppresses_cannot,-3.552436828613281e-05,3.552436828613281e-05,3.9637088775634766e-05,5.814915130031295e-05,0.25,0.75,0.6109181046485901
2415,2,11905,supports_cannot,3.546476364135742e-05,3.546476364135742e-05,3.546476364135742e-05,7.824911335774232e-06,1.0,1.0,4.532289028167725
2416,8,3354,suppresses_cannot,-3.5434961318969727e-05,3.5434961318969727e-05,3.5434961318969727e-05,1.4777054275327828e-05,0.0,1.0,2.3979718685150146
2417,7,4751,supports_cannot,3.5390257835388184e-05,3.5390257835388184e-05,6.13480806350708e-05,8.550620987080038e-05,0.5,0.5,0.413891077041626
2418,3,12375,suppresses_cannot,-3.533065319061279e-05,3.533065319061279e-05,3.533065319061279e-05,1.5599025573465042e-05,0.0,1.0,2.2649266719818115
2419,5,9588,supports_cannot,3.533065319061279e-05,3.533065319061279e-05,3.533065319061279e-05,5.609477011603303e-05,1.0,1.0,0.6298386454582214
2420,5,11260,suppresses_cannot,-3.53008508682251e-05,3.53008508682251e-05,3.777444362640381e-05,6.400862184818834e-05,0.5,0.5,0.5515015125274658
2421,8,11790,suppresses_cannot,-3.515183925628662e-05,3.515183925628662e-05,5.428493022918701e-05,4.2938441765727475e-05,0.25,0.75,0.8186566233634949
2422,4,1574,suppresses_cannot,-3.5122036933898926e-05,3.5122036933898926e-05,3.5122036933898926e-05,2.6213387172902003e-05,0.0,1.0,1.3398510217666626
2423,1,3400,suppresses_cannot,-3.5122036933898926e-05,3.5122036933898926e-05,4.647672176361084e-05,3.743419438251294e-05,0.25,0.75,0.9382340908050537
2424,6,14187,supports_cannot,3.5062432289123535e-05,3.5062432289123535e-05,3.5062432289123535e-05,5.658026202581823e-05,1.0,1.0,0.6196936964988708
2425,1,7020,supports_cannot,3.503262996673584e-05,3.503262996673584e-05,3.503262996673584e-05,4.640541010303423e-05,1.0,1.0,0.754925549030304
2426,4,1115,suppresses_cannot,-3.49581241607666e-05,3.49581241607666e-05,3.793835639953613e-05,2.5655264835222624e-05,0.25,0.75,1.362610101699829
2427,8,5640,supports_cannot,3.491342067718506e-05,3.491342067718506e-05,3.491342067718506e-05,2.1349173039197922e-05,1.0,1.0,1.6353522539138794
2428,5,3001,supports_cannot,3.488361835479736e-05,3.488361835479736e-05,3.488361835479736e-05,9.45493684412213e-06,1.0,1.0,3.689460277557373
2429,6,8102,suppresses_cannot,-3.488361835479736e-05,3.488361835479736e-05,3.488361835479736e-05,1.9914346921723336e-05,0.0,1.0,1.7516826391220093
2430,8,8337,supports_cannot,3.485381603240967e-05,3.485381603240967e-05,3.616511821746826e-05,3.389668927411549e-05,0.75,0.75,1.0282366275787354
2431,5,9785,supports_cannot,3.482401371002197e-05,3.482401371002197e-05,3.482401371002197e-05,1.8394932340015657e-05,1.0,1.0,1.8931306600570679
2432,6,11520,suppresses_cannot,-3.4809112548828125e-05,3.4809112548828125e-05,3.847479820251465e-05,5.807904381072149e-05,0.25,0.75,0.5993403196334839
2433,4,10516,suppresses_cannot,-3.4689903259277344e-05,3.4689903259277344e-05,3.4689903259277344e-05,2.2275915398495272e-05,0.0,1.0,1.55728280544281
2434,5,12374,suppresses_cannot,-3.457069396972656e-05,3.457069396972656e-05,3.457069396972656e-05,1.6566178601351567e-05,0.0,1.0,2.0868234634399414
2435,6,9453,supports_cannot,3.454089164733887e-05,3.454089164733887e-05,3.454089164733887e-05,3.475212724879384e-05,1.0,1.0,0.9939216375350952
2436,4,6132,suppresses_cannot,-3.4332275390625e-05,3.4332275390625e-05,3.573298454284668e-05,5.887763836653903e-05,0.25,0.75,0.5831122994422913
2437,6,12257,supports_cannot,3.425776958465576e-05,3.425776958465576e-05,3.425776958465576e-05,2.7462006983114406e-05,1.0,1.0,1.2474604845046997
2438,4,7789,suppresses_cannot,-3.4183263778686523e-05,3.4183263778686523e-05,3.534555435180664e-05,2.445423524477519e-05,0.25,0.75,1.3978462219238281
2439,6,3820,suppresses_cannot,-3.4168362617492676e-05,3.4168362617492676e-05,3.9711594581604004e-05,6.492107786471024e-05,0.5,0.5,0.52630615234375
2440,8,8277,supports_cannot,3.413856029510498e-05,3.413856029510498e-05,8.894503116607666e-05,0.00011067365994676948,0.75,0.75,0.3084614872932434
2441,5,11491,supports_cannot,3.394484519958496e-05,3.394484519958496e-05,6.0617923736572266e-05,6.222069350769743e-05,0.75,0.75,0.5455555319786072
2442,3,1349,suppresses_cannot,-3.3915042877197266e-05,3.3915042877197266e-05,3.3915042877197266e-05,5.262820195639506e-05,0.0,1.0,0.6444271802902222
2443,2,14211,suppresses_cannot,-3.390014171600342e-05,3.390014171600342e-05,5.398690700531006e-05,5.418300497694872e-05,0.5,0.5,0.6256600618362427
2444,4,379,supports_cannot,3.384053707122803e-05,3.384053707122803e-05,3.384053707122803e-05,1.6590734958299436e-05,1.0,1.0,2.039724826812744
2445,0,3239,suppresses_cannot,-3.384053707122803e-05,3.384053707122803e-05,4.006922245025635e-05,6.594522710656747e-05,0.75,0.75,0.513161301612854
2446,8,9622,suppresses_cannot,-3.3795833587646484e-05,3.3795833587646484e-05,3.3795833587646484e-05,2.1573958292719908e-05,0.0,1.0,1.5665104389190674
2447,5,4176,supports_cannot,3.36766242980957e-05,3.36766242980957e-05,3.36766242980957e-05,1.1272135452600196e-05,1.0,1.0,2.9875991344451904
2448,8,12210,suppresses_cannot,-3.3661723136901855e-05,3.3661723136901855e-05,3.3661723136901855e-05,5.424738901638193e-06,0.0,1.0,6.205223560333252
2449,6,11682,supports_cannot,3.355741500854492e-05,3.355741500854492e-05,3.355741500854492e-05,1.2466992302506696e-05,1.0,1.0,2.6917006969451904
2450,8,10121,suppresses_cannot,-3.349781036376953e-05,3.349781036376953e-05,3.349781036376953e-05,3.403839946258813e-05,0.0,1.0,0.9841182827949524
2451,1,13542,suppresses_cannot,-3.342330455780029e-05,3.342330455780029e-05,3.342330455780029e-05,4.117473872611299e-05,0.0,1.0,0.8117429614067078
2452,8,6444,supports_cannot,3.342330455780029e-05,3.342330455780029e-05,3.342330455780029e-05,2.222939110652078e-05,1.0,1.0,1.5035635232925415
2453,2,4175,supports_cannot,3.3408403396606445e-05,3.3408403396606445e-05,3.3408403396606445e-05,1.5135678040678613e-05,1.0,1.0,2.207261562347412
2454,8,14300,supports_cannot,3.3408403396606445e-05,3.3408403396606445e-05,4.488229751586914e-05,6.979811587370932e-05,0.5,0.5,0.4786433279514313
2455,8,3350,suppresses_cannot,-3.3274292945861816e-05,3.3274292945861816e-05,3.470480442047119e-05,5.782879816251807e-05,0.5,0.5,0.5753931403160095
2456,6,12108,suppresses_cannot,-3.316998481750488e-05,3.316998481750488e-05,3.701448440551758e-05,5.111461359774694e-05,0.25,0.75,0.648933470249176
2457,6,5111,supports_cannot,3.3020973205566406e-05,3.3020973205566406e-05,3.49879264831543e-05,5.591201625065878e-05,0.75,0.75,0.5905881524085999
2458,1,6226,supports_cannot,3.293156623840332e-05,3.293156623840332e-05,3.293156623840332e-05,3.171931894030422e-05,1.0,1.0,1.0382179021835327
2459,5,2574,suppresses_cannot,-3.2901763916015625e-05,3.2901763916015625e-05,3.2901763916015625e-05,9.285994565289002e-06,0.0,1.0,3.5431594848632812
2460,0,12201,suppresses_cannot,-3.2901763916015625e-05,3.2901763916015625e-05,3.2901763916015625e-05,2.2587015337194316e-05,0.0,1.0,1.4566670656204224
2461,3,6663,supports_cannot,3.287196159362793e-05,3.287196159362793e-05,3.758072853088379e-05,3.57253520633094e-05,0.75,0.75,0.9201298356056213
2462,2,13093,supports_cannot,3.281235694885254e-05,3.281235694885254e-05,3.281235694885254e-05,9.707371646072716e-06,1.0,1.0,3.38014817237854
2463,6,14332,supports_cannot,3.2767653465270996e-05,3.2767653465270996e-05,3.2767653465270996e-05,4.897796316072345e-05,1.0,1.0,0.6690285205841064
2464,6,4966,suppresses_cannot,-3.2767653465270996e-05,3.2767653465270996e-05,5.410611629486084e-05,7.307709893211722e-05,0.5,0.5,0.4483983814716339
2465,5,6332,supports_cannot,3.2708048820495605e-05,3.2708048820495605e-05,3.2708048820495605e-05,1.551647437736392e-05,1.0,1.0,2.1079559326171875
2466,2,2882,suppresses_cannot,-3.266334533691406e-05,3.266334533691406e-05,3.266334533691406e-05,1.0493718946236186e-05,0.0,1.0,3.112656593322754
2467,5,217,suppresses_cannot,-3.236532211303711e-05,3.236532211303711e-05,3.236532211303711e-05,3.075276254094206e-06,0.0,1.0,10.524359703063965
2468,5,851,suppresses_cannot,-3.236532211303711e-05,3.236532211303711e-05,3.2573938369750977e-05,5.097293251310475e-05,0.25,0.75,0.6349511742591858
2469,5,3761,supports_cannot,3.203749656677246e-05,3.203749656677246e-05,3.203749656677246e-05,1.9396093193790875e-05,1.0,1.0,1.651749849319458
2470,2,10953,supports_cannot,3.184378147125244e-05,3.184378147125244e-05,3.202259540557861e-05,3.281408498878591e-05,0.75,0.75,0.9704302549362183
2471,3,3920,supports_cannot,3.1813979148864746e-05,3.1813979148864746e-05,3.1813979148864746e-05,1.834106478781905e-05,1.0,1.0,1.7345762252807617
2472,5,2845,supports_cannot,3.170967102050781e-05,3.170967102050781e-05,3.170967102050781e-05,1.602350857865531e-05,1.0,1.0,1.978946566581726
2473,3,5091,supports_cannot,3.160536289215088e-05,3.160536289215088e-05,3.249943256378174e-05,5.008716834709048e-05,0.75,0.75,0.631007194519043
2474,0,4502,supports_cannot,3.142654895782471e-05,3.142654895782471e-05,3.142654895782471e-05,5.025022255722433e-05,1.0,1.0,0.6254011988639832
2475,3,13603,suppresses_cannot,-3.1307339668273926e-05,3.1307339668273926e-05,3.1307339668273926e-05,1.4246405953599606e-05,0.0,1.0,2.1975603103637695
2476,0,5290,supports_cannot,3.11732292175293e-05,3.11732292175293e-05,3.11732292175293e-05,9.61585647019092e-06,1.0,1.0,3.241856336593628
2477,2,4453,supports_cannot,3.106892108917236e-05,3.106892108917236e-05,3.106892108917236e-05,5.2168765250826254e-05,0.75,0.75,0.5955464243888855
2478,0,10357,suppresses_cannot,-3.08305025100708e-05,3.08305025100708e-05,3.08305025100708e-05,1.3071869034320116e-05,0.0,1.0,2.3585381507873535
2479,0,6029,suppresses_cannot,-3.0621886253356934e-05,3.0621886253356934e-05,3.0621886253356934e-05,2.7256317480350845e-05,0.0,1.0,1.1234784126281738
2480,3,2866,suppresses_cannot,-3.0547380447387695e-05,3.0547380447387695e-05,3.0547380447387695e-05,6.910605407028925e-06,0.0,1.0,4.4203619956970215
2481,3,4209,suppresses_cannot,-3.0219554901123047e-05,3.0219554901123047e-05,3.0219554901123047e-05,4.30083746323362e-05,0.0,1.0,0.7026435136795044
2482,0,11921,suppresses_cannot,-3.0115246772766113e-05,3.0115246772766113e-05,3.0115246772766113e-05,2.4591101464466192e-05,0.0,1.0,1.224639892578125
2483,1,12434,supports_cannot,3.0040740966796875e-05,3.0040740966796875e-05,3.0040740966796875e-05,2.6765404982143082e-05,1.0,1.0,1.1223719120025635
2484,3,10654,suppresses_cannot,-3.0040740966796875e-05,3.0040740966796875e-05,3.0040740966796875e-05,9.709796358947642e-06,0.0,1.0,3.0938587188720703
2485,3,11453,supports_cannot,2.981722354888916e-05,2.981722354888916e-05,2.981722354888916e-05,2.9202759833424352e-05,1.0,1.0,1.0210412740707397
2486,1,12767,suppresses_cannot,-2.9653310775756836e-05,2.9653310775756836e-05,2.9653310775756836e-05,1.995796810660977e-05,0.0,1.0,1.4857878684997559
2487,2,1499,supports_cannot,2.9549002647399902e-05,2.9549002647399902e-05,2.9549002647399902e-05,2.2559368517249823e-05,1.0,1.0,1.3098328113555908
2488,3,12225,supports_cannot,2.917647361755371e-05,2.917647361755371e-05,2.917647361755371e-05,1.3642987141793128e-05,1.0,1.0,2.1385691165924072
2489,0,2670,supports_cannot,2.9131770133972168e-05,2.9131770133972168e-05,2.975761890411377e-05,5.094318839837797e-05,0.5,0.5,0.5718482136726379
2490,1,4634,supports_cannot,2.9101967811584473e-05,2.9101967811584473e-05,2.9101967811584473e-05,6.917397513461765e-06,1.0,1.0,4.20706844329834
2491,3,5296,suppresses_cannot,-2.9072165489196777e-05,2.9072165489196777e-05,3.071129322052002e-05,4.805658318218775e-05,0.5,0.5,0.6049569845199585
2492,3,2565,supports_cannot,2.9042363166809082e-05,2.9042363166809082e-05,3.3721327781677246e-05,5.576662442763336e-05,0.25,0.75,0.5207839608192444
2493,0,12221,suppresses_cannot,-2.89231538772583e-05,2.89231538772583e-05,2.89231538772583e-05,8.924029316403903e-06,0.0,1.0,3.241041660308838
2494,1,2158,supports_cannot,2.874433994293213e-05,2.874433994293213e-05,3.363192081451416e-05,5.4037609515944496e-05,0.5,0.5,0.5319321155548096
2495,0,3892,supports_cannot,2.866983413696289e-05,2.866983413696289e-05,2.866983413696289e-05,1.707738010736648e-05,1.0,1.0,1.6788190603256226
2496,1,6476,supports_cannot,2.8535723686218262e-05,2.8535723686218262e-05,2.8565526008605957e-05,4.131712194066495e-05,0.75,0.75,0.6906512975692749
2497,2,9546,suppresses_cannot,-2.8505921363830566e-05,2.8505921363830566e-05,2.8505921363830566e-05,1.972775862668641e-05,0.0,1.0,1.44496488571167
2498,0,13744,suppresses_cannot,-2.8342008590698242e-05,2.8342008590698242e-05,2.8342008590698242e-05,1.6041651178966276e-05,0.0,1.0,1.7667760848999023
2499,2,7575,suppresses_cannot,-2.8207898139953613e-05,2.8207898139953613e-05,2.9459595680236816e-05,5.030572719988413e-05,0.75,0.75,0.5607293844223022
2500,0,7182,supports_cannot,2.8192996978759766e-05,2.8192996978759766e-05,3.343820571899414e-05,2.413535548839718e-05,0.75,0.75,1.1681201457977295
2501,3,7797,supports_cannot,2.810359001159668e-05,2.810359001159668e-05,2.810359001159668e-05,2.2989646822679788e-05,1.0,1.0,1.2224453687667847
2502,1,8979,supports_cannot,2.8014183044433594e-05,2.8014183044433594e-05,2.8014183044433594e-05,1.4951560842746403e-05,1.0,1.0,1.8736627101898193
2503,2,5308,supports_cannot,2.777576446533203e-05,2.777576446533203e-05,2.777576446533203e-05,8.167250598489773e-06,1.0,1.0,3.4008705615997314
2504,3,10109,supports_cannot,2.7745962142944336e-05,2.7745962142944336e-05,4.06801700592041e-05,3.869866850436665e-05,0.75,0.75,0.7169746160507202
2505,3,12958,supports_cannot,2.7492642402648926e-05,2.7492642402648926e-05,2.7492642402648926e-05,1.4874158296152018e-05,1.0,1.0,1.8483493328094482
2506,0,1664,supports_cannot,2.7447938919067383e-05,2.7447938919067383e-05,2.7447938919067383e-05,4.549356526695192e-05,0.75,0.75,0.603336751461029
2507,0,9187,supports_cannot,2.728402614593506e-05,2.728402614593506e-05,2.728402614593506e-05,3.907714017259423e-06,1.0,1.0,6.982092380523682
2508,2,9667,suppresses_cannot,-2.7254223823547363e-05,2.7254223823547363e-05,2.7254223823547363e-05,1.814495954022277e-05,0.0,1.0,1.502027153968811
2509,2,13146,suppresses_cannot,-2.703070640563965e-05,2.703070640563965e-05,2.703070640563965e-05,3.7895852074143477e-06,0.0,1.0,7.132891654968262
2510,2,9652,suppresses_cannot,-2.6866793632507324e-05,2.6866793632507324e-05,2.6866793632507324e-05,1.426048947905656e-05,0.0,1.0,1.8840020895004272
2511,0,2234,supports_cannot,2.6807188987731934e-05,2.6807188987731934e-05,2.6807188987731934e-05,1.2021266229567118e-05,1.0,1.0,2.229980230331421
2512,1,5760,suppresses_cannot,-2.6807188987731934e-05,2.6807188987731934e-05,2.6807188987731934e-05,1.2774346032529138e-05,0.0,1.0,2.098517417907715
2513,3,13673,suppresses_cannot,-2.6807188987731934e-05,2.6807188987731934e-05,2.6807188987731934e-05,9.7144938990823e-06,0.0,1.0,2.7595040798187256
2514,0,10291,suppresses_cannot,-2.6717782020568848e-05,2.6717782020568848e-05,2.6717782020568848e-05,2.385248626524117e-05,0.0,1.0,1.1201255321502686
2515,0,10585,supports_cannot,2.658367156982422e-05,2.658367156982422e-05,2.849102020263672e-05,1.9781693481490947e-05,0.75,0.75,1.3438520431518555
2516,2,2074,suppresses_cannot,-2.658367156982422e-05,2.658367156982422e-05,3.0100345611572266e-05,4.1549930756445974e-05,0.25,0.75,0.6398006081581116
2517,3,5205,suppresses_cannot,-2.6553869247436523e-05,2.6553869247436523e-05,2.6732683181762695e-05,2.976905852847267e-05,0.25,0.75,0.8919955492019653
2518,0,10282,supports_cannot,2.6538968086242676e-05,2.6538968086242676e-05,2.6538968086242676e-05,8.985623026092071e-06,1.0,1.0,2.9534919261932373
2519,2,8367,suppresses_cannot,-2.6434659957885742e-05,2.6434659957885742e-05,2.6434659957885742e-05,4.23874507760047e-06,0.0,1.0,6.236433982849121
2520,1,7843,suppresses_cannot,-2.637505531311035e-05,2.637505531311035e-05,2.637505531311035e-05,1.9034587239730172e-05,0.0,1.0,1.3856382369995117
2521,1,8171,supports_cannot,2.633035182952881e-05,2.633035182952881e-05,2.633035182952881e-05,1.1783898116846103e-05,1.0,1.0,2.2344346046447754
2522,3,5058,suppresses_cannot,-2.6181340217590332e-05,2.6181340217590332e-05,3.139674663543701e-05,4.425847146194428e-05,0.5,0.5,0.5915554761886597
2523,1,8714,suppresses_cannot,-2.6151537895202637e-05,2.6151537895202637e-05,2.6151537895202637e-05,1.7253067198907956e-05,0.0,1.0,1.5157614946365356
2524,3,10951,suppresses_cannot,-2.588331699371338e-05,2.588331699371338e-05,2.925097942352295e-05,4.7181987611111253e-05,0.5,0.5,0.5485846996307373
2525,2,10405,supports_cannot,2.5719404220581055e-05,2.5719404220581055e-05,3.75211238861084e-05,2.9951097531011328e-05,0.75,0.75,0.8587132096290588
2526,3,11569,suppresses_cannot,-2.54213809967041e-05,2.54213809967041e-05,2.54213809967041e-05,1.4107708921073936e-05,0.0,1.0,1.8019495010375977
2527,3,7354,suppresses_cannot,-2.537667751312256e-05,2.537667751312256e-05,3.357231616973877e-05,5.3538449719781056e-05,0.75,0.75,0.4739897847175598
2528,3,5377,supports_cannot,2.5033950805664062e-05,2.5033950805664062e-05,2.580881118774414e-05,3.689823643071577e-05,0.75,0.75,0.6784592866897583
2529,2,8252,suppresses_cannot,-2.4780631065368652e-05,2.4780631065368652e-05,2.4780631065368652e-05,9.215172212861944e-06,0.0,1.0,2.6891119480133057
2530,3,1342,suppresses_cannot,-2.4750828742980957e-05,2.4750828742980957e-05,2.4750828742980957e-05,3.0810308089712635e-05,0.0,1.0,0.8033294677734375
2531,3,9217,supports_cannot,2.4646520614624023e-05,2.4646520614624023e-05,2.4646520614624023e-05,7.029874723230023e-06,1.0,1.0,3.5059683322906494
2532,2,12849,supports_cannot,2.4631619453430176e-05,2.4631619453430176e-05,2.555549144744873e-05,4.315599289839156e-05,0.5,0.5,0.5707578063011169
2533,1,5083,supports_cannot,2.4437904357910156e-05,2.4437904357910156e-05,2.4437904357910156e-05,1.546823841636069e-05,1.0,1.0,1.579876184463501
2534,3,12241,supports_cannot,2.4273991584777832e-05,2.4273991584777832e-05,2.4273991584777832e-05,1.397715459461324e-05,1.0,1.0,1.7366904020309448
2535,1,4535,supports_cannot,2.3871660232543945e-05,2.3871660232543945e-05,2.3871660232543945e-05,1.0716452379710972e-05,1.0,1.0,2.2275710105895996
2536,1,8010,suppresses_cannot,-2.3737549781799316e-05,2.3737549781799316e-05,3.14563512802124e-05,2.511012826289516e-05,0.25,0.75,0.9453375935554504
2537,1,11022,suppresses_cannot,-2.3663043975830078e-05,2.3663043975830078e-05,2.6464462280273438e-05,4.422556230565533e-05,0.75,0.75,0.535053551197052
2538,1,13817,suppresses_cannot,-2.3439526557922363e-05,2.3439526557922363e-05,2.3439526557922363e-05,1.1751821148209274e-05,0.0,1.0,1.9945440292358398
2539,1,6805,supports_cannot,2.333521842956543e-05,2.333521842956543e-05,2.6404857635498047e-05,4.3328898755135015e-05,0.75,0.75,0.538560152053833
2540,1,12825,supports_cannot,2.327561378479004e-05,2.327561378479004e-05,2.339482307434082e-05,2.601879350550007e-05,0.75,0.75,0.8945692181587219
2541,1,3049,supports_cannot,2.3186206817626953e-05,2.3186206817626953e-05,2.3186206817626953e-05,8.586275725974701e-06,1.0,1.0,2.7003796100616455
2542,1,5561,supports_cannot,2.2932887077331543e-05,2.2932887077331543e-05,2.2932887077331543e-05,4.149565484112827e-06,1.0,1.0,5.52657413482666
2543,1,3500,supports_cannot,2.2917985916137695e-05,2.2917985916137695e-05,2.810359001159668e-05,2.3308026356971823e-05,0.75,0.75,0.98326575756073
2544,1,9514,supports_cannot,2.2798776626586914e-05,2.2798776626586914e-05,2.4020671844482422e-05,3.7902191252214834e-05,0.5,0.5,0.60151606798172
2545,1,7650,suppresses_cannot,-2.2664666175842285e-05,2.2664666175842285e-05,2.2664666175842285e-05,5.900765700062038e-06,0.0,1.0,3.8409698009490967
2546,1,8776,suppresses_cannot,-2.2426247596740723e-05,2.2426247596740723e-05,2.2426247596740723e-05,9.518506885797251e-06,0.0,1.0,2.356067657470703
2547,1,3739,supports_cannot,2.232193946838379e-05,2.232193946838379e-05,2.232193946838379e-05,1.2047549716953654e-05,1.0,1.0,1.8528196811676025
2548,1,6746,suppresses_cannot,-2.187490463256836e-05,2.187490463256836e-05,5.310773849487305e-05,7.061121868900955e-05,0.25,0.75,0.309793621301651
2549,1,799,supports_cannot,2.181529998779297e-05,2.181529998779297e-05,2.512335777282715e-05,3.0090222935541533e-05,0.75,0.75,0.7249962687492371
2550,1,5894,supports_cannot,2.156198024749756e-05,2.156198024749756e-05,2.156198024749756e-05,3.319281631775084e-06,1.0,1.0,6.495975971221924
2551,1,13868,suppresses_cannot,-2.1532177925109863e-05,2.1532177925109863e-05,2.1532177925109863e-05,1.2558301932585891e-05,0.0,1.0,1.714577078819275
2552,1,12697,suppresses_cannot,-2.12937593460083e-05,2.12937593460083e-05,2.1412968635559082e-05,1.2947753930347972e-05,0.25,0.75,1.6445908546447754
2553,1,6288,suppresses_cannot,-2.0951032638549805e-05,2.0951032638549805e-05,2.0951032638549805e-05,1.4384954738488887e-05,0.0,1.0,1.4564543962478638
2554,1,1947,supports_cannot,2.0831823348999023e-05,2.0831823348999023e-05,2.0831823348999023e-05,1.4121050298854243e-05,1.0,1.0,1.4752317667007446
2555,1,2081,supports_cannot,2.0518898963928223e-05,2.0518898963928223e-05,2.1055340766906738e-05,2.059339931292925e-05,0.75,0.75,0.9963822364807129
2556,1,3249,supports_cannot,2.0131468772888184e-05,2.0131468772888184e-05,2.0131468772888184e-05,5.084310487291077e-06,1.0,1.0,3.959527015686035
