rank,layer,neuron,direction,mean_g,abs_mean_g,mean_abs_g,std_g,positive_fraction,sign_consistency
1,31,4302,supports_refusal,0.2821728587150574,0.2821728587150574,0.2821728587150574,0.07649945467710495,1.0,1.0
2,27,8140,supports_refusal,0.20774413645267487,0.20774413645267487,0.20774413645267487,0.07655547559261322,1.0,1.0
3,31,2398,supports_refusal,0.17915023863315582,0.17915023863315582,0.18006332218647003,0.0671619176864624,0.9800000190734863,0.9800000190734863
4,31,1209,supports_refusal,0.17031845450401306,0.17031845450401306,0.17100967466831207,0.04893452674150467,0.9850000143051147,0.9850000143051147
5,13,4208,suppresses_refusal,-0.16730286180973053,0.16730286180973053,0.1977386474609375,0.17926019430160522,0.13500000536441803,0.8650000095367432
6,30,14130,supports_refusal,0.15618889033794403,0.15618889033794403,0.15646019577980042,0.0693797916173935,0.9800000190734863,0.9800000190734863
7,30,13607,supports_refusal,0.15413695573806763,0.15413695573806763,0.1547814905643463,0.05104290693998337,0.9950000047683716,0.9950000047683716
8,26,2407,supports_refusal,0.1522187739610672,0.1522187739610672,0.1522187739610672,0.06544029712677002,1.0,1.0
9,31,2743,supports_refusal,0.15191105008125305,0.15191105008125305,0.15208309888839722,0.05971908941864967,0.9850000143051147,0.9850000143051147
10,29,4655,supports_refusal,0.1495491862297058,0.1495491862297058,0.15045371651649475,0.09275880455970764,0.9800000190734863,0.9800000190734863
11,29,4145,suppresses_refusal,-0.13938842713832855,0.13938842713832855,0.13938842713832855,0.020542560145258904,0.0,1.0
12,29,11082,suppresses_refusal,-0.13074706494808197,0.13074706494808197,0.13216309249401093,0.032375916838645935,0.009999999776482582,0.9900000095367432
13,29,6857,supports_refusal,0.11473869532346725,0.11473869532346725,0.11498314142227173,0.044380880892276764,0.9850000143051147,0.9850000143051147
14,26,8200,suppresses_refusal,-0.10801345854997635,0.10801345854997635,0.10852371156215668,0.041682541370391846,0.009999999776482582,0.9900000095367432
15,9,4255,suppresses_refusal,-0.10559830069541931,0.10559830069541931,0.111688993871212,0.08441466838121414,0.054999999701976776,0.9449999928474426
16,30,10879,suppresses_refusal,-0.10387666523456573,0.10387666523456573,0.10415742546319962,0.03846209868788719,0.004999999888241291,0.9950000047683716
17,30,7545,supports_refusal,0.09963653236627579,0.09963653236627579,0.09963653236627579,0.050575993955135345,1.0,1.0
18,29,12010,suppresses_refusal,-0.09602294862270355,0.09602294862270355,0.11319702118635178,0.10485552996397018,0.17000000178813934,0.8299999833106995
19,30,1171,suppresses_refusal,-0.09522479772567749,0.09522479772567749,0.0954502522945404,0.040800318121910095,0.009999999776482582,0.9900000095367432
20,30,12387,suppresses_refusal,-0.0927906408905983,0.0927906408905983,0.0927906408905983,0.04552852734923363,0.0,1.0
21,31,9936,supports_refusal,0.09238666296005249,0.09238666296005249,0.10127715766429901,0.09416802227497101,0.8650000095367432,0.8650000095367432
22,31,5593,suppresses_refusal,-0.08972392976284027,0.08972392976284027,0.08973774313926697,0.050488926470279694,0.004999999888241291,0.9950000047683716
23,31,12606,supports_refusal,0.0844949334859848,0.0844949334859848,0.0844949334859848,0.042070552706718445,1.0,1.0
24,12,13860,suppresses_refusal,-0.08135329931974411,0.08135329931974411,0.09791824221611023,0.09053084254264832,0.18000000715255737,0.8199999928474426
25,26,1089,suppresses_refusal,-0.0798352062702179,0.0798352062702179,0.0798352062702179,0.02778858132660389,0.0,1.0
26,30,10840,supports_refusal,0.07952789217233658,0.07952789217233658,0.07952789217233658,0.02991752326488495,1.0,1.0
27,29,12561,supports_refusal,0.07771194726228714,0.07771194726228714,0.07915817201137543,0.05715034902095795,0.9300000071525574,0.9300000071525574
28,31,5230,supports_refusal,0.07666511833667755,0.07666511833667755,0.07744941860437393,0.04111914336681366,0.9750000238418579,0.9750000238418579
29,7,6673,suppresses_refusal,-0.07555755972862244,0.07555755972862244,0.0876089483499527,0.07579092681407928,0.125,0.875
30,29,14120,suppresses_refusal,-0.07463989406824112,0.07463989406824112,0.07463989406824112,0.034020766615867615,0.0,1.0
31,31,6432,suppresses_refusal,-0.0738983154296875,0.0738983154296875,0.0738983154296875,0.029108304530382156,0.0,1.0
32,28,8945,suppresses_refusal,-0.07365170121192932,0.07365170121192932,0.0739818885922432,0.06174812093377113,0.05999999865889549,0.9399999976158142
33,14,3917,supports_refusal,0.07332586497068405,0.07332586497068405,0.07349774241447449,0.047038521617650986,0.9800000190734863,0.9800000190734863
34,31,7861,supports_refusal,0.07200012356042862,0.07200012356042862,0.07298766821622849,0.02410193346440792,0.9800000190734863,0.9800000190734863
35,31,7450,supports_refusal,0.07099086791276932,0.07099086791276932,0.07172168791294098,0.04410238191485405,0.9649999737739563,0.9649999737739563
36,31,11817,suppresses_refusal,-0.06985191255807877,0.06985191255807877,0.06995643675327301,0.029479147866368294,0.014999999664723873,0.9850000143051147
37,22,7981,supports_refusal,0.0691155269742012,0.0691155269742012,0.0691155269742012,0.03349243476986885,1.0,1.0
38,31,7936,supports_refusal,0.06846349686384201,0.06846349686384201,0.06960489600896835,0.06778094172477722,0.9300000071525574,0.9300000071525574
39,30,2226,suppresses_refusal,-0.06818370521068573,0.06818370521068573,0.07362262904644012,0.05012689158320427,0.10499999672174454,0.8949999809265137
40,31,2305,supports_refusal,0.06717605888843536,0.06717605888843536,0.06747650355100632,0.03310924768447876,0.9850000143051147,0.9850000143051147
41,27,11991,supports_refusal,0.06618524342775345,0.06618524342775345,0.06699018180370331,0.04024132713675499,0.9800000190734863,0.9800000190734863
42,26,10406,supports_refusal,0.06613866984844208,0.06613866984844208,0.06613984704017639,0.04020095616579056,0.9950000047683716,0.9950000047683716
43,27,3135,supports_refusal,0.06609690934419632,0.06609690934419632,0.06632193922996521,0.03816042095422745,0.9800000190734863,0.9800000190734863
44,0,7182,supports_refusal,0.06597259640693665,0.06597259640693665,0.06827972084283829,0.0514180064201355,0.9700000286102295,0.9700000286102295
45,31,10014,supports_refusal,0.06584777683019638,0.06584777683019638,0.06842818856239319,0.05049041286110878,0.9200000166893005,0.9200000166893005
46,31,3730,supports_refusal,0.0650552362203598,0.0650552362203598,0.0650552362203598,0.0339847132563591,1.0,1.0
47,23,12220,supports_refusal,0.06347900629043579,0.06347900629043579,0.06364135444164276,0.0251582320779562,0.9950000047683716,0.9950000047683716
48,31,5178,supports_refusal,0.06334686279296875,0.06334686279296875,0.06334686279296875,0.02460397407412529,1.0,1.0
49,18,12866,supports_refusal,0.0630936399102211,0.0630936399102211,0.06318718194961548,0.028155898675322533,0.9900000095367432,0.9900000095367432
50,13,13879,supports_refusal,0.0629887655377388,0.0629887655377388,0.06305651366710663,0.043974943459033966,0.9950000047683716,0.9950000047683716
51,3,6390,suppresses_refusal,-0.06297897547483444,0.06297897547483444,0.0863313302397728,0.09893009811639786,0.17499999701976776,0.824999988079071
52,29,5198,suppresses_refusal,-0.06280892342329025,0.06280892342329025,0.0631287470459938,0.054860200732946396,0.029999999329447746,0.9700000286102295
53,31,11512,supports_refusal,0.06274333596229553,0.06274333596229553,0.06282424926757812,0.05331955850124359,0.9700000286102295,0.9700000286102295
54,30,11050,supports_refusal,0.062122803181409836,0.062122803181409836,0.0678224191069603,0.04012160748243332,0.8999999761581421,0.8999999761581421
55,31,287,suppresses_refusal,-0.06167488172650337,0.06167488172650337,0.06195274367928505,0.028031550347805023,0.019999999552965164,0.9800000190734863
56,31,12525,supports_refusal,0.06108894199132919,0.06108894199132919,0.06516487151384354,0.04331279173493385,0.925000011920929,0.925000011920929
57,4,5270,suppresses_refusal,-0.06031249836087227,0.06031249836087227,0.061210937798023224,0.047340087592601776,0.004999999888241291,0.9950000047683716
58,16,1241,supports_refusal,0.059860534965991974,0.059860534965991974,0.07800018042325974,0.08440808951854706,0.7599999904632568,0.7599999904632568
59,30,6989,supports_refusal,0.05968165397644043,0.05968165397644043,0.06080407276749611,0.07183358818292618,0.8650000095367432,0.8650000095367432
60,30,3382,supports_refusal,0.05968078598380089,0.05968078598380089,0.09571167081594467,0.10647202283143997,0.675000011920929,0.675000011920929
61,28,1016,supports_refusal,0.05950622633099556,0.05950622633099556,0.05950622633099556,0.020196985453367233,1.0,1.0
62,30,5831,suppresses_refusal,-0.05926332622766495,0.05926332622766495,0.05926332622766495,0.019086942076683044,0.0,1.0
63,31,3982,suppresses_refusal,-0.05882461369037628,0.05882461369037628,0.058824919164180756,0.015429375693202019,0.004999999888241291,0.9950000047683716
64,5,14319,supports_refusal,0.05863990634679794,0.05863990634679794,0.05871978774666786,0.03512049466371536,0.9900000095367432,0.9900000095367432
65,3,2145,supports_refusal,0.05842113494873047,0.05842113494873047,0.060264091938734055,0.040323685854673386,0.9549999833106995,0.9549999833106995
66,31,10176,supports_refusal,0.05770576000213623,0.05770576000213623,0.05774344876408577,0.022128842771053314,0.9950000047683716,0.9950000047683716
67,2,6658,suppresses_refusal,-0.05768269672989845,0.05768269672989845,0.05805123224854469,0.04806845262646675,0.03500000014901161,0.9649999737739563
68,30,4893,supports_refusal,0.05719352886080742,0.05719352886080742,0.05719352886080742,0.02001325413584709,1.0,1.0
69,12,2413,supports_refusal,0.05657993257045746,0.05657993257045746,0.056591760367155075,0.03672703728079796,0.9950000047683716,0.9950000047683716
70,26,9401,suppresses_refusal,-0.056429460644721985,0.056429460644721985,0.06322824209928513,0.05939694866538048,0.18000000715255737,0.8199999928474426
71,30,12395,suppresses_refusal,-0.056171875447034836,0.056171875447034836,0.056171875447034836,0.018916228786110878,0.0,1.0
72,30,10322,supports_refusal,0.055903319269418716,0.055903319269418716,0.05605529621243477,0.0233303215354681,0.9800000190734863,0.9800000190734863
73,29,12657,suppresses_refusal,-0.05585159361362457,0.05585159361362457,0.05585372820496559,0.02660037763416767,0.004999999888241291,0.9950000047683716
74,29,3852,supports_refusal,0.05530181899666786,0.05530181899666786,0.05530181899666786,0.02774929068982601,1.0,1.0
75,31,10620,supports_refusal,0.0545058436691761,0.0545058436691761,0.056443098932504654,0.033901412039995193,0.9449999928474426,0.9449999928474426
76,18,2106,suppresses_refusal,-0.054482460021972656,0.054482460021972656,0.058354452252388,0.04774833098053932,0.10499999672174454,0.8949999809265137
77,31,29,supports_refusal,0.05444334074854851,0.05444334074854851,0.054454974830150604,0.024454550817608833,0.9900000095367432,0.9900000095367432
78,27,11770,suppresses_refusal,-0.05435638502240181,0.05435638502240181,0.05435638502240181,0.01602085307240486,0.0,1.0
79,31,12950,suppresses_refusal,-0.05424560606479645,0.05424560606479645,0.05466461181640625,0.03054673783481121,0.02500000037252903,0.9750000238418579
80,30,9138,suppresses_refusal,-0.05414161831140518,0.05414161831140518,0.06219184771180153,0.051564771682024,0.17499999701976776,0.824999988079071
81,30,10238,suppresses_refusal,-0.05405433475971222,0.05405433475971222,0.05426689237356186,0.02143036760389805,0.014999999664723873,0.9850000143051147
82,10,6759,supports_refusal,0.05401496961712837,0.05401496961712837,0.05401496961712837,0.03153352066874504,1.0,1.0
83,30,5442,suppresses_refusal,-0.053660277277231216,0.053660277277231216,0.053660277277231216,0.019037965685129166,0.0,1.0
84,26,14,supports_refusal,0.05309181287884712,0.05309181287884712,0.055533140897750854,0.047456346452236176,0.8849999904632568,0.8849999904632568
85,31,1834,supports_refusal,0.0523492805659771,0.0523492805659771,0.05334613844752312,0.03499027341604233,0.9350000023841858,0.9350000023841858
86,2,4380,supports_refusal,0.052006226032972336,0.052006226032972336,0.05204223468899727,0.02927549183368683,0.9950000047683716,0.9950000047683716
87,23,6046,supports_refusal,0.051779136061668396,0.051779136061668396,0.05397762358188629,0.04426863044500351,0.9100000262260437,0.9100000262260437
88,14,7642,supports_refusal,0.05119170993566513,0.05119170993566513,0.052367858588695526,0.030363956466317177,0.9750000238418579,0.9750000238418579
89,31,5099,supports_refusal,0.050474394112825394,0.050474394112825394,0.05166580155491829,0.029176730662584305,0.9700000286102295,0.9700000286102295
90,19,3992,supports_refusal,0.05046631023287773,0.05046631023287773,0.05052764713764191,0.027775846421718597,0.9850000143051147,0.9850000143051147
91,30,11272,supports_refusal,0.05042266845703125,0.05042266845703125,0.05078643932938576,0.027060776948928833,0.9950000047683716,0.9950000047683716
92,29,636,suppresses_refusal,-0.04938690364360809,0.04938690364360809,0.04938690364360809,0.029606439173221588,0.0,1.0
93,31,8711,supports_refusal,0.04872802644968033,0.04872802644968033,0.04872802644968033,0.018383732065558434,1.0,1.0
94,31,13076,supports_refusal,0.048601530492305756,0.048601530492305756,0.04891159012913704,0.02400454320013523,0.9950000047683716,0.9950000047683716
95,30,11268,supports_refusal,0.04828857257962227,0.04828857257962227,0.04828857257962227,0.011215022765100002,1.0,1.0
96,23,1751,suppresses_refusal,-0.04818452522158623,0.04818452522158623,0.04858946427702904,0.03080536425113678,0.03500000014901161,0.9649999737739563
97,31,12358,supports_refusal,0.047626953572034836,0.047626953572034836,0.047626953572034836,0.018159793689846992,1.0,1.0
98,31,5335,suppresses_refusal,-0.047312621027231216,0.047312621027231216,0.05024475231766701,0.03033764287829399,0.03999999910593033,0.9599999785423279
99,31,10459,supports_refusal,0.046912726014852524,0.046912726014852524,0.04709430783987045,0.02513737604022026,0.9800000190734863,0.9800000190734863
100,10,4789,supports_refusal,0.04659999534487724,0.04659999534487724,0.05499248951673508,0.06323960423469543,0.8550000190734863,0.8550000190734863
101,31,5082,suppresses_refusal,-0.04656665772199631,0.04656665772199631,0.04657520353794098,0.013075308874249458,0.004999999888241291,0.9950000047683716
102,30,7080,suppresses_refusal,-0.04654271900653839,0.04654271900653839,0.04799825698137283,0.03487127646803856,0.10999999940395355,0.8899999856948853
103,31,7517,suppresses_refusal,-0.046025048941373825,0.046025048941373825,0.04606907069683075,0.028940021991729736,0.019999999552965164,0.9800000190734863
104,10,11570,suppresses_refusal,-0.04567413404583931,0.04567413404583931,0.0747598260641098,0.08561757951974869,0.2800000011920929,0.7200000286102295
105,31,2012,supports_refusal,0.04557693377137184,0.04557693377137184,0.04557693377137184,0.02086319588124752,1.0,1.0
106,1,2121,supports_refusal,0.045446623116731644,0.045446623116731644,0.045610807836055756,0.02957640215754509,0.9900000095367432,0.9900000095367432
107,24,5326,suppresses_refusal,-0.04542144760489464,0.04542144760489464,0.058627013117074966,0.05850013718008995,0.19499999284744263,0.8050000071525574
108,30,3587,suppresses_refusal,-0.04487808048725128,0.04487808048725128,0.044915467500686646,0.022940704599022865,0.004999999888241291,0.9950000047683716
109,31,8154,suppresses_refusal,-0.04479125887155533,0.04479125887155533,0.0466572567820549,0.027925701811909676,0.08500000089406967,0.9150000214576721
110,31,1050,supports_refusal,0.043753813952207565,0.043753813952207565,0.04434867948293686,0.02549128234386444,0.9549999833106995,0.9549999833106995
111,31,14201,supports_refusal,0.04361610487103462,0.04361610487103462,0.04370536655187607,0.015053670853376389,0.9850000143051147,0.9850000143051147
112,31,11695,suppresses_refusal,-0.043339043855667114,0.043339043855667114,0.04374011978507042,0.024188822135329247,0.02500000037252903,0.9750000238418579
113,31,1335,supports_refusal,0.04307727888226509,0.04307727888226509,0.043215446174144745,0.02792234905064106,0.9700000286102295,0.9700000286102295
114,31,7281,supports_refusal,0.04274456202983856,0.04274456202983856,0.048853036016225815,0.03648929297924042,0.8700000047683716,0.8700000047683716
115,4,14288,suppresses_refusal,-0.04271842911839485,0.04271842911839485,0.0429701991379261,0.03492429107427597,0.009999999776482582,0.9900000095367432
116,31,10644,supports_refusal,0.04271278530359268,0.04271278530359268,0.04271278530359268,0.016450366005301476,1.0,1.0
117,29,8656,supports_refusal,0.042431946843862534,0.042431946843862534,0.042431946843862534,0.019598769024014473,1.0,1.0
118,28,3697,suppresses_refusal,-0.04240486025810242,0.04240486025810242,0.042787324637174606,0.03469131141901016,0.04500000178813934,0.9549999833106995
119,31,3387,supports_refusal,0.04189850017428398,0.04189850017428398,0.041922301054000854,0.02029653638601303,0.9950000047683716,0.9950000047683716
120,31,12529,supports_refusal,0.04177890717983246,0.04177890717983246,0.04339054226875305,0.029536550864577293,0.9350000023841858,0.9350000023841858
121,31,13414,supports_refusal,0.041271667927503586,0.041271667927503586,0.04267303645610809,0.028068557381629944,0.9200000166893005,0.9200000166893005
122,21,10970,supports_refusal,0.04114242643117905,0.04114242643117905,0.04114242643117905,0.020747758448123932,1.0,1.0
123,30,9872,supports_refusal,0.04107126221060753,0.04107126221060753,0.04107450321316719,0.012939791195094585,0.9950000047683716,0.9950000047683716
124,2,11075,suppresses_refusal,-0.04095079377293587,0.04095079377293587,0.04483850300312042,0.04968227818608284,0.1850000023841858,0.8149999976158142
125,11,1411,supports_refusal,0.04082599654793739,0.04082599654793739,0.04104183241724968,0.02490735799074173,0.9850000143051147,0.9850000143051147
126,31,714,suppresses_refusal,-0.04067840427160263,0.04067840427160263,0.04582534730434418,0.036201562732458115,0.11999999731779099,0.8799999952316284
127,31,11202,suppresses_refusal,-0.04027244448661804,0.04027244448661804,0.04027244448661804,0.026772523298859596,0.0,1.0
128,28,9949,suppresses_refusal,-0.040153808891773224,0.040153808891773224,0.040153808891773224,0.0159196387976408,0.0,1.0
129,26,592,supports_refusal,0.040129393339157104,0.040129393339157104,0.040129393339157104,0.012461493723094463,1.0,1.0
130,5,4354,suppresses_refusal,-0.040126875042915344,0.040126875042915344,0.040126875042915344,0.03608814626932144,0.0,1.0
131,2,4786,supports_refusal,0.03970760479569435,0.03970760479569435,0.07420223206281662,0.11565424501895905,0.6399999856948853,0.6399999856948853
132,30,10445,suppresses_refusal,-0.0396549217402935,0.0396549217402935,0.03983833268284798,0.021689850836992264,0.03500000014901161,0.9649999737739563
133,24,5141,suppresses_refusal,-0.03944980725646019,0.03944980725646019,0.039658546447753906,0.026224438101053238,0.004999999888241291,0.9950000047683716
134,31,8664,supports_refusal,0.03918197751045227,0.03918197751045227,0.04946594312787056,0.044519003480672836,0.8149999976158142,0.8149999976158142
135,31,2518,supports_refusal,0.03897978737950325,0.03897978737950325,0.03898156061768532,0.02381906472146511,0.9950000047683716,0.9950000047683716
136,28,2761,supports_refusal,0.03891250491142273,0.03891250491142273,0.0390596017241478,0.018617210909724236,0.9850000143051147,0.9850000143051147
137,29,4048,supports_refusal,0.03845378756523132,0.03845378756523132,0.039006080478429794,0.02134539559483528,0.9750000238418579,0.9750000238418579
138,10,1084,supports_refusal,0.03809047117829323,0.03809047117829323,0.0389384925365448,0.03405828773975372,0.9549999833106995,0.9549999833106995
139,6,5866,suppresses_refusal,-0.03782813996076584,0.03782813996076584,0.10373435914516449,0.1332622617483139,0.38499999046325684,0.6150000095367432
140,31,3685,suppresses_refusal,-0.03782745450735092,0.03782745450735092,0.03782745450735092,0.014509063214063644,0.0,1.0
141,29,12858,suppresses_refusal,-0.037803344428539276,0.037803344428539276,0.037803344428539276,0.007443252485245466,0.0,1.0
142,31,12968,supports_refusal,0.037678755819797516,0.037678755819797516,0.042216263711452484,0.030602462589740753,0.8849999904632568,0.8849999904632568
143,31,8345,suppresses_refusal,-0.03755325451493263,0.03755325451493263,0.03787551820278168,0.019679376855492592,0.02500000037252903,0.9750000238418579
144,30,7594,suppresses_refusal,-0.03738178312778473,0.03738178312778473,0.037557028234004974,0.028806297108530998,0.03999999910593033,0.9599999785423279
145,28,11954,supports_refusal,0.03737054020166397,0.03737054020166397,0.03770952299237251,0.019761091098189354,0.9800000190734863,0.9800000190734863
146,31,9387,suppresses_refusal,-0.03703876584768295,0.03703876584768295,0.03703876584768295,0.02558894269168377,0.0,1.0
147,31,5542,supports_refusal,0.0369444265961647,0.0369444265961647,0.03708602860569954,0.016873689368367195,0.9950000047683716,0.9950000047683716
148,29,3746,supports_refusal,0.03686470165848732,0.03686470165848732,0.03822624310851097,0.02458214946091175,0.9350000023841858,0.9350000023841858
149,30,11920,suppresses_refusal,-0.03672557696700096,0.03672557696700096,0.03711383789777756,0.02110917493700981,0.03500000014901161,0.9649999737739563
150,31,11256,suppresses_refusal,-0.03669830411672592,0.03669830411672592,0.03669830411672592,0.009672815911471844,0.0,1.0
151,30,10321,suppresses_refusal,-0.03646959364414215,0.03646959364414215,0.03672716021537781,0.017210260033607483,0.019999999552965164,0.9800000190734863
152,31,5355,suppresses_refusal,-0.03639040142297745,0.03639040142297745,0.036539021879434586,0.027945585548877716,0.029999999329447746,0.9700000286102295
153,30,1562,suppresses_refusal,-0.03638725355267525,0.03638725355267525,0.04156989976763725,0.03431359678506851,0.12999999523162842,0.8700000047683716
154,31,1186,supports_refusal,0.0362839512526989,0.0362839512526989,0.04065147414803505,0.03719175234436989,0.8349999785423279,0.8349999785423279
155,5,7462,suppresses_refusal,-0.03620567172765732,0.03620567172765732,0.036385420709848404,0.028129365295171738,0.019999999552965164,0.9800000190734863
156,31,455,suppresses_refusal,-0.035914067178964615,0.035914067178964615,0.03831784427165985,0.03403237462043762,0.10999999940395355,0.8899999856948853
157,29,7086,suppresses_refusal,-0.03589509427547455,0.03589509427547455,0.036291610449552536,0.03249169513583183,0.09000000357627869,0.9099999666213989
158,31,1351,supports_refusal,0.035753630101680756,0.035753630101680756,0.035753630101680756,0.011089266277849674,1.0,1.0
159,30,3843,suppresses_refusal,-0.03561447188258171,0.03561447188258171,0.035674285143613815,0.01130650844424963,0.004999999888241291,0.9950000047683716
160,31,6650,suppresses_refusal,-0.035610657185316086,0.035610657185316086,0.035610657185316086,0.00831395760178566,0.0,1.0
161,31,3712,supports_refusal,0.03560711815953255,0.03560711815953255,0.03898533806204796,0.03265247121453285,0.8700000047683716,0.8700000047683716
162,31,8118,suppresses_refusal,-0.035532835870981216,0.035532835870981216,0.03832916170358658,0.023586494848132133,0.054999999701976776,0.9449999928474426
163,27,11734,suppresses_refusal,-0.035457972437143326,0.035457972437143326,0.03547060117125511,0.02223365195095539,0.014999999664723873,0.9850000143051147
164,31,4493,suppresses_refusal,-0.035375215113162994,0.035375215113162994,0.03541519120335579,0.01290497463196516,0.004999999888241291,0.9950000047683716
165,9,11959,supports_refusal,0.035346869379282,0.035346869379282,0.036047402769327164,0.027882812544703484,0.9599999785423279,0.9599999785423279
166,31,8937,suppresses_refusal,-0.03533557802438736,0.03533557802438736,0.04864620044827461,0.049918703734874725,0.20499999821186066,0.7950000166893005
167,29,2914,supports_refusal,0.035260774195194244,0.035260774195194244,0.035425566136837006,0.02248462475836277,0.9950000047683716,0.9950000047683716
168,31,260,suppresses_refusal,-0.03499271348118782,0.03499271348118782,0.03503024950623512,0.018614502623677254,0.014999999664723873,0.9850000143051147
169,22,12614,supports_refusal,0.03494079411029816,0.03494079411029816,0.03494079411029816,0.01653350703418255,1.0,1.0
170,31,9854,suppresses_refusal,-0.03484756499528885,0.03484756499528885,0.035999298095703125,0.017408886924386024,0.03999999910593033,0.9599999785423279
171,31,996,supports_refusal,0.034643784165382385,0.034643784165382385,0.03478645160794258,0.019423341378569603,0.9800000190734863,0.9800000190734863
172,19,4481,suppresses_refusal,-0.03424719721078873,0.03424719721078873,0.03425036370754242,0.03193795680999756,0.004999999888241291,0.9950000047683716
173,31,1386,suppresses_refusal,-0.034073859453201294,0.034073859453201294,0.06147313117980957,0.07346147298812866,0.36500000953674316,0.6349999904632568
174,30,12016,supports_refusal,0.03405853360891342,0.03405853360891342,0.03429412841796875,0.019718604162335396,0.9700000286102295,0.9700000286102295
175,31,1686,supports_refusal,0.034055329859256744,0.034055329859256744,0.034055329859256744,0.02703605592250824,1.0,1.0
176,31,3022,suppresses_refusal,-0.03396308422088623,0.03396308422088623,0.03396308422088623,0.01283891499042511,0.0,1.0
177,30,5024,suppresses_refusal,-0.033885251730680466,0.033885251730680466,0.033885251730680466,0.014566609635949135,0.0,1.0
178,31,566,supports_refusal,0.03362205624580383,0.03362205624580383,0.03413292020559311,0.021448763087391853,0.949999988079071,0.949999988079071
179,5,13861,supports_refusal,0.03346444293856621,0.03346444293856621,0.03390517085790634,0.037313785403966904,0.9549999833106995,0.9549999833106995
180,15,3816,supports_refusal,0.03346269577741623,0.03346269577741623,0.03372694179415703,0.034510236233472824,0.9350000023841858,0.9350000023841858
181,31,515,supports_refusal,0.033430252224206924,0.033430252224206924,0.033476945012807846,0.019761528819799423,0.9950000047683716,0.9950000047683716
182,28,781,supports_refusal,0.03342519700527191,0.03342519700527191,0.03533804044127464,0.017752181738615036,0.9399999976158142,0.9399999976158142
183,30,4350,supports_refusal,0.03334802761673927,0.03334802761673927,0.03616800159215927,0.023954320698976517,0.9150000214576721,0.9150000214576721
184,31,5617,supports_refusal,0.03302154690027237,0.03302154690027237,0.036112669855356216,0.026402369141578674,0.9049999713897705,0.9049999713897705
185,27,13174,supports_refusal,0.032783813774585724,0.032783813774585724,0.032783813774585724,0.010445922613143921,1.0,1.0
186,31,13115,supports_refusal,0.03262649476528168,0.03262649476528168,0.033127594739198685,0.021809620782732964,0.9549999833106995,0.9549999833106995
187,31,5369,suppresses_refusal,-0.032588500529527664,0.032588500529527664,0.032588500529527664,0.009536165744066238,0.0,1.0
188,31,181,suppresses_refusal,-0.03247158229351044,0.03247158229351044,0.03247158229351044,0.013257638551294804,0.0,1.0
189,23,4424,suppresses_refusal,-0.03235557675361633,0.03235557675361633,0.03238533064723015,0.016027577221393585,0.004999999888241291,0.9950000047683716
190,29,911,supports_refusal,0.03225509822368622,0.03225509822368622,0.03225509822368622,0.013077356852591038,1.0,1.0
191,30,7422,suppresses_refusal,-0.03213744983077049,0.03213744983077049,0.03222717344760895,0.012904784642159939,0.009999999776482582,0.9900000095367432
192,28,6063,suppresses_refusal,-0.032077331095933914,0.032077331095933914,0.032077331095933914,0.011517349630594254,0.0,1.0
193,31,10463,supports_refusal,0.03194976970553398,0.03194976970553398,0.03194976970553398,0.011767875403165817,1.0,1.0
194,29,7375,suppresses_refusal,-0.031796034425497055,0.031796034425497055,0.031796034425497055,0.014664633199572563,0.0,1.0
195,29,10308,supports_refusal,0.031740952283144,0.031740952283144,0.03181694075465202,0.01961657404899597,0.9850000143051147,0.9850000143051147
196,17,8517,supports_refusal,0.031631775200366974,0.031631775200366974,0.0334494411945343,0.030066678300499916,0.9049999713897705,0.9049999713897705
197,28,5878,suppresses_refusal,-0.03154617175459862,0.03154617175459862,0.03155364841222763,0.02023022063076496,0.004999999888241291,0.9950000047683716
198,28,11478,suppresses_refusal,-0.03151306137442589,0.03151306137442589,0.03151306137442589,0.008378889411687851,0.0,1.0
199,12,846,supports_refusal,0.031456466764211655,0.031456466764211655,0.03185243159532547,0.024215631186962128,0.9549999833106995,0.9549999833106995
200,31,2750,suppresses_refusal,-0.03141235187649727,0.03141235187649727,0.03141235187649727,0.0070205857045948505,0.0,1.0
201,31,12913,supports_refusal,0.031316984444856644,0.031316984444856644,0.031316984444856644,0.018490172922611237,1.0,1.0
202,29,11498,suppresses_refusal,-0.030632324516773224,0.030632324516773224,0.030632324516773224,0.009524187073111534,0.0,1.0
203,24,5160,suppresses_refusal,-0.03059288114309311,0.03059288114309311,0.03071601875126362,0.015054331161081791,0.009999999776482582,0.9900000095367432
204,31,8990,suppresses_refusal,-0.030496157705783844,0.030496157705783844,0.030515994876623154,0.011474019847810268,0.004999999888241291,0.9950000047683716
205,31,7193,supports_refusal,0.030433960258960724,0.030433960258960724,0.030839843675494194,0.011009955778717995,0.9900000095367432,0.9900000095367432
206,31,12373,suppresses_refusal,-0.030421067029237747,0.030421067029237747,0.030421067029237747,0.008077547885477543,0.0,1.0
207,31,10712,supports_refusal,0.03037666343152523,0.03037666343152523,0.03037666343152523,0.013317804783582687,1.0,1.0
208,25,3592,suppresses_refusal,-0.030323486775159836,0.030323486775159836,0.030323486775159836,0.011637148447334766,0.0,1.0
209,30,2196,suppresses_refusal,-0.030158309265971184,0.030158309265971184,0.03088996931910515,0.01890360750257969,0.04500000178813934,0.9549999833106995
210,11,11321,suppresses_refusal,-0.030125580728054047,0.030125580728054047,0.0809367373585701,0.10735446959733963,0.35499998927116394,0.6449999809265137
211,29,9228,suppresses_refusal,-0.030048217624425888,0.030048217624425888,0.03126769885420799,0.019275112077593803,0.06499999761581421,0.9350000023841858
212,28,12067,suppresses_refusal,-0.030039673671126366,0.030039673671126366,0.030039673671126366,0.009431478567421436,0.0,1.0
213,29,9562,supports_refusal,0.02988155372440815,0.02988155372440815,0.02988155372440815,0.015265125781297684,1.0,1.0
214,31,11808,supports_refusal,0.029870910570025444,0.029870910570025444,0.029879456385970116,0.01424284279346466,0.9950000047683716,0.9950000047683716
215,29,1878,supports_refusal,0.029787736013531685,0.029787736013531685,0.0321846641600132,0.029105475172400475,0.8949999809265137,0.8949999809265137
216,29,7733,supports_refusal,0.029753627255558968,0.029753627255558968,0.03691549226641655,0.03686095401644707,0.7850000262260437,0.7850000262260437
217,15,7566,suppresses_refusal,-0.029555901885032654,0.029555901885032654,0.030239248648285866,0.02377282828092575,0.05999999865889549,0.9399999976158142
218,31,14276,supports_refusal,0.02954551763832569,0.02954551763832569,0.03413507342338562,0.03343292698264122,0.8349999785423279,0.8349999785423279
219,27,13732,supports_refusal,0.02916717529296875,0.02916717529296875,0.02916717529296875,0.008467203937470913,1.0,1.0
220,31,2477,supports_refusal,0.029085541144013405,0.029085541144013405,0.029085541144013405,0.01371463481336832,1.0,1.0
221,27,1871,suppresses_refusal,-0.02903810515999794,0.02903810515999794,0.03176072984933853,0.028417009860277176,0.12999999523162842,0.8700000047683716
222,29,6909,suppresses_refusal,-0.029017524793744087,0.029017524793744087,0.02960277535021305,0.021955102682113647,0.06499999761581421,0.9350000023841858
223,31,10210,suppresses_refusal,-0.028744125738739967,0.028744125738739967,0.030755233019590378,0.018666807562112808,0.08500000089406967,0.9150000214576721
224,30,1274,supports_refusal,0.02863222174346447,0.02863222174346447,0.029086627066135406,0.017028745263814926,0.9549999833106995,0.9549999833106995
225,31,1940,suppresses_refusal,-0.028626708313822746,0.028626708313822746,0.028958434239029884,0.021249214187264442,0.03999999910593033,0.9599999785423279
226,14,1469,suppresses_refusal,-0.028594227507710457,0.028594227507710457,0.028876323252916336,0.03507913649082184,0.03500000014901161,0.9649999737739563
227,12,5760,suppresses_refusal,-0.028515320271253586,0.028515320271253586,0.029423199594020844,0.030746733769774437,0.07500000298023224,0.925000011920929
228,30,11441,supports_refusal,0.028305625542998314,0.028305625542998314,0.028305625542998314,0.008694007992744446,1.0,1.0
229,31,5975,supports_refusal,0.02815154939889908,0.02815154939889908,0.03019561804831028,0.0210841316729784,0.9049999713897705,0.9049999713897705
230,27,12956,supports_refusal,0.02813102677464485,0.02813102677464485,0.028375931084156036,0.017265677452087402,0.9599999785423279,0.9599999785423279
231,31,3474,supports_refusal,0.028102055191993713,0.028102055191993713,0.030056362971663475,0.02451988309621811,0.8949999809265137,0.8949999809265137
232,11,2210,supports_refusal,0.028036003932356834,0.028036003932356834,0.02834095060825348,0.02719438448548317,0.9900000095367432,0.9900000095367432
233,31,8359,suppresses_refusal,-0.02800193801522255,0.02800193801522255,0.029623642563819885,0.019202595576643944,0.07500000298023224,0.925000011920929
234,27,6070,suppresses_refusal,-0.02798106148838997,0.02798106148838997,0.02818346954882145,0.028418483212590218,0.03999999910593033,0.9599999785423279
235,30,4560,supports_refusal,0.02786029875278473,0.02786029875278473,0.02786029875278473,0.012242134660482407,1.0,1.0
236,31,10100,supports_refusal,0.027807507663965225,0.027807507663965225,0.0312909372150898,0.024788251146674156,0.8849999904632568,0.8849999904632568
237,30,4323,suppresses_refusal,-0.027791310101747513,0.027791310101747513,0.027793025597929955,0.012801241129636765,0.009999999776482582,0.9900000095367432
238,24,2598,supports_refusal,0.027749929577112198,0.027749929577112198,0.028024300932884216,0.020839061588048935,0.9549999833106995,0.9549999833106995
239,5,11886,supports_refusal,0.02768096886575222,0.02768096886575222,0.028145141899585724,0.021898938342928886,0.9750000238418579,0.9750000238418579
240,25,8701,supports_refusal,0.02762145921587944,0.02762145921587944,0.028524016961455345,0.01868443377315998,0.9800000190734863,0.9800000190734863
241,30,13393,supports_refusal,0.027514604851603508,0.027514604851603508,0.027884259819984436,0.021145261824131012,0.9549999833106995,0.9549999833106995
242,27,3387,suppresses_refusal,-0.027384644374251366,0.027384644374251366,0.02740165777504444,0.013751658610999584,0.004999999888241291,0.9950000047683716
243,5,7012,suppresses_refusal,-0.027282103896141052,0.027282103896141052,0.08145537972450256,0.10079185664653778,0.39500001072883606,0.6050000190734863
244,28,8131,suppresses_refusal,-0.02725326456129551,0.02725326456129551,0.02866928093135357,0.021173274144530296,0.10999999940395355,0.8899999856948853
245,30,12394,suppresses_refusal,-0.027196375653147697,0.027196375653147697,0.027290333062410355,0.013329344801604748,0.009999999776482582,0.9900000095367432
246,9,2606,suppresses_refusal,-0.02718254178762436,0.02718254178762436,0.02766410820186138,0.020063884556293488,0.029999999329447746,0.9700000286102295
247,18,5964,supports_refusal,0.027122464030981064,0.027122464030981064,0.027152953669428825,0.016363760456442833,0.9850000143051147,0.9850000143051147
248,30,13846,suppresses_refusal,-0.027068786323070526,0.027068786323070526,0.027270203456282616,0.01404904667288065,0.014999999664723873,0.9850000143051147
249,31,7851,supports_refusal,0.02705203928053379,0.02705203928053379,0.028591956943273544,0.018735935911536217,0.9649999737739563,0.9649999737739563
250,30,6083,suppresses_refusal,-0.026806794106960297,0.026806794106960297,0.031560059636831284,0.02633516862988472,0.1550000011920929,0.8450000286102295
251,30,11663,suppresses_refusal,-0.026755589991807938,0.026755589991807938,0.02696150727570057,0.008673634380102158,0.02500000037252903,0.9750000238418579
252,18,7417,supports_refusal,0.026688728481531143,0.026688728481531143,0.06498394161462784,0.08307365328073502,0.6100000143051147,0.6100000143051147
253,31,11638,suppresses_refusal,-0.02665763907134533,0.02665763907134533,0.027471084147691727,0.015703046694397926,0.02500000037252903,0.9750000238418579
254,31,2549,suppresses_refusal,-0.026653900742530823,0.026653900742530823,0.049736786633729935,0.05654172971844673,0.2849999964237213,0.7150000333786011
255,31,8984,supports_refusal,0.0264393612742424,0.0264393612742424,0.0264393612742424,0.009633230045437813,1.0,1.0
256,30,7428,supports_refusal,0.02641288749873638,0.02641288749873638,0.026443863287568092,0.015269999392330647,0.9900000095367432,0.9900000095367432
257,28,2136,supports_refusal,0.026321029290556908,0.026321029290556908,0.026321029290556908,0.010287960059940815,1.0,1.0
258,19,8935,suppresses_refusal,-0.026181964203715324,0.026181964203715324,0.02748800255358219,0.04016735777258873,0.1599999964237213,0.8400000333786011
259,22,4433,supports_refusal,0.026162033900618553,0.026162033900618553,0.02692466787993908,0.01992395706474781,0.925000011920929,0.925000011920929
260,31,486,suppresses_refusal,-0.026097621768712997,0.026097621768712997,0.029965229332447052,0.022506268694996834,0.1550000011920929,0.8450000286102295
261,17,12927,supports_refusal,0.026080846786499023,0.026080846786499023,0.029243307188153267,0.024241123348474503,0.8550000190734863,0.8550000190734863
262,30,10985,suppresses_refusal,-0.02603686787188053,0.02603686787188053,0.02607247792184353,0.012576211243867874,0.014999999664723873,0.9850000143051147
263,0,3837,supports_refusal,0.025943413376808167,0.025943413376808167,0.028464775532484055,0.024173924699425697,0.9700000286102295,0.9700000286102295
264,28,6249,suppresses_refusal,-0.02592639997601509,0.02592639997601509,0.025999870151281357,0.00792795792222023,0.014999999664723873,0.9850000143051147
265,16,13461,supports_refusal,0.02582581527531147,0.02582581527531147,0.02654252015054226,0.02274760976433754,0.9100000262260437,0.9100000262260437
266,31,7115,supports_refusal,0.025791911408305168,0.025791911408305168,0.027481555938720703,0.0222417414188385,0.9150000214576721,0.9150000214576721
267,31,3175,supports_refusal,0.025766601786017418,0.025766601786017418,0.04101623594760895,0.042308446019887924,0.7099999785423279,0.7099999785423279
268,15,10655,supports_refusal,0.025759506970643997,0.025759506970643997,0.025953903794288635,0.01570490188896656,0.9850000143051147,0.9850000143051147
269,31,11301,supports_refusal,0.02573423460125923,0.02573423460125923,0.02573423460125923,0.014737841673195362,1.0,1.0
270,31,2100,suppresses_refusal,-0.025691146031022072,0.025691146031022072,0.02703544683754444,0.014948006719350815,0.02500000037252903,0.9750000238418579
271,30,11430,suppresses_refusal,-0.02568916231393814,0.02568916231393814,0.027972564101219177,0.021644333377480507,0.11500000208616257,0.8849999904632568
272,26,10461,supports_refusal,0.02563304826617241,0.02563304826617241,0.026168404147028923,0.01769467070698738,0.949999988079071,0.949999988079071
273,30,11022,suppresses_refusal,-0.025609303265810013,0.025609303265810013,0.02572156861424446,0.01192847453057766,0.02500000037252903,0.9750000238418579
274,29,13745,suppresses_refusal,-0.025598183274269104,0.025598183274269104,0.025598183274269104,0.012467518448829651,0.0,1.0
275,25,902,suppresses_refusal,-0.025534095242619514,0.025534095242619514,0.025995444506406784,0.016103994101285934,0.03500000014901161,0.9649999737739563
276,12,13868,supports_refusal,0.025456009432673454,0.025456009432673454,0.02621692605316639,0.018952229991555214,0.9399999976158142,0.9399999976158142
277,30,5905,suppresses_refusal,-0.025387877598404884,0.025387877598404884,0.025973206385970116,0.011943808756768703,0.02500000037252903,0.9750000238418579
278,31,5681,supports_refusal,0.02533750608563423,0.02533750608563423,0.025669040158391,0.019873416051268578,0.9599999785423279,0.9599999785423279
279,31,4786,supports_refusal,0.0253128819167614,0.0253128819167614,0.025355758145451546,0.013351932168006897,0.9850000143051147,0.9850000143051147
280,5,12,supports_refusal,0.025266142562031746,0.025266142562031746,0.025943230837583542,0.021501900628209114,0.9399999976158142,0.9399999976158142
281,31,8384,supports_refusal,0.025248032063245773,0.025248032063245773,0.025248032063245773,0.008264107629656792,1.0,1.0
282,12,1481,suppresses_refusal,-0.02519044652581215,0.02519044652581215,0.025920502841472626,0.030054016038775444,0.11999999731779099,0.8799999952316284
283,30,9247,supports_refusal,0.025145912542939186,0.025145912542939186,0.05019908770918846,0.05809547379612923,0.7149999737739563,0.7149999737739563
284,31,2188,supports_refusal,0.025139084085822105,0.025139084085822105,0.026964645832777023,0.021999334916472435,0.9150000214576721,0.9150000214576721
285,22,10995,supports_refusal,0.025065308436751366,0.025065308436751366,0.025276795029640198,0.014109251089394093,0.9649999737739563,0.9649999737739563
286,31,12156,suppresses_refusal,-0.025022469460964203,0.025022469460964203,0.025022469460964203,0.010907286778092384,0.0,1.0
287,30,1457,supports_refusal,0.02498016320168972,0.02498016320168972,0.025264587253332138,0.012204858474433422,0.9800000190734863,0.9800000190734863
288,5,6739,supports_refusal,0.024909459054470062,0.024909459054470062,0.025281047448515892,0.018911361694335938,0.9700000286102295,0.9700000286102295
289,31,2657,supports_refusal,0.02487187832593918,0.02487187832593918,0.03576510027050972,0.037569332867860794,0.7350000143051147,0.7350000143051147
290,24,10586,supports_refusal,0.024866171181201935,0.024866171181201935,0.024881277233362198,0.010889639146625996,0.9950000047683716,0.9950000047683716
291,31,12933,suppresses_refusal,-0.02467445284128189,0.02467445284128189,0.02467445284128189,0.010055900551378727,0.0,1.0
292,30,619,supports_refusal,0.02460121177136898,0.02460121177136898,0.0246138758957386,0.011323708109557629,0.9900000095367432,0.9900000095367432
293,31,1519,suppresses_refusal,-0.024533767253160477,0.024533767253160477,0.036996230483055115,0.039045315235853195,0.2750000059604645,0.7250000238418579
294,30,3000,suppresses_refusal,-0.024478798732161522,0.024478798732161522,0.024478798732161522,0.005490344017744064,0.0,1.0
295,31,7592,suppresses_refusal,-0.024373473599553108,0.024373473599553108,0.024401551112532616,0.010717828758060932,0.004999999888241291,0.9950000047683716
296,31,13812,suppresses_refusal,-0.024335479363799095,0.024335479363799095,0.024335479363799095,0.006732499692589045,0.0,1.0
297,26,6595,supports_refusal,0.02425549551844597,0.02425549551844597,0.024283533915877342,0.013700802810490131,0.9800000190734863,0.9800000190734863
298,31,4661,supports_refusal,0.02423320710659027,0.02423320710659027,0.02873264253139496,0.02681184746325016,0.8199999928474426,0.8199999928474426
299,24,6776,supports_refusal,0.02411731705069542,0.02411731705069542,0.027912769466638565,0.027923060581088066,0.800000011920929,0.800000011920929
300,27,11143,suppresses_refusal,-0.0240599624812603,0.0240599624812603,0.02407316118478775,0.015227050520479679,0.004999999888241291,0.9950000047683716
301,31,13803,supports_refusal,0.024055471643805504,0.024055471643805504,0.024055471643805504,0.0172495786100626,1.0,1.0
302,31,416,supports_refusal,0.023936938494443893,0.023936938494443893,0.030773602426052094,0.03202033415436745,0.7799999713897705,0.7799999713897705
303,20,2417,suppresses_refusal,-0.02386150322854519,0.02386150322854519,0.02434360422194004,0.021718831732869148,0.07999999821186066,0.9200000166893005
304,30,992,supports_refusal,0.023851165547966957,0.023851165547966957,0.027928315103054047,0.02176877111196518,0.8550000190734863,0.8550000190734863
305,31,1159,supports_refusal,0.023814087733626366,0.023814087733626366,0.024535827338695526,0.011221310123801231,0.9800000190734863,0.9800000190734863
306,30,13790,suppresses_refusal,-0.023801831528544426,0.023801831528544426,0.023812761530280113,0.011626200750470161,0.014999999664723873,0.9850000143051147
307,30,7675,suppresses_refusal,-0.023774337023496628,0.023774337023496628,0.024151688441634178,0.014155957847833633,0.03500000014901161,0.9649999737739563
308,31,10956,suppresses_refusal,-0.02371395193040371,0.02371395193040371,0.030575446784496307,0.02949817106127739,0.14000000059604645,0.8600000143051147
309,30,2792,suppresses_refusal,-0.02370578795671463,0.02370578795671463,0.023823203518986702,0.012128216214478016,0.019999999552965164,0.9800000190734863
310,11,11405,supports_refusal,0.023648614063858986,0.023648614063858986,0.023653574287891388,0.020998500287532806,0.9950000047683716,0.9950000047683716
311,24,5504,suppresses_refusal,-0.023591404780745506,0.023591404780745506,0.023591404780745506,0.012288086116313934,0.0,1.0
312,1,10289,supports_refusal,0.023542175069451332,0.023542175069451332,0.023960456252098083,0.01679590903222561,0.9700000286102295,0.9700000286102295
313,16,1592,supports_refusal,0.023534230887889862,0.023534230887889862,0.023909997195005417,0.017976416274905205,0.9449999928474426,0.9449999928474426
314,31,1549,supports_refusal,0.023469924926757812,0.023469924926757812,0.02681579627096653,0.02217668481171131,0.8899999856948853,0.8899999856948853
315,10,11908,supports_refusal,0.023468894883990288,0.023468894883990288,0.02376232109963894,0.02756231091916561,0.9800000190734863,0.9800000190734863
316,8,8632,supports_refusal,0.02346084825694561,0.02346084825694561,0.03129148855805397,0.036670368164777756,0.7850000262260437,0.7850000262260437
317,28,3797,suppresses_refusal,-0.02345544844865799,0.02345544844865799,0.023507004603743553,0.01825322024524212,0.02500000037252903,0.9750000238418579
318,29,9595,suppresses_refusal,-0.023401984944939613,0.023401984944939613,0.025210915133357048,0.017816005274653435,0.08500000089406967,0.9150000214576721
319,16,9901,suppresses_refusal,-0.02334640547633171,0.02334640547633171,0.02334640547633171,0.009885253384709358,0.0,1.0
320,15,13528,supports_refusal,0.02333652414381504,0.02333652414381504,0.023613624274730682,0.01595274545252323,0.9599999785423279,0.9599999785423279
321,2,7890,suppresses_refusal,-0.023271486163139343,0.023271486163139343,0.023613087832927704,0.017009170725941658,0.03500000014901161,0.9649999737739563
322,29,12988,supports_refusal,0.023174628615379333,0.023174628615379333,0.02548999711871147,0.02240719087421894,0.8999999761581421,0.8999999761581421
323,16,8434,supports_refusal,0.023162251338362694,0.023162251338362694,0.0239400677382946,0.021952155977487564,0.925000011920929,0.925000011920929
324,28,1447,supports_refusal,0.02305356040596962,0.02305356040596962,0.02741255797445774,0.025047918781638145,0.800000011920929,0.800000011920929
325,9,7715,supports_refusal,0.022996587678790092,0.022996587678790092,0.02329276129603386,0.01621757447719574,0.9800000190734863,0.9800000190734863
326,29,1295,supports_refusal,0.022984495386481285,0.022984495386481285,0.02306581474840641,0.014212684705853462,0.9750000238418579,0.9750000238418579
327,29,6400,suppresses_refusal,-0.022973937913775444,0.022973937913775444,0.02348235994577408,0.016014758497476578,0.05999999865889549,0.9399999976158142
328,31,12776,suppresses_refusal,-0.022927207872271538,0.022927207872271538,0.023056143894791603,0.006460219155997038,0.014999999664723873,0.9850000143051147
329,6,13783,supports_refusal,0.022922344505786896,0.022922344505786896,0.023786257952451706,0.021703781560063362,0.9700000286102295,0.9700000286102295
330,31,3499,supports_refusal,0.02280263975262642,0.02280263975262642,0.02294393628835678,0.022266624495387077,0.9850000143051147,0.9850000143051147
331,14,14167,suppresses_refusal,-0.022728195413947105,0.022728195413947105,0.022979164496064186,0.01602151431143284,0.02500000037252903,0.9750000238418579
332,24,7245,suppresses_refusal,-0.022717580199241638,0.022717580199241638,0.022717580199241638,0.015052122995257378,0.0,1.0
333,31,12917,supports_refusal,0.022687911987304688,0.022687911987304688,0.022687911987304688,0.008859512396156788,1.0,1.0
334,31,4046,suppresses_refusal,-0.022599907591938972,0.022599907591938972,0.029503898695111275,0.028935128822922707,0.22499999403953552,0.7749999761581421
335,4,1804,supports_refusal,0.022569255903363228,0.022569255903363228,0.023843521252274513,0.021387076005339622,0.9300000071525574,0.9300000071525574
336,31,9050,suppresses_refusal,-0.022533874958753586,0.022533874958753586,0.024184875190258026,0.017627021297812462,0.07999999821186066,0.9200000166893005
337,31,507,suppresses_refusal,-0.022466277703642845,0.022466277703642845,0.022488556802272797,0.009854313917458057,0.004999999888241291,0.9950000047683716
338,31,12119,supports_refusal,0.022451018914580345,0.022451018914580345,0.04587310925126076,0.05243533104658127,0.6349999904632568,0.6349999904632568
339,29,6859,supports_refusal,0.022428283467888832,0.022428283467888832,0.022428283467888832,0.008893648162484169,1.0,1.0
340,31,5535,suppresses_refusal,-0.02242419309914112,0.02242419309914112,0.0224649328738451,0.01591438055038452,0.014999999664723873,0.9850000143051147
341,13,11412,suppresses_refusal,-0.022394666448235512,0.022394666448235512,0.02250163070857525,0.017590761184692383,0.02500000037252903,0.9750000238418579
342,31,4921,supports_refusal,0.02238357625901699,0.02238357625901699,0.02238357625901699,0.00809524953365326,1.0,1.0
343,1,3682,supports_refusal,0.02231738716363907,0.02231738716363907,0.023648226633667946,0.022423936054110527,0.8999999761581421,0.8999999761581421
344,30,13087,supports_refusal,0.022290440276265144,0.022290440276265144,0.02275892347097397,0.01071255560964346,0.9599999785423279,0.9599999785423279
345,20,2238,supports_refusal,0.022253455594182014,0.022253455594182014,0.022417031228542328,0.012790335342288017,0.9950000047683716,0.9950000047683716
346,5,9654,supports_refusal,0.022203121334314346,0.022203121334314346,0.022649899125099182,0.012800467200577259,0.9750000238418579,0.9750000238418579
347,31,14027,suppresses_refusal,-0.022067850455641747,0.022067850455641747,0.024637168273329735,0.018905801698565483,0.0949999988079071,0.9049999713897705
348,31,855,suppresses_refusal,-0.022054137662053108,0.022054137662053108,0.023088837042450905,0.013785208575427532,0.05000000074505806,0.949999988079071
349,4,2793,supports_refusal,0.02197032980620861,0.02197032980620861,0.02808246575295925,0.028693173080682755,0.8299999833106995,0.8299999833106995
350,29,10899,supports_refusal,0.021846618503332138,0.021846618503332138,0.021846618503332138,0.007162568625062704,1.0,1.0
351,7,10827,supports_refusal,0.02178480103611946,0.02178480103611946,0.025945262983441353,0.036671314388513565,0.875,0.875
352,31,11348,suppresses_refusal,-0.021746864542365074,0.021746864542365074,0.021746864542365074,0.004899091552942991,0.0,1.0
353,21,8329,suppresses_refusal,-0.021703414618968964,0.021703414618968964,0.021960372105240822,0.011798587627708912,0.019999999552965164,0.9800000190734863
354,1,11930,suppresses_refusal,-0.021692829206585884,0.021692829206585884,0.021739445626735687,0.014371977187693119,0.014999999664723873,0.9850000143051147
355,31,1418,suppresses_refusal,-0.021529922261834145,0.021529922261834145,0.021729202941060066,0.0063584898598492146,0.009999999776482582,0.9900000095367432
356,0,7279,supports_refusal,0.021490097045898438,0.021490097045898438,0.021872254088521004,0.01556888222694397,0.9750000238418579,0.9750000238418579
357,31,6614,suppresses_refusal,-0.02145414426922798,0.02145414426922798,0.022333163768053055,0.018509555608034134,0.07999999821186066,0.9200000166893005
358,24,5026,suppresses_refusal,-0.02143383026123047,0.02143383026123047,0.02191638946533203,0.013071862049400806,0.04500000178813934,0.9549999833106995
359,31,2538,supports_refusal,0.02139594964683056,0.02139594964683056,0.02139594964683056,0.009367948397994041,1.0,1.0
360,31,12145,suppresses_refusal,-0.02136436477303505,0.02136436477303505,0.023966941982507706,0.01642289198935032,0.0949999988079071,0.9049999713897705
361,31,2945,supports_refusal,0.021296996623277664,0.021296996623277664,0.025261078029870987,0.024682242423295975,0.8199999928474426,0.8199999928474426
362,28,11293,supports_refusal,0.021106338128447533,0.021106338128447533,0.021205443888902664,0.0129857761785388,0.9850000143051147,0.9850000143051147
363,29,90,supports_refusal,0.021102752536535263,0.021102752536535263,0.021102752536535263,0.01269936840981245,1.0,1.0
364,19,12164,suppresses_refusal,-0.02108648233115673,0.02108648233115673,0.02479696273803711,0.021019764244556427,0.15000000596046448,0.8500000238418579
365,30,8614,suppresses_refusal,-0.020940475165843964,0.020940475165843964,0.021799545735120773,0.014183220453560352,0.05999999865889549,0.9399999976158142
366,27,38,supports_refusal,0.020901793614029884,0.020901793614029884,0.020901793614029884,0.004598916042596102,1.0,1.0
367,0,11587,supports_refusal,0.020875358954072,0.020875358954072,0.022491492331027985,0.01856146566569805,0.9549999833106995,0.9549999833106995
368,31,2344,supports_refusal,0.020871315151453018,0.020871315151453018,0.02226375602185726,0.018101869150996208,0.9150000214576721,0.9150000214576721
369,3,2136,suppresses_refusal,-0.02086263708770275,0.02086263708770275,0.020896969363093376,0.012954281643033028,0.004999999888241291,0.9950000047683716
370,28,7491,suppresses_refusal,-0.020808029919862747,0.020808029919862747,0.020908355712890625,0.0111372210085392,0.014999999664723873,0.9850000143051147
371,30,13984,suppresses_refusal,-0.020509719848632812,0.020509719848632812,0.020521430298686028,0.015145988203585148,0.014999999664723873,0.9850000143051147
372,31,11691,supports_refusal,0.02050521783530712,0.02050521783530712,0.0205424502491951,0.006615087389945984,0.9950000047683716,0.9950000047683716
373,31,5371,suppresses_refusal,-0.02049705572426319,0.02049705572426319,0.02075187675654888,0.01241145096719265,0.02500000037252903,0.9750000238418579
374,28,10843,suppresses_refusal,-0.02049102820456028,0.02049102820456028,0.02049102820456028,0.006865217816084623,0.0,1.0
375,29,13217,suppresses_refusal,-0.020440520718693733,0.020440520718693733,0.02046356163918972,0.008008147589862347,0.004999999888241291,0.9950000047683716
376,31,3358,suppresses_refusal,-0.020431671291589737,0.020431671291589737,0.02047252655029297,0.01207094918936491,0.014999999664723873,0.9850000143051147
377,29,7777,supports_refusal,0.020389489829540253,0.020389489829540253,0.02046790160238743,0.013383451849222183,0.9750000238418579,0.9750000238418579
378,31,12446,suppresses_refusal,-0.020310668274760246,0.020310668274760246,0.03503661975264549,0.036451760679483414,0.23000000417232513,0.7699999809265137
379,31,5287,suppresses_refusal,-0.02027534507215023,0.02027534507215023,0.02027534507215023,0.007782729808241129,0.0,1.0
380,30,7146,suppresses_refusal,-0.02026931755244732,0.02026931755244732,0.02327163703739643,0.017102155834436417,0.0949999988079071,0.9049999713897705
381,28,6,suppresses_refusal,-0.020191650837659836,0.020191650837659836,0.020191650837659836,0.007913180626928806,0.0,1.0
382,30,1795,supports_refusal,0.020189056172966957,0.020189056172966957,0.027814483270049095,0.02706846594810486,0.7549999952316284,0.7549999952316284
383,31,2474,supports_refusal,0.020182114094495773,0.020182114094495773,0.02049049362540245,0.012868558056652546,0.9700000286102295,0.9700000286102295
384,31,10716,supports_refusal,0.020158156752586365,0.020158156752586365,0.02320091240108013,0.022887244820594788,0.824999988079071,0.824999988079071
385,22,3629,suppresses_refusal,-0.02002149634063244,0.02002149634063244,0.022626133635640144,0.016202474012970924,0.10999999940395355,0.8899999856948853
386,3,13620,suppresses_refusal,-0.0199724193662405,0.0199724193662405,0.020455818623304367,0.012713883072137833,0.004999999888241291,0.9950000047683716
387,31,2564,supports_refusal,0.019941864535212517,0.019941864535212517,0.019941864535212517,0.00875898264348507,1.0,1.0
388,30,1832,suppresses_refusal,-0.01993667520582676,0.01993667520582676,0.01993667520582676,0.004803692921996117,0.0,1.0
389,4,3869,supports_refusal,0.01992996223270893,0.01992996223270893,0.019981231540441513,0.012463478371500969,0.9950000047683716,0.9950000047683716
390,31,12514,supports_refusal,0.019922027364373207,0.019922027364373207,0.019945334643125534,0.011711002327501774,0.9800000190734863,0.9800000190734863
391,31,1919,supports_refusal,0.019918670877814293,0.019918670877814293,0.026136932894587517,0.029437623918056488,0.7200000286102295,0.7200000286102295
392,31,9678,suppresses_refusal,-0.01987449638545513,0.01987449638545513,0.01987449638545513,0.014882693998515606,0.0,1.0
393,22,703,suppresses_refusal,-0.019862594082951546,0.019862594082951546,0.01991874724626541,0.012783696874976158,0.004999999888241291,0.9950000047683716
394,31,4179,supports_refusal,0.019839400425553322,0.019839400425553322,0.027303695678710938,0.027874836698174477,0.7649999856948853,0.7649999856948853
395,31,4352,suppresses_refusal,-0.019818877801299095,0.019818877801299095,0.019858550280332565,0.009174874052405357,0.004999999888241291,0.9950000047683716
396,12,2404,suppresses_refusal,-0.019815750420093536,0.019815750420093536,0.020113296806812286,0.014541310258209705,0.05999999865889549,0.9399999976158142
397,3,8902,supports_refusal,0.019797557964920998,0.019797557964920998,0.022761225700378418,0.027333879843354225,0.875,0.875
398,24,12975,supports_refusal,0.019767308607697487,0.019767308607697487,0.020152106881141663,0.013690195046365261,0.9750000238418579,0.9750000238418579
399,31,14211,suppresses_refusal,-0.019766921177506447,0.019766921177506447,0.019786987453699112,0.020033471286296844,0.009999999776482582,0.9900000095367432
400,31,14107,suppresses_refusal,-0.01973913237452507,0.01973913237452507,0.02395746298134327,0.020720327273011208,0.19499999284744263,0.8050000071525574
401,2,10698,supports_refusal,0.01972014456987381,0.01972014456987381,0.01987990364432335,0.015636833384633064,0.9850000143051147,0.9850000143051147
402,29,12574,suppresses_refusal,-0.01970001310110092,0.01970001310110092,0.01970001310110092,0.008805141784250736,0.0,1.0
403,31,12850,suppresses_refusal,-0.01968994177877903,0.01968994177877903,0.01968994177877903,0.005180159118026495,0.0,1.0
404,30,14058,suppresses_refusal,-0.01964828558266163,0.01964828558266163,0.019679106771945953,0.008084638975560665,0.004999999888241291,0.9950000047683716
405,30,2927,supports_refusal,0.019545050337910652,0.019545050337910652,0.02016327902674675,0.011503719724714756,0.949999988079071,0.949999988079071
406,12,6268,suppresses_refusal,-0.01952461153268814,0.01952461153268814,0.020104674622416496,0.01818728819489479,0.10499999672174454,0.8949999809265137
407,16,13195,supports_refusal,0.01951822265982628,0.01951822265982628,0.01958581991493702,0.011561566032469273,0.9850000143051147,0.9850000143051147
408,4,3960,suppresses_refusal,-0.019390840083360672,0.019390840083360672,0.0231876652687788,0.02402099035680294,0.11999999731779099,0.8799999952316284
409,22,1070,suppresses_refusal,-0.01936904899775982,0.01936904899775982,0.01936904899775982,0.006544922478497028,0.0,1.0
410,29,13302,supports_refusal,0.01933024823665619,0.01933024823665619,0.020014148205518723,0.020230688154697418,0.8899999856948853,0.8899999856948853
411,18,9602,suppresses_refusal,-0.019301986321806908,0.019301986321806908,0.01930335909128189,0.007801935076713562,0.004999999888241291,0.9950000047683716
412,29,13822,suppresses_refusal,-0.01929752342402935,0.01929752342402935,0.019621696323156357,0.013491053134202957,0.05000000074505806,0.949999988079071
413,30,14059,supports_refusal,0.019163666293025017,0.019163666293025017,0.019163666293025017,0.006850874982774258,1.0,1.0
414,31,13293,supports_refusal,0.019160347059369087,0.019160347059369087,0.01925373077392578,0.012003607116639614,0.9800000190734863,0.9800000190734863
415,31,4358,suppresses_refusal,-0.019138336181640625,0.019138336181640625,0.019138336181640625,0.007107036653906107,0.0,1.0
416,10,4148,supports_refusal,0.019121970981359482,0.019121970981359482,0.01919383928179741,0.011018742807209492,0.9900000095367432,0.9900000095367432
417,31,12862,suppresses_refusal,-0.019106941297650337,0.019106941297650337,0.019127540290355682,0.0113968625664711,0.014999999664723873,0.9850000143051147
418,30,635,supports_refusal,0.019092407077550888,0.019092407077550888,0.019092407077550888,0.0034847247879952192,1.0,1.0
419,31,5206,suppresses_refusal,-0.019078465178608894,0.019078465178608894,0.019081326201558113,0.008024722337722778,0.004999999888241291,0.9950000047683716
420,30,6894,suppresses_refusal,-0.019067058339715004,0.019067058339715004,0.020167522132396698,0.016771890223026276,0.10999999940395355,0.8899999856948853
421,28,6170,suppresses_refusal,-0.019058560952544212,0.019058560952544212,0.01964268647134304,0.015804074704647064,0.07000000029802322,0.9300000071525574
422,29,7349,suppresses_refusal,-0.018984384834766388,0.018984384834766388,0.019966021180152893,0.014699499122798443,0.07500000298023224,0.925000011920929
423,28,447,supports_refusal,0.018952617421746254,0.018952617421746254,0.019264735281467438,0.012883496470749378,0.9399999976158142,0.9399999976158142
424,30,2512,supports_refusal,0.018950261175632477,0.018950261175632477,0.019186869263648987,0.011182003654539585,0.9649999737739563,0.9649999737739563
425,19,7854,supports_refusal,0.018926410004496574,0.018926410004496574,0.020106792449951172,0.013554939068853855,0.9399999976158142,0.9399999976158142
426,6,10840,supports_refusal,0.018926143646240234,0.018926143646240234,0.019306277856230736,0.013969582505524158,0.9649999737739563,0.9649999737739563
427,10,3609,suppresses_refusal,-0.018896522000432014,0.018896522000432014,0.018946953117847443,0.012527492828667164,0.014999999664723873,0.9850000143051147
428,31,2756,suppresses_refusal,-0.018799971789121628,0.018799971789121628,0.01983749307692051,0.015755649656057358,0.10499999672174454,0.8949999809265137
429,23,11088,suppresses_refusal,-0.018756790086627007,0.018756790086627007,0.018756790086627007,0.012762585654854774,0.0,1.0
430,28,2430,suppresses_refusal,-0.018651828169822693,0.018651828169822693,0.019032802432775497,0.008291338570415974,0.009999999776482582,0.9900000095367432
431,12,613,suppresses_refusal,-0.018596336245536804,0.018596336245536804,0.019022570922970772,0.020563261583447456,0.03999999910593033,0.9599999785423279
432,31,9825,suppresses_refusal,-0.018593139946460724,0.018593139946460724,0.019097138196229935,0.010930273681879044,0.04500000178813934,0.9549999833106995
433,28,12739,supports_refusal,0.018559837713837624,0.018559837713837624,0.018581200391054153,0.01040696445852518,0.9950000047683716,0.9950000047683716
434,3,1990,supports_refusal,0.018475184217095375,0.018475184217095375,0.020490288734436035,0.02225232496857643,0.8700000047683716,0.8700000047683716
435,12,4065,supports_refusal,0.01846958138048649,0.01846958138048649,0.02269968017935753,0.029186056926846504,0.7799999713897705,0.7799999713897705
436,15,5862,supports_refusal,0.01846829429268837,0.01846829429268837,0.018581818789243698,0.009346465580165386,0.9950000047683716,0.9950000047683716
437,31,9276,supports_refusal,0.018454227596521378,0.018454227596521378,0.01931644417345524,0.013598073273897171,0.9150000214576721,0.9150000214576721
438,13,13189,suppresses_refusal,-0.018446922302246094,0.018446922302246094,0.018555106595158577,0.012299875728785992,0.03999999910593033,0.9599999785423279
439,31,9187,suppresses_refusal,-0.018445320427417755,0.018445320427417755,0.019252967089414597,0.012908270582556725,0.07000000029802322,0.9300000071525574
440,28,11921,supports_refusal,0.01843295991420746,0.01843295991420746,0.01902690902352333,0.011987091042101383,0.9549999833106995,0.9549999833106995
441,31,3759,suppresses_refusal,-0.018387431278824806,0.018387431278824806,0.022219734266400337,0.020503809675574303,0.17499999701976776,0.824999988079071
442,29,11008,suppresses_refusal,-0.01835983246564865,0.01835983246564865,0.019023895263671875,0.011712553910911083,0.004999999888241291,0.9950000047683716
443,20,8083,suppresses_refusal,-0.0183313749730587,0.0183313749730587,0.018553543835878372,0.00866207666695118,0.004999999888241291,0.9950000047683716
444,31,10036,supports_refusal,0.018313731998205185,0.018313731998205185,0.018363628536462784,0.00988885946571827,0.9850000143051147,0.9850000143051147
445,31,5919,supports_refusal,0.018289031460881233,0.018289031460881233,0.03288532420992851,0.03844141960144043,0.6600000262260437,0.6600000262260437
446,30,9049,suppresses_refusal,-0.018271179869771004,0.018271179869771004,0.018271179869771004,0.007495536468923092,0.0,1.0
447,26,9709,supports_refusal,0.018265999853610992,0.018265999853610992,0.01837235502898693,0.011786728166043758,0.9750000238418579,0.9750000238418579
448,31,8777,suppresses_refusal,-0.01826469413936138,0.01826469413936138,0.018372878432273865,0.006230562459677458,0.014999999664723873,0.9850000143051147
449,30,10768,suppresses_refusal,-0.018256254494190216,0.018256254494190216,0.018823174759745598,0.014207660220563412,0.07000000029802322,0.9300000071525574
450,31,12841,suppresses_refusal,-0.018214568495750427,0.018214568495750427,0.020816802978515625,0.01859782636165619,0.14499999582767487,0.8550000190734863
451,1,2278,suppresses_refusal,-0.01818496733903885,0.01818496733903885,0.018905028700828552,0.014045893214643002,0.03999999910593033,0.9599999785423279
452,30,559,supports_refusal,0.018121909350156784,0.018121909350156784,0.020824851468205452,0.017573025077581406,0.8500000238418579,0.8500000238418579
453,1,3404,suppresses_refusal,-0.01811474747955799,0.01811474747955799,0.030147848650813103,0.03734630346298218,0.2549999952316284,0.7450000047683716
454,4,7334,supports_refusal,0.01809071935713291,0.01809071935713291,0.020419707521796227,0.018468771129846573,0.8799999952316284,0.8799999952316284
455,31,12591,supports_refusal,0.018064917996525764,0.018064917996525764,0.025994377210736275,0.028156975284218788,0.7149999737739563,0.7149999737739563
456,3,6301,supports_refusal,0.018039310351014137,0.018039310351014137,0.018094094470143318,0.016462339088320732,0.9549999833106995,0.9549999833106995
457,31,4160,supports_refusal,0.018026771023869514,0.018026771023869514,0.018073424696922302,0.010143524967133999,0.9900000095367432,0.9900000095367432
458,30,3436,supports_refusal,0.018012695014476776,0.018012695014476776,0.018107909709215164,0.006003580521792173,0.9950000047683716,0.9950000047683716
459,19,4712,supports_refusal,0.0179859921336174,0.0179859921336174,0.018241729587316513,0.01332224439829588,0.9649999737739563,0.9649999737739563
460,2,9353,suppresses_refusal,-0.017944488674402237,0.017944488674402237,0.01974138244986534,0.019027141854166985,0.10499999672174454,0.8949999809265137
461,25,4805,supports_refusal,0.017938271164894104,0.017938271164894104,0.018021507188677788,0.009677414782345295,0.9900000095367432,0.9900000095367432
462,31,2036,suppresses_refusal,-0.017919158563017845,0.017919158563017845,0.018288878723978996,0.009331540204584599,0.05000000074505806,0.949999988079071
463,2,3373,supports_refusal,0.01790890283882618,0.01790890283882618,0.03290377929806709,0.04189057648181915,0.7250000238418579,0.7250000238418579
464,31,9519,supports_refusal,0.01790027692914009,0.01790027692914009,0.0188723374158144,0.01351699884980917,0.9300000071525574,0.9300000071525574
465,8,13676,suppresses_refusal,-0.01777688041329384,0.01777688041329384,0.019014520570635796,0.045698899775743484,0.2750000059604645,0.7250000238418579
466,12,9114,supports_refusal,0.017772946506738663,0.017772946506738663,0.023150162771344185,0.025495843961834908,0.824999988079071,0.824999988079071
467,31,10233,supports_refusal,0.017771834507584572,0.017771834507584572,0.021658707410097122,0.02000807225704193,0.8199999928474426,0.8199999928474426
468,31,102,supports_refusal,0.017763519659638405,0.017763519659638405,0.03727859631180763,0.043426763266325,0.6850000023841858,0.6850000023841858
469,8,9090,supports_refusal,0.017741532996296883,0.017741532996296883,0.01848166063427925,0.023954611271619797,0.949999988079071,0.949999988079071
470,28,5336,supports_refusal,0.017690973356366158,0.017690973356366158,0.017776861786842346,0.00972871482372284,0.9800000190734863,0.9800000190734863
471,31,879,supports_refusal,0.01765504851937294,0.01765504851937294,0.01765638403594494,0.005559466313570738,0.9950000047683716,0.9950000047683716
472,31,7096,supports_refusal,0.017592163756489754,0.017592163756489754,0.017592163756489754,0.004419079981744289,1.0,1.0
473,10,8322,supports_refusal,0.017558354884386063,0.017558354884386063,0.02102338708937168,0.02458660490810871,0.8050000071525574,0.8050000071525574
474,28,9928,suppresses_refusal,-0.017556792125105858,0.017556792125105858,0.02876151166856289,0.03199077397584915,0.23499999940395355,0.7649999856948853
475,0,8001,supports_refusal,0.01754887029528618,0.01754887029528618,0.018434053286910057,0.01490569394081831,0.9100000262260437,0.9100000262260437
476,30,936,supports_refusal,0.017472267150878906,0.017472267150878906,0.03751590847969055,0.04321836307644844,0.7149999737739563,0.7149999737739563
477,31,10949,suppresses_refusal,-0.017410583794116974,0.017410583794116974,0.017410583794116974,0.007620828226208687,0.0,1.0
478,17,2591,suppresses_refusal,-0.017410526052117348,0.017410526052117348,0.01769392006099224,0.013097439892590046,0.05999999865889549,0.9399999976158142
479,31,13989,supports_refusal,0.01740257255733013,0.01740257255733013,0.018332747742533684,0.01278473436832428,0.9049999713897705,0.9049999713897705
480,1,12834,suppresses_refusal,-0.01739117130637169,0.01739117130637169,0.017519354820251465,0.014870380982756615,0.02500000037252903,0.9750000238418579
481,30,6816,suppresses_refusal,-0.017374878749251366,0.017374878749251366,0.017374878749251366,0.0035626660101115704,0.0,1.0
482,26,6653,suppresses_refusal,-0.017298603430390358,0.017298603430390358,0.01731828600168228,0.010200339369475842,0.004999999888241291,0.9950000047683716
483,30,10431,suppresses_refusal,-0.01725861057639122,0.01725861057639122,0.026784053072333336,0.024170279502868652,0.23000000417232513,0.7699999809265137
484,2,6180,suppresses_refusal,-0.017222385853528976,0.017222385853528976,0.017406921833753586,0.024146517738699913,0.014999999664723873,0.9850000143051147
485,25,3897,suppresses_refusal,-0.017193222418427467,0.017193222418427467,0.01848510652780533,0.016140511259436607,0.10499999672174454,0.8949999809265137
486,3,10378,supports_refusal,0.017162451520562172,0.017162451520562172,0.017945313826203346,0.015692222863435745,0.9549999833106995,0.9549999833106995
487,29,4946,suppresses_refusal,-0.01714101806282997,0.01714101806282997,0.019428005442023277,0.015848087146878242,0.10499999672174454,0.8949999809265137
488,3,1072,supports_refusal,0.017136259004473686,0.017136259004473686,0.017290163785219193,0.01247631385922432,0.9800000190734863,0.9800000190734863
489,29,5272,suppresses_refusal,-0.017093848437070847,0.017093848437070847,0.017123451456427574,0.015015726909041405,0.014999999664723873,0.9850000143051147
490,30,13827,supports_refusal,0.017091484740376472,0.017091484740376472,0.01716495491564274,0.00996951200067997,0.9800000190734863,0.9800000190734863
491,31,997,supports_refusal,0.01705581694841385,0.01705581694841385,0.020464325323700905,0.019671952351927757,0.800000011920929,0.800000011920929
492,31,9903,suppresses_refusal,-0.017003022134304047,0.017003022134304047,0.017003022134304047,0.00852029025554657,0.0,1.0
493,17,7878,supports_refusal,0.01697373390197754,0.01697373390197754,0.017633618786931038,0.013864941895008087,0.9350000023841858,0.9350000023841858
494,30,9333,suppresses_refusal,-0.016960754990577698,0.016960754990577698,0.017026061192154884,0.00846984051167965,0.009999999776482582,0.9900000095367432
495,12,1559,supports_refusal,0.016954269260168076,0.016954269260168076,0.01729995757341385,0.010510978288948536,0.9549999833106995,0.9549999833106995
496,26,2537,supports_refusal,0.016943130642175674,0.016943130642175674,0.01703742891550064,0.011548973619937897,0.9800000190734863,0.9800000190734863
497,29,770,suppresses_refusal,-0.016934508457779884,0.016934508457779884,0.016934508457779884,0.007501466665416956,0.0,1.0
498,13,7787,supports_refusal,0.016932817175984383,0.016932817175984383,0.017617201432585716,0.015751589089632034,0.8899999856948853,0.8899999856948853
499,7,3606,suppresses_refusal,-0.0169326551258564,0.0169326551258564,0.016939884051680565,0.015491603873670101,0.009999999776482582,0.9900000095367432
500,31,13292,supports_refusal,0.01691724732518196,0.01691724732518196,0.022328510880470276,0.021730797365307808,0.7799999713897705,0.7799999713897705
501,10,1918,suppresses_refusal,-0.01686440035700798,0.01686440035700798,0.024309448897838593,0.030858764424920082,0.29499998688697815,0.7050000429153442
502,14,957,suppresses_refusal,-0.01686093397438526,0.01686093397438526,0.0170774944126606,0.016473088413476944,0.05000000074505806,0.949999988079071
503,31,10492,suppresses_refusal,-0.01685216836631298,0.01685216836631298,0.019347362220287323,0.015375458635389805,0.12999999523162842,0.8700000047683716
504,22,2002,supports_refusal,0.016816148534417152,0.016816148534417152,0.01745430938899517,0.012896349653601646,0.9449999928474426,0.9449999928474426
505,26,11941,suppresses_refusal,-0.016808051615953445,0.016808051615953445,0.016831474378705025,0.010734840296208858,0.009999999776482582,0.9900000095367432
506,31,11928,supports_refusal,0.016775570809841156,0.016775570809841156,0.017137546092271805,0.009095946326851845,0.9599999785423279,0.9599999785423279
507,28,5817,suppresses_refusal,-0.016699524596333504,0.016699524596333504,0.016742859035730362,0.00821866188198328,0.004999999888241291,0.9950000047683716
508,15,3580,supports_refusal,0.01669320836663246,0.01669320836663246,0.017702767625451088,0.015461055561900139,0.8949999809265137,0.8949999809265137
509,1,7172,suppresses_refusal,-0.01668746955692768,0.01668746955692768,0.016934052109718323,0.012093275785446167,0.03500000014901161,0.9649999737739563
510,31,11990,suppresses_refusal,-0.01655677706003189,0.01655677706003189,0.01679832488298416,0.0058729518204927444,0.019999999552965164,0.9800000190734863
511,31,12839,suppresses_refusal,-0.016506042331457138,0.016506042331457138,0.019195251166820526,0.016448864713311195,0.1550000011920929,0.8450000286102295
512,30,10064,suppresses_refusal,-0.016498565673828125,0.016498565673828125,0.016498565673828125,0.004733613226562738,0.0,1.0
513,31,11999,supports_refusal,0.016475791111588478,0.016475791111588478,0.02635578066110611,0.031114626675844193,0.675000011920929,0.675000011920929
514,27,9615,suppresses_refusal,-0.016461029648780823,0.016461029648780823,0.016461029648780823,0.006579078733921051,0.0,1.0
515,27,8839,suppresses_refusal,-0.016440143808722496,0.016440143808722496,0.017366427928209305,0.013610237278044224,0.13500000536441803,0.8650000095367432
516,29,2233,supports_refusal,0.01643730141222477,0.01643730141222477,0.01643730141222477,0.006082808133214712,1.0,1.0
517,31,9360,suppresses_refusal,-0.016413040459156036,0.016413040459156036,0.016486281529068947,0.005088610574603081,0.009999999776482582,0.9900000095367432
518,31,7104,supports_refusal,0.016355477273464203,0.016355477273464203,0.0323701873421669,0.03684725612401962,0.6650000214576721,0.6650000214576721
519,24,9978,suppresses_refusal,-0.016339492052793503,0.016339492052793503,0.016483688727021217,0.015236210078001022,0.04500000178813934,0.9549999833106995
520,31,11299,suppresses_refusal,-0.016201019287109375,0.016201019287109375,0.016461029648780823,0.00555436173453927,0.019999999552965164,0.9800000190734863
521,31,14071,suppresses_refusal,-0.016197051852941513,0.016197051852941513,0.01654922403395176,0.005649345926940441,0.019999999552965164,0.9800000190734863
522,11,4846,supports_refusal,0.016175616532564163,0.016175616532564163,0.018553316593170166,0.027875198051333427,0.7749999761581421,0.7749999761581421
523,30,9883,suppresses_refusal,-0.016173992305994034,0.016173992305994034,0.020730113610625267,0.018470870330929756,0.08500000089406967,0.9150000214576721
524,26,3009,supports_refusal,0.01616385392844677,0.01616385392844677,0.016489781439304352,0.015854014083743095,0.9150000214576721,0.9150000214576721
525,28,6945,supports_refusal,0.016156954690814018,0.016156954690814018,0.016219478100538254,0.01269600261002779,0.9599999785423279,0.9599999785423279
526,16,429,suppresses_refusal,-0.01615375094115734,0.01615375094115734,0.016880488023161888,0.014464394189417362,0.07999999821186066,0.9200000166893005
527,27,1690,supports_refusal,0.016152480617165565,0.016152480617165565,0.016308730468153954,0.008610866963863373,0.9700000286102295,0.9700000286102295
528,31,2339,supports_refusal,0.01615036092698574,0.01615036092698574,0.01615036092698574,0.007065735291689634,1.0,1.0
529,27,3755,suppresses_refusal,-0.01612619310617447,0.01612619310617447,0.016135158017277718,0.007474379613995552,0.004999999888241291,0.9950000047683716
530,31,5041,suppresses_refusal,-0.016123542562127113,0.016123542562127113,0.019579581916332245,0.015257054939866066,0.08500000089406967,0.9150000214576721
531,30,3744,supports_refusal,0.016111502423882484,0.016111502423882484,0.016113800927996635,0.009771252050995827,0.9950000047683716,0.9950000047683716
532,28,6033,supports_refusal,0.016110243275761604,0.016110243275761604,0.019356245175004005,0.01592673733830452,0.800000011920929,0.800000011920929
533,29,13328,suppresses_refusal,-0.016088934615254402,0.016088934615254402,0.02465762197971344,0.03262382373213768,0.33500000834465027,0.6649999618530273
534,30,2250,supports_refusal,0.016072211787104607,0.016072211787104607,0.01611253246665001,0.008103439584374428,0.9850000143051147,0.9850000143051147
535,29,10586,supports_refusal,0.01599659025669098,0.01599659025669098,0.016049308702349663,0.010455764830112457,0.9900000095367432,0.9900000095367432
536,30,3483,suppresses_refusal,-0.015995102003216743,0.015995102003216743,0.015995102003216743,0.00677620992064476,0.0,1.0
537,26,5916,suppresses_refusal,-0.015969162806868553,0.015969162806868553,0.01643318124115467,0.011643077246844769,0.06499999761581421,0.9350000023841858
538,29,10662,suppresses_refusal,-0.015954136848449707,0.015954136848449707,0.017857899889349937,0.01718015782535076,0.1899999976158142,0.8100000023841858
539,20,9082,supports_refusal,0.015902070328593254,0.015902070328593254,0.016027802601456642,0.009395449422299862,0.9950000047683716,0.9950000047683716
540,1,4544,suppresses_refusal,-0.015896357595920563,0.015896357595920563,0.016027240082621574,0.01279059611260891,0.029999999329447746,0.9700000286102295
541,26,13873,supports_refusal,0.01587478630244732,0.01587478630244732,0.01587478630244732,0.007471170742064714,1.0,1.0
542,29,8858,supports_refusal,0.015867929905653,0.015867929905653,0.015963679179549217,0.007084906101226807,0.9850000143051147,0.9850000143051147
543,18,6786,supports_refusal,0.01581565849483013,0.01581565849483013,0.01582176238298416,0.008526907302439213,0.9950000047683716,0.9950000047683716
544,5,1615,suppresses_refusal,-0.015810037031769753,0.015810037031769753,0.01705227419734001,0.01594957709312439,0.08500000089406967,0.9150000214576721
545,24,6799,suppresses_refusal,-0.01580442488193512,0.01580442488193512,0.01581224426627159,0.009708410128951073,0.004999999888241291,0.9950000047683716
546,4,1619,supports_refusal,0.015793977305293083,0.015793977305293083,0.018942371010780334,0.024674493819475174,0.8199999928474426,0.8199999928474426
547,25,12954,suppresses_refusal,-0.015773583203554153,0.015773583203554153,0.01599506288766861,0.006894041318446398,0.02500000037252903,0.9750000238418579
548,31,11861,suppresses_refusal,-0.01575378328561783,0.01575378328561783,0.01575378328561783,0.005838390905410051,0.0,1.0
549,31,6734,supports_refusal,0.01570800691843033,0.01570800691843033,0.01570800691843033,0.006202808581292629,1.0,1.0
550,18,8146,supports_refusal,0.01569618284702301,0.01569618284702301,0.015975112095475197,0.012851585634052753,0.9399999976158142,0.9399999976158142
551,24,10872,suppresses_refusal,-0.01569236069917679,0.01569236069917679,0.01573663204908371,0.008187096565961838,0.019999999552965164,0.9800000190734863
552,30,2653,suppresses_refusal,-0.015669899061322212,0.015669899061322212,0.030771292746067047,0.03952764719724655,0.25,0.75
553,30,2614,supports_refusal,0.015655498951673508,0.015655498951673508,0.01774625852704048,0.013611312955617905,0.875,0.875
554,30,7388,suppresses_refusal,-0.015591390430927277,0.015591390430927277,0.015785472467541695,0.014503262005746365,0.05999999865889549,0.9399999976158142
555,27,10231,supports_refusal,0.015588779002428055,0.015588779002428055,0.01563243940472603,0.00805242545902729,0.9900000095367432,0.9900000095367432
556,28,11454,supports_refusal,0.015578251332044601,0.015578251332044601,0.015578975901007652,0.007545759901404381,0.9950000047683716,0.9950000047683716
557,8,11791,supports_refusal,0.015575332567095757,0.015575332567095757,0.017394866794347763,0.01981673389673233,0.8899999856948853,0.8899999856948853
558,31,12794,suppresses_refusal,-0.01556194294244051,0.01556194294244051,0.021398354321718216,0.021013174206018448,0.2150000035762787,0.7849999666213989
559,3,7213,supports_refusal,0.015550784766674042,0.015550784766674042,0.024084625765681267,0.030263181775808334,0.7350000143051147,0.7350000143051147
560,17,14096,supports_refusal,0.015543555840849876,0.015543555840849876,0.023225747048854828,0.024858027696609497,0.7300000190734863,0.7300000190734863
561,31,847,supports_refusal,0.015532655641436577,0.015532655641436577,0.015595445409417152,0.011879123747348785,0.9700000286102295,0.9700000286102295
562,4,10993,suppresses_refusal,-0.015471477061510086,0.015471477061510086,0.015981798991560936,0.011631577275693417,0.019999999552965164,0.9800000190734863
563,31,11350,supports_refusal,0.015450448729097843,0.015450448729097843,0.016352549195289612,0.013021889142692089,0.9350000023841858,0.9350000023841858
564,31,3735,supports_refusal,0.015439567156136036,0.015439567156136036,0.015453376807272434,0.009408473037183285,0.9950000047683716,0.9950000047683716
565,19,13845,supports_refusal,0.015381279401481152,0.015381279401481152,0.018131675198674202,0.01685291901230812,0.8500000238418579,0.8500000238418579
566,29,3490,supports_refusal,0.01537956204265356,0.01537956204265356,0.02429100126028061,0.02700287476181984,0.7649999856948853,0.7649999856948853
567,31,9114,suppresses_refusal,-0.015377807430922985,0.015377807430922985,0.016552582383155823,0.0130180474370718,0.12999999523162842,0.8700000047683716
568,17,12441,supports_refusal,0.015337334014475346,0.015337334014475346,0.015347938984632492,0.006552699487656355,0.9900000095367432,0.9900000095367432
569,31,6657,supports_refusal,0.01524414774030447,0.01524414774030447,0.015681885182857513,0.015005994588136673,0.8899999856948853,0.8899999856948853
570,15,8213,supports_refusal,0.015236586332321167,0.015236586332321167,0.015874823555350304,0.011882937513291836,0.9350000023841858,0.9350000023841858
571,31,12035,supports_refusal,0.015229730866849422,0.015229730866849422,0.016934899613261223,0.014634791761636734,0.8500000238418579,0.8500000238418579
572,31,6424,suppresses_refusal,-0.015197601169347763,0.015197601169347763,0.018932342529296875,0.016934962943196297,0.14499999582767487,0.8550000190734863
573,30,5526,suppresses_refusal,-0.015151891857385635,0.015151891857385635,0.017033414915204048,0.015364176593720913,0.15000000596046448,0.8500000238418579
574,31,9628,supports_refusal,0.015140647999942303,0.015140647999942303,0.015250892378389835,0.009349984116852283,0.9800000190734863,0.9800000190734863
575,23,10213,supports_refusal,0.015089149586856365,0.015089149586856365,0.015772361308336258,0.06051326543092728,0.8500000238418579,0.8500000238418579
576,31,2528,suppresses_refusal,-0.015085983090102673,0.015085983090102673,0.015146637335419655,0.006315392442047596,0.03500000014901161,0.9649999737739563
577,12,6150,supports_refusal,0.015076894313097,0.015076894313097,0.015237588435411453,0.011447854340076447,0.949999988079071,0.949999988079071
578,29,13736,suppresses_refusal,-0.015073470771312714,0.015073470771312714,0.015586767345666885,0.012661263346672058,0.0949999988079071,0.9049999713897705
579,4,2995,supports_refusal,0.01506556011736393,0.01506556011736393,0.016664529219269753,0.017054930329322815,0.9049999713897705,0.9049999713897705
580,31,12719,suppresses_refusal,-0.01505405455827713,0.01505405455827713,0.015056190080940723,0.004674460738897324,0.004999999888241291,0.9950000047683716
581,4,9349,supports_refusal,0.01501895859837532,0.01501895859837532,0.015024680644273758,0.011154609732329845,0.9950000047683716,0.9950000047683716
582,18,8177,suppresses_refusal,-0.015017671510577202,0.015017671510577202,0.016988124698400497,0.01767111010849476,0.1899999976158142,0.8100000023841858
583,31,12226,supports_refusal,0.015014023520052433,0.015014023520052433,0.02535363659262657,0.032080113887786865,0.6200000047683716,0.6200000047683716
584,30,2420,suppresses_refusal,-0.014967193827033043,0.014967193827033043,0.014967193827033043,0.0038102436810731888,0.0,1.0
585,28,12702,suppresses_refusal,-0.01494445838034153,0.01494445838034153,0.01494445838034153,0.005428800825029612,0.0,1.0
586,2,12277,supports_refusal,0.014943104237318039,0.014943104237318039,0.016538485884666443,0.015368753112852573,0.8999999761581421,0.8999999761581421
587,31,10505,suppresses_refusal,-0.014901809394359589,0.014901809394359589,0.014901809394359589,0.007059886120259762,0.0,1.0
588,18,6898,supports_refusal,0.014891363680362701,0.014891363680362701,0.020804591476917267,0.02279805950820446,0.7850000262260437,0.7850000262260437
589,1,6318,supports_refusal,0.014886541292071342,0.014886541292071342,0.015959234908223152,0.01435197051614523,0.925000011920929,0.925000011920929
590,12,3327,supports_refusal,0.01485055685043335,0.01485055685043335,0.01704065129160881,0.018693964928388596,0.8299999833106995,0.8299999833106995
591,4,11701,suppresses_refusal,-0.014846725389361382,0.014846725389361382,0.015263442881405354,0.010197902098298073,0.019999999552965164,0.9800000190734863
592,12,14045,suppresses_refusal,-0.014787187799811363,0.014787187799811363,0.01493512187153101,0.015520425513386726,0.05000000074505806,0.949999988079071
593,19,11877,supports_refusal,0.014774193987250328,0.014774193987250328,0.014868016354739666,0.010820106603205204,0.9700000286102295,0.9700000286102295
594,30,10126,supports_refusal,0.014757156372070312,0.014757156372070312,0.014757156372070312,0.005972608923912048,1.0,1.0
595,31,13063,suppresses_refusal,-0.014746170490980148,0.014746170490980148,0.014746170490980148,0.007618810050189495,0.0,1.0
596,8,7034,suppresses_refusal,-0.014738100580871105,0.014738100580871105,0.015323866158723831,0.01446570735424757,0.09000000357627869,0.9099999666213989
597,30,1978,suppresses_refusal,-0.014733734540641308,0.014733734540641308,0.014733734540641308,0.0029482338577508926,0.0,1.0
598,30,8026,suppresses_refusal,-0.014730453491210938,0.014730453491210938,0.014993973076343536,0.00785063486546278,0.03500000014901161,0.9649999737739563
599,15,13591,suppresses_refusal,-0.014727639965713024,0.014727639965713024,0.014840859919786453,0.007431683596223593,0.014999999664723873,0.9850000143051147
600,30,11725,suppresses_refusal,-0.014718971215188503,0.014718971215188503,0.014718971215188503,0.00558929517865181,0.0,1.0
601,25,8728,suppresses_refusal,-0.014687652699649334,0.014687652699649334,0.014868507161736488,0.014643591828644276,0.04500000178813934,0.9549999833106995
602,30,5087,suppresses_refusal,-0.014674577862024307,0.014674577862024307,0.014674577862024307,0.007822087034583092,0.0,1.0
603,10,11152,suppresses_refusal,-0.014662742614746094,0.014662742614746094,0.031101036816835403,0.045330725610256195,0.4050000011920929,0.5950000286102295
604,30,3397,supports_refusal,0.014648308977484703,0.014648308977484703,0.015610642731189728,0.01326816063374281,0.875,0.875
605,27,2012,suppresses_refusal,-0.014644794166088104,0.014644794166088104,0.019709376618266106,0.023199081420898438,0.26499998569488525,0.7350000143051147
606,31,7687,supports_refusal,0.01464233361184597,0.01464233361184597,0.01464233361184597,0.005686025135219097,1.0,1.0
607,10,6230,supports_refusal,0.014620840549468994,0.014620840549468994,0.016333868727087975,0.02135741338133812,0.824999988079071,0.824999988079071
608,31,12270,suppresses_refusal,-0.014618415385484695,0.014618415385484695,0.014618415385484695,0.010432601906359196,0.0,1.0
609,1,4408,supports_refusal,0.01459562312811613,0.01459562312811613,0.015034770593047142,0.012603048235177994,0.9599999785423279,0.9599999785423279
610,31,11680,suppresses_refusal,-0.014590835198760033,0.014590835198760033,0.014590835198760033,0.007199387531727552,0.0,1.0
611,30,5051,supports_refusal,0.014506149105727673,0.014506149105727673,0.014586028642952442,0.009331968612968922,0.9750000238418579,0.9750000238418579
612,13,13824,supports_refusal,0.014482574537396431,0.014482574537396431,0.01552535966038704,0.012626450508832932,0.8799999952316284,0.8799999952316284
613,28,7734,suppresses_refusal,-0.014481735415756702,0.014481735415756702,0.014481735415756702,0.006619245279580355,0.0,1.0
614,30,5222,suppresses_refusal,-0.014467461034655571,0.014467461034655571,0.014497845433652401,0.007172680925577879,0.019999999552965164,0.9800000190734863
615,31,4097,supports_refusal,0.01443777047097683,0.01443777047097683,0.014537124894559383,0.00902353972196579,0.9649999737739563,0.9649999737739563
616,31,10180,suppresses_refusal,-0.014437293633818626,0.014437293633818626,0.014442825689911842,0.007562409620732069,0.004999999888241291,0.9950000047683716
617,21,763,supports_refusal,0.014427414163947105,0.014427414163947105,0.014427414163947105,0.0050974334590137005,1.0,1.0
618,29,7328,supports_refusal,0.014424476772546768,0.014424476772546768,0.015455513261258602,0.012546589598059654,0.8949999809265137,0.8949999809265137
619,4,323,suppresses_refusal,-0.01440960168838501,0.01440960168838501,0.016222598031163216,0.018298283219337463,0.10999999940395355,0.8899999856948853
620,17,11724,supports_refusal,0.014392994344234467,0.014392994344234467,0.015719043090939522,0.01887401007115841,0.8050000071525574,0.8050000071525574
621,16,12129,supports_refusal,0.014382009394466877,0.014382009394466877,0.014561700634658337,0.008703971281647682,0.9599999785423279,0.9599999785423279
622,31,14108,suppresses_refusal,-0.014367561787366867,0.014367561787366867,0.014367561787366867,0.005372202023863792,0.0,1.0
623,29,9923,suppresses_refusal,-0.014292984269559383,0.014292984269559383,0.014308853074908257,0.005263705737888813,0.004999999888241291,0.9950000047683716
624,31,13592,suppresses_refusal,-0.014283580705523491,0.014283580705523491,0.014283580705523491,0.003955359570682049,0.0,1.0
625,26,2622,suppresses_refusal,-0.01426567044109106,0.01426567044109106,0.01426567044109106,0.006648571230471134,0.0,1.0
626,31,13336,supports_refusal,0.014252319000661373,0.014252319000661373,0.016736144199967384,0.017284875735640526,0.800000011920929,0.800000011920929
627,21,10983,suppresses_refusal,-0.014222183264791965,0.014222183264791965,0.014304732903838158,0.005808110814541578,0.019999999552965164,0.9800000190734863
628,16,6310,supports_refusal,0.014200801961123943,0.014200801961123943,0.014228477142751217,0.009809150360524654,0.9750000238418579,0.9750000238418579
629,3,482,supports_refusal,0.014166462235152721,0.014166462235152721,0.015827782452106476,0.016648853197693825,0.9150000214576721,0.9150000214576721
630,5,5402,suppresses_refusal,-0.014129548333585262,0.014129548333585262,0.02486320026218891,0.03270861506462097,0.23499999940395355,0.7649999856948853
631,12,9000,suppresses_refusal,-0.014099955558776855,0.014099955558776855,0.014159011654555798,0.012714091688394547,0.029999999329447746,0.9700000286102295
632,31,6351,suppresses_refusal,-0.014083009213209152,0.014083009213209152,0.014116005972027779,0.010276996530592442,0.02500000037252903,0.9750000238418579
633,5,5815,suppresses_refusal,-0.014079084619879723,0.014079084619879723,0.01413556095212698,0.011873380281031132,0.029999999329447746,0.9700000286102295
634,31,2115,supports_refusal,0.014074287377297878,0.014074287377297878,0.01563991606235504,0.013090028427541256,0.8899999856948853,0.8899999856948853
635,29,4103,suppresses_refusal,-0.014054374769330025,0.014054374769330025,0.014054374769330025,0.004685754422098398,0.0,1.0
636,19,3405,supports_refusal,0.014038672670722008,0.014038672670722008,0.014107613824307919,0.009304733015596867,0.9900000095367432,0.9900000095367432
637,29,4960,suppresses_refusal,-0.013992843218147755,0.013992843218147755,0.013992843218147755,0.00595499062910676,0.0,1.0
638,31,4790,supports_refusal,0.013990688137710094,0.013990688137710094,0.018669070675969124,0.01961367391049862,0.75,0.75
639,26,6479,suppresses_refusal,-0.013987119309604168,0.013987119309604168,0.01631876267492771,0.014437902718782425,0.06499999761581421,0.9350000023841858
640,28,545,suppresses_refusal,-0.013984820805490017,0.013984820805490017,0.014607498422265053,0.015208611264824867,0.0949999988079071,0.9049999713897705
641,14,3444,suppresses_refusal,-0.013980955816805363,0.013980955816805363,0.01403020415455103,0.012143700383603573,0.009999999776482582,0.9900000095367432
642,31,4436,supports_refusal,0.01395057700574398,0.01395057700574398,0.014808960258960724,0.011277573183178902,0.8999999761581421,0.8999999761581421
643,31,10143,supports_refusal,0.013944816775619984,0.013944816775619984,0.013944816775619984,0.006846178323030472,1.0,1.0
644,30,6954,supports_refusal,0.01390981674194336,0.01390981674194336,0.013951778411865234,0.010211394168436527,0.9900000095367432,0.9900000095367432
645,31,609,supports_refusal,0.013903465121984482,0.013903465121984482,0.016063690185546875,0.014413119293749332,0.8399999737739563,0.8399999737739563
646,31,8549,suppresses_refusal,-0.013881458900868893,0.013881458900868893,0.014361882582306862,0.00915174838155508,0.04500000178813934,0.9549999833106995
647,30,11307,suppresses_refusal,-0.013878898695111275,0.013878898695111275,0.013878898695111275,0.00773190800100565,0.0,1.0
648,26,6077,suppresses_refusal,-0.013877850025892258,0.013877850025892258,0.014170513488352299,0.006908845622092485,0.02500000037252903,0.9750000238418579
649,22,1573,suppresses_refusal,-0.013836640864610672,0.013836640864610672,0.013941602781414986,0.0111557487398386,0.02500000037252903,0.9750000238418579
650,12,858,suppresses_refusal,-0.013826720416545868,0.013826720416545868,0.01404427271336317,0.014243661426007748,0.05999999865889549,0.9399999976158142
651,31,5362,suppresses_refusal,-0.013767590746283531,0.013767590746283531,0.01390979252755642,0.007110175210982561,0.05000000074505806,0.949999988079071
652,22,2901,suppresses_refusal,-0.013756236992776394,0.013756236992776394,0.013805866241455078,0.006205033510923386,0.019999999552965164,0.9800000190734863
653,28,9265,supports_refusal,0.013734941370785236,0.013734941370785236,0.01373591460287571,0.004428293090313673,0.9950000047683716,0.9950000047683716
654,30,5089,supports_refusal,0.013731841929256916,0.013731841929256916,0.013846664689481258,0.005222129635512829,0.9800000190734863,0.9800000190734863
655,18,7999,suppresses_refusal,-0.013693638145923615,0.013693638145923615,0.013693638145923615,0.005906466394662857,0.0,1.0
656,28,1692,suppresses_refusal,-0.013685531914234161,0.013685531914234161,0.013856887817382812,0.005079283379018307,0.019999999552965164,0.9800000190734863
657,19,11792,suppresses_refusal,-0.013639908283948898,0.013639908283948898,0.014645576477050781,0.011697301641106606,0.08500000089406967,0.9150000214576721
658,22,1418,supports_refusal,0.013635039329528809,0.013635039329528809,0.014119076542556286,0.009851658716797829,0.9449999928474426,0.9449999928474426
659,12,4085,suppresses_refusal,-0.013630463741719723,0.013630463741719723,0.02467699721455574,0.04697487875819206,0.5649999976158142,0.5649999976158142
660,31,2268,supports_refusal,0.013602466322481632,0.013602466322481632,0.02038186974823475,0.02589106373488903,0.675000011920929,0.675000011920929
661,29,6313,suppresses_refusal,-0.01357673667371273,0.01357673667371273,0.01360877975821495,0.00638686353340745,0.004999999888241291,0.9950000047683716
662,6,4595,supports_refusal,0.013566575013101101,0.013566575013101101,0.014294829219579697,0.013545364141464233,0.9200000166893005,0.9200000166893005
663,30,13767,supports_refusal,0.013525924645364285,0.013525924645364285,0.013631973415613174,0.008960855193436146,0.9850000143051147,0.9850000143051147
664,23,1780,suppresses_refusal,-0.013505020178854465,0.013505020178854465,0.013617057353258133,0.007011690177023411,0.02500000037252903,0.9750000238418579
665,30,13476,suppresses_refusal,-0.013492451049387455,0.013492451049387455,0.013492451049387455,0.005421529058367014,0.0,1.0
666,31,12252,suppresses_refusal,-0.013477010652422905,0.013477010652422905,0.02986426278948784,0.03586188331246376,0.3400000035762787,0.6599999666213989
667,5,13308,supports_refusal,0.013453831896185875,0.013453831896185875,0.020429978147149086,0.026646815240383148,0.7099999785423279,0.7099999785423279
668,1,12697,supports_refusal,0.013425521552562714,0.013425521552562714,0.020523129031062126,0.026599643751978874,0.7300000190734863,0.7300000190734863
669,24,1619,suppresses_refusal,-0.013421144336462021,0.013421144336462021,0.01355214137583971,0.007468825671821833,0.014999999664723873,0.9850000143051147
670,10,5153,suppresses_refusal,-0.013385944068431854,0.013385944068431854,0.015159139409661293,0.021481741219758987,0.18000000715255737,0.8199999928474426
671,20,3972,supports_refusal,0.013376465067267418,0.013376465067267418,0.049763794988393784,0.0628759041428566,0.5849999785423279,0.5849999785423279
672,31,12174,supports_refusal,0.01337509136646986,0.01337509136646986,0.013390961103141308,0.00808436144143343,0.9950000047683716,0.9950000047683716
673,9,10216,supports_refusal,0.013357281684875488,0.013357281684875488,0.024601321667432785,0.03174407035112381,0.7450000047683716,0.7450000047683716
674,27,1931,suppresses_refusal,-0.013354229740798473,0.013354229740798473,0.01420707255601883,0.011592228896915913,0.14000000059604645,0.8600000143051147
675,29,1967,suppresses_refusal,-0.013324908912181854,0.013324908912181854,0.016977444291114807,0.014804593287408352,0.17000000178813934,0.8299999833106995
676,21,6790,suppresses_refusal,-0.013301280327141285,0.013301280327141285,0.013669434934854507,0.0328097864985466,0.26499998569488525,0.7350000143051147
677,31,10715,suppresses_refusal,-0.01329803466796875,0.01329803466796875,0.01329803466796875,0.005977527238428593,0.0,1.0
678,31,12004,supports_refusal,0.013295641168951988,0.013295641168951988,0.01344738993793726,0.010395663790404797,0.949999988079071,0.949999988079071
679,20,14335,supports_refusal,0.013270988129079342,0.013270988129079342,0.013322868384420872,0.008138097822666168,0.9850000143051147,0.9850000143051147
680,23,13108,suppresses_refusal,-0.013256311416625977,0.013256311416625977,0.014656057581305504,0.014349357225000858,0.14499999582767487,0.8550000190734863
681,26,11948,suppresses_refusal,-0.013255458325147629,0.013255458325147629,0.013663249090313911,0.010399253107607365,0.10000000149011612,0.8999999761581421
682,31,10165,supports_refusal,0.013240890577435493,0.013240890577435493,0.013829193077981472,0.010407584719359875,0.9200000166893005,0.9200000166893005
683,29,2380,suppresses_refusal,-0.013238830491900444,0.013238830491900444,0.013238830491900444,0.004750791471451521,0.0,1.0
684,12,2963,suppresses_refusal,-0.013211742974817753,0.013211742974817753,0.013587269000709057,0.016927795484662056,0.12999999523162842,0.8700000047683716
685,29,2135,suppresses_refusal,-0.013210411183536053,0.013210411183536053,0.014132041484117508,0.011604799889028072,0.10499999672174454,0.8949999809265137
686,13,4011,suppresses_refusal,-0.013195457868278027,0.013195457868278027,0.013746337965130806,0.009027129970490932,0.07500000298023224,0.925000011920929
687,0,12037,suppresses_refusal,-0.0131941894069314,0.0131941894069314,0.013318567536771297,0.010477065108716488,0.019999999552965164,0.9800000190734863
688,2,4256,supports_refusal,0.013174790889024734,0.013174790889024734,0.014558153226971626,0.015287794172763824,0.8899999856948853,0.8899999856948853
689,23,3321,suppresses_refusal,-0.013174254447221756,0.013174254447221756,0.013364165090024471,0.007796110585331917,0.05000000074505806,0.949999988079071
690,16,2610,suppresses_refusal,-0.01316323783248663,0.01316323783248663,0.013345560990273952,0.012586647644639015,0.054999999701976776,0.9449999928474426
691,31,3484,suppresses_refusal,-0.013160934671759605,0.013160934671759605,0.013163833878934383,0.005683386232703924,0.004999999888241291,0.9950000047683716
692,28,1622,suppresses_refusal,-0.013157634995877743,0.013157634995877743,0.013195667415857315,0.006838364060968161,0.014999999664723873,0.9850000143051147
693,13,13125,supports_refusal,0.013126163743436337,0.013126163743436337,0.013173847459256649,0.007256905548274517,0.9850000143051147,0.9850000143051147
694,22,11889,suppresses_refusal,-0.013061637990176678,0.013061637990176678,0.013061637990176678,0.0080299973487854,0.0,1.0
695,30,13513,supports_refusal,0.01306154765188694,0.01306154765188694,0.01325367484241724,0.014691171236336231,0.925000011920929,0.925000011920929
696,12,7367,suppresses_refusal,-0.013051710091531277,0.013051710091531277,0.013135576620697975,0.009208030998706818,0.019999999552965164,0.9800000190734863
697,24,4421,suppresses_refusal,-0.013049044646322727,0.013049044646322727,0.013085990212857723,0.005772862117737532,0.014999999664723873,0.9850000143051147
698,31,9672,suppresses_refusal,-0.013048972934484482,0.013048972934484482,0.013079337775707245,0.005277222488075495,0.004999999888241291,0.9950000047683716
699,22,1848,supports_refusal,0.013015213422477245,0.013015213422477245,0.013037643395364285,0.00791066512465477,0.9900000095367432,0.9900000095367432
700,18,690,supports_refusal,0.012996270321309566,0.012996270321309566,0.013158571906387806,0.013541564345359802,0.949999988079071,0.949999988079071
701,31,1136,supports_refusal,0.012982712127268314,0.012982712127268314,0.013201828114688396,0.00609980896115303,0.9649999737739563,0.9649999737739563
702,30,3460,suppresses_refusal,-0.0129602812230587,0.0129602812230587,0.0129602812230587,0.0032949205487966537,0.0,1.0
703,30,422,supports_refusal,0.012943916022777557,0.012943916022777557,0.02038394846022129,0.02076074481010437,0.7250000238418579,0.7250000238418579
704,20,1223,supports_refusal,0.012937917374074459,0.012937917374074459,0.0137861343100667,0.012406247667968273,0.8999999761581421,0.8999999761581421
705,30,2049,suppresses_refusal,-0.012937131337821484,0.012937131337821484,0.013173460960388184,0.006973481271415949,0.04500000178813934,0.9549999833106995
706,23,13147,suppresses_refusal,-0.012898406945168972,0.012898406945168972,0.013075866736471653,0.007749947253614664,0.029999999329447746,0.9700000286102295
707,28,7668,supports_refusal,0.012877401895821095,0.012877401895821095,0.013462815433740616,0.016999416053295135,0.8700000047683716,0.8700000047683716
708,0,2251,suppresses_refusal,-0.012843215838074684,0.012843215838074684,0.015224597416818142,0.01581999473273754,0.125,0.875
709,12,12926,supports_refusal,0.012839742004871368,0.012839742004871368,0.013292861171066761,0.01387105043977499,0.9200000166893005,0.9200000166893005
710,13,9215,suppresses_refusal,-0.01282887440174818,0.01282887440174818,0.015361967496573925,0.02014116197824478,0.22499999403953552,0.7749999761581421
711,1,9914,supports_refusal,0.012825517915189266,0.012825517915189266,0.013256349600851536,0.009803242981433868,0.9399999976158142,0.9399999976158142
712,30,4920,suppresses_refusal,-0.012821774929761887,0.012821774929761887,0.013459558598697186,0.011965366080403328,0.10999999940395355,0.8899999856948853
713,12,5800,suppresses_refusal,-0.012780151329934597,0.012780151329934597,0.013455200009047985,0.012266439385712147,0.10000000149011612,0.8999999761581421
714,28,5934,suppresses_refusal,-0.012755203060805798,0.012755203060805798,0.012883681803941727,0.006502051372081041,0.014999999664723873,0.9850000143051147
715,30,13939,supports_refusal,0.012734608724713326,0.012734608724713326,0.013634772039949894,0.012820225208997726,0.8799999952316284,0.8799999952316284
716,0,3662,suppresses_refusal,-0.012733202427625656,0.012733202427625656,0.012801561504602432,0.010573101229965687,0.014999999664723873,0.9850000143051147
717,17,2169,suppresses_refusal,-0.012731509283185005,0.012731509283185005,0.013425364159047604,0.012276340276002884,0.10000000149011612,0.8999999761581421
718,31,1313,suppresses_refusal,-0.012727327644824982,0.012727327644824982,0.012735643424093723,0.008509978652000427,0.009999999776482582,0.9900000095367432
719,31,7506,supports_refusal,0.012714176438748837,0.012714176438748837,0.014803027734160423,0.017586177214980125,0.6800000071525574,0.6800000071525574
720,7,9048,supports_refusal,0.01271074265241623,0.01271074265241623,0.01271074265241623,0.009458359330892563,1.0,1.0
721,11,8989,supports_refusal,0.012710633687675,0.012710633687675,0.012858777306973934,0.009839667938649654,0.9599999785423279,0.9599999785423279
722,8,3210,supports_refusal,0.012707176618278027,0.012707176618278027,0.012733268551528454,0.007901553064584732,0.9900000095367432,0.9900000095367432
723,31,8018,suppresses_refusal,-0.012696843594312668,0.012696843594312668,0.012730946764349937,0.006798264570534229,0.014999999664723873,0.9850000143051147
724,30,6961,suppresses_refusal,-0.012684936635196209,0.012684936635196209,0.012684936635196209,0.0035250186920166016,0.0,1.0
725,31,9692,suppresses_refusal,-0.012677383609116077,0.012677383609116077,0.015405654907226562,0.0140838623046875,0.14499999582767487,0.8550000190734863
726,30,5549,suppresses_refusal,-0.0126744844019413,0.0126744844019413,0.0126744844019413,0.0043733082711696625,0.0,1.0
727,31,11488,supports_refusal,0.01265796646475792,0.01265796646475792,0.01763477362692356,0.01877126283943653,0.7599999904632568,0.7599999904632568
728,31,11314,supports_refusal,0.012642650865018368,0.012642650865018368,0.012844562530517578,0.010730412788689137,0.949999988079071,0.949999988079071
729,28,10706,suppresses_refusal,-0.012621688656508923,0.012621688656508923,0.012621688656508923,0.004296684637665749,0.0,1.0
730,31,7309,supports_refusal,0.012621569447219372,0.012621569447219372,0.015523791313171387,0.01478192675858736,0.7950000166893005,0.7950000166893005
731,30,2549,supports_refusal,0.01261821761727333,0.01261821761727333,0.013541068881750107,0.00962894782423973,0.9950000047683716,0.9950000047683716
732,16,8352,suppresses_refusal,-0.012609818950295448,0.012609818950295448,0.013046957552433014,0.014548204839229584,0.125,0.875
733,15,8390,suppresses_refusal,-0.012606390751898289,0.012606390751898289,0.01264976616948843,0.007577947340905666,0.009999999776482582,0.9900000095367432
734,12,923,supports_refusal,0.012597480788826942,0.012597480788826942,0.013061641715466976,0.01142357662320137,0.9300000071525574,0.9300000071525574
735,4,7913,supports_refusal,0.01254584826529026,0.01254584826529026,0.01667117513716221,0.021248750388622284,0.8299999833106995,0.8299999833106995
736,17,5722,supports_refusal,0.012545495294034481,0.012545495294034481,0.01712667942047119,0.01906505972146988,0.7599999904632568,0.7599999904632568
737,27,13407,suppresses_refusal,-0.012541122734546661,0.012541122734546661,0.01263271365314722,0.008158699609339237,0.03500000014901161,0.9649999737739563
738,31,13648,suppresses_refusal,-0.012529926374554634,0.012529926374554634,0.04252004623413086,0.05277986451983452,0.38999998569488525,0.6100000143051147
739,25,12470,supports_refusal,0.012527170591056347,0.012527170591056347,0.012788590975105762,0.013840940780937672,0.9350000023841858,0.9350000023841858
740,31,11586,supports_refusal,0.012498855590820312,0.012498855590820312,0.01268611941486597,0.013031089678406715,0.9350000023841858,0.9350000023841858
741,14,1423,suppresses_refusal,-0.0124834468588233,0.0124834468588233,0.01322002150118351,0.023319538682699203,0.20499999821186066,0.7950000166893005
742,30,10963,supports_refusal,0.012469635345041752,0.012469635345041752,0.012478256598114967,0.006865415722131729,0.9950000047683716,0.9950000047683716
743,28,5484,suppresses_refusal,-0.012461166828870773,0.012461166828870773,0.012471694499254227,0.0062428005039691925,0.004999999888241291,0.9950000047683716
744,16,5666,supports_refusal,0.012448996305465698,0.012448996305465698,0.01475581992417574,0.018569419160485268,0.824999988079071,0.824999988079071
745,29,108,supports_refusal,0.012416972778737545,0.012416972778737545,0.015774479135870934,0.015926044434309006,0.800000011920929,0.800000011920929
746,31,12326,supports_refusal,0.012409324757754803,0.012409324757754803,0.012415580451488495,0.00756221916526556,0.9950000047683716,0.9950000047683716
747,31,2800,supports_refusal,0.012392253614962101,0.012392253614962101,0.0166802778840065,0.016669083386659622,0.7799999713897705,0.7799999713897705
748,30,2730,supports_refusal,0.012389583513140678,0.012389583513140678,0.013400783762335777,0.010089839808642864,0.9150000214576721,0.9150000214576721
749,6,12481,supports_refusal,0.01237469632178545,0.01237469632178545,0.013300313614308834,0.011666247621178627,0.9200000166893005,0.9200000166893005
750,12,3044,suppresses_refusal,-0.012364025227725506,0.012364025227725506,0.012407359667122364,0.006892535835504532,0.004999999888241291,0.9950000047683716
751,25,10647,suppresses_refusal,-0.012329711578786373,0.012329711578786373,0.014038695953786373,0.013932248577475548,0.004999999888241291,0.9950000047683716
752,23,10303,supports_refusal,0.012321758083999157,0.012321758083999157,0.01270182617008686,0.011017991229891777,0.9100000262260437,0.9100000262260437
753,29,10297,suppresses_refusal,-0.012295227497816086,0.012295227497816086,0.012295227497816086,0.004009217489510775,0.0,1.0
754,8,10306,suppresses_refusal,-0.012295160442590714,0.012295160442590714,0.01510449405759573,0.018824204802513123,0.18000000715255737,0.8199999928474426
755,27,2354,supports_refusal,0.012295081280171871,0.012295081280171871,0.013492386788129807,0.010432540439069271,0.925000011920929,0.925000011920929
756,24,2597,suppresses_refusal,-0.01226760819554329,0.01226760819554329,0.01230667158961296,0.004066111519932747,0.004999999888241291,0.9950000047683716
757,31,3548,suppresses_refusal,-0.012260131537914276,0.012260131537914276,0.028758620843291283,0.03231247887015343,0.3400000035762787,0.6599999666213989
758,27,8191,suppresses_refusal,-0.012248421087861061,0.012248421087861061,0.012344855815172195,0.006591150537133217,0.019999999552965164,0.9800000190734863
759,29,449,supports_refusal,0.012246036902070045,0.012246036902070045,0.014303607866168022,0.01406075619161129,0.8199999928474426,0.8199999928474426
760,13,8818,supports_refusal,0.012241783551871777,0.012241783551871777,0.012280846014618874,0.006262009963393211,0.9950000047683716,0.9950000047683716
761,30,5194,suppresses_refusal,-0.012219543568789959,0.012219543568789959,0.012219543568789959,0.003057026769965887,0.0,1.0
762,28,3340,supports_refusal,0.012208633124828339,0.012208633124828339,0.012634353712201118,0.01087181456387043,0.8949999809265137,0.8949999809265137
763,30,8735,suppresses_refusal,-0.012203273363411427,0.012203273363411427,0.012570628896355629,0.00556884566321969,0.03500000014901161,0.9649999737739563
764,30,2341,suppresses_refusal,-0.012202453799545765,0.012202453799545765,0.012202453799545765,0.004466160200536251,0.0,1.0
765,5,13208,suppresses_refusal,-0.01219102367758751,0.01219102367758751,0.012229017913341522,0.010985435917973518,0.004999999888241291,0.9950000047683716
766,29,7514,suppresses_refusal,-0.012162471190094948,0.012162471190094948,0.012268824502825737,0.007651153020560741,0.009999999776482582,0.9900000095367432
767,29,11000,supports_refusal,0.012149848975241184,0.012149848975241184,0.012188301421701908,0.0041158986277878284,0.9950000047683716,0.9950000047683716
768,14,3766,supports_refusal,0.012144594453275204,0.012144594453275204,0.012174977920949459,0.00803182553499937,0.9900000095367432,0.9900000095367432
769,12,8655,suppresses_refusal,-0.012135372497141361,0.012135372497141361,0.01222722977399826,0.008557924069464207,0.014999999664723873,0.9850000143051147
770,10,247,suppresses_refusal,-0.012118630111217499,0.012118630111217499,0.01743316650390625,0.027152853086590767,0.28999999165534973,0.7100000381469727
771,31,11075,suppresses_refusal,-0.012114486657083035,0.012114486657083035,0.012114486657083035,0.005801028572022915,0.0,1.0
772,10,5297,supports_refusal,0.012114305049180984,0.012114305049180984,0.013210325501859188,0.01476025115698576,0.7850000262260437,0.7850000262260437
773,31,11395,suppresses_refusal,-0.01211421936750412,0.01211421936750412,0.012134266085922718,0.0060561602003872395,0.009999999776482582,0.9900000095367432
774,27,2170,supports_refusal,0.012084250338375568,0.012084250338375568,0.012329011224210262,0.008313809521496296,0.9549999833106995,0.9549999833106995
775,31,311,supports_refusal,0.01207688357681036,0.01207688357681036,0.013550386764109135,0.013486098498106003,0.8299999833106995,0.8299999833106995
776,2,12805,supports_refusal,0.012033960781991482,0.012033960781991482,0.012361127883195877,0.011457941494882107,0.9300000071525574,0.9300000071525574
777,13,11464,suppresses_refusal,-0.012029087170958519,0.012029087170958519,0.012306468561291695,0.01140598300844431,0.04500000178813934,0.9549999833106995
778,22,2940,suppresses_refusal,-0.012022781185805798,0.012022781185805798,0.012475967407226562,0.009545043110847473,0.05000000074505806,0.949999988079071
779,0,11666,suppresses_refusal,-0.012016735039651394,0.012016735039651394,0.013134879991412163,0.011334850452840328,0.09000000357627869,0.9099999666213989
780,31,13102,suppresses_refusal,-0.012015228159725666,0.012015228159725666,0.015137939713895321,0.014599603600800037,0.16500000655651093,0.8349999785423279
781,24,10375,supports_refusal,0.011975545436143875,0.011975545436143875,0.012203969992697239,0.0072976513765752316,0.9599999785423279,0.9599999785423279
782,8,11354,suppresses_refusal,-0.0119492057710886,0.0119492057710886,0.012636899948120117,0.011818902567029,0.08500000089406967,0.9150000214576721
783,28,547,supports_refusal,0.011946277692914009,0.011946277692914009,0.012485828250646591,0.00904887169599533,0.9950000047683716,0.9950000047683716
784,18,1463,suppresses_refusal,-0.011940615251660347,0.011940615251660347,0.013836834579706192,0.015725424513220787,0.23000000417232513,0.7699999809265137
785,15,256,supports_refusal,0.011936693452298641,0.011936693452298641,0.011955919675529003,0.005660624708980322,0.9950000047683716,0.9950000047683716
786,17,13532,supports_refusal,0.011933231726288795,0.011933231726288795,0.014462833292782307,0.013907410204410553,0.7749999761581421,0.7749999761581421
787,31,5556,suppresses_refusal,-0.011925049126148224,0.011925049126148224,0.011953430250287056,0.005352828651666641,0.004999999888241291,0.9950000047683716
788,30,2683,supports_refusal,0.01190938986837864,0.01190938986837864,0.01190938986837864,0.006488470360636711,1.0,1.0
789,30,13848,suppresses_refusal,-0.011906270869076252,0.011906270869076252,0.013928842730820179,0.011818786151707172,0.14000000059604645,0.8600000143051147
790,2,1983,supports_refusal,0.01185679342597723,0.01185679342597723,0.013238467276096344,0.012841744348406792,0.8899999856948853,0.8899999856948853
791,18,12834,suppresses_refusal,-0.011850700713694096,0.011850700713694096,0.011850700713694096,0.007968325167894363,0.0,1.0
792,26,14176,suppresses_refusal,-0.011843118816614151,0.011843118816614151,0.01191039104014635,0.010031974874436855,0.02500000037252903,0.9750000238418579
793,31,5933,supports_refusal,0.011841011233627796,0.011841011233627796,0.01804271712899208,0.018570680171251297,0.7250000238418579,0.7250000238418579
794,17,303,suppresses_refusal,-0.011835222132503986,0.011835222132503986,0.012245778925716877,0.00936668086796999,0.07500000298023224,0.925000011920929
795,31,11084,supports_refusal,0.011830649338662624,0.011830649338662624,0.013246636837720871,0.011866051703691483,0.8550000190734863,0.8550000190734863
796,31,12889,suppresses_refusal,-0.011825790628790855,0.011825790628790855,0.011825790628790855,0.006562774535268545,0.0,1.0
797,30,9305,supports_refusal,0.011797943152487278,0.011797943152487278,0.011797943152487278,0.003505145665258169,1.0,1.0
798,6,7457,suppresses_refusal,-0.01179551612585783,0.01179551612585783,0.01194344088435173,0.022626103833317757,0.03500000014901161,0.9649999737739563
799,30,840,suppresses_refusal,-0.011792030185461044,0.011792030185461044,0.011792030185461044,0.0046348790638148785,0.0,1.0
800,21,6538,supports_refusal,0.011776542291045189,0.011776542291045189,0.011827048845589161,0.0067230225540697575,0.9750000238418579,0.9750000238418579
801,31,13544,supports_refusal,0.011772861704230309,0.011772861704230309,0.011837940663099289,0.008913323283195496,0.9750000238418579,0.9750000238418579
802,20,1455,supports_refusal,0.011767043732106686,0.011767043732106686,0.011876297183334827,0.00625411095097661,0.9950000047683716,0.9950000047683716
803,16,13109,supports_refusal,0.011732406914234161,0.011732406914234161,0.012590980157256126,0.010275431908667088,0.9049999713897705,0.9049999713897705
804,30,2513,supports_refusal,0.011731147766113281,0.011731147766113281,0.013428917154669762,0.011358313262462616,0.8500000238418579,0.8500000238418579
805,14,1325,suppresses_refusal,-0.01172481570392847,0.01172481570392847,0.012624473311007023,0.01016081403940916,0.05000000074505806,0.949999988079071
806,31,2675,supports_refusal,0.011723747476935387,0.011723747476935387,0.011723747476935387,0.004736367613077164,1.0,1.0
807,23,9634,suppresses_refusal,-0.011723327450454235,0.011723327450454235,0.011783676221966743,0.0065442826598882675,0.009999999776482582,0.9900000095367432
808,13,11841,supports_refusal,0.01171069871634245,0.01171069871634245,0.011940372176468372,0.013394610024988651,0.9049999713897705,0.9049999713897705
809,31,10697,suppresses_refusal,-0.01169573049992323,0.01169573049992323,0.014547783881425858,0.014425178058445454,0.20999999344348907,0.7900000214576721
810,30,13047,suppresses_refusal,-0.011695432476699352,0.011695432476699352,0.018079806119203568,0.019122591242194176,0.2750000059604645,0.7250000238418579
811,27,2298,suppresses_refusal,-0.011691588908433914,0.011691588908433914,0.011691588908433914,0.0038662455044686794,0.0,1.0
812,31,1174,supports_refusal,0.011675949208438396,0.011675949208438396,0.011675949208438396,0.0035547344014048576,1.0,1.0
813,22,6459,suppresses_refusal,-0.011674194596707821,0.011674194596707821,0.011674194596707821,0.007285619154572487,0.0,1.0
814,31,7124,supports_refusal,0.011667747050523758,0.011667747050523758,0.011667747050523758,0.006387210451066494,1.0,1.0
815,31,3540,supports_refusal,0.011667575687170029,0.011667575687170029,0.01191415823996067,0.0075882598757743835,0.949999988079071,0.949999988079071
816,30,2306,supports_refusal,0.011655578389763832,0.011655578389763832,0.011655578389763832,0.0027727088890969753,1.0,1.0
817,0,12719,suppresses_refusal,-0.011653117835521698,0.011653117835521698,0.012426299974322319,0.012840118259191513,0.06499999761581421,0.9350000023841858
818,30,1674,suppresses_refusal,-0.011649055406451225,0.011649055406451225,0.014185523614287376,0.013140627183020115,0.20499999821186066,0.7950000166893005
819,31,4788,supports_refusal,0.01164653804153204,0.01164653804153204,0.030297279357910156,0.03740779682993889,0.6399999856948853,0.6399999856948853
820,30,8027,suppresses_refusal,-0.011645602993667126,0.011645602993667126,0.01165224052965641,0.004642614629119635,0.004999999888241291,0.9950000047683716
821,27,7180,suppresses_refusal,-0.011624111793935299,0.011624111793935299,0.011879496276378632,0.009440910071134567,0.07999999821186066,0.9200000166893005
822,20,1474,suppresses_refusal,-0.011604705825448036,0.011604705825448036,0.01213812455534935,0.014303517527878284,0.10999999940395355,0.8899999856948853
823,29,12590,supports_refusal,0.0115982536226511,0.0115982536226511,0.011600217781960964,0.0044241370633244514,0.9950000047683716,0.9950000047683716
824,0,5290,suppresses_refusal,-0.011560134589672089,0.011560134589672089,0.012031326070427895,0.0073836203664541245,0.004999999888241291,0.9950000047683716
825,29,8335,suppresses_refusal,-0.01155870407819748,0.01155870407819748,0.011563663370907307,0.004257421474903822,0.004999999888241291,0.9950000047683716
826,12,6078,suppresses_refusal,-0.011553201824426651,0.011553201824426651,0.011608820408582687,0.00752967270091176,0.014999999664723873,0.9850000143051147
827,14,13482,supports_refusal,0.011552590876817703,0.011552590876817703,0.012041253969073296,0.008516118861734867,0.9599999785423279,0.9599999785423279
828,16,6924,supports_refusal,0.011531025171279907,0.011531025171279907,0.01175780687481165,0.01005923468619585,0.9449999928474426,0.9449999928474426
829,25,1685,supports_refusal,0.011523628607392311,0.011523628607392311,0.012976264581084251,0.011857826262712479,0.9300000071525574,0.9300000071525574
830,21,450,supports_refusal,0.011496305465698242,0.011496305465698242,0.01201880443841219,0.007934341207146645,0.9350000023841858,0.9350000023841858
831,11,5846,supports_refusal,0.011483659967780113,0.011483659967780113,0.014886179007589817,0.018692215904593468,0.699999988079071,0.699999988079071
832,13,12409,supports_refusal,0.011482706293463707,0.011482706293463707,0.011951684951782227,0.0074321734718978405,0.9700000286102295,0.9700000286102295
833,31,12861,suppresses_refusal,-0.011480636894702911,0.011480636894702911,0.02962806634604931,0.03404294326901436,0.3499999940395355,0.6499999761581421
834,30,8321,supports_refusal,0.011472530663013458,0.011472530663013458,0.011973095126450062,0.008323391899466515,0.925000011920929,0.925000011920929
835,31,4983,supports_refusal,0.011456833221018314,0.011456833221018314,0.013840408064424992,0.012795861810445786,0.8299999833106995,0.8299999833106995
836,30,4826,supports_refusal,0.011450576595962048,0.011450576595962048,0.011454773135483265,0.005422291345894337,0.9950000047683716,0.9950000047683716
837,15,9635,supports_refusal,0.011449065059423447,0.011449065059423447,0.012564072385430336,0.009184349328279495,0.8600000143051147,0.8600000143051147
838,30,7966,supports_refusal,0.011423001065850258,0.011423001065850258,0.013200831599533558,0.015287429094314575,0.7799999713897705,0.7799999713897705
839,30,9932,suppresses_refusal,-0.011403999291360378,0.011403999291360378,0.011463508941233158,0.0035900063812732697,0.004999999888241291,0.9950000047683716
840,31,13214,suppresses_refusal,-0.011397705413401127,0.011397705413401127,0.011746521107852459,0.004762232769280672,0.019999999552965164,0.9800000190734863
841,13,7290,supports_refusal,0.011374019086360931,0.011374019086360931,0.011501342058181763,0.012217028066515923,0.9300000071525574,0.9300000071525574
842,30,8771,suppresses_refusal,-0.011367111466825008,0.011367111466825008,0.015273666009306908,0.013969521038234234,0.1899999976158142,0.8100000023841858
843,31,7365,supports_refusal,0.011363182216882706,0.011363182216882706,0.011410865932703018,0.003876899601891637,0.9800000190734863,0.9800000190734863
844,6,895,supports_refusal,0.011357822455465794,0.011357822455465794,0.011974048800766468,0.01283247023820877,0.9150000214576721,0.9150000214576721
845,4,7728,suppresses_refusal,-0.011340265162289143,0.011340265162289143,0.012602549046278,0.012799248099327087,0.11999999731779099,0.8799999952316284
846,12,9441,suppresses_refusal,-0.011321582831442356,0.011321582831442356,0.011341333389282227,0.008000277914106846,0.014999999664723873,0.9850000143051147
847,21,1412,suppresses_refusal,-0.01131612341850996,0.01131612341850996,0.011484132148325443,0.007372962310910225,0.04500000178813934,0.9549999833106995
848,30,4011,suppresses_refusal,-0.01131159532815218,0.01131159532815218,0.011314289644360542,0.00623307004570961,0.009999999776482582,0.9900000095367432
849,31,5540,supports_refusal,0.011306810192763805,0.011306810192763805,0.011669797822833061,0.009949621744453907,0.9049999713897705,0.9049999713897705
850,30,8639,suppresses_refusal,-0.011293831281363964,0.011293831281363964,0.03148338198661804,0.03710516169667244,0.32499998807907104,0.675000011920929
851,20,10783,suppresses_refusal,-0.011289277113974094,0.011289277113974094,0.011345667764544487,0.015448074787855148,0.05000000074505806,0.949999988079071
852,29,6216,supports_refusal,0.011276917532086372,0.011276917532086372,0.01135596726089716,0.007179952226579189,0.9750000238418579,0.9750000238418579
853,10,5276,supports_refusal,0.011225733906030655,0.011225733906030655,0.012785372324287891,0.018244018778204918,0.7599999904632568,0.7599999904632568
854,11,9089,supports_refusal,0.011213705874979496,0.011213705874979496,0.011531935073435307,0.01399490237236023,0.8799999952316284,0.8799999952316284
855,5,9255,supports_refusal,0.011211671866476536,0.011211671866476536,0.012336110696196556,0.023851068690419197,0.8700000047683716,0.8700000047683716
856,31,13833,supports_refusal,0.011210327036678791,0.011210327036678791,0.026189574971795082,0.03178119659423828,0.6449999809265137,0.6449999809265137
857,29,13865,supports_refusal,0.011204452253878117,0.011204452253878117,0.011501388624310493,0.0064772204495966434,0.9649999737739563,0.9649999737739563
858,16,12849,supports_refusal,0.011200735345482826,0.011200735345482826,0.011242697015404701,0.00988040491938591,0.9800000190734863,0.9800000190734863
859,30,10174,supports_refusal,0.011200275272130966,0.011200275272130966,0.011656932532787323,0.010553454048931599,0.8999999761581421,0.8999999761581421
860,29,10092,supports_refusal,0.01117514818906784,0.01117514818906784,0.011195399798452854,0.004269287455826998,0.9850000143051147,0.9850000143051147
861,15,642,suppresses_refusal,-0.011161422356963158,0.011161422356963158,0.011282882653176785,0.010049539618194103,0.04500000178813934,0.9549999833106995
862,31,13402,supports_refusal,0.011158761568367481,0.011158761568367481,0.015144919976592064,0.023336488753557205,0.6399999856948853,0.6399999856948853
863,30,6659,supports_refusal,0.011158371344208717,0.011158371344208717,0.012255173176527023,0.00752460490912199,0.9150000214576721,0.9150000214576721
864,14,6293,supports_refusal,0.011156861670315266,0.011156861670315266,0.011184022761881351,0.007054591551423073,0.9900000095367432,0.9900000095367432
865,17,5391,supports_refusal,0.011156735010445118,0.011156735010445118,0.011333364993333817,0.008812573738396168,0.9700000286102295,0.9700000286102295
866,28,9158,suppresses_refusal,-0.011147065088152885,0.011147065088152885,0.01124853640794754,0.006315330974757671,0.014999999664723873,0.9850000143051147
867,11,789,supports_refusal,0.01113615557551384,0.01113615557551384,0.015116333961486816,0.020122593268752098,0.7799999713897705,0.7799999713897705
868,31,531,suppresses_refusal,-0.01112618949264288,0.01112618949264288,0.011149993166327477,0.007020916324108839,0.014999999664723873,0.9850000143051147
869,28,13395,supports_refusal,0.011107577942311764,0.011107577942311764,0.011509990319609642,0.00792114157229662,0.9200000166893005,0.9200000166893005
870,12,11210,supports_refusal,0.011102080345153809,0.011102080345153809,0.01113938819617033,0.00665520504117012,0.9850000143051147,0.9850000143051147
871,0,9832,supports_refusal,0.011094016954302788,0.011094016954302788,0.011353492736816406,0.00786322820931673,0.949999988079071,0.949999988079071
872,13,11924,suppresses_refusal,-0.01109237689524889,0.01109237689524889,0.011357727460563183,0.008634225465357304,0.07500000298023224,0.925000011920929
873,31,5692,supports_refusal,0.011075172573328018,0.011075172573328018,0.01119869202375412,0.0061700716614723206,0.9800000190734863,0.9800000190734863
874,25,11584,supports_refusal,0.011074748821556568,0.011074748821556568,0.01227629091590643,0.011780940927565098,0.8450000286102295,0.8450000286102295
875,31,10075,suppresses_refusal,-0.01103927567601204,0.01103927567601204,0.011060485616326332,0.008090709336102009,0.009999999776482582,0.9900000095367432
876,28,3424,suppresses_refusal,-0.01102258637547493,0.01102258637547493,0.01105558406561613,0.006579577457159758,0.019999999552965164,0.9800000190734863
877,31,9647,supports_refusal,0.011014900170266628,0.011014900170266628,0.0114524457603693,0.008408178575336933,0.9200000166893005,0.9200000166893005
878,5,11509,suppresses_refusal,-0.011001291684806347,0.011001291684806347,0.01141031738370657,0.010555627755820751,0.07500000298023224,0.925000011920929
879,9,6060,supports_refusal,0.010988309048116207,0.010988309048116207,0.011936795897781849,0.023228829726576805,0.875,0.875
880,27,10202,suppresses_refusal,-0.010986297391355038,0.010986297391355038,0.011007597669959068,0.0108208442106843,0.02500000037252903,0.9750000238418579
881,1,5021,suppresses_refusal,-0.010986161418259144,0.010986161418259144,0.011183099821209908,0.013420535251498222,0.06499999761581421,0.9350000023841858
882,31,13038,suppresses_refusal,-0.010978165082633495,0.010978165082633495,0.012063674628734589,0.007737292908132076,0.05999999865889549,0.9399999976158142
883,30,2319,suppresses_refusal,-0.010976620018482208,0.010976620018482208,0.011079464107751846,0.005365618970245123,0.014999999664723873,0.9850000143051147
884,30,6610,suppresses_refusal,-0.010974874719977379,0.010974874719977379,0.01099221222102642,0.004175956826657057,0.014999999664723873,0.9850000143051147
885,31,12985,suppresses_refusal,-0.010962028056383133,0.010962028056383133,0.012065963819622993,0.008906412869691849,0.11500000208616257,0.8849999904632568
886,27,609,supports_refusal,0.010960140265524387,0.010960140265524387,0.011436481028795242,0.0093074981123209,0.9100000262260437,0.9100000262260437
887,18,9102,supports_refusal,0.010930404998362064,0.010930404998362064,0.014311675913631916,0.014710226096212864,0.8050000071525574,0.8050000071525574
888,30,14201,suppresses_refusal,-0.01092996634542942,0.01092996634542942,0.011345348320901394,0.005808643065392971,0.04500000178813934,0.9549999833106995
889,3,12007,supports_refusal,0.010925540700554848,0.010925540700554848,0.011619511060416698,0.008613308891654015,0.9399999976158142,0.9399999976158142
890,30,4861,suppresses_refusal,-0.01091564167290926,0.01091564167290926,0.010946006514132023,0.004362324718385935,0.009999999776482582,0.9900000095367432
891,28,9387,supports_refusal,0.01090249978005886,0.01090249978005886,0.01090249978005886,0.004151007626205683,1.0,1.0
892,19,10739,suppresses_refusal,-0.01090164203196764,0.01090164203196764,0.01090164203196764,0.0039398204535245895,0.0,1.0
893,30,599,suppresses_refusal,-0.01089405082166195,0.01089405082166195,0.01089405082166195,0.0034969609696418047,0.0,1.0
894,30,7048,suppresses_refusal,-0.010889491997659206,0.010889491997659206,0.010898876003921032,0.005664522293955088,0.004999999888241291,0.9950000047683716
895,16,2644,suppresses_refusal,-0.010875578038394451,0.010875578038394451,0.011084756813943386,0.008461113087832928,0.06499999761581421,0.9350000023841858
896,4,9488,suppresses_refusal,-0.010875306092202663,0.010875306092202663,0.011861090548336506,0.012665835209190845,0.125,0.875
897,14,6433,supports_refusal,0.010865140706300735,0.010865140706300735,0.011086057871580124,0.009220344945788383,0.949999988079071,0.949999988079071
898,11,2227,suppresses_refusal,-0.010861311107873917,0.010861311107873917,0.012330994941294193,0.021222122013568878,0.25999999046325684,0.7400000095367432
899,27,3653,supports_refusal,0.010853610001504421,0.010853610001504421,0.019762244075536728,0.024438930675387383,0.699999988079071,0.699999988079071
900,31,4015,suppresses_refusal,-0.010852375067770481,0.010852375067770481,0.018402842804789543,0.019860005006194115,0.3050000071525574,0.6949999928474426
901,11,8208,suppresses_refusal,-0.010850979946553707,0.010850979946553707,0.013135087676346302,0.017882101237773895,0.1899999976158142,0.8100000023841858
902,9,8308,suppresses_refusal,-0.010846322402358055,0.010846322402358055,0.011505478993058205,0.022607913240790367,0.23499999940395355,0.7649999856948853
903,29,9117,suppresses_refusal,-0.010846194811165333,0.010846194811165333,0.012571926228702068,0.01035794336348772,0.14000000059604645,0.8600000143051147
904,17,10586,suppresses_refusal,-0.010845031589269638,0.010845031589269638,0.010862274095416069,0.0055792671628296375,0.004999999888241291,0.9950000047683716
905,31,850,supports_refusal,0.010841364972293377,0.010841364972293377,0.011613202281296253,0.010094504803419113,0.8650000095367432,0.8650000095367432
906,29,1928,supports_refusal,0.010831374675035477,0.010831374675035477,0.011058731004595757,0.007302201818674803,0.9700000286102295,0.9700000286102295
907,31,5506,suppresses_refusal,-0.010820960626006126,0.010820960626006126,0.010820960626006126,0.004851251840591431,0.0,1.0
908,9,12694,supports_refusal,0.010820521973073483,0.010820521973073483,0.010907554998993874,0.013878920115530491,0.9549999833106995,0.9549999833106995
909,15,12610,supports_refusal,0.010798509232699871,0.010798509232699871,0.011785471811890602,0.01202372182160616,0.8399999737739563,0.8399999737739563
910,14,14264,supports_refusal,0.010768592357635498,0.010768592357635498,0.01214741449803114,0.010236681438982487,0.9049999713897705,0.9049999713897705
911,23,306,suppresses_refusal,-0.010757599025964737,0.010757599025964737,0.03627731278538704,0.04760764539241791,0.4099999964237213,0.5900000333786011
912,29,7523,supports_refusal,0.010742244310677052,0.010742244310677052,0.0107512092217803,0.004158130381256342,0.9950000047683716,0.9950000047683716
913,25,1642,suppresses_refusal,-0.010737252421677113,0.010737252421677113,0.010751013644039631,0.005612009670585394,0.009999999776482582,0.9900000095367432
914,31,13304,supports_refusal,0.01071849837899208,0.01071849837899208,0.0107241440564394,0.006634864956140518,0.9950000047683716,0.9950000047683716
915,27,7680,supports_refusal,0.010716591030359268,0.010716591030359268,0.010927848517894745,0.007278659846633673,0.9549999833106995,0.9549999833106995
916,17,9050,supports_refusal,0.010704807937145233,0.010704807937145233,0.010731253772974014,0.008109943941235542,0.9900000095367432,0.9900000095367432
917,27,6188,supports_refusal,0.010701865889132023,0.010701865889132023,0.010701865889132023,0.005118042230606079,1.0,1.0
918,27,11990,supports_refusal,0.01069622952491045,0.01069622952491045,0.010931653901934624,0.006833329331129789,0.9700000286102295,0.9700000286102295
919,19,9566,supports_refusal,0.01069160457700491,0.01069160457700491,0.01070762611925602,0.0037757051177322865,0.9950000047683716,0.9950000047683716
920,31,9995,supports_refusal,0.010685882531106472,0.010685882531106472,0.010685882531106472,0.0036880848929286003,1.0,1.0
921,29,1521,supports_refusal,0.010683506727218628,0.010683506727218628,0.010870028287172318,0.008060144260525703,0.9350000023841858,0.9350000023841858
922,28,6293,suppresses_refusal,-0.010680275037884712,0.010680275037884712,0.010808620601892471,0.008482059463858604,0.04500000178813934,0.9549999833106995
923,29,6070,supports_refusal,0.010676574893295765,0.010676574893295765,0.010676574893295765,0.0029247046913951635,1.0,1.0
924,30,6462,suppresses_refusal,-0.010659866034984589,0.010659866034984589,0.010682296939194202,0.005417723674327135,0.019999999552965164,0.9800000190734863
925,28,6352,supports_refusal,0.01064316276460886,0.01064316276460886,0.012082543224096298,0.016250431537628174,0.7300000190734863,0.7300000190734863
926,30,11158,suppresses_refusal,-0.010633583180606365,0.010633583180606365,0.010656165890395641,0.004018724430352449,0.004999999888241291,0.9950000047683716
927,28,10254,suppresses_refusal,-0.01062694564461708,0.01062694564461708,0.025649070739746094,0.037078339606523514,0.49000000953674316,0.5099999904632568
928,11,5200,suppresses_refusal,-0.01062448974698782,0.01062448974698782,0.011397452093660831,0.012371256947517395,0.12999999523162842,0.8700000047683716
929,23,13591,suppresses_refusal,-0.010603522881865501,0.010603522881865501,0.012547263875603676,0.010934342630207539,0.17499999701976776,0.824999988079071
930,6,5667,supports_refusal,0.010602712631225586,0.010602712631225586,0.011171597987413406,0.007905515842139721,0.9399999976158142,0.9399999976158142
931,28,8276,supports_refusal,0.010590028949081898,0.010590028949081898,0.010590028949081898,0.005565904080867767,1.0,1.0
932,11,12239,supports_refusal,0.01057245023548603,0.01057245023548603,0.01095421053469181,0.011371172033250332,0.8949999809265137,0.8949999809265137
933,31,3616,supports_refusal,0.01056266576051712,0.01056266576051712,0.011304089799523354,0.01074005477130413,0.8600000143051147,0.8600000143051147
934,12,911,suppresses_refusal,-0.01054671872407198,0.01054671872407198,0.010767122730612755,0.012523746117949486,0.07999999821186066,0.9200000166893005
935,20,14322,suppresses_refusal,-0.01054647471755743,0.01054647471755743,0.0106929587200284,0.006355295889079571,0.004999999888241291,0.9950000047683716
936,6,10442,supports_refusal,0.010532574728131294,0.010532574728131294,0.010532574728131294,0.006826811470091343,1.0,1.0
937,6,12351,suppresses_refusal,-0.010531234554946423,0.010531234554946423,0.028942661359906197,0.04073677584528923,0.45500001311302185,0.5449999570846558
938,26,5269,supports_refusal,0.010527239181101322,0.010527239181101322,0.010531492531299591,0.003248124150559306,0.9950000047683716,0.9950000047683716
939,15,8094,suppresses_refusal,-0.010499625466763973,0.010499625466763973,0.010538792237639427,0.007930749095976353,0.02500000037252903,0.9750000238418579
940,16,5033,supports_refusal,0.010486607439815998,0.010486607439815998,0.012131228111684322,0.012277035042643547,0.824999988079071,0.824999988079071
941,31,4229,supports_refusal,0.010461578145623207,0.010461578145623207,0.010461578145623207,0.0034263806883245707,1.0,1.0
942,30,1456,supports_refusal,0.010454636067152023,0.010454636067152023,0.010454636067152023,0.003811863251030445,1.0,1.0
943,29,13979,suppresses_refusal,-0.010446691885590553,0.010446691885590553,0.01044854149222374,0.00809450726956129,0.004999999888241291,0.9950000047683716
944,6,8990,suppresses_refusal,-0.010437040589749813,0.010437040589749813,0.011969137005507946,0.01342399325221777,0.14499999582767487,0.8550000190734863
945,28,13243,suppresses_refusal,-0.010427780449390411,0.010427780449390411,0.010436172597110271,0.0036143832840025425,0.004999999888241291,0.9950000047683716
946,11,4034,supports_refusal,0.010418325662612915,0.010418325662612915,0.010534495115280151,0.011110215447843075,0.9449999928474426,0.9449999928474426
947,31,9312,suppresses_refusal,-0.0104161836206913,0.0104161836206913,0.0104161836206913,0.002780467038974166,0.0,1.0
948,31,1712,suppresses_refusal,-0.010404672473669052,0.010404672473669052,0.01615317352116108,0.017192602157592773,0.23999999463558197,0.7599999904632568
949,31,11541,supports_refusal,0.010398387908935547,0.010398387908935547,0.012099933810532093,0.011927392333745956,0.8500000238418579,0.8500000238418579
950,3,5299,supports_refusal,0.01039729081094265,0.01039729081094265,0.010700616985559464,0.007478708866983652,0.9599999785423279,0.9599999785423279
951,24,14081,supports_refusal,0.010380706749856472,0.010380706749856472,0.01055191084742546,0.006137627176940441,0.9800000190734863,0.9800000190734863
952,30,11369,suppresses_refusal,-0.010379305109381676,0.010379305109381676,0.012269602157175541,0.0110055236145854,0.17499999701976776,0.824999988079071
953,29,9768,suppresses_refusal,-0.010371732525527477,0.010371732525527477,0.010371732525527477,0.005802033003419638,0.0,1.0
954,28,13560,supports_refusal,0.010371055454015732,0.010371055454015732,0.010371055454015732,0.0036797889042645693,1.0,1.0
955,3,640,supports_refusal,0.010360212065279484,0.010360212065279484,0.011540079489350319,0.010473525151610374,0.9100000262260437,0.9100000262260437
956,5,13544,supports_refusal,0.010358934290707111,0.010358934290707111,0.010635909624397755,0.009264147840440273,0.9549999833106995,0.9549999833106995
957,27,6816,supports_refusal,0.01035717036575079,0.01035717036575079,0.010683288797736168,0.007940341718494892,0.949999988079071,0.949999988079071
958,11,9948,suppresses_refusal,-0.010349838994443417,0.010349838994443417,0.01111275888979435,0.010571619495749474,0.0949999988079071,0.9049999713897705
959,30,760,supports_refusal,0.010344963520765305,0.010344963520765305,0.01048152893781662,0.0045591313391923904,0.9900000095367432,0.9900000095367432
960,19,629,supports_refusal,0.01033454854041338,0.01033454854041338,0.010336227715015411,0.00617896718904376,0.9950000047683716,0.9950000047683716
961,31,11194,suppresses_refusal,-0.010328445583581924,0.010328445583581924,0.010328445583581924,0.005077723413705826,0.0,1.0
962,30,7194,suppresses_refusal,-0.010325450450181961,0.010325450450181961,0.011149005964398384,0.009982936084270477,0.14499999582767487,0.8550000190734863
963,4,11445,suppresses_refusal,-0.010322034358978271,0.010322034358978271,0.010579793713986874,0.007617314346134663,0.02500000037252903,0.9750000238418579
964,31,2127,supports_refusal,0.010318338871002197,0.010318338871002197,0.01090688444674015,0.007860381156206131,0.925000011920929,0.925000011920929
965,29,4854,supports_refusal,0.010318322107195854,0.010318322107195854,0.010427108034491539,0.007040490861982107,0.9599999785423279,0.9599999785423279
966,15,6658,suppresses_refusal,-0.010297546163201332,0.010297546163201332,0.015566330403089523,0.016399819403886795,0.20000000298023224,0.800000011920929
967,6,10653,suppresses_refusal,-0.010286960750818253,0.010286960750818253,0.01035089511424303,0.0076154423877596855,0.009999999776482582,0.9900000095367432
968,26,13860,suppresses_refusal,-0.01028572116047144,0.01028572116047144,0.010467911139130592,0.0054365829564630985,0.029999999329447746,0.9700000286102295
969,31,8350,suppresses_refusal,-0.010273132473230362,0.010273132473230362,0.011399230919778347,0.008704076521098614,0.10499999672174454,0.8949999809265137
970,31,5068,suppresses_refusal,-0.010258483700454235,0.010258483700454235,0.010258483700454235,0.0020042515825480223,0.0,1.0
971,16,6521,suppresses_refusal,-0.01025672908872366,0.01025672908872366,0.01958457939326763,0.02343454211950302,0.3100000023841858,0.6899999976158142
972,13,6735,supports_refusal,0.010254459455609322,0.010254459455609322,0.010560226626694202,0.011787539348006248,0.8799999952316284,0.8799999952316284
973,30,1777,supports_refusal,0.010252952575683594,0.010252952575683594,0.024158211424946785,0.029880095273256302,0.6399999856948853,0.6399999856948853
974,19,10070,suppresses_refusal,-0.010246696881949902,0.010246696881949902,0.010261421091854572,0.004044025205075741,0.004999999888241291,0.9950000047683716
975,31,3794,supports_refusal,0.010241699405014515,0.010241699405014515,0.010249023325741291,0.005094306077808142,0.9900000095367432,0.9900000095367432
976,16,6950,supports_refusal,0.0102405259385705,0.0102405259385705,0.011588487774133682,0.009666197933256626,0.8500000238418579,0.8500000238418579
977,25,10085,suppresses_refusal,-0.010234184563159943,0.010234184563159943,0.013856620527803898,0.015190198086202145,0.22499999403953552,0.7749999761581421
978,7,13397,suppresses_refusal,-0.010234079323709011,0.010234079323709011,0.011590719223022461,0.010169647634029388,0.10499999672174454,0.8949999809265137
979,18,4570,suppresses_refusal,-0.010228056460618973,0.010228056460618973,0.010538296774029732,0.010497327893972397,0.0949999988079071,0.9049999713897705
980,9,12312,supports_refusal,0.010224132798612118,0.010224132798612118,0.022879542782902718,0.035650040954351425,0.5049999952316284,0.5049999952316284
981,15,11808,supports_refusal,0.010207943618297577,0.010207943618297577,0.010234427638351917,0.008318919688463211,0.9750000238418579,0.9750000238418579
982,27,11989,suppresses_refusal,-0.010187948122620583,0.010187948122620583,0.01039773691445589,0.00746809272095561,0.07999999821186066,0.9200000166893005
983,29,2928,supports_refusal,0.010160064324736595,0.010160064324736595,0.010160064324736595,0.0036351350136101246,1.0,1.0
984,22,6274,suppresses_refusal,-0.010146751068532467,0.010146751068532467,0.0160550307482481,0.017031893134117126,0.23000000417232513,0.7699999809265137
985,15,5080,supports_refusal,0.010143532417714596,0.010143532417714596,0.010255932807922363,0.009973865933716297,0.949999988079071,0.949999988079071
986,28,12087,suppresses_refusal,-0.01013668067753315,0.01013668067753315,0.01013668067753315,0.005558407865464687,0.0,1.0
987,31,7122,supports_refusal,0.010130814276635647,0.010130814276635647,0.010224095545709133,0.00746330339461565,0.9449999928474426,0.9449999928474426
988,30,6735,suppresses_refusal,-0.010126495733857155,0.010126495733857155,0.010126495733857155,0.002936088014394045,0.0,1.0
989,5,447,suppresses_refusal,-0.010115680284798145,0.010115680284798145,0.010387172922492027,0.00809433963149786,0.03999999910593033,0.9599999785423279
990,29,1516,suppresses_refusal,-0.010109138675034046,0.010109138675034046,0.010162544436752796,0.004781960044056177,0.004999999888241291,0.9950000047683716
991,13,1995,suppresses_refusal,-0.010105771943926811,0.010105771943926811,0.010114889591932297,0.008414610289037228,0.009999999776482582,0.9900000095367432
992,31,8193,suppresses_refusal,-0.010088272392749786,0.010088272392749786,0.014243164099752903,0.013889790512621403,0.16500000655651093,0.8349999785423279
993,5,4138,suppresses_refusal,-0.010078742168843746,0.010078742168843746,0.010977547615766525,0.010725812055170536,0.12999999523162842,0.8700000047683716
994,2,692,suppresses_refusal,-0.01007127296179533,0.01007127296179533,0.010686773806810379,0.00934965256601572,0.08500000089406967,0.9150000214576721
995,14,5332,supports_refusal,0.010070962831377983,0.010070962831377983,0.01104575116187334,0.01116898376494646,0.8299999833106995,0.8299999833106995
996,29,9790,suppresses_refusal,-0.01007083896547556,0.01007083896547556,0.011969489976763725,0.012220270931720734,0.11500000208616257,0.8849999904632568
997,31,9145,suppresses_refusal,-0.010067183524370193,0.010067183524370193,0.01024363748729229,0.009615187533199787,0.05999999865889549,0.9399999976158142
998,30,459,supports_refusal,0.010067100636661053,0.010067100636661053,0.010067100636661053,0.0052358172833919525,1.0,1.0
999,31,10439,suppresses_refusal,-0.010048218071460724,0.010048218071460724,0.03569244220852852,0.04483633488416672,0.42500001192092896,0.574999988079071
1000,28,936,suppresses_refusal,-0.01003311201930046,0.01003311201930046,0.010046234354376793,0.0037167114205658436,0.004999999888241291,0.9950000047683716
1001,14,7038,supports_refusal,0.010012867860496044,0.010012867860496044,0.010029518976807594,0.007950167171657085,0.9900000095367432,0.9900000095367432
1002,14,5637,supports_refusal,0.009999456815421581,0.009999456815421581,0.010433225892484188,0.008264541625976562,0.9300000071525574,0.9300000071525574
1003,31,8214,suppresses_refusal,-0.009987411089241505,0.009987411089241505,0.010227585211396217,0.009758079424500465,0.07500000298023224,0.925000011920929
1004,13,594,supports_refusal,0.009983940050005913,0.009983940050005913,0.010252494364976883,0.0087150102481246,0.9300000071525574,0.9300000071525574
1005,26,1029,suppresses_refusal,-0.009981422685086727,0.009981422685086727,0.010422401130199432,0.00722817936912179,0.05000000074505806,0.949999988079071
1006,15,9511,supports_refusal,0.009976780042052269,0.009976780042052269,0.010227825492620468,0.015080349519848824,0.9100000262260437,0.9100000262260437
1007,31,5720,suppresses_refusal,-0.009968018159270287,0.009968018159270287,0.010380225256085396,0.0059014116413891315,0.06499999761581421,0.9350000023841858
1008,31,13340,supports_refusal,0.009967365302145481,0.009967365302145481,0.010076504200696945,0.005901981610804796,0.9750000238418579,0.9750000238418579
1009,10,8224,supports_refusal,0.009963452816009521,0.009963452816009521,0.010270636528730392,0.011522790417075157,0.9300000071525574,0.9300000071525574
1010,27,627,supports_refusal,0.009959564544260502,0.009959564544260502,0.009959564544260502,0.0034309595357626677,1.0,1.0
1011,17,9401,supports_refusal,0.009958800859749317,0.009958800859749317,0.009966926649212837,0.0052901869639754295,0.9950000047683716,0.9950000047683716
1012,31,9734,supports_refusal,0.009955311194062233,0.009955311194062233,0.010920886881649494,0.00820153672248125,0.8999999761581421,0.8999999761581421
1013,30,50,suppresses_refusal,-0.009946136735379696,0.009946136735379696,0.009946136735379696,0.002329130657017231,0.0,1.0
1014,6,8398,supports_refusal,0.009944231249392033,0.009944231249392033,0.010023381561040878,0.008454295806586742,0.9599999785423279,0.9599999785423279
1015,29,9831,suppresses_refusal,-0.00994095765054226,0.00994095765054226,0.009944620542228222,0.004397098440676928,0.004999999888241291,0.9950000047683716
1016,17,10466,suppresses_refusal,-0.009926224127411842,0.009926224127411842,0.010140380822122097,0.00885496474802494,0.07000000029802322,0.9300000071525574
1017,28,6199,suppresses_refusal,-0.009902515448629856,0.009902515448629856,0.010418682359158993,0.0071101062931120396,0.10999999940395355,0.8899999856948853
1018,3,8878,supports_refusal,0.009894855320453644,0.009894855320453644,0.01103444304317236,0.011949311941862106,0.8999999761581421,0.8999999761581421
1019,26,8029,supports_refusal,0.00989376101642847,0.00989376101642847,0.010312872007489204,0.006815246772021055,0.9399999976158142,0.9399999976158142
1020,19,7423,suppresses_refusal,-0.009891710244119167,0.009891710244119167,0.009942331351339817,0.0063941278494894505,0.019999999552965164,0.9800000190734863
1021,13,9722,supports_refusal,0.009880962781608105,0.009880962781608105,0.010211925953626633,0.005870136432349682,0.9599999785423279,0.9599999785423279
1022,3,2951,supports_refusal,0.009873266331851482,0.009873266331851482,0.010228777304291725,0.009112040512263775,0.925000011920929,0.925000011920929
1023,27,3365,supports_refusal,0.009869690053164959,0.009869690053164959,0.009869690053164959,0.0048583331517875195,1.0,1.0
1024,15,10238,supports_refusal,0.009860701858997345,0.009860701858997345,0.00991868507117033,0.006999146193265915,0.9850000143051147,0.9850000143051147
1025,13,7977,suppresses_refusal,-0.00985606387257576,0.00985606387257576,0.010017326101660728,0.009509502910077572,0.07500000298023224,0.925000011920929
1026,30,8142,supports_refusal,0.009852600283920765,0.009852600283920765,0.012448578141629696,0.011090182699263096,0.8399999737739563,0.8399999737739563
1027,1,31,supports_refusal,0.00984898116439581,0.00984898116439581,0.010355677455663681,0.007880144752562046,0.9200000166893005,0.9200000166893005
1028,31,10897,supports_refusal,0.009844744578003883,0.009844744578003883,0.009844744578003883,0.004987107589840889,1.0,1.0
1029,30,6327,suppresses_refusal,-0.009841232560575008,0.009841232560575008,0.009852981194853783,0.0040085455402731895,0.009999999776482582,0.9900000095367432
1030,18,2546,supports_refusal,0.009812969714403152,0.009812969714403152,0.010583853349089622,0.009581365622580051,0.925000011920929,0.925000011920929
1031,31,2420,suppresses_refusal,-0.009809417650103569,0.009809417650103569,0.009809417650103569,0.003560456680133939,0.0,1.0
1032,25,744,suppresses_refusal,-0.009803027845919132,0.009803027845919132,0.009881305508315563,0.014181497506797314,0.06499999761581421,0.9350000023841858
1033,21,12001,supports_refusal,0.009802074171602726,0.009802074171602726,0.00991605781018734,0.007513958960771561,0.9850000143051147,0.9850000143051147
1034,29,7097,suppresses_refusal,-0.009798211976885796,0.009798211976885796,0.009992608800530434,0.005549744702875614,0.009999999776482582,0.9900000095367432
1035,23,6019,supports_refusal,0.009796676225960255,0.009796676225960255,0.010481338948011398,0.00766444206237793,0.9350000023841858,0.9350000023841858
1036,6,8455,suppresses_refusal,-0.009794025681912899,0.009794025681912899,0.009879874996840954,0.006993118207901716,0.03500000014901161,0.9649999737739563
1037,2,12247,suppresses_refusal,-0.009789008647203445,0.009789008647203445,0.009912052191793919,0.010159014724195004,0.05000000074505806,0.949999988079071
1038,4,10159,supports_refusal,0.009780721738934517,0.009780721738934517,0.009950933046638966,0.00829818844795227,0.9649999737739563,0.9649999737739563
1039,30,155,suppresses_refusal,-0.009779748506844044,0.009779748506844044,0.010553846135735512,0.007985777221620083,0.10000000149011612,0.8999999761581421
1040,14,8660,suppresses_refusal,-0.009761047549545765,0.009761047549545765,0.009761047549545765,0.0033669460099190474,0.0,1.0
1041,30,9637,suppresses_refusal,-0.009756717830896378,0.009756717830896378,0.009825344197452068,0.0039406223222613335,0.019999999552965164,0.9800000190734863
1042,17,13378,suppresses_refusal,-0.009747237898409367,0.009747237898409367,0.011542434804141521,0.009708673693239689,0.11500000208616257,0.8849999904632568
1043,11,12227,suppresses_refusal,-0.009747019037604332,0.009747019037604332,0.014282388612627983,0.019385486841201782,0.2849999964237213,0.7150000333786011
1044,24,3352,suppresses_refusal,-0.009745082817971706,0.009745082817971706,0.009829921647906303,0.004818596877157688,0.009999999776482582,0.9900000095367432
1045,24,1676,suppresses_refusal,-0.009744977578520775,0.009744977578520775,0.009971704334020615,0.0069864667020738125,0.03999999910593033,0.9599999785423279
1046,27,8896,suppresses_refusal,-0.009744441136717796,0.009744441136717796,0.01052602007985115,0.008701412007212639,0.08500000089406967,0.9150000214576721
1047,28,4166,supports_refusal,0.009741401299834251,0.009741401299834251,0.010694332420825958,0.010482847690582275,0.8949999809265137,0.8949999809265137
1048,14,13315,supports_refusal,0.009733018465340137,0.009733018465340137,0.009802370332181454,0.0059954035095870495,0.9800000190734863,0.9800000190734863
1049,28,9384,supports_refusal,0.009721393696963787,0.009721393696963787,0.011100787669420242,0.009793639183044434,0.8600000143051147,0.8600000143051147
1050,3,14321,supports_refusal,0.009710674174129963,0.009710674174129963,0.010268897749483585,0.008773326873779297,0.925000011920929,0.925000011920929
1051,13,348,suppresses_refusal,-0.009706544689834118,0.009706544689834118,0.010049066506326199,0.007188564632087946,0.03500000014901161,0.9649999737739563
1052,0,2378,suppresses_refusal,-0.009703368879854679,0.009703368879854679,0.010100211948156357,0.007127031218260527,0.014999999664723873,0.9850000143051147
1053,31,2111,suppresses_refusal,-0.009678020142018795,0.009678020142018795,0.013566989451646805,0.014836622402071953,0.23999999463558197,0.7599999904632568
1054,12,11802,suppresses_refusal,-0.009677009657025337,0.009677009657025337,0.010441236197948456,0.01242469809949398,0.11999999731779099,0.8799999952316284
1055,31,13001,suppresses_refusal,-0.009668579325079918,0.009668579325079918,0.009673919528722763,0.0028227074071764946,0.004999999888241291,0.9950000047683716
1056,12,6790,supports_refusal,0.009661807678639889,0.009661807678639889,0.009842357598245144,0.007465731352567673,0.9300000071525574,0.9300000071525574
1057,25,12427,suppresses_refusal,-0.009658260270953178,0.009658260270953178,0.010126018896698952,0.01051553525030613,0.09000000357627869,0.9099999666213989
1058,31,3691,suppresses_refusal,-0.00963996909558773,0.00963996909558773,0.0226454921066761,0.02583008073270321,0.3449999988079071,0.6549999713897705
1059,28,10999,supports_refusal,0.009630408138036728,0.009630408138036728,0.009630913846194744,0.0032411457505077124,0.9950000047683716,0.9950000047683716
1060,30,5542,suppresses_refusal,-0.009628104977309704,0.009628104977309704,0.010743827559053898,0.0076475078240036964,0.07999999821186066,0.9200000166893005
1061,30,1514,supports_refusal,0.009628104977309704,0.009628104977309704,0.009628104977309704,0.005174487829208374,1.0,1.0
1062,13,10238,supports_refusal,0.00961317028850317,0.00961317028850317,0.011390971951186657,0.010381738655269146,0.8500000238418579,0.8500000238418579
1063,29,10833,suppresses_refusal,-0.009611615911126137,0.009611615911126137,0.009947462007403374,0.0065903509967029095,0.06499999761581421,0.9350000023841858
1064,27,7128,suppresses_refusal,-0.009609067812561989,0.009609067812561989,0.009610150009393692,0.004132651258260012,0.004999999888241291,0.9950000047683716
1065,15,1236,supports_refusal,0.009607367217540741,0.009607367217540741,0.00980378594249487,0.00948809739202261,0.9200000166893005,0.9200000166893005
1066,28,7087,supports_refusal,0.00960631389170885,0.00960631389170885,0.00960631389170885,0.003109168726950884,1.0,1.0
1067,30,11618,supports_refusal,0.009593277238309383,0.009593277238309383,0.00969215389341116,0.004677839111536741,0.9950000047683716,0.9950000047683716
1068,12,106,suppresses_refusal,-0.009586282074451447,0.009586282074451447,0.010391030460596085,0.01109942328184843,0.13500000536441803,0.8650000095367432
1069,31,5874,suppresses_refusal,-0.009585914202034473,0.009585914202034473,0.009585914202034473,0.005380189046263695,0.0,1.0
1070,29,578,suppresses_refusal,-0.009583358652889729,0.009583358652889729,0.009645156562328339,0.004958276636898518,0.02500000037252903,0.9750000238418579
1071,29,4745,supports_refusal,0.009572210721671581,0.009572210721671581,0.00979394931346178,0.01023158896714449,0.9449999928474426,0.9449999928474426
1072,13,13668,supports_refusal,0.009548110887408257,0.009548110887408257,0.009872379712760448,0.01011366955935955,0.8949999809265137,0.8949999809265137
1073,13,5722,suppresses_refusal,-0.009540567174553871,0.009540567174553871,0.010144052095711231,0.012034351006150246,0.1850000023841858,0.8149999976158142
1074,28,12928,supports_refusal,0.009532813914120197,0.009532813914120197,0.010720939375460148,0.007514347787946463,0.8899999856948853,0.8899999856948853
1075,30,4077,suppresses_refusal,-0.009520674124360085,0.009520674124360085,0.009721040725708008,0.008298923261463642,0.07999999821186066,0.9200000166893005
1076,30,7435,suppresses_refusal,-0.009515387006103992,0.009515387006103992,0.00965316966176033,0.010355404578149319,0.0949999988079071,0.9049999713897705
1077,15,2599,supports_refusal,0.009511642158031464,0.009511642158031464,0.01336463913321495,0.013283982872962952,0.8100000023841858,0.8100000023841858
1078,31,9804,suppresses_refusal,-0.009506797417998314,0.009506797417998314,0.009506797417998314,0.004166004713624716,0.0,1.0
1079,29,11929,suppresses_refusal,-0.009500541724264622,0.009500541724264622,0.009715232998132706,0.005647242069244385,0.03999999910593033,0.9599999785423279
1080,29,1710,supports_refusal,0.009497642517089844,0.009497642517089844,0.010450858622789383,0.009202920831739902,0.8999999761581421,0.8999999761581421
1081,12,9450,suppresses_refusal,-0.009485618211328983,0.009485618211328983,0.010897933505475521,0.0132215591147542,0.1550000011920929,0.8450000286102295
1082,16,7480,suppresses_refusal,-0.009481909684836864,0.009481909684836864,0.01200259942561388,0.013594336807727814,0.22499999403953552,0.7749999761581421
1083,15,5760,supports_refusal,0.009467978030443192,0.009467978030443192,0.009475102648139,0.007498611230403185,0.9900000095367432,0.9900000095367432
1084,31,13750,suppresses_refusal,-0.009465856477618217,0.009465856477618217,0.009497251361608505,0.0033214653376489878,0.009999999776482582,0.9900000095367432
1085,30,8634,suppresses_refusal,-0.00945807434618473,0.00945807434618473,0.00945807434618473,0.004220281261950731,0.0,1.0
1086,30,3807,suppresses_refusal,-0.009442472830414772,0.009442472830414772,0.009472837671637535,0.004965265281498432,0.004999999888241291,0.9950000047683716
1087,11,8556,supports_refusal,0.00943811982870102,0.00943811982870102,0.01306335348635912,0.04078517109155655,0.39500001072883606,0.6050000190734863
1088,30,2059,suppresses_refusal,-0.009431915357708931,0.009431915357708931,0.009431915357708931,0.002640326274558902,0.0,1.0
1089,11,41,supports_refusal,0.009429722093045712,0.009429722093045712,0.009548130445182323,0.006053851451724768,0.9850000143051147,0.9850000143051147
1090,29,6710,suppresses_refusal,-0.009428415447473526,0.009428415447473526,0.009463854134082794,0.005872987676411867,0.019999999552965164,0.9800000190734863
1091,29,153,supports_refusal,0.009420700371265411,0.009420700371265411,0.009430465288460255,0.005096809007227421,0.9950000047683716,0.9950000047683716
1092,14,7805,supports_refusal,0.00941746961325407,0.00941746961325407,0.009649030864238739,0.012438513338565826,0.8949999809265137,0.8949999809265137
1093,28,12198,suppresses_refusal,-0.009409227408468723,0.009409227408468723,0.00985766388475895,0.0077963522635400295,0.09000000357627869,0.9099999666213989
1094,31,9355,suppresses_refusal,-0.009407596662640572,0.009407596662640572,0.011743221431970596,0.012954415753483772,0.2199999988079071,0.7799999713897705
1095,29,319,suppresses_refusal,-0.009406846016645432,0.009406846016645432,0.01055304054170847,0.015133007429540157,0.29499998688697815,0.7050000429153442
1096,21,4577,suppresses_refusal,-0.009362315759062767,0.009362315759062767,0.009382419288158417,0.0048880972899496555,0.009999999776482582,0.9900000095367432
1097,31,7429,supports_refusal,0.009360561147332191,0.009360561147332191,0.009360561147332191,0.004805827047675848,1.0,1.0
1098,31,9575,supports_refusal,0.009358749724924564,0.009358749724924564,0.009743270464241505,0.007159500382840633,0.9399999976158142,0.9399999976158142
1099,26,3768,supports_refusal,0.009358453564345837,0.009358453564345837,0.011065377853810787,0.00859488919377327,0.9200000166893005,0.9200000166893005
1100,31,6696,supports_refusal,0.009353714063763618,0.009353714063763618,0.009353714063763618,0.00441151624545455,1.0,1.0
1101,4,576,supports_refusal,0.009344425052404404,0.009344425052404404,0.01009647361934185,0.009162593632936478,0.9049999713897705,0.9049999713897705
1102,29,8502,suppresses_refusal,-0.009340038523077965,0.009340038523077965,0.00942297000437975,0.0036970004439353943,0.009999999776482582,0.9900000095367432
1103,21,11726,supports_refusal,0.009321441873908043,0.009321441873908043,0.009602966718375683,0.005396295804530382,0.9700000286102295,0.9700000286102295
1104,19,2534,supports_refusal,0.009316520765423775,0.009316520765423775,0.009444313123822212,0.00433366559445858,0.9850000143051147,0.9850000143051147
1105,26,12054,suppresses_refusal,-0.009316138923168182,0.009316138923168182,0.009316138923168182,0.0027839336544275284,0.0,1.0
1106,31,1095,suppresses_refusal,-0.00931472796946764,0.00931472796946764,0.010449294932186604,0.01900869980454445,0.2150000035762787,0.7849999666213989
1107,31,7437,supports_refusal,0.009313792921602726,0.009313792921602726,0.010671520605683327,0.008794883266091347,0.8399999737739563,0.8399999737739563
1108,17,10212,supports_refusal,0.009299714118242264,0.009299714118242264,0.012420041486620903,0.01819298416376114,0.6650000214576721,0.6650000214576721
1109,30,11574,suppresses_refusal,-0.009288120083510876,0.009288120083510876,0.009947795420885086,0.007574031129479408,0.05999999865889549,0.9399999976158142
1110,7,14179,supports_refusal,0.009284785948693752,0.009284785948693752,0.009380604140460491,0.009304387494921684,0.9399999976158142,0.9399999976158142
1111,23,7393,supports_refusal,0.009282274171710014,0.009282274171710014,0.009282274171710014,0.005664549767971039,1.0,1.0
1112,7,11192,suppresses_refusal,-0.009281163103878498,0.009281163103878498,0.009591536596417427,0.010015223175287247,0.06499999761581421,0.9350000023841858
1113,6,7242,suppresses_refusal,-0.00927269458770752,0.00927269458770752,0.009676594287157059,0.00712990015745163,0.04500000178813934,0.9549999833106995
1114,4,7711,suppresses_refusal,-0.00926261767745018,0.00926261767745018,0.010165764018893242,0.009286475367844105,0.10000000149011612,0.8999999761581421
1115,31,3191,supports_refusal,0.009260959923267365,0.009260959923267365,0.009437198750674725,0.003312570508569479,0.9800000190734863,0.9800000190734863
1116,12,2965,suppresses_refusal,-0.009257514029741287,0.009257514029741287,0.010380720719695091,0.014831620268523693,0.26499998569488525,0.7350000143051147
1117,31,11222,suppresses_refusal,-0.009247856214642525,0.009247856214642525,0.009720268659293652,0.004629270639270544,0.02500000037252903,0.9750000238418579
1118,26,11122,supports_refusal,0.009237446822226048,0.009237446822226048,0.009240145795047283,0.005855625495314598,0.9900000095367432,0.9900000095367432
1119,29,9154,suppresses_refusal,-0.009225892834365368,0.009225892834365368,0.009303865022957325,0.005380274727940559,0.014999999664723873,0.9850000143051147
1120,31,454,supports_refusal,0.00921151414513588,0.00921151414513588,0.012012570165097713,0.012478017248213291,0.8149999976158142,0.8149999976158142
1121,5,309,suppresses_refusal,-0.009202399291098118,0.009202399291098118,0.009581208229064941,0.0075302100740373135,0.04500000178813934,0.9549999833106995
1122,7,14181,suppresses_refusal,-0.009191260673105717,0.009191260673105717,0.010026230476796627,0.008265978656709194,0.10999999940395355,0.8899999856948853
1123,15,4973,suppresses_refusal,-0.00918252021074295,0.00918252021074295,0.01084264274686575,0.02083703875541687,0.49000000953674316,0.5099999904632568
1124,27,11972,suppresses_refusal,-0.009178285486996174,0.009178285486996174,0.009334192611277103,0.005611705593764782,0.02500000037252903,0.9750000238418579
1125,13,6700,supports_refusal,0.00917739886790514,0.00917739886790514,0.009393992833793163,0.007672606967389584,0.9350000023841858,0.9350000023841858
1126,30,8726,supports_refusal,0.009161758236587048,0.009161758236587048,0.009199600666761398,0.006213020998984575,0.9800000190734863,0.9800000190734863
1127,7,6976,suppresses_refusal,-0.009152974933385849,0.009152974933385849,0.010232686996459961,0.010256492532789707,0.125,0.875
1128,29,2205,supports_refusal,0.009152068756520748,0.009152068756520748,0.009152068756520748,0.002626661444082856,1.0,1.0
1129,8,9760,supports_refusal,0.009150323458015919,0.009150323458015919,0.009691229090094566,0.008440770208835602,0.949999988079071,0.949999988079071
1130,31,12111,supports_refusal,0.009146728552877903,0.009146728552877903,0.009146728552877903,0.003252762835472822,1.0,1.0
1131,30,7674,supports_refusal,0.009111194871366024,0.009111194871366024,0.009239215403795242,0.003776427824050188,0.9900000095367432,0.9900000095367432
1132,19,10288,supports_refusal,0.00910245906561613,0.00910245906561613,0.010390739887952805,0.00972770992666483,0.8550000190734863,0.8550000190734863
1133,15,1235,suppresses_refusal,-0.009101670235395432,0.009101670235395432,0.009129516780376434,0.006942938081920147,0.014999999664723873,0.9850000143051147
1134,13,1119,suppresses_refusal,-0.009090175852179527,0.009090175852179527,0.009421519935131073,0.006932280492037535,0.03999999910593033,0.9599999785423279
1135,30,10312,suppresses_refusal,-0.009086799807846546,0.009086799807846546,0.009086799807846546,0.0024928785860538483,0.0,1.0
1136,31,6159,supports_refusal,0.009084472432732582,0.009084472432732582,0.009098205715417862,0.0038605183362960815,0.9900000095367432,0.9900000095367432
1137,30,2806,supports_refusal,0.009084357880055904,0.009084357880055904,0.011438713409006596,0.011809921823441982,0.7749999761581421,0.7749999761581421
1138,9,6010,supports_refusal,0.0090783117339015,0.0090783117339015,0.009334240108728409,0.008142977021634579,0.9649999737739563,0.9649999737739563
1139,11,9363,suppresses_refusal,-0.009065198712050915,0.009065198712050915,0.009376030415296555,0.009380907751619816,0.054999999701976776,0.9449999928474426
1140,27,4706,supports_refusal,0.009065036661922932,0.009065036661922932,0.01124383881688118,0.011679042130708694,0.8650000095367432,0.8650000095367432
1141,31,8496,suppresses_refusal,-0.009054717607796192,0.009054717607796192,0.009054717607796192,0.0021474137902259827,0.0,1.0
1142,16,11588,suppresses_refusal,-0.009054023772478104,0.009054023772478104,0.009527142159640789,0.008810898289084435,0.07500000298023224,0.925000011920929
1143,30,959,supports_refusal,0.009046941064298153,0.009046941064298153,0.00931375939399004,0.007675953209400177,0.925000011920929,0.925000011920929
1144,22,13332,supports_refusal,0.009041977114975452,0.009041977114975452,0.009066849015653133,0.0028849223162978888,0.9900000095367432,0.9900000095367432
1145,25,9876,suppresses_refusal,-0.00903894379734993,0.00903894379734993,0.009262638166546822,0.0064491708762943745,0.07000000029802322,0.9300000071525574
1146,31,9119,suppresses_refusal,-0.009038157761096954,0.009038157761096954,0.012289348058402538,0.012800507247447968,0.20499999821186066,0.7950000166893005
1147,29,7570,supports_refusal,0.009033813141286373,0.009033813141286373,0.009084739722311497,0.007202144246548414,0.9750000238418579,0.9750000238418579
1148,28,6665,suppresses_refusal,-0.009031543508172035,0.009031543508172035,0.01120615005493164,0.010683671571314335,0.1850000023841858,0.8149999976158142
1149,15,3346,supports_refusal,0.00902094878256321,0.00902094878256321,0.010472592897713184,0.010157481767237186,0.8399999737739563,0.8399999737739563
1150,29,9301,suppresses_refusal,-0.009019741788506508,0.009019741788506508,0.009066996164619923,0.005876194220036268,0.029999999329447746,0.9700000286102295
1151,31,1755,supports_refusal,0.009011778980493546,0.009011778980493546,0.010234436951577663,0.008158444426953793,0.875,0.875
1152,20,3479,suppresses_refusal,-0.00900797825306654,0.00900797825306654,0.009061307646334171,0.009036392904818058,0.019999999552965164,0.9800000190734863
1153,31,3252,supports_refusal,0.008996639400720596,0.008996639400720596,0.008996639400720596,0.0041976566426455975,1.0,1.0
1154,31,8180,supports_refusal,0.00899303425103426,0.00899303425103426,0.00899303425103426,0.004490482620894909,1.0,1.0
1155,30,3261,supports_refusal,0.008980550803244114,0.008980550803244114,0.009040174074470997,0.006269325967878103,0.9800000190734863,0.9800000190734863
1156,27,14191,suppresses_refusal,-0.008979263715445995,0.008979263715445995,0.009102783165872097,0.004918014630675316,0.019999999552965164,0.9800000190734863
1157,22,82,suppresses_refusal,-0.008969149552285671,0.008969149552285671,0.008971218951046467,0.0034881180617958307,0.004999999888241291,0.9950000047683716
1158,30,7660,supports_refusal,0.00894415844231844,0.00894415844231844,0.010364408604800701,0.008255722932517529,0.8650000095367432,0.8650000095367432
1159,29,8909,supports_refusal,0.008933071978390217,0.008933071978390217,0.010828823782503605,0.01050026435405016,0.8600000143051147,0.8600000143051147
1160,28,6305,suppresses_refusal,-0.008929691277444363,0.008929691277444363,0.016674824059009552,0.019849659875035286,0.3149999976158142,0.6850000023841858
1161,31,4110,suppresses_refusal,-0.008923015557229519,0.008923015557229519,0.008923015557229519,0.0024252517614513636,0.0,1.0
1162,17,5011,suppresses_refusal,-0.008914313279092312,0.008914313279092312,0.010131468996405602,0.01083022728562355,0.17499999701976776,0.824999988079071
1163,30,10070,suppresses_refusal,-0.008914249017834663,0.008914249017834663,0.014030425809323788,0.014874347485601902,0.2750000059604645,0.7250000238418579
1164,26,3370,suppresses_refusal,-0.008912506513297558,0.008912506513297558,0.008912506513297558,0.0031959409825503826,0.0,1.0
1165,28,7284,suppresses_refusal,-0.008906097151339054,0.008906097151339054,0.008906097151339054,0.0027086904738098383,0.0,1.0
1166,18,5537,suppresses_refusal,-0.008903427049517632,0.008903427049517632,0.009749450720846653,0.006435885559767485,0.05999999865889549,0.9399999976158142
1167,29,6689,suppresses_refusal,-0.008901024237275124,0.008901024237275124,0.009198417887091637,0.006932767573744059,0.054999999701976776,0.9449999928474426
1168,18,8429,supports_refusal,0.008890333585441113,0.008890333585441113,0.008941564708948135,0.007941271178424358,0.9549999833106995,0.9549999833106995
1169,29,3543,supports_refusal,0.008889474906027317,0.008889474906027317,0.008990964852273464,0.006107718218117952,0.9750000238418579,0.9750000238418579
1170,31,8254,supports_refusal,0.008887252770364285,0.008887252770364285,0.008915633894503117,0.003821664024144411,0.9950000047683716,0.9950000047683716
1171,0,8509,suppresses_refusal,-0.008884849958121777,0.008884849958121777,0.01103412639349699,0.0145332682877779,0.12999999523162842,0.8700000047683716
1172,13,12356,supports_refusal,0.008884315378963947,0.008884315378963947,0.009103775024414062,0.007756765466183424,0.9599999785423279,0.9599999785423279
1173,31,4726,suppresses_refusal,-0.00887545570731163,0.00887545570731163,0.008978567086160183,0.005366927478462458,0.03500000014901161,0.9649999737739563
1174,31,6364,suppresses_refusal,-0.00887332484126091,0.00887332484126091,0.0093972347676754,0.005634017288684845,0.054999999701976776,0.9449999928474426
1175,29,3813,suppresses_refusal,-0.008870696648955345,0.008870696648955345,0.00888977013528347,0.00453657703474164,0.009999999776482582,0.9900000095367432
1176,14,9749,supports_refusal,0.008862895891070366,0.008862895891070366,0.008901577442884445,0.0048171281814575195,0.9900000095367432,0.9900000095367432
1177,20,8563,suppresses_refusal,-0.008859081193804741,0.008859081193804741,0.008860034868121147,0.005298608914017677,0.009999999776482582,0.9900000095367432
1178,31,1000,supports_refusal,0.008858432993292809,0.008858432993292809,0.008892307057976723,0.005228538066148758,0.9850000143051147,0.9850000143051147
1179,31,10783,supports_refusal,0.008851699531078339,0.008851699531078339,0.008898582309484482,0.0036155765410512686,0.9750000238418579,0.9750000238418579
1180,10,6233,suppresses_refusal,-0.008836643770337105,0.008836643770337105,0.009135043248534203,0.007977820001542568,0.07500000298023224,0.925000011920929
1181,15,10673,supports_refusal,0.008833122439682484,0.008833122439682484,0.009081192314624786,0.007433651946485043,0.9100000262260437,0.9100000262260437
1182,21,1409,suppresses_refusal,-0.00883268378674984,0.00883268378674984,0.00885557197034359,0.004567622672766447,0.004999999888241291,0.9950000047683716
1183,21,10806,supports_refusal,0.008828840218484402,0.008828840218484402,0.008863916620612144,0.009098626673221588,0.9700000286102295,0.9700000286102295
1184,31,10073,supports_refusal,0.00881856121122837,0.00881856121122837,0.009275101125240326,0.006206966005265713,0.9449999928474426,0.9449999928474426
1185,4,1815,suppresses_refusal,-0.00881766714155674,0.00881766714155674,0.008992639370262623,0.014335316605865955,0.0949999988079071,0.9049999713897705
1186,13,6717,supports_refusal,0.00881651509553194,0.00881651509553194,0.008912330493330956,0.006533077452331781,0.9649999737739563,0.9649999737739563
1187,23,12485,supports_refusal,0.008808362297713757,0.008808362297713757,0.009010637179017067,0.006054338533431292,0.925000011920929,0.925000011920929
1188,14,12647,supports_refusal,0.008808307349681854,0.008808307349681854,0.008875846862792969,0.006791701074689627,0.9750000238418579,0.9750000238418579
1189,26,7919,suppresses_refusal,-0.008808284066617489,0.008808284066617489,0.009386477060616016,0.008318007923662663,0.054999999701976776,0.9449999928474426
1190,23,4700,suppresses_refusal,-0.008806329220533371,0.008806329220533371,0.008874764665961266,0.006755555048584938,0.029999999329447746,0.9700000286102295
1191,31,649,supports_refusal,0.008797474205493927,0.008797474205493927,0.008797474205493927,0.004284793045371771,1.0,1.0
1192,31,12941,supports_refusal,0.008772668428719044,0.008772668428719044,0.009964074939489365,0.007959295995533466,0.875,0.875
1193,28,11929,supports_refusal,0.008761920966207981,0.008761920966207981,0.009349174797534943,0.008260896429419518,0.8949999809265137,0.8949999809265137
1194,31,14073,suppresses_refusal,-0.008761138655245304,0.008761138655245304,0.016827546060085297,0.01944172941148281,0.24500000476837158,0.7549999952316284
1195,30,8716,supports_refusal,0.008753471076488495,0.008753471076488495,0.01596447080373764,0.018336545675992966,0.675000011920929,0.675000011920929
1196,28,12949,suppresses_refusal,-0.008749458938837051,0.008749458938837051,0.008763191290199757,0.004356232471764088,0.009999999776482582,0.9900000095367432
1197,26,8456,supports_refusal,0.008738097734749317,0.008738097734749317,0.008883018046617508,0.00610932195559144,0.9599999785423279,0.9599999785423279
1198,19,1567,suppresses_refusal,-0.008736738935112953,0.008736738935112953,0.008784460835158825,0.004623601213097572,0.014999999664723873,0.9850000143051147
1199,21,12554,supports_refusal,0.008736095391213894,0.008736095391213894,0.009507331997156143,0.009033683687448502,0.8550000190734863,0.8550000190734863
1200,31,5883,suppresses_refusal,-0.008730163797736168,0.008730163797736168,0.011354980058968067,0.01086465734988451,0.2150000035762787,0.7849999666213989
1201,16,3170,suppresses_refusal,-0.008727102540433407,0.008727102540433407,0.008840475231409073,0.0066611445508897305,0.03999999910593033,0.9599999785423279
1202,31,10432,suppresses_refusal,-0.008717307820916176,0.008717307820916176,0.008718986064195633,0.0037881778553128242,0.004999999888241291,0.9950000047683716
1203,25,5104,suppresses_refusal,-0.008716065436601639,0.008716065436601639,0.009623353369534016,0.0077924178913235664,0.10000000149011612,0.8999999761581421
1204,31,9922,suppresses_refusal,-0.008703918196260929,0.008703918196260929,0.008703918196260929,0.002652884926646948,0.0,1.0
1205,26,10405,suppresses_refusal,-0.008691329509019852,0.008691329509019852,0.008780441246926785,0.003889845684170723,0.004999999888241291,0.9950000047683716
1206,16,5292,supports_refusal,0.00868974719196558,0.00868974719196558,0.00931737944483757,0.008885577321052551,0.8949999809265137,0.8949999809265137
1207,26,12228,suppresses_refusal,-0.00867757759988308,0.00867757759988308,0.008814373053610325,0.00508872140198946,0.019999999552965164,0.9800000190734863
1208,31,7673,suppresses_refusal,-0.00867683906108141,0.00867683906108141,0.01022560615092516,0.008288347162306309,0.13500000536441803,0.8650000095367432
1209,28,4873,suppresses_refusal,-0.008669252507388592,0.008669252507388592,0.00867228489369154,0.0033342884853482246,0.004999999888241291,0.9950000047683716
1210,20,9259,supports_refusal,0.008661570958793163,0.008661570958793163,0.008879132568836212,0.00903712771832943,0.8700000047683716,0.8700000047683716
1211,14,10408,supports_refusal,0.008660716004669666,0.008660716004669666,0.009470177814364433,0.0101777920499444,0.8550000190734863,0.8550000190734863
1212,31,8884,supports_refusal,0.008660411462187767,0.008660411462187767,0.008992328308522701,0.004295400809496641,0.9750000238418579,0.9750000238418579
1213,24,5770,suppresses_refusal,-0.00864751823246479,0.00864751823246479,0.008658199571073055,0.004727228078991175,0.004999999888241291,0.9950000047683716
1214,30,4063,suppresses_refusal,-0.008645710535347462,0.008645710535347462,0.013430170714855194,0.014511172659695148,0.26499998569488525,0.7350000143051147
1215,30,14228,suppresses_refusal,-0.00864400900900364,0.00864400900900364,0.008658085018396378,0.003239545738324523,0.009999999776482582,0.9900000095367432
1216,14,221,suppresses_refusal,-0.008627036586403847,0.008627036586403847,0.009015976451337337,0.009357387199997902,0.125,0.875
1217,28,13975,suppresses_refusal,-0.008626327849924564,0.008626327849924564,0.008626327849924564,0.0028893891721963882,0.0,1.0
1218,29,10902,supports_refusal,0.008623771369457245,0.008623771369457245,0.00894237495958805,0.0037601646035909653,0.9900000095367432,0.9900000095367432
1219,27,4153,suppresses_refusal,-0.008611964993178844,0.008611964993178844,0.008692455478012562,0.003979043569415808,0.02500000037252903,0.9750000238418579
1220,4,7086,suppresses_refusal,-0.008593264035880566,0.008593264035880566,0.009600534103810787,0.008289741352200508,0.10499999672174454,0.8949999809265137
1221,3,11840,supports_refusal,0.008579821325838566,0.008579821325838566,0.009812322445213795,0.00976470299065113,0.875,0.875
1222,12,6816,supports_refusal,0.008577747270464897,0.008577747270464897,0.008594227023422718,0.006058224011212587,0.9900000095367432,0.9900000095367432
1223,28,9477,supports_refusal,0.008573646657168865,0.008573646657168865,0.00920535996556282,0.005794317461550236,0.9300000071525574,0.9300000071525574
1224,28,1222,suppresses_refusal,-0.008562667295336723,0.008562667295336723,0.01205478422343731,0.01390090398490429,0.24500000476837158,0.7549999952316284
1225,29,11650,supports_refusal,0.008559856563806534,0.008559856563806534,0.010079365223646164,0.011814671568572521,0.699999988079071,0.699999988079071
1226,31,14194,suppresses_refusal,-0.008556732907891273,0.008556732907891273,0.008563866838812828,0.003454555058851838,0.004999999888241291,0.9950000047683716
1227,18,1017,supports_refusal,0.008554249070584774,0.008554249070584774,0.008715000003576279,0.006621161941438913,0.9549999833106995,0.9549999833106995
1228,17,13186,supports_refusal,0.008552188985049725,0.008552188985049725,0.008682594634592533,0.006153290160000324,0.9700000286102295,0.9700000286102295
1229,30,6424,supports_refusal,0.008539428934454918,0.008539428934454918,0.008917923085391521,0.004637307021766901,0.949999988079071,0.949999988079071
1230,9,13375,supports_refusal,0.008538395166397095,0.008538395166397095,0.00952670443803072,0.015143224969506264,0.7950000166893005,0.7950000166893005
1231,9,12130,suppresses_refusal,-0.008537526242434978,0.008537526242434978,0.008689064532518387,0.007053559646010399,0.05999999865889549,0.9399999976158142
1232,2,12021,supports_refusal,0.00853751227259636,0.00853751227259636,0.010654237121343613,0.012030011042952538,0.8199999928474426,0.8199999928474426
1233,4,9431,supports_refusal,0.00853399746119976,0.00853399746119976,0.00888144038617611,0.006805265787988901,0.9449999928474426,0.9449999928474426
1234,14,8138,supports_refusal,0.008525545708835125,0.008525545708835125,0.009533217176795006,0.010465412400662899,0.8849999904632568,0.8849999904632568
1235,28,12167,suppresses_refusal,-0.008520297706127167,0.008520297706127167,0.01078935619443655,0.01026974432170391,0.1599999964237213,0.8400000333786011
1236,1,1856,supports_refusal,0.008517557755112648,0.008517557755112648,0.008628323674201965,0.007766560651361942,0.9449999928474426,0.9449999928474426
1237,31,13869,suppresses_refusal,-0.008516941219568253,0.008516941219568253,0.010660266503691673,0.010598466731607914,0.16500000655651093,0.8349999785423279
1238,1,13087,suppresses_refusal,-0.008511371910572052,0.008511371910572052,0.008630122989416122,0.006178798153996468,0.029999999329447746,0.9700000286102295
1239,29,2560,suppresses_refusal,-0.008505096659064293,0.008505096659064293,0.008505096659064293,0.0016689717303961515,0.0,1.0
1240,20,5827,supports_refusal,0.008495512418448925,0.008495512418448925,0.008501005358994007,0.004389654379338026,0.9950000047683716,0.9950000047683716
1241,29,11576,suppresses_refusal,-0.008482699282467365,0.008482699282467365,0.008849596604704857,0.006920213811099529,0.10000000149011612,0.8999999761581421
1242,29,336,suppresses_refusal,-0.00847658608108759,0.00847658608108759,0.00847658608108759,0.003962765447795391,0.0,1.0
1243,23,1200,supports_refusal,0.008476371876895428,0.008476371876895428,0.00849559810012579,0.00344668235629797,0.9950000047683716,0.9950000047683716
1244,30,3331,supports_refusal,0.008474388159811497,0.008474388159811497,0.01822635717689991,0.02425653487443924,0.6050000190734863,0.6050000190734863
1245,3,4283,supports_refusal,0.008464927785098553,0.008464927785098553,0.009043693542480469,0.008405211381614208,0.8999999761581421,0.8999999761581421
1246,27,2666,supports_refusal,0.008457498624920845,0.008457498624920845,0.008709020912647247,0.005552210845053196,0.9750000238418579,0.9750000238418579
1247,19,6374,suppresses_refusal,-0.00845498126000166,0.00845498126000166,0.01017217617481947,0.015280958265066147,0.28999999165534973,0.7100000381469727
1248,31,8300,suppresses_refusal,-0.008453438058495522,0.008453438058495522,0.010178196243941784,0.007265736348927021,0.10499999672174454,0.8949999809265137
1249,26,5239,suppresses_refusal,-0.008450555615127087,0.008450555615127087,0.008495321497321129,0.006398784462362528,0.03500000014901161,0.9649999737739563
1250,13,1325,supports_refusal,0.008450073190033436,0.008450073190033436,0.011361021548509598,0.014231264591217041,0.8100000023841858,0.8100000023841858
1251,28,8021,supports_refusal,0.008442611433565617,0.008442611433565617,0.008493270725011826,0.004597054794430733,0.9950000047683716,0.9950000047683716
1252,30,9485,suppresses_refusal,-0.008441543206572533,0.008441543206572533,0.009217224083840847,0.007118945010006428,0.10999999940395355,0.8899999856948853
1253,31,1199,suppresses_refusal,-0.008439273573458195,0.008439273573458195,0.008459988050162792,0.004661018960177898,0.009999999776482582,0.9900000095367432
1254,25,2355,suppresses_refusal,-0.008419943042099476,0.008419943042099476,0.008440027013421059,0.0057078395038843155,0.019999999552965164,0.9800000190734863
1255,28,10405,supports_refusal,0.008418616838753223,0.008418616838753223,0.008796424604952335,0.00498143769800663,0.9399999976158142,0.9399999976158142
1256,28,2454,supports_refusal,0.008418197743594646,0.008418197743594646,0.008418197743594646,0.003916867543011904,1.0,1.0
1257,12,2747,suppresses_refusal,-0.0084144975990057,0.0084144975990057,0.00889434851706028,0.007649875245988369,0.07500000298023224,0.925000011920929
1258,31,2930,suppresses_refusal,-0.00840373057872057,0.00840373057872057,0.00889416690915823,0.004622272215783596,0.054999999701976776,0.9449999928474426
1259,30,4134,supports_refusal,0.0083895493298769,0.0083895493298769,0.008412590250372887,0.0037332114297896624,0.9950000047683716,0.9950000047683716
1260,30,35,supports_refusal,0.008387698791921139,0.008387698791921139,0.013037624768912792,0.012969194911420345,0.8849999904632568,0.8849999904632568
1261,30,1228,supports_refusal,0.00838379468768835,0.00838379468768835,0.008800512179732323,0.005413766019046307,0.9549999833106995,0.9549999833106995
1262,12,8250,suppresses_refusal,-0.008379020728170872,0.008379020728170872,0.008476142771542072,0.007730497047305107,0.029999999329447746,0.9700000286102295
1263,25,9392,supports_refusal,0.00837661698460579,0.00837661698460579,0.00897346530109644,0.006731168366968632,0.925000011920929,0.925000011920929
1264,31,7175,supports_refusal,0.008374805562198162,0.008374805562198162,0.008380565792322159,0.0035451368894428015,0.9950000047683716,0.9950000047683716
1265,21,12113,supports_refusal,0.00837375596165657,0.00837375596165657,0.008377570658922195,0.005348324775695801,0.9950000047683716,0.9950000047683716
1266,11,358,supports_refusal,0.008373584598302841,0.008373584598302841,0.008394184522330761,0.006316111423075199,0.9850000143051147,0.9850000143051147
1267,26,10795,suppresses_refusal,-0.008372916840016842,0.008372916840016842,0.008376236073672771,0.0036911210045218468,0.009999999776482582,0.9900000095367432
1268,28,14320,suppresses_refusal,-0.008371886797249317,0.008371886797249317,0.008371886797249317,0.0026612323708832264,0.0,1.0
1269,30,7221,suppresses_refusal,-0.008364763110876083,0.008364763110876083,0.01020283717662096,0.009215184487402439,0.14000000059604645,0.8600000143051147
1270,26,14124,supports_refusal,0.008357439190149307,0.008357439190149307,0.008374681696295738,0.004687347449362278,0.9900000095367432,0.9900000095367432
1271,16,1232,supports_refusal,0.008351974189281464,0.008351974189281464,0.008505325764417648,0.005759796127676964,0.9549999833106995,0.9549999833106995
1272,20,10491,suppresses_refusal,-0.008348856121301651,0.008348856121301651,0.0085038086399436,0.0049394285306334496,0.03500000014901161,0.9649999737739563
1273,28,3790,supports_refusal,0.00834701582789421,0.00834701582789421,0.00834701582789421,0.003546730848029256,1.0,1.0
1274,30,5336,suppresses_refusal,-0.008346605114638805,0.008346605114638805,0.009215879254043102,0.009813257493078709,0.14000000059604645,0.8600000143051147
1275,10,12569,suppresses_refusal,-0.00834513921290636,0.00834513921290636,0.00885710958391428,0.008090897463262081,0.10000000149011612,0.8999999761581421
1276,13,12063,suppresses_refusal,-0.00834172684699297,0.00834172684699297,0.00858022179454565,0.005232744850218296,0.029999999329447746,0.9700000286102295
1277,31,3309,suppresses_refusal,-0.008340763859450817,0.008340763859450817,0.027071919292211533,0.03360224515199661,0.38499999046325684,0.6150000095367432
1278,30,2120,suppresses_refusal,-0.00833902321755886,0.00833902321755886,0.008421230129897594,0.005356404930353165,0.03999999910593033,0.9599999785423279
1279,1,7050,supports_refusal,0.008326533250510693,0.008326533250510693,0.008855897933244705,0.00907874945551157,0.9449999928474426,0.9449999928474426
1280,29,11384,suppresses_refusal,-0.008321418426930904,0.008321418426930904,0.008336372673511505,0.00249078799970448,0.009999999776482582,0.9900000095367432
1281,23,8442,supports_refusal,0.008306331932544708,0.008306331932544708,0.008310222998261452,0.0043653459288179874,0.9950000047683716,0.9950000047683716
1282,31,10759,suppresses_refusal,-0.008300171233713627,0.008300171233713627,0.015177917666733265,0.015911472961306572,0.2549999952316284,0.7450000047683716
1283,14,3937,supports_refusal,0.008299644105136395,0.008299644105136395,0.008301522582769394,0.004608990158885717,0.9950000047683716,0.9950000047683716
1284,0,12222,suppresses_refusal,-0.00829269364476204,0.00829269364476204,0.042430173605680466,0.0604252964258194,0.4099999964237213,0.5900000333786011
1285,25,6452,suppresses_refusal,-0.008285040967166424,0.008285040967166424,0.008726133964955807,0.007257136516273022,0.07000000029802322,0.9300000071525574
1286,18,10730,suppresses_refusal,-0.0082833431661129,0.0082833431661129,0.008310571312904358,0.005960349924862385,0.014999999664723873,0.9850000143051147
1287,17,12117,suppresses_refusal,-0.008283176459372044,0.008283176459372044,0.010979557409882545,0.010868024080991745,0.18000000715255737,0.8199999928474426
1288,30,7220,suppresses_refusal,-0.00828167237341404,0.00828167237341404,0.008281972259283066,0.0031381805893033743,0.004999999888241291,0.9950000047683716
1289,6,1464,suppresses_refusal,-0.008278279565274715,0.008278279565274715,0.011830944567918777,0.014487937092781067,0.22499999403953552,0.7749999761581421
1290,5,473,suppresses_refusal,-0.008277478627860546,0.008277478627860546,0.009274597279727459,0.009944671764969826,0.11500000208616257,0.8849999904632568
1291,10,3942,suppresses_refusal,-0.008273635990917683,0.008273635990917683,0.008968914858996868,0.0227365605533123,0.17499999701976776,0.824999988079071
1292,12,10171,supports_refusal,0.008272380568087101,0.008272380568087101,0.00900842621922493,0.007716083899140358,0.8700000047683716,0.8700000047683716
1293,31,8959,supports_refusal,0.00826249085366726,0.00826249085366726,0.008352193981409073,0.0042470768094062805,0.9750000238418579,0.9750000238418579
1294,14,3942,suppresses_refusal,-0.00825344119220972,0.00825344119220972,0.010084343142807484,0.011840641498565674,0.029999999329447746,0.9700000286102295
1295,28,13504,supports_refusal,0.008252119645476341,0.008252119645476341,0.008297944441437721,0.005498782265931368,0.9700000286102295,0.9700000286102295
1296,31,1584,suppresses_refusal,-0.008243217132985592,0.008243217132985592,0.008243217132985592,0.0034797126427292824,0.0,1.0
1297,15,5896,suppresses_refusal,-0.008242148905992508,0.008242148905992508,0.008251304738223553,0.0041466024704277515,0.004999999888241291,0.9950000047683716
1298,16,5364,suppresses_refusal,-0.008234748616814613,0.008234748616814613,0.010495071299374104,0.011049791239202023,0.20499999821186066,0.7950000166893005
1299,22,3228,suppresses_refusal,-0.00823025219142437,0.00823025219142437,0.00991527084261179,0.008459240198135376,0.12999999523162842,0.8700000047683716
1300,30,1296,supports_refusal,0.00822853110730648,0.00822853110730648,0.009175319224596024,0.007251581642776728,0.8849999904632568,0.8849999904632568
1301,29,1590,supports_refusal,0.008221559226512909,0.008221559226512909,0.008566465228796005,0.0058384304866194725,0.9750000238418579,0.9750000238418579
1302,14,4413,supports_refusal,0.008219280280172825,0.008219280280172825,0.008393535390496254,0.006393746007233858,0.9649999737739563,0.9649999737739563
1303,13,1218,supports_refusal,0.008218688890337944,0.008218688890337944,0.00829593650996685,0.004987421445548534,0.9750000238418579,0.9750000238418579
1304,13,5757,supports_refusal,0.008218536153435707,0.008218536153435707,0.012175139971077442,0.013895590789616108,0.7250000238418579,0.7250000238418579
1305,8,583,suppresses_refusal,-0.008214570581912994,0.008214570581912994,0.008400851860642433,0.0075488826259970665,0.05999999865889549,0.9399999976158142
1306,31,556,supports_refusal,0.008208789862692356,0.008208789862692356,0.008431987836956978,0.003925288561731577,0.9700000286102295,0.9700000286102295
1307,31,4032,suppresses_refusal,-0.008208789862692356,0.008208789862692356,0.00821214634925127,0.0030749260913580656,0.004999999888241291,0.9950000047683716
1308,27,11968,suppresses_refusal,-0.00820701103657484,0.00820701103657484,0.008368982933461666,0.004932023119181395,0.03500000014901161,0.9649999737739563
1309,15,6918,suppresses_refusal,-0.008204612880945206,0.008204612880945206,0.011168098077178001,0.013384365476667881,0.36000001430511475,0.6399999856948853
1310,27,12947,suppresses_refusal,-0.00820289645344019,0.00820289645344019,0.00820289645344019,0.00308947148732841,0.0,1.0
1311,19,8675,suppresses_refusal,-0.008202285505831242,0.008202285505831242,0.00839103665202856,0.004354449920356274,0.014999999664723873,0.9850000143051147
1312,27,4144,supports_refusal,0.008201394230127335,0.008201394230127335,0.008299240842461586,0.004612198565155268,0.9750000238418579,0.9750000238418579
1313,11,9763,suppresses_refusal,-0.008198421448469162,0.008198421448469162,0.010175197385251522,0.01024374645203352,0.14000000059604645,0.8600000143051147
1314,31,2471,suppresses_refusal,-0.008178558200597763,0.008178558200597763,0.008178558200597763,0.0028574131429195404,0.0,1.0
1315,19,6198,supports_refusal,0.00817377120256424,0.00817377120256424,0.00826322566717863,0.00726154912263155,0.9599999785423279,0.9599999785423279
1316,30,2273,supports_refusal,0.008171005174517632,0.008171005174517632,0.008171005174517632,0.002719920128583908,1.0,1.0
1317,30,2648,suppresses_refusal,-0.008169403299689293,0.008169403299689293,0.008169403299689293,0.004091983195394278,0.0,1.0
1318,31,10088,suppresses_refusal,-0.00816699955612421,0.00816699955612421,0.008181571960449219,0.003492518560960889,0.004999999888241291,0.9950000047683716
1319,29,4918,suppresses_refusal,-0.008166542276740074,0.008166542276740074,0.008166542276740074,0.004217192530632019,0.0,1.0
1320,8,13315,supports_refusal,0.008164353668689728,0.008164353668689728,0.008465914987027645,0.010263446718454361,0.9049999713897705,0.9049999713897705
1321,30,12258,supports_refusal,0.008160543628036976,0.008160543628036976,0.008879556320607662,0.006310037802904844,0.9200000166893005,0.9200000166893005
1322,18,6877,suppresses_refusal,-0.008157363161444664,0.008157363161444664,0.008225474506616592,0.006087202113121748,0.029999999329447746,0.9700000286102295
1323,28,6048,supports_refusal,0.00814208947122097,0.00814208947122097,0.008224640041589737,0.003459169529378414,0.9900000095367432,0.9900000095367432
1324,30,3508,suppresses_refusal,-0.008138838224112988,0.008138838224112988,0.008429193869233131,0.0059609366580843925,0.06499999761581421,0.9350000023841858
1325,31,5926,suppresses_refusal,-0.00813339278101921,0.00813339278101921,0.00813339278101921,0.003034004708752036,0.0,1.0
1326,3,7058,suppresses_refusal,-0.00812856201082468,0.00812856201082468,0.008595185354351997,0.0074148401618003845,0.08500000089406967,0.9150000214576721
1327,29,3371,supports_refusal,0.008123550564050674,0.008123550564050674,0.008133468218147755,0.0040082125924527645,0.9950000047683716,0.9950000047683716
1328,12,833,suppresses_refusal,-0.008123436011373997,0.008123436011373997,0.00817539170384407,0.005597228184342384,0.03500000014901161,0.9649999737739563
1329,31,437,supports_refusal,0.008118745870888233,0.008118745870888233,0.008776776492595673,0.007300680037587881,0.9100000262260437,0.9100000262260437
1330,4,8363,suppresses_refusal,-0.008117128163576126,0.008117128163576126,0.00833028182387352,0.007514238823205233,0.05000000074505806,0.949999988079071
1331,8,7891,suppresses_refusal,-0.008111484348773956,0.008111484348773956,0.009299862198531628,0.009319095872342587,0.13500000536441803,0.8650000095367432
1332,23,6450,supports_refusal,0.008110404014587402,0.008110404014587402,0.008139090612530708,0.005266162566840649,0.9950000047683716,0.9950000047683716
1333,10,9064,supports_refusal,0.008105326443910599,0.008105326443910599,0.01361793652176857,0.024268120527267456,0.6949999928474426,0.6949999928474426
1334,15,7542,supports_refusal,0.008103456348180771,0.008103456348180771,0.008178339339792728,0.00747330766171217,0.9649999737739563,0.9649999737739563
1335,30,7225,supports_refusal,0.008097629994153976,0.008097629994153976,0.008158168755471706,0.0034312247298657894,0.9900000095367432,0.9900000095367432
1336,5,1606,supports_refusal,0.008093533106148243,0.008093533106148243,0.008771910332143307,0.008256250061094761,0.9049999713897705,0.9049999713897705
1337,4,13803,supports_refusal,0.00809304229915142,0.00809304229915142,0.00825747475028038,0.006855010520666838,0.9649999737739563,0.9649999737739563
1338,30,4438,suppresses_refusal,-0.008090467192232609,0.008090467192232609,0.008187608793377876,0.005173481535166502,0.03500000014901161,0.9649999737739563
1339,30,14109,supports_refusal,0.008089561015367508,0.008089561015367508,0.008197898976504803,0.0038617884274572134,0.9850000143051147,0.9850000143051147
1340,10,2789,suppresses_refusal,-0.008086204528808594,0.008086204528808594,0.008460807614028454,0.00641253124922514,0.0949999988079071,0.9049999713897705
1341,26,6755,suppresses_refusal,-0.008086013607680798,0.008086013607680798,0.008215847425162792,0.005626612342894077,0.03500000014901161,0.9649999737739563
1342,30,13558,supports_refusal,0.008085165172815323,0.008085165172815323,0.008351640775799751,0.004908272065222263,0.9399999976158142,0.9399999976158142
1343,28,10749,supports_refusal,0.008080637082457542,0.008080637082457542,0.00883624330163002,0.006514804437756538,0.9100000262260437,0.9100000262260437
1344,16,1666,supports_refusal,0.008076686412096024,0.008076686412096024,0.008163699880242348,0.006399789825081825,0.9700000286102295,0.9700000286102295
1345,7,468,supports_refusal,0.008073728531599045,0.008073728531599045,0.009572360664606094,0.010592225939035416,0.8349999785423279,0.8349999785423279
1346,30,7684,suppresses_refusal,-0.008068990893661976,0.008068990893661976,0.008074074052274227,0.0033633371349424124,0.009999999776482582,0.9900000095367432
1347,28,7926,suppresses_refusal,-0.008068217895925045,0.008068217895925045,0.008068217895925045,0.0029733870178461075,0.0,1.0
1348,10,2486,supports_refusal,0.008050021715462208,0.008050021715462208,0.008125019259750843,0.005356953479349613,0.9700000286102295,0.9700000286102295
1349,18,8463,supports_refusal,0.008048944175243378,0.008048944175243378,0.010364675894379616,0.009666063822805882,0.8149999976158142,0.8149999976158142
1350,11,9103,supports_refusal,0.008048217743635178,0.008048217743635178,0.00863040704280138,0.007243249099701643,0.8949999809265137,0.8949999809265137
1351,30,3574,suppresses_refusal,-0.008047943003475666,0.008047943003475666,0.008047943003475666,0.0020058858208358288,0.0,1.0
1352,11,3522,suppresses_refusal,-0.008041400462388992,0.008041400462388992,0.00845695473253727,0.007998828776180744,0.09000000357627869,0.9099999666213989
1353,5,2714,suppresses_refusal,-0.008038449101150036,0.008038449101150036,0.008719668723642826,0.010782917030155659,0.14000000059604645,0.8600000143051147
1354,8,8277,supports_refusal,0.008032107725739479,0.008032107725739479,0.008701949380338192,0.010454521514475346,0.8999999761581421,0.8999999761581421
1355,15,3864,suppresses_refusal,-0.008031181991100311,0.008031181991100311,0.008307576179504395,0.007213726174086332,0.11999999731779099,0.8799999952316284
1356,25,10687,supports_refusal,0.008029188960790634,0.008029188960790634,0.008187822997570038,0.00664795795455575,0.925000011920929,0.925000011920929
1357,5,1071,suppresses_refusal,-0.008023703470826149,0.008023703470826149,0.008581554517149925,0.00963730737566948,0.06499999761581421,0.9350000023841858
1358,12,10137,suppresses_refusal,-0.008022517897188663,0.008022517897188663,0.010217113420367241,0.010445619933307171,0.17499999701976776,0.824999988079071
1359,31,953,suppresses_refusal,-0.008013534359633923,0.008013534359633923,0.010656356811523438,0.010692200623452663,0.23999999463558197,0.7599999904632568
1360,31,8595,suppresses_refusal,-0.008012504316866398,0.008012504316866398,0.008018760941922665,0.004848988261073828,0.004999999888241291,0.9950000047683716
1361,29,5866,suppresses_refusal,-0.00800243392586708,0.00800243392586708,0.008014526218175888,0.004010472446680069,0.014999999664723873,0.9850000143051147
1362,26,9802,supports_refusal,0.007994269952178001,0.007994269952178001,0.007994269952178001,0.00359656591899693,1.0,1.0
1363,30,13752,suppresses_refusal,-0.007994265295565128,0.007994265295565128,0.00856922660022974,0.0074519007466733456,0.10999999940395355,0.8899999856948853
1364,13,3654,supports_refusal,0.007989943027496338,0.007989943027496338,0.008052513934671879,0.007379534654319286,0.9599999785423279,0.9599999785423279
1365,2,272,supports_refusal,0.0079822251573205,0.0079822251573205,0.008489752188324928,0.007313666865229607,0.925000011920929,0.925000011920929
1366,25,5048,supports_refusal,0.007980447262525558,0.007980447262525558,0.008002648130059242,0.005792423151433468,0.9900000095367432,0.9900000095367432
1367,28,4626,supports_refusal,0.007978439331054688,0.007978439331054688,0.007978439331054688,0.0025829325895756483,1.0,1.0
1368,30,8214,supports_refusal,0.007968082092702389,0.007968082092702389,0.008157367818057537,0.004268141463398933,0.9549999833106995,0.9549999833106995
1369,31,9115,supports_refusal,0.007966041564941406,0.007966041564941406,0.008429298177361488,0.005483541637659073,0.9300000071525574,0.9300000071525574
1370,30,11504,supports_refusal,0.007960510440170765,0.007960510440170765,0.007975006476044655,0.0024416351225227118,0.9950000047683716,0.9950000047683716
1371,0,12890,suppresses_refusal,-0.00795286800712347,0.00795286800712347,0.008011537604033947,0.00638897530734539,0.014999999664723873,0.9850000143051147
1372,8,6823,supports_refusal,0.007946529425680637,0.007946529425680637,0.009534387849271297,0.017202213406562805,0.7900000214576721,0.7900000214576721
1373,3,3271,suppresses_refusal,-0.007946491241455078,0.007946491241455078,0.008872127160429955,0.007568630389869213,0.07999999821186066,0.9200000166893005
1374,29,2734,supports_refusal,0.007942847907543182,0.007942847907543182,0.007942847907543182,0.002971058478578925,1.0,1.0
1375,16,13496,supports_refusal,0.007941960357129574,0.007941960357129574,0.008036050014197826,0.006275561172515154,0.9750000238418579,0.9750000238418579
1376,30,4355,suppresses_refusal,-0.007938776165246964,0.007938776165246964,0.009033498354256153,0.009227538481354713,0.18000000715255737,0.8199999928474426
1377,30,10408,supports_refusal,0.007923698052763939,0.007923698052763939,0.008485679514706135,0.006430898327380419,0.9300000071525574,0.9300000071525574
1378,30,14181,suppresses_refusal,-0.007913589477539062,0.007913589477539062,0.007913589477539062,0.002639270620420575,0.0,1.0
1379,22,14250,suppresses_refusal,-0.00791198294609785,0.00791198294609785,0.007916731759905815,0.0069297002628445625,0.009999999776482582,0.9900000095367432
1380,11,13251,suppresses_refusal,-0.00790671817958355,0.00790671817958355,0.008532030507922173,0.012486757710576057,0.22499999403953552,0.7749999761581421
1381,30,6805,suppresses_refusal,-0.007906455546617508,0.007906455546617508,0.007906455546617508,0.0035066811833530664,0.0,1.0
1382,27,10811,suppresses_refusal,-0.007905082777142525,0.007905082777142525,0.007925834506750107,0.004443820100277662,0.004999999888241291,0.9950000047683716
1383,31,5833,suppresses_refusal,-0.00790234562009573,0.00790234562009573,0.008054704405367374,0.0036131516098976135,0.029999999329447746,0.9700000286102295
1384,13,3060,supports_refusal,0.00790171604603529,0.00790171604603529,0.008055009879171848,0.006897010374814272,0.9300000071525574,0.9300000071525574
1385,11,12980,supports_refusal,0.007901592180132866,0.007901592180132866,0.00800260528922081,0.004380435682833195,0.9850000143051147,0.9850000143051147
1386,15,630,supports_refusal,0.007900924421846867,0.007900924421846867,0.008794593624770641,0.012406937777996063,0.8399999737739563,0.8399999737739563
1387,6,3888,supports_refusal,0.007899084128439426,0.007899084128439426,0.008140363730490208,0.0067586638033390045,0.9449999928474426,0.9449999928474426
1388,6,3502,suppresses_refusal,-0.007889609783887863,0.007889609783887863,0.014078459702432156,0.017267797142267227,0.26499998569488525,0.7350000143051147
1389,8,12771,suppresses_refusal,-0.007886585779488087,0.007886585779488087,0.009280619211494923,0.01092247013002634,0.17499999701976776,0.824999988079071
1390,21,5691,suppresses_refusal,-0.007875187322497368,0.007875187322497368,0.00806940346956253,0.004751012194901705,0.03500000014901161,0.9649999737739563
1391,31,12130,suppresses_refusal,-0.007869605906307697,0.007869605906307697,0.007870826870203018,0.003751691896468401,0.004999999888241291,0.9950000047683716
1392,19,12861,supports_refusal,0.007865876890718937,0.007865876890718937,0.00806614849716425,0.004685239866375923,0.9649999737739563,0.9649999737739563
1393,29,2309,supports_refusal,0.007865089923143387,0.007865089923143387,0.009135470725595951,0.009808755479753017,0.8100000023841858,0.8100000023841858
1394,30,13366,supports_refusal,0.007860689423978329,0.007860689423978329,0.007902001962065697,0.005031341686844826,0.9900000095367432,0.9900000095367432
1395,9,12393,supports_refusal,0.007859477773308754,0.007859477773308754,0.007930278778076172,0.005428331904113293,0.9850000143051147,0.9850000143051147
1396,8,6027,suppresses_refusal,-0.00785809475928545,0.00785809475928545,0.007958841510117054,0.006981342099606991,0.03999999910593033,0.9599999785423279
1397,30,5341,supports_refusal,0.007855462841689587,0.007855462841689587,0.008276471868157387,0.005555125419050455,0.9150000214576721,0.9150000214576721
1398,17,9341,suppresses_refusal,-0.00785317923873663,0.00785317923873663,0.010489935986697674,0.013050202280282974,0.23499999940395355,0.7649999856948853
1399,13,350,supports_refusal,0.007846725173294544,0.007846725173294544,0.008584301918745041,0.01038753055036068,0.8500000238418579,0.8500000238418579
1400,31,3084,suppresses_refusal,-0.007839889265596867,0.007839889265596867,0.009603500366210938,0.008016024716198444,0.10999999940395355,0.8899999856948853
1401,30,1464,suppresses_refusal,-0.007836980745196342,0.007836980745196342,0.013293981552124023,0.013889867812395096,0.2750000059604645,0.7250000238418579
1402,16,11277,suppresses_refusal,-0.00783647783100605,0.00783647783100605,0.010894868522882462,0.012295687571167946,0.22499999403953552,0.7749999761581421
1403,29,3538,supports_refusal,0.007832317613065243,0.007832317613065243,0.007900523953139782,0.0047764284536242485,0.9700000286102295,0.9700000286102295
1404,21,5297,supports_refusal,0.007831630297005177,0.007831630297005177,0.00805955845862627,0.006243410054594278,0.9549999833106995,0.9549999833106995
1405,25,8469,supports_refusal,0.007822494953870773,0.007822494953870773,0.00782695785164833,0.004572004545480013,0.9950000047683716,0.9950000047683716
1406,31,5059,suppresses_refusal,-0.007818671874701977,0.007818671874701977,0.007882049307227135,0.005931534338742495,0.03500000014901161,0.9649999737739563
1407,27,10519,supports_refusal,0.007815894670784473,0.007815894670784473,0.008381233550608158,0.007482490967959166,0.875,0.875
1408,14,8052,supports_refusal,0.007806005422025919,0.007806005422025919,0.008116655051708221,0.006894578225910664,0.9150000214576721,0.9150000214576721
1409,17,10747,suppresses_refusal,-0.0078048561699688435,0.0078048561699688435,0.00835215114057064,0.008077755570411682,0.125,0.875
1410,30,13245,suppresses_refusal,-0.007802479434758425,0.007802479434758425,0.007992107421159744,0.0047467416152358055,0.03999999910593033,0.9599999785423279
1411,26,12395,suppresses_refusal,-0.007798905484378338,0.007798905484378338,0.007811112329363823,0.004054130986332893,0.004999999888241291,0.9950000047683716
1412,8,405,suppresses_refusal,-0.0077940369956195354,0.0077940369956195354,0.009507388807833195,0.009457327425479889,0.19499999284744263,0.8050000071525574
1413,3,11147,suppresses_refusal,-0.007765603251755238,0.007765603251755238,0.007801547180861235,0.008888314478099346,0.03999999910593033,0.9599999785423279
1414,9,1542,suppresses_refusal,-0.007753224577754736,0.007753224577754736,0.011415142565965652,0.01417219452559948,0.28999999165534973,0.7100000381469727
1415,17,11581,suppresses_refusal,-0.007751846220344305,0.007751846220344305,0.007861632853746414,0.004203698597848415,0.03500000014901161,0.9649999737739563
1416,21,10381,supports_refusal,0.0077471015974879265,0.0077471015974879265,0.008131013251841068,0.005600316915661097,0.949999988079071,0.949999988079071
1417,28,2464,suppresses_refusal,-0.007746480870991945,0.007746480870991945,0.007802661508321762,0.007977188564836979,0.04500000178813934,0.9549999833106995
1418,9,5950,suppresses_refusal,-0.007743293419480324,0.007743293419480324,0.008635628037154675,0.009771370328962803,0.14499999582767487,0.8550000190734863
1419,16,4312,supports_refusal,0.007741785142570734,0.007741785142570734,0.008160753175616264,0.008186468854546547,0.8899999856948853,0.8899999856948853
1420,10,4084,supports_refusal,0.007736263331025839,0.007736263331025839,0.0084984777495265,0.009243244305253029,0.8650000095367432,0.8650000095367432
1421,6,4626,supports_refusal,0.007733392529189587,0.007733392529189587,0.00897356029599905,0.012437068857252598,0.8450000286102295,0.8450000286102295
1422,30,9329,supports_refusal,0.007726898416876793,0.007726898416876793,0.007726898416876793,0.003036284353584051,1.0,1.0
1423,30,13387,suppresses_refusal,-0.007725296076387167,0.007725296076387167,0.007757606450468302,0.0033598074223846197,0.009999999776482582,0.9900000095367432
1424,30,1152,supports_refusal,0.007723789196461439,0.007723789196461439,0.008714389987289906,0.004803205840289593,0.9549999833106995,0.9549999833106995
1425,29,7623,supports_refusal,0.0077217863872647285,0.0077217863872647285,0.0077217863872647285,0.004084253683686256,1.0,1.0
1426,15,8697,suppresses_refusal,-0.0077127730473876,0.0077127730473876,0.008822495117783546,0.009615516290068626,0.1850000023841858,0.8149999976158142
1427,18,3894,supports_refusal,0.007711491547524929,0.007711491547524929,0.007997250184416771,0.006114192772656679,0.925000011920929,0.925000011920929
1428,31,10462,suppresses_refusal,-0.007704772986471653,0.007704772986471653,0.007704772986471653,0.003556968178600073,0.0,1.0
1429,8,7331,supports_refusal,0.0076988982036709785,0.0076988982036709785,0.013108177110552788,0.016598323360085487,0.7200000286102295,0.7200000286102295
1430,30,1969,suppresses_refusal,-0.007693748455494642,0.007693748455494642,0.015459785237908363,0.018308168277144432,0.3149999976158142,0.6850000023841858
1431,28,2978,supports_refusal,0.007689275778830051,0.007689275778830051,0.007800078485161066,0.00431147450581193,0.9649999737739563,0.9649999737739563
1432,27,10366,suppresses_refusal,-0.007684411946684122,0.007684411946684122,0.008035783655941486,0.004952984396368265,0.05999999865889549,0.9399999976158142
1433,5,12566,suppresses_refusal,-0.007680648006498814,0.007680648006498814,0.008772395551204681,0.00929525587707758,0.14000000059604645,0.8600000143051147
1434,31,5437,suppresses_refusal,-0.0076724933460354805,0.0076724933460354805,0.011207072995603085,0.011356066912412643,0.14499999582767487,0.8550000190734863
1435,8,4334,suppresses_refusal,-0.007666788063943386,0.007666788063943386,0.0091291144490242,0.010266418568789959,0.20000000298023224,0.800000011920929
1436,4,3981,supports_refusal,0.007663307245820761,0.007663307245820761,0.00832645408809185,0.006844046525657177,0.9100000262260437,0.9100000262260437
1437,12,10577,suppresses_refusal,-0.00765681266784668,0.00765681266784668,0.011134080588817596,0.013862610794603825,0.25,0.75
1438,28,11387,suppresses_refusal,-0.007653515320271254,0.007653515320271254,0.007963779382407665,0.005306459963321686,0.05999999865889549,0.9399999976158142
1439,16,8661,supports_refusal,0.007653162349015474,0.007653162349015474,0.01212669163942337,0.012381026521325111,0.7850000262260437,0.7850000262260437
1440,5,6852,supports_refusal,0.0076513695530593395,0.0076513695530593395,0.007925779558718204,0.011632295325398445,0.9200000166893005,0.9200000166893005
1441,14,7342,supports_refusal,0.007645409554243088,0.007645409554243088,0.007977835834026337,0.008246256038546562,0.8999999761581421,0.8999999761581421
1442,0,12659,suppresses_refusal,-0.007643589749932289,0.007643589749932289,0.007951741106808186,0.005236935801804066,0.019999999552965164,0.9800000190734863
1443,7,5513,supports_refusal,0.007639169692993164,0.007639169692993164,0.007992926053702831,0.007781395222991705,0.9300000071525574,0.9300000071525574
1444,30,6663,supports_refusal,0.007636451628059149,0.007636451628059149,0.007636451628059149,0.0031746134627610445,1.0,1.0
1445,31,9739,suppresses_refusal,-0.007627182174474001,0.007627182174474001,0.008180618286132812,0.005376686807721853,0.07999999821186066,0.9200000166893005
1446,18,1321,suppresses_refusal,-0.007625732570886612,0.007625732570886612,0.007641945034265518,0.00417550140991807,0.009999999776482582,0.9900000095367432
1447,30,9908,suppresses_refusal,-0.0076141357421875,0.0076141357421875,0.0076141357421875,0.0023021220695227385,0.0,1.0
1448,22,12315,supports_refusal,0.007611923385411501,0.007611923385411501,0.007611923385411501,0.003262178273871541,1.0,1.0
1449,8,4839,supports_refusal,0.007611603941768408,0.007611603941768408,0.007999863475561142,0.006836804561316967,0.9549999833106995,0.9549999833106995
1450,18,8716,suppresses_refusal,-0.007602249272167683,0.007602249272167683,0.008272203616797924,0.011499620974063873,0.1850000023841858,0.8149999976158142
1451,31,11489,supports_refusal,0.007587640080600977,0.007587640080600977,0.007797649130225182,0.007765164598822594,0.9150000214576721,0.9150000214576721
1452,22,1558,suppresses_refusal,-0.007584581151604652,0.007584581151604652,0.007584581151604652,0.00332514476031065,0.0,1.0
1453,30,1563,suppresses_refusal,-0.007582435384392738,0.007582435384392738,0.007582435384392738,0.0023022082168608904,0.0,1.0
1454,31,4655,supports_refusal,0.007575264200568199,0.007575264200568199,0.007575264200568199,0.004890974145382643,1.0,1.0
1455,28,13336,suppresses_refusal,-0.007575016003102064,0.007575016003102064,0.008529681712388992,0.007465932983905077,0.125,0.875
1456,4,8461,supports_refusal,0.007573391310870647,0.007573391310870647,0.007889512926340103,0.009982711635529995,0.9200000166893005,0.9200000166893005
1457,12,5351,supports_refusal,0.007572174072265625,0.007572174072265625,0.0088439229875803,0.011295156553387642,0.7799999713897705,0.7799999713897705
1458,29,9972,suppresses_refusal,-0.007570657879114151,0.007570657879114151,0.007596616633236408,0.004252957180142403,0.019999999552965164,0.9800000190734863
1459,20,3498,supports_refusal,0.0075704860500991344,0.0075704860500991344,0.009125757031142712,0.009766103699803352,0.7549999952316284,0.7549999952316284
1460,30,2458,supports_refusal,0.007565078791230917,0.007565078791230917,0.007565078791230917,0.0017445806879550219,1.0,1.0
1461,31,7669,suppresses_refusal,-0.007563476450741291,0.007563476450741291,0.007563476450741291,0.0024586718063801527,0.0,1.0
1462,21,9625,suppresses_refusal,-0.007562828250229359,0.007562828250229359,0.012874985113739967,0.016694793477654457,0.33500000834465027,0.6649999618530273
1463,30,12353,supports_refusal,0.0075626373291015625,0.0075626373291015625,0.0075626373291015625,0.003212361130863428,1.0,1.0
1464,31,13713,supports_refusal,0.007558784447610378,0.007558784447610378,0.007792072370648384,0.005192988086491823,0.9449999928474426,0.9449999928474426
1465,7,7848,suppresses_refusal,-0.0075567434541881084,0.0075567434541881084,0.007806987967342138,0.005930474493652582,0.03500000014901161,0.9649999737739563
1466,31,1572,suppresses_refusal,-0.007552947849035263,0.007552947849035263,0.00878776516765356,0.0075395600870251656,0.11500000208616257,0.8849999904632568
1467,31,6266,supports_refusal,0.007551546208560467,0.007551546208560467,0.008026361465454102,0.006096858996897936,0.9599999785423279,0.9599999785423279
1468,11,2573,suppresses_refusal,-0.007545475382357836,0.007545475382357836,0.008612412959337234,0.009631202556192875,0.1550000011920929,0.8450000286102295
1469,30,8730,supports_refusal,0.0075403787195682526,0.0075403787195682526,0.007585086859762669,0.0037813312374055386,0.9900000095367432,0.9900000095367432
1470,3,10690,supports_refusal,0.007538164034485817,0.007538164034485817,0.013123979791998863,0.01604246161878109,0.6499999761581421,0.6499999761581421
1471,31,3195,suppresses_refusal,-0.0075346375815570354,0.0075346375815570354,0.007615966722369194,0.004528871271759272,0.03999999910593033,0.9599999785423279
1472,15,11740,supports_refusal,0.007529163267463446,0.007529163267463446,0.007616882212460041,0.0045190490782260895,0.9750000238418579,0.9750000238418579
1473,18,755,supports_refusal,0.007526435889303684,0.007526435889303684,0.007576179690659046,0.004869701340794563,0.9850000143051147,0.9850000143051147
1474,18,9419,supports_refusal,0.007525889668613672,0.007525889668613672,0.007860949262976646,0.006162864621728659,0.9200000166893005,0.9200000166893005
1475,12,13489,suppresses_refusal,-0.007524219341576099,0.007524219341576099,0.007754890248179436,0.011517567560076714,0.18000000715255737,0.8199999928474426
1476,16,12230,suppresses_refusal,-0.007516937330365181,0.007516937330365181,0.0075582885183393955,0.00418936088681221,0.014999999664723873,0.9850000143051147
1477,25,6301,suppresses_refusal,-0.007509250659495592,0.007509250659495592,0.007509250659495592,0.0037721118424087763,0.0,1.0
1478,26,14014,supports_refusal,0.007508573587983847,0.007508573587983847,0.008211279287934303,0.006540631875395775,0.8799999952316284,0.8799999952316284
1479,31,4380,supports_refusal,0.007505697198212147,0.007505697198212147,0.007505697198212147,0.004887835122644901,1.0,1.0
1480,29,2110,suppresses_refusal,-0.007504505105316639,0.007504505105316639,0.009228016249835491,0.007184863556176424,0.10000000149011612,0.8999999761581421
1481,30,9965,supports_refusal,0.007502779830247164,0.007502779830247164,0.007502779830247164,0.004003900568932295,1.0,1.0
1482,20,11033,supports_refusal,0.007500171661376953,0.007500171661376953,0.007501544896513224,0.0038487932179123163,0.9950000047683716,0.9950000047683716
1483,31,786,supports_refusal,0.007497753947973251,0.007497753947973251,0.04383490979671478,0.052532412111759186,0.5550000071525574,0.5550000071525574
1484,14,8369,suppresses_refusal,-0.007493061479181051,0.007493061479181051,0.008625760674476624,0.011011439375579357,0.18000000715255737,0.8199999928474426
1485,18,290,supports_refusal,0.007491202559322119,0.007491202559322119,0.008242640644311905,0.008007850497961044,0.8149999976158142,0.8149999976158142
1486,28,2847,supports_refusal,0.0074905394576489925,0.0074905394576489925,0.0074905394576489925,0.00272704241797328,1.0,1.0
1487,21,4901,supports_refusal,0.00748804584145546,0.00748804584145546,0.007608494721353054,0.005122009664773941,0.9700000286102295,0.9700000286102295
1488,20,14248,suppresses_refusal,-0.007477400358766317,0.007477400358766317,0.00802927277982235,0.008385545574128628,0.125,0.875
1489,13,12919,supports_refusal,0.007476005703210831,0.007476005703210831,0.007597742136567831,0.006356971804052591,0.9399999976158142,0.9399999976158142
1490,14,3537,suppresses_refusal,-0.007473936304450035,0.007473936304450035,0.007671384606510401,0.0065426952205598354,0.07500000298023224,0.925000011920929
1491,29,2589,suppresses_refusal,-0.007466621231287718,0.007466621231287718,0.007583961356431246,0.005505278240889311,0.029999999329447746,0.9700000286102295
1492,28,2608,supports_refusal,0.0074646188877522945,0.0074646188877522945,0.007473583333194256,0.003468345385044813,0.9800000190734863,0.9800000190734863
1493,6,4781,supports_refusal,0.007462052162736654,0.007462052162736654,0.00794155988842249,0.006349214818328619,0.9449999928474426,0.9449999928474426
1494,29,11511,supports_refusal,0.007459382992237806,0.007459382992237806,0.007519960403442383,0.003641179297119379,0.9850000143051147,0.9850000143051147
1495,29,14025,suppresses_refusal,-0.007456035818904638,0.007456035818904638,0.01248294860124588,0.014755481854081154,0.3100000023841858,0.6899999976158142
1496,28,11796,suppresses_refusal,-0.007455711252987385,0.007455711252987385,0.007643966469913721,0.00468745781108737,0.04500000178813934,0.9549999833106995
1497,28,13608,supports_refusal,0.007451782003045082,0.007451782003045082,0.00866012554615736,0.009811780415475368,0.7649999856948853,0.7649999856948853
1498,31,1370,supports_refusal,0.007449102587997913,0.007449102587997913,0.007473153993487358,0.003218551632016897,0.9850000143051147,0.9850000143051147
1499,26,5006,supports_refusal,0.007443923968821764,0.007443923968821764,0.007449951022863388,0.0036884634755551815,0.9950000047683716,0.9950000047683716
1500,30,3635,supports_refusal,0.0074338149279356,0.0074338149279356,0.007522773928940296,0.0037231892347335815,0.9700000286102295,0.9700000286102295
1501,11,12103,suppresses_refusal,-0.00743175158277154,0.00743175158277154,0.009136758744716644,0.012173471972346306,0.25,0.75
1502,4,11573,suppresses_refusal,-0.0074314940720796585,0.0074314940720796585,0.0074416412971913815,0.004930423106998205,0.004999999888241291,0.9950000047683716
1503,30,4069,suppresses_refusal,-0.007431454490870237,0.007431454490870237,0.010642065666615963,0.011072776280343533,0.28999999165534973,0.7100000381469727
1504,5,14294,suppresses_refusal,-0.007426233496516943,0.007426233496516943,0.007555131800472736,0.00659498805180192,0.05999999865889549,0.9399999976158142
1505,27,1798,supports_refusal,0.007420759182423353,0.007420759182423353,0.007488908711820841,0.00621547969058156,0.9649999737739563,0.9649999737739563
1506,28,7031,supports_refusal,0.0074179889634251595,0.0074179889634251595,0.007431941106915474,0.00436059758067131,0.9900000095367432,0.9900000095367432
1507,31,11978,suppresses_refusal,-0.00741718290373683,0.00741718290373683,0.007903938181698322,0.00718102278187871,0.12999999523162842,0.8700000047683716
1508,26,11907,suppresses_refusal,-0.007406196556985378,0.007406196556985378,0.007441825699061155,0.005450123455375433,0.009999999776482582,0.9900000095367432
1509,11,2253,suppresses_refusal,-0.007405214477330446,0.007405214477330446,0.008512087166309357,0.008963249623775482,0.16500000655651093,0.8349999785423279
1510,30,5552,supports_refusal,0.007403793279081583,0.007403793279081583,0.007424545474350452,0.0035748640075325966,0.9950000047683716,0.9950000047683716
1511,7,13033,supports_refusal,0.007401247043162584,0.007401247043162584,0.007723550777882338,0.005552308633923531,0.9549999833106995,0.9549999833106995
1512,30,9283,supports_refusal,0.007400152739137411,0.007400152739137411,0.007426702883094549,0.0033827766310423613,0.9950000047683716,0.9950000047683716
1513,13,11829,supports_refusal,0.0073818014934659,0.0073818014934659,0.007392635568976402,0.004782728385180235,0.9950000047683716,0.9950000047683716
1514,28,1898,suppresses_refusal,-0.007378553040325642,0.007378553040325642,0.007657994050532579,0.006461001466959715,0.10499999672174454,0.8949999809265137
1515,22,9287,supports_refusal,0.007377395406365395,0.007377395406365395,0.00758020393550396,0.006017690524458885,0.9649999737739563,0.9649999737739563
1516,22,4964,supports_refusal,0.007371378131210804,0.007371378131210804,0.008832521736621857,0.009610485285520554,0.8199999928474426,0.8199999928474426
1517,13,308,suppresses_refusal,-0.00737027870491147,0.00737027870491147,0.00809309259057045,0.007940929383039474,0.12999999523162842,0.8700000047683716
1518,31,10566,suppresses_refusal,-0.007367248646914959,0.007367248646914959,0.007367248646914959,0.0032598101533949375,0.0,1.0
1519,14,75,supports_refusal,0.007365617901086807,0.007365617901086807,0.008508682250976562,0.010053310543298721,0.8149999976158142,0.8149999976158142
1520,30,10352,supports_refusal,0.007360952440649271,0.007360952440649271,0.007521827705204487,0.004380866419523954,0.9599999785423279,0.9599999785423279
1521,29,9053,suppresses_refusal,-0.007355785463005304,0.007355785463005304,0.0074095344170928,0.005076476372778416,0.019999999552965164,0.9800000190734863
1522,4,12537,supports_refusal,0.007355756592005491,0.007355756592005491,0.020117521286010742,0.02973252907395363,0.6399999856948853,0.6399999856948853
1523,30,5244,suppresses_refusal,-0.0073546674102544785,0.0073546674102544785,0.007420837879180908,0.004849194549024105,0.019999999552965164,0.9800000190734863
1524,31,3599,suppresses_refusal,-0.007348709274083376,0.007348709274083376,0.00782295223325491,0.005972603335976601,0.08500000089406967,0.9150000214576721
1525,16,10929,supports_refusal,0.007344546262174845,0.007344546262174845,0.007368121296167374,0.004520688205957413,0.9850000143051147,0.9850000143051147
1526,13,12569,supports_refusal,0.007341241929680109,0.007341241929680109,0.007578515913337469,0.0053855134174227715,0.9399999976158142,0.9399999976158142
1527,15,8329,suppresses_refusal,-0.007339801639318466,0.007339801639318466,0.007600307464599609,0.007180147338658571,0.07999999821186066,0.9200000166893005
1528,12,5723,supports_refusal,0.0073393271304667,0.0073393271304667,0.007418949622660875,0.006624904461205006,0.9549999833106995,0.9549999833106995
1529,12,11841,suppresses_refusal,-0.007337861228734255,0.007337861228734255,0.007789521012455225,0.007533567026257515,0.11999999731779099,0.8799999952316284
1530,27,12888,suppresses_refusal,-0.0073341368697583675,0.0073341368697583675,0.0076502226293087006,0.004510064609348774,0.03500000014901161,0.9649999737739563
1531,31,7037,suppresses_refusal,-0.007308950647711754,0.007308950647711754,0.007318143732845783,0.0034129053819924593,0.004999999888241291,0.9950000047683716
1532,6,13218,supports_refusal,0.007308545056730509,0.007308545056730509,0.008156227879226208,0.007854906842112541,0.8450000286102295,0.8450000286102295
1533,9,766,suppresses_refusal,-0.007304241880774498,0.007304241880774498,0.0075183892622590065,0.007963627576828003,0.07500000298023224,0.925000011920929
1534,22,6126,supports_refusal,0.00729787815362215,0.00729787815362215,0.007320156320929527,0.004143647849559784,0.9950000047683716,0.9950000047683716
1535,13,5738,supports_refusal,0.007295818533748388,0.007295818533748388,0.007788372226059437,0.010724077001214027,0.8199999928474426,0.8199999928474426
1536,22,1199,suppresses_refusal,-0.007289273664355278,0.007289273664355278,0.011161983013153076,0.013899203389883041,0.33500000834465027,0.6649999618530273
1537,5,12837,suppresses_refusal,-0.007287278771400452,0.007287278771400452,0.007340188603848219,0.006414969451725483,0.029999999329447746,0.9700000286102295
1538,21,9554,suppresses_refusal,-0.007287072949111462,0.007287072949111462,0.007347955834120512,0.003960035741329193,0.009999999776482582,0.9900000095367432
1539,14,13490,suppresses_refusal,-0.007286434061825275,0.007286434061825275,0.007472362369298935,0.006142975762486458,0.07999999821186066,0.9200000166893005
1540,28,1478,supports_refusal,0.007279706187546253,0.007279706187546253,0.007509875111281872,0.007939550094306469,0.8849999904632568,0.8849999904632568
1541,31,7411,suppresses_refusal,-0.007278099190443754,0.007278099190443754,0.007414817810058594,0.004278382286429405,0.03500000014901161,0.9649999737739563
1542,18,3134,suppresses_refusal,-0.007277202792465687,0.007277202792465687,0.00856435764580965,0.007140730042010546,0.0949999988079071,0.9049999713897705
1543,23,9021,suppresses_refusal,-0.007273063529282808,0.007273063529282808,0.007336540147662163,0.002903873100876808,0.014999999664723873,0.9850000143051147
1544,2,13374,supports_refusal,0.0072685121558606625,0.0072685121558606625,0.007731501944363117,0.008329246193170547,0.9449999928474426,0.9449999928474426
1545,24,4901,supports_refusal,0.007260146085172892,0.007260146085172892,0.007315621245652437,0.004348448012024164,0.9700000286102295,0.9700000286102295
1546,18,5076,suppresses_refusal,-0.007258157711476088,0.007258157711476088,0.0079454705119133,0.007331604603677988,0.10499999672174454,0.8949999809265137
1547,5,5890,suppresses_refusal,-0.00725775258615613,0.00725775258615613,0.007430939469486475,0.005617646500468254,0.02500000037252903,0.9750000238418579
1548,26,3470,supports_refusal,0.00725431926548481,0.00725431926548481,0.009295620955526829,0.008986477740108967,0.8349999785423279,0.8349999785423279
1549,30,4391,supports_refusal,0.007252521347254515,0.007252521347254515,0.007370357401669025,0.0053288983181118965,0.9549999833106995,0.9549999833106995
1550,13,12869,supports_refusal,0.007246585097163916,0.007246585097163916,0.007650790270417929,0.005670314654707909,0.9300000071525574,0.9300000071525574
1551,20,1299,supports_refusal,0.0072435904294252396,0.0072435904294252396,0.0072907209396362305,0.0037922742776572704,0.9850000143051147,0.9850000143051147
1552,16,12283,suppresses_refusal,-0.007243509404361248,0.007243509404361248,0.007308225613087416,0.006274266634136438,0.04500000178813934,0.9549999833106995
1553,30,810,suppresses_refusal,-0.007241048850119114,0.007241048850119114,0.007545852568000555,0.005352269392460585,0.09000000357627869,0.9099999666213989
1554,30,1650,supports_refusal,0.007238731253892183,0.007238731253892183,0.007266197353601456,0.0026376217138022184,0.9950000047683716,0.9950000047683716
1555,3,6864,suppresses_refusal,-0.007237515412271023,0.007237515412271023,0.008617673069238663,0.008986922912299633,0.1599999964237213,0.8400000333786011
1556,28,8523,supports_refusal,0.0072344206273555756,0.0072344206273555756,0.0072344206273555756,0.0022547421976923943,1.0,1.0
1557,13,2043,suppresses_refusal,-0.007233643438667059,0.007233643438667059,0.007245154585689306,0.004052844829857349,0.019999999552965164,0.9800000190734863
1558,13,6235,suppresses_refusal,-0.007230548653751612,0.007230548653751612,0.007395267486572266,0.005120710004121065,0.03500000014901161,0.9649999737739563
1559,27,5679,supports_refusal,0.0072282408364117146,0.0072282408364117146,0.009260253980755806,0.007468815892934799,0.8550000190734863,0.8550000190734863
1560,25,14152,suppresses_refusal,-0.007225623354315758,0.007225623354315758,0.008095917291939259,0.010580970905721188,0.2549999952316284,0.7450000047683716
1561,31,4626,supports_refusal,0.007224941160529852,0.007224941160529852,0.008563442155718803,0.007500113919377327,0.8849999904632568,0.8849999904632568
1562,5,13538,supports_refusal,0.007217459846287966,0.007217459846287966,0.008491549640893936,0.011536807753145695,0.8949999809265137,0.8949999809265137
1563,28,1580,supports_refusal,0.007209205534309149,0.007209205534309149,0.007209205534309149,0.002484855940565467,1.0,1.0
1564,31,1121,supports_refusal,0.007208237424492836,0.007208237424492836,0.0072168586775660515,0.005305308848619461,0.9850000143051147,0.9850000143051147
1565,15,10676,suppresses_refusal,-0.007206258829683065,0.007206258829683065,0.007877187803387642,0.007258617784827948,0.10499999672174454,0.8949999809265137
1566,31,12633,suppresses_refusal,-0.0072039891965687275,0.0072039891965687275,0.00752991670742631,0.004108923953026533,0.03500000014901161,0.9649999737739563
1567,21,7323,suppresses_refusal,-0.007200330495834351,0.007200330495834351,0.007320697419345379,0.006618247367441654,0.05999999865889549,0.9399999976158142
1568,24,8765,supports_refusal,0.007198886945843697,0.007198886945843697,0.007695102598518133,0.005754563026130199,0.9200000166893005,0.9200000166893005
1569,30,11965,supports_refusal,0.007196655496954918,0.007196655496954918,0.007196655496954918,0.0023880666121840477,1.0,1.0
1570,29,1016,suppresses_refusal,-0.0071736909449100494,0.0071736909449100494,0.0071736909449100494,0.002184844808652997,0.0,1.0
1571,31,12499,suppresses_refusal,-0.007173571735620499,0.007173571735620499,0.007173571735620499,0.002866480965167284,0.0,1.0
1572,11,1701,supports_refusal,0.007171803154051304,0.007171803154051304,0.00871820468455553,0.01048620417714119,0.800000011920929,0.800000011920929
1573,6,2570,supports_refusal,0.007170214783400297,0.007170214783400297,0.0080759571865201,0.008219486102461815,0.8650000095367432,0.8650000095367432
1574,28,8470,supports_refusal,0.007169704418629408,0.007169704418629408,0.007169704418629408,0.0022527044638991356,1.0,1.0
1575,31,13890,suppresses_refusal,-0.007168422918766737,0.007168422918766737,0.007954822853207588,0.006201670039445162,0.10499999672174454,0.8949999809265137
1576,13,4036,suppresses_refusal,-0.007167930714786053,0.007167930714786053,0.00787960086017847,0.005739579908549786,0.07999999821186066,0.9200000166893005
1577,25,1530,suppresses_refusal,-0.0071655274368822575,0.0071655274368822575,0.0071655274368822575,0.003661029040813446,0.0,1.0
1578,31,12105,suppresses_refusal,-0.007162861991673708,0.007162861991673708,0.007734713610261679,0.005892293062061071,0.11999999731779099,0.8799999952316284
1579,31,3034,supports_refusal,0.007159690838307142,0.007159690838307142,0.0074968719854950905,0.006943924352526665,0.8700000047683716,0.8700000047683716
1580,11,13700,suppresses_refusal,-0.007155480328947306,0.007155480328947306,0.00979894120246172,0.013453295454382896,0.2800000011920929,0.7200000286102295
1581,16,6893,supports_refusal,0.007155456580221653,0.007155456580221653,0.007276992779225111,0.003942363429814577,0.9800000190734863,0.9800000190734863
1582,30,8631,suppresses_refusal,-0.007155056111514568,0.007155056111514568,0.008308392018079758,0.006314021069556475,0.0949999988079071,0.9049999713897705
1583,21,14245,suppresses_refusal,-0.0071545555256307125,0.0071545555256307125,0.007488646544516087,0.004774871282279491,0.04500000178813934,0.9549999833106995
1584,31,1220,suppresses_refusal,-0.0071491338312625885,0.0071491338312625885,0.007924962788820267,0.013900034129619598,0.38999998569488525,0.6100000143051147
1585,30,6080,supports_refusal,0.007145650219172239,0.007145650219172239,0.007430512923747301,0.0047128405421972275,0.9800000190734863,0.9800000190734863
1586,25,1684,suppresses_refusal,-0.007145249750465155,0.007145249750465155,0.0081221554428339,0.008527888916432858,0.2199999988079071,0.7799999713897705
1587,13,1358,supports_refusal,0.007140925619751215,0.007140925619751215,0.007273166906088591,0.006878514774143696,0.9150000214576721,0.9150000214576721
1588,4,12790,supports_refusal,0.007140789180994034,0.007140789180994034,0.007168578915297985,0.0053972285240888596,0.9750000238418579,0.9750000238418579
1589,19,7751,suppresses_refusal,-0.007133123464882374,0.007133123464882374,0.00751548120751977,0.009185012429952621,0.16500000655651093,0.8349999785423279
1590,28,12389,suppresses_refusal,-0.007130997255444527,0.007130997255444527,0.007512199692428112,0.0071576847694814205,0.10000000149011612,0.8999999761581421
1591,31,9503,suppresses_refusal,-0.007130155339837074,0.007130155339837074,0.011668901890516281,0.01267047505825758,0.25999999046325684,0.7400000095367432
1592,30,12337,suppresses_refusal,-0.00712320813909173,0.00712320813909173,0.007179007399827242,0.002684549195691943,0.014999999664723873,0.9850000143051147
1593,18,13457,supports_refusal,0.007111615967005491,0.007111615967005491,0.007306566461920738,0.005202127620577812,0.9449999928474426,0.9449999928474426
1594,21,6388,suppresses_refusal,-0.007109489291906357,0.007109489291906357,0.008464469574391842,0.008238359354436398,0.14499999582767487,0.8550000190734863
1595,10,12642,suppresses_refusal,-0.007103304844349623,0.007103304844349623,0.02231304720044136,0.0343625545501709,0.3449999988079071,0.6549999713897705
1596,31,13491,suppresses_refusal,-0.007099089678376913,0.007099089678376913,0.007100233808159828,0.0024293509777635336,0.004999999888241291,0.9950000047683716
1597,11,13691,supports_refusal,0.007097659166902304,0.007097659166902304,0.008142923936247826,0.009163846261799335,0.8149999976158142,0.8149999976158142
1598,21,3883,supports_refusal,0.007096624467521906,0.007096624467521906,0.0076126959174871445,0.005483304616063833,0.9150000214576721,0.9150000214576721
1599,17,9787,suppresses_refusal,-0.007096043787896633,0.007096043787896633,0.0073220073245465755,0.007499422878026962,0.07999999821186066,0.9200000166893005
1600,30,12951,supports_refusal,0.007093906402587891,0.007093906402587891,0.007104606833308935,0.0037399122957140207,0.9900000095367432,0.9900000095367432
1601,27,3918,suppresses_refusal,-0.007085790857672691,0.007085790857672691,0.007811279501765966,0.0070398952811956406,0.125,0.875
1602,27,4752,suppresses_refusal,-0.007084579672664404,0.007084579672664404,0.008169097825884819,0.008287495002150536,0.20499999821186066,0.7950000166893005
1603,29,11374,suppresses_refusal,-0.007084407843649387,0.007084407843649387,0.007097034249454737,0.003511565737426281,0.014999999664723873,0.9850000143051147
1604,31,3464,suppresses_refusal,-0.007078805007040501,0.007078805007040501,0.008303837850689888,0.005994201637804508,0.11500000208616257,0.8849999904632568
1605,11,7328,supports_refusal,0.007078437600284815,0.007078437600284815,0.0071395873092114925,0.004813134670257568,0.9700000286102295,0.9700000286102295
1606,20,4493,suppresses_refusal,-0.007077388931065798,0.007077388931065798,0.007657547015696764,0.006651387084275484,0.10999999940395355,0.8899999856948853
1607,26,10586,supports_refusal,0.007076377980411053,0.007076377980411053,0.008007240481674671,0.007680540904402733,0.9150000214576721,0.9150000214576721
1608,29,258,suppresses_refusal,-0.007072930224239826,0.007072930224239826,0.007221856154501438,0.004470026586204767,0.07500000298023224,0.925000011920929
1609,31,5509,supports_refusal,0.007071128115057945,0.007071128115057945,0.007168679032474756,0.00595981115475297,0.9300000071525574,0.9300000071525574
1610,7,8571,supports_refusal,0.007068605627864599,0.007068605627864599,0.007345438003540039,0.007160219829529524,0.8899999856948853,0.8899999856948853
1611,4,11560,suppresses_refusal,-0.0070657446049153805,0.0070657446049153805,0.00716916099190712,0.004825232084840536,0.02500000037252903,0.9750000238418579
1612,29,5472,suppresses_refusal,-0.007057037204504013,0.007057037204504013,0.0071310424245893955,0.0033033462241292,0.019999999552965164,0.9800000190734863
1613,31,7590,suppresses_refusal,-0.0070537663996219635,0.0070537663996219635,0.0070616817101836205,0.0023585096932947636,0.009999999776482582,0.9900000095367432
1614,27,6153,supports_refusal,0.0070489500649273396,0.0070489500649273396,0.00736236572265625,0.0036898981779813766,0.9800000190734863,0.9800000190734863
1615,26,12852,suppresses_refusal,-0.007042428478598595,0.007042428478598595,0.0074792709201574326,0.007000683806836605,0.125,0.875
1616,5,1012,supports_refusal,0.007032976020127535,0.007032976020127535,0.007750635035336018,0.008194943889975548,0.8949999809265137,0.8949999809265137
1617,12,9929,suppresses_refusal,-0.007029356900602579,0.007029356900602579,0.007310233078896999,0.006312736310064793,0.02500000037252903,0.9750000238418579
1618,18,6543,suppresses_refusal,-0.007024879567325115,0.007024879567325115,0.007051124703139067,0.0028638949152082205,0.004999999888241291,0.9950000047683716
1619,15,12589,suppresses_refusal,-0.007021970581263304,0.007021970581263304,0.007968110963702202,0.010605032555758953,0.25,0.75
1620,8,13545,suppresses_refusal,-0.007020702585577965,0.007020702585577965,0.007377986796200275,0.006821401417255402,0.07999999821186066,0.9200000166893005
1621,14,2450,suppresses_refusal,-0.0070179058238863945,0.0070179058238863945,0.007102539762854576,0.0052057248540222645,0.04500000178813934,0.9549999833106995
1622,22,2240,suppresses_refusal,-0.007017116528004408,0.007017116528004408,0.007029628846794367,0.0032646814361214638,0.004999999888241291,0.9950000047683716
1623,22,7980,supports_refusal,0.007016229443252087,0.007016229443252087,0.011339178308844566,0.013593318872153759,0.6549999713897705,0.6549999713897705
1624,27,9439,suppresses_refusal,-0.007015442941337824,0.007015442941337824,0.0070618391036987305,0.003350510261952877,0.02500000037252903,0.9750000238418579
1625,31,11914,supports_refusal,0.007013244554400444,0.007013244554400444,0.007017822470515966,0.003241369966417551,0.9900000095367432,0.9900000095367432
1626,10,10220,suppresses_refusal,-0.007012789137661457,0.007012789137661457,0.009109046310186386,0.015979211777448654,0.2750000059604645,0.7250000238418579
1627,28,12743,suppresses_refusal,-0.0070122526958584785,0.0070122526958584785,0.007129173260182142,0.00564966257661581,0.06499999761581421,0.9350000023841858
1628,9,13594,supports_refusal,0.007009840104728937,0.007009840104728937,0.007127618882805109,0.005906130652874708,0.9599999785423279,0.9599999785423279
1629,2,12688,suppresses_refusal,-0.007002879399806261,0.007002879399806261,0.007019394543021917,0.005066481418907642,0.014999999664723873,0.9850000143051147
1630,29,6974,supports_refusal,0.0070001957938075066,0.0070001957938075066,0.007473571226000786,0.006065574008971453,0.8999999761581421,0.8999999761581421
1631,15,11492,supports_refusal,0.006998424418270588,0.006998424418270588,0.007790737319737673,0.006063123699277639,0.8999999761581421,0.8999999761581421
1632,29,11187,supports_refusal,0.006994438357651234,0.006994438357651234,0.007008323445916176,0.0032465404365211725,0.9900000095367432,0.9900000095367432
1633,12,12763,supports_refusal,0.0069825793616473675,0.0069825793616473675,0.007311329711228609,0.007745770737528801,0.9449999928474426,0.9449999928474426
1634,31,2354,supports_refusal,0.006971514318138361,0.006971514318138361,0.007111046463251114,0.00939888134598732,0.925000011920929,0.925000011920929
1635,30,10654,supports_refusal,0.006962718907743692,0.006962718907743692,0.006962718907743692,0.0035354462452232838,1.0,1.0
1636,10,9768,supports_refusal,0.006957399658858776,0.006957399658858776,0.007626764941960573,0.009508651681244373,0.8450000286102295,0.8450000286102295
1637,27,4968,suppresses_refusal,-0.006954727228730917,0.006954727228730917,0.007183837704360485,0.0051572141237556934,0.05999999865889549,0.9399999976158142
1638,9,5727,suppresses_refusal,-0.006954608019441366,0.006954608019441366,0.007386650890111923,0.007249407935887575,0.10999999940395355,0.8899999856948853
1639,30,13989,supports_refusal,0.0069524385035037994,0.0069524385035037994,0.007241210900247097,0.0037494513671845198,0.949999988079071,0.949999988079071
1640,25,5477,suppresses_refusal,-0.006952290423214436,0.006952290423214436,0.006973175797611475,0.0038807459641247988,0.014999999664723873,0.9850000143051147
1641,0,9223,supports_refusal,0.006951723247766495,0.006951723247766495,0.007770166266709566,0.00721475575119257,0.9049999713897705,0.9049999713897705
1642,21,9896,suppresses_refusal,-0.006949195638298988,0.006949195638298988,0.006949195638298988,0.002935945987701416,0.0,1.0
1643,31,6417,supports_refusal,0.006948681082576513,0.006948681082576513,0.006948681082576513,0.0031021893955767155,1.0,1.0
1644,22,13977,supports_refusal,0.006948175374418497,0.006948175374418497,0.006948175374418497,0.004771018400788307,1.0,1.0
1645,29,3976,suppresses_refusal,-0.0069406889379024506,0.0069406889379024506,0.0069406889379024506,0.0023766059894114733,0.0,1.0
1646,25,7284,suppresses_refusal,-0.006940081249922514,0.006940081249922514,0.008053814992308617,0.009350623935461044,0.23499999940395355,0.7649999856948853
1647,13,7162,suppresses_refusal,-0.006935996934771538,0.006935996934771538,0.007147712633013725,0.006205384619534016,0.07999999821186066,0.9200000166893005
1648,31,4648,suppresses_refusal,-0.006934966892004013,0.006934966892004013,0.006934966892004013,0.002473516156896949,0.0,1.0
1649,31,13183,suppresses_refusal,-0.006934909615665674,0.006934909615665674,0.007048511411994696,0.004478731658309698,0.054999999701976776,0.9449999928474426
1650,31,1488,supports_refusal,0.006934852804988623,0.006934852804988623,0.006997032091021538,0.0022379846777766943,0.9850000143051147,0.9850000143051147
1651,28,11641,supports_refusal,0.0069342805072665215,0.0069342805072665215,0.007107887417078018,0.005268970970064402,0.9850000143051147,0.9850000143051147
1652,30,5131,suppresses_refusal,-0.006932096555829048,0.006932096555829048,0.00753394141793251,0.008340015076100826,0.12999999523162842,0.8700000047683716
1653,30,9296,suppresses_refusal,-0.0069315992295742035,0.0069315992295742035,0.007973700761795044,0.006377523764967918,0.12999999523162842,0.8700000047683716
1654,15,1016,suppresses_refusal,-0.006927719339728355,0.006927719339728355,0.00902961753308773,0.008667445741593838,0.1899999976158142,0.8100000023841858
1655,30,7172,suppresses_refusal,-0.006926956120878458,0.006926956120878458,0.006926956120878458,0.0016634517814964056,0.0,1.0
1656,30,9402,suppresses_refusal,-0.006924717221409082,0.006924717221409082,0.007500255014747381,0.005259850528091192,0.10999999940395355,0.8899999856948853
1657,0,8342,supports_refusal,0.0069241998717188835,0.0069241998717188835,0.007318735122680664,0.006202276796102524,0.9549999833106995,0.9549999833106995
1658,18,12333,suppresses_refusal,-0.0069203185848891735,0.0069203185848891735,0.006937256082892418,0.004339325707405806,0.009999999776482582,0.9900000095367432
1659,29,1351,supports_refusal,0.0069188689813017845,0.0069188689813017845,0.0069194030947983265,0.00238735880702734,0.9950000047683716,0.9950000047683716
1660,6,9966,supports_refusal,0.006918592378497124,0.006918592378497124,0.007044591940939426,0.005267543718218803,0.9700000286102295,0.9700000286102295
1661,26,4079,suppresses_refusal,-0.006913499906659126,0.006913499906659126,0.00700348848477006,0.005359402857720852,0.04500000178813934,0.9549999833106995
1662,29,6636,suppresses_refusal,-0.00691010057926178,0.00691010057926178,0.00766237685456872,0.008327756077051163,0.20499999821186066,0.7950000166893005
1663,31,1739,supports_refusal,0.006907272152602673,0.006907272152602673,0.01955459639430046,0.023748962208628654,0.5649999976158142,0.5649999976158142
1664,13,12428,suppresses_refusal,-0.0069059943780303,0.0069059943780303,0.010265598073601723,0.01204647310078144,0.28999999165534973,0.7100000381469727
1665,16,3813,supports_refusal,0.00690474733710289,0.00690474733710289,0.007473018020391464,0.006167981773614883,0.8899999856948853,0.8899999856948853
1666,12,14274,suppresses_refusal,-0.00690474035218358,0.00690474035218358,0.006949563045054674,0.003667783224955201,0.029999999329447746,0.9700000286102295
1667,16,5576,suppresses_refusal,-0.006898517720401287,0.006898517720401287,0.007451992016285658,0.007269411347806454,0.13500000536441803,0.8650000095367432
1668,30,7398,supports_refusal,0.0068968962877988815,0.0068968962877988815,0.006910934578627348,0.002959465840831399,0.9950000047683716,0.9950000047683716
1669,15,10154,suppresses_refusal,-0.006895341910421848,0.006895341910421848,0.007250890601426363,0.006192205939441919,0.08500000089406967,0.9150000214576721
1670,31,11572,suppresses_refusal,-0.006893818266689777,0.006893818266689777,0.006939284969121218,0.007275187410414219,0.054999999701976776,0.9449999928474426
1671,31,12944,suppresses_refusal,-0.006892623845487833,0.006892623845487833,0.006892623845487833,0.0034060559701174498,0.0,1.0
1672,24,6024,supports_refusal,0.0068917847238481045,0.0068917847238481045,0.006910934578627348,0.003116900334134698,0.9950000047683716,0.9950000047683716
1673,26,3943,suppresses_refusal,-0.0068864948116242886,0.0068864948116242886,0.007045653648674488,0.006972301285713911,0.0949999988079071,0.9049999713897705
1674,29,6732,suppresses_refusal,-0.006882820278406143,0.006882820278406143,0.006882820278406143,0.0017318121390417218,0.0,1.0
1675,28,8516,supports_refusal,0.006881799548864365,0.006881799548864365,0.006881799548864365,0.0046776533126831055,1.0,1.0
1676,31,13825,suppresses_refusal,-0.0068762777373194695,0.0068762777373194695,0.006904087029397488,0.0030919681303203106,0.019999999552965164,0.9800000190734863
1677,31,6099,suppresses_refusal,-0.006870269775390625,0.006870269775390625,0.007733726408332586,0.0063237641006708145,0.12999999523162842,0.8700000047683716
1678,14,10635,supports_refusal,0.006866302341222763,0.006866302341222763,0.015873871743679047,0.02113482728600502,0.6449999809265137,0.6449999809265137
1679,3,11398,suppresses_refusal,-0.006859407294541597,0.006859407294541597,0.020321570336818695,0.02615019679069519,0.3499999940395355,0.6499999761581421
1680,29,13033,suppresses_refusal,-0.006858248729258776,0.006858248729258776,0.006886105518788099,0.00335291656665504,0.019999999552965164,0.9800000190734863
1681,28,14227,supports_refusal,0.006856689229607582,0.006856689229607582,0.010107002221047878,0.013422545045614243,0.6200000047683716,0.6200000047683716
1682,12,513,supports_refusal,0.006855273153632879,0.006855273153632879,0.006908412091434002,0.005377869587391615,0.9700000286102295,0.9700000286102295
1683,11,651,supports_refusal,0.006854286417365074,0.006854286417365074,0.00719236396253109,0.00567236915230751,0.9300000071525574,0.9300000071525574
1684,13,6185,supports_refusal,0.006853056140244007,0.006853056140244007,0.007026548497378826,0.005684001371264458,0.9649999737739563,0.9649999737739563
1685,12,3601,supports_refusal,0.006849708501249552,0.006849708501249552,0.006999778561294079,0.005729033146053553,0.9350000023841858,0.9350000023841858
1686,3,1505,suppresses_refusal,-0.006847372278571129,0.006847372278571129,0.006896638777107,0.0051102107390761375,0.029999999329447746,0.9700000286102295
1687,26,11322,suppresses_refusal,-0.0068389130756258965,0.0068389130756258965,0.01144889835268259,0.013208208605647087,0.28999999165534973,0.7100000381469727
1688,25,12123,suppresses_refusal,-0.006837196182459593,0.006837196182459593,0.007861957885324955,0.008822284638881683,0.1850000023841858,0.8149999976158142
1689,30,434,suppresses_refusal,-0.006837082095444202,0.006837082095444202,0.006837082095444202,0.001927303383126855,0.0,1.0
1690,31,11690,supports_refusal,0.00683174142614007,0.00683174142614007,0.00683174142614007,0.0030875257216393948,1.0,1.0
1691,30,3364,supports_refusal,0.006826743949204683,0.006826743949204683,0.008135833777487278,0.008431144058704376,0.824999988079071,0.824999988079071
1692,15,4183,supports_refusal,0.006825990509241819,0.006825990509241819,0.00701451301574707,0.004743906669318676,0.9599999785423279,0.9599999785423279
1693,0,106,supports_refusal,0.006822219118475914,0.006822219118475914,0.010154652409255505,0.014136910438537598,0.8450000286102295,0.8450000286102295
1694,30,10222,supports_refusal,0.006821889895945787,0.006821889895945787,0.007007093634456396,0.006264462135732174,0.9399999976158142,0.9399999976158142
1695,28,6682,supports_refusal,0.006819543894380331,0.006819543894380331,0.00821793545037508,0.006438556592911482,0.875,0.875
1696,11,1238,suppresses_refusal,-0.006819124333560467,0.006819124333560467,0.007426681462675333,0.009755115024745464,0.10999999940395355,0.8899999856948853
1697,31,11085,suppresses_refusal,-0.0068177031353116035,0.0068177031353116035,0.013148345984518528,0.01576938107609749,0.2849999964237213,0.7150000333786011
1698,4,4909,suppresses_refusal,-0.006812229286879301,0.006812229286879301,0.007973194122314453,0.008688673377037048,0.15000000596046448,0.8500000238418579
1699,28,13812,supports_refusal,0.0068092369474470615,0.0068092369474470615,0.006875836756080389,0.005645811557769775,0.9700000286102295,0.9700000286102295
1700,29,3412,suppresses_refusal,-0.006806816905736923,0.006806816905736923,0.007752604316920042,0.007762173190712929,0.14000000059604645,0.8600000143051147
1701,9,4741,suppresses_refusal,-0.0068054054863750935,0.0068054054863750935,0.007426552940160036,0.007087730802595615,0.09000000357627869,0.9099999666213989
1702,26,11984,suppresses_refusal,-0.006803600583225489,0.006803600583225489,0.009593474678695202,0.01010076142847538,0.15000000596046448,0.8500000238418579
1703,31,787,suppresses_refusal,-0.006803093012422323,0.006803093012422323,0.007212372031062841,0.004686293657869101,0.07000000029802322,0.9300000071525574
1704,29,9399,supports_refusal,0.00679779052734375,0.00679779052734375,0.006882667541503906,0.004633976612240076,0.9649999737739563,0.9649999737739563
1705,12,12846,suppresses_refusal,-0.006796998903155327,0.006796998903155327,0.006963987369090319,0.007312549278140068,0.08500000089406967,0.9150000214576721
1706,14,14094,suppresses_refusal,-0.006786206737160683,0.006786206737160683,0.0071233403868973255,0.006944360677152872,0.11500000208616257,0.8849999904632568
1707,30,329,supports_refusal,0.00678596505895257,0.00678596505895257,0.006813011132180691,0.0031226996798068285,0.9900000095367432,0.9900000095367432
1708,15,2833,suppresses_refusal,-0.006781082134693861,0.006781082134693861,0.007004165556281805,0.00556464958935976,0.08500000089406967,0.9150000214576721
1709,5,10997,supports_refusal,0.0067801643162965775,0.0067801643162965775,0.007293107453733683,0.007277538999915123,0.8999999761581421,0.8999999761581421
1710,28,12562,suppresses_refusal,-0.006770210340619087,0.006770210340619087,0.007524681277573109,0.005618812516331673,0.07999999821186066,0.9200000166893005
1711,13,4898,supports_refusal,0.006766872480511665,0.006766872480511665,0.007061290554702282,0.006611228920519352,0.9449999928474426,0.9449999928474426
1712,30,8412,suppresses_refusal,-0.006762351840734482,0.006762351840734482,0.00685680378228426,0.003849801840260625,0.019999999552965164,0.9800000190734863
1713,30,10476,supports_refusal,0.006758918985724449,0.006758918985724449,0.006995430216193199,0.004679810721427202,0.9399999976158142,0.9399999976158142
1714,20,8388,supports_refusal,0.006756747141480446,0.006756747141480446,0.006868035066872835,0.004501071758568287,0.9800000190734863,0.9800000190734863
1715,23,7227,supports_refusal,0.006754879839718342,0.006754879839718342,0.007088771089911461,0.007040826138108969,0.9150000214576721,0.9150000214576721
1716,10,8640,suppresses_refusal,-0.006747243460267782,0.006747243460267782,0.007793557830154896,0.008662361651659012,0.19499999284744263,0.8050000071525574
1717,26,288,supports_refusal,0.0067459107376635075,0.0067459107376635075,0.006758041214197874,0.0030088578350842,0.9950000047683716,0.9950000047683716
1718,15,6543,supports_refusal,0.006745281163603067,0.006745281163603067,0.00691644661128521,0.005913536064326763,0.949999988079071,0.949999988079071
1719,12,7100,suppresses_refusal,-0.006740753538906574,0.006740753538906574,0.006863200571388006,0.005265525076538324,0.03999999910593033,0.9599999785423279
1720,13,7252,supports_refusal,0.006739688105881214,0.006739688105881214,0.006743674166500568,0.003817242104560137,0.9950000047683716,0.9950000047683716
1721,30,13759,supports_refusal,0.0067279767245054245,0.0067279767245054245,0.007290902081876993,0.005259049125015736,0.8999999761581421,0.8999999761581421
1722,31,12159,supports_refusal,0.006725015584379435,0.006725015584379435,0.006747827399522066,0.0030605015344917774,0.9900000095367432,0.9900000095367432
1723,31,327,supports_refusal,0.0067217350006103516,0.0067217350006103516,0.007978754118084908,0.009947127662599087,0.7599999904632568,0.7599999904632568
1724,31,9445,suppresses_refusal,-0.006717415060847998,0.006717415060847998,0.006717415060847998,0.0028883677441626787,0.0,1.0
1725,30,13252,suppresses_refusal,-0.00671376334503293,0.00671376334503293,0.006733139976859093,0.0027164972852915525,0.009999999776482582,0.9900000095367432
1726,2,11298,suppresses_refusal,-0.006711595691740513,0.006711595691740513,0.00871558953076601,0.01143820583820343,0.22499999403953552,0.7749999761581421
1727,11,5264,suppresses_refusal,-0.006706642918288708,0.006706642918288708,0.006738581694662571,0.005026550497859716,0.029999999329447746,0.9700000286102295
1728,4,12638,supports_refusal,0.0067039490677416325,0.0067039490677416325,0.006803550757467747,0.004818441346287727,0.9800000190734863,0.9800000190734863
1729,24,9162,supports_refusal,0.0067038703709840775,0.0067038703709840775,0.0067038703709840775,0.0031265418510884047,1.0,1.0
1730,30,4064,supports_refusal,0.00669853575527668,0.00669853575527668,0.006701868958771229,0.004687050823122263,0.9850000143051147,0.9850000143051147
1731,9,11305,supports_refusal,0.006697507109493017,0.006697507109493017,0.007117409724742174,0.006670703180134296,0.9200000166893005,0.9200000166893005
1732,31,4852,suppresses_refusal,-0.006696128752082586,0.006696128752082586,0.006696128752082586,0.003264735220000148,0.0,1.0
1733,31,13622,suppresses_refusal,-0.006690788082778454,0.006690788082778454,0.013720130547881126,0.015599940903484821,0.3499999940395355,0.6499999761581421
1734,9,1994,suppresses_refusal,-0.006690111011266708,0.006690111011266708,0.006949358154088259,0.005453789606690407,0.054999999701976776,0.9449999928474426
1735,13,10516,suppresses_refusal,-0.006687357556074858,0.006687357556074858,0.006721074692904949,0.005304102320224047,0.014999999664723873,0.9850000143051147
1736,17,12859,supports_refusal,0.006687126122415066,0.006687126122415066,0.006712074391543865,0.0034546765964478254,0.9750000238418579,0.9750000238418579
1737,14,4008,supports_refusal,0.0066815949976444244,0.0066815949976444244,0.006693725474178791,0.004430465400218964,0.9900000095367432,0.9900000095367432
1738,16,7977,suppresses_refusal,-0.006671898532658815,0.006671898532658815,0.0076072621159255505,0.009062560275197029,0.1550000011920929,0.8450000286102295
1739,31,3104,supports_refusal,0.006667661480605602,0.006667661480605602,0.006677084136754274,0.0031549520790576935,0.9900000095367432,0.9900000095367432
1740,11,389,suppresses_refusal,-0.006664063781499863,0.006664063781499863,0.009997956454753876,0.016204295679926872,0.2849999964237213,0.7150000333786011
1741,22,5957,suppresses_refusal,-0.006662623956799507,0.006662623956799507,0.010015266016125679,0.012264668941497803,0.28999999165534973,0.7100000381469727
1742,19,9958,suppresses_refusal,-0.006658301223069429,0.006658301223069429,0.007129454519599676,0.006701766513288021,0.10499999672174454,0.8949999809265137
1743,30,1253,suppresses_refusal,-0.006658249069005251,0.006658249069005251,0.0074772643856704235,0.0062313987873494625,0.14000000059604645,0.8600000143051147
1744,11,10303,supports_refusal,0.006656545214354992,0.006656545214354992,0.008575872518122196,0.009893558919429779,0.8149999976158142,0.8149999976158142
1745,17,4434,suppresses_refusal,-0.006656026933342218,0.006656026933342218,0.007302236743271351,0.005946082528680563,0.10000000149011612,0.8999999761581421
1746,17,7199,suppresses_refusal,-0.0066551282070577145,0.0066551282070577145,0.006693642120808363,0.008347795344889164,0.03999999910593033,0.9599999785423279
1747,30,301,supports_refusal,0.006652893964201212,0.006652893964201212,0.007322898134589195,0.00761425169184804,0.9100000262260437,0.9100000262260437
1748,15,12217,suppresses_refusal,-0.006652546115219593,0.006652546115219593,0.007059667259454727,0.014568081125617027,0.2750000059604645,0.7250000238418579
1749,31,8987,suppresses_refusal,-0.006642341613769531,0.006642341613769531,0.006654090713709593,0.0037658975925296545,0.009999999776482582,0.9900000095367432
1750,4,11944,suppresses_refusal,-0.006637690123170614,0.006637690123170614,0.006753427907824516,0.00532302213832736,0.029999999329447746,0.9700000286102295
1751,8,2675,supports_refusal,0.006637153681367636,0.006637153681367636,0.007385597098618746,0.0076561495661735535,0.8849999904632568,0.8849999904632568
1752,14,12039,supports_refusal,0.006633171811699867,0.006633171811699867,0.006881184410303831,0.00774417445063591,0.9350000023841858,0.9350000023841858
1753,4,10072,suppresses_refusal,-0.0066330526024103165,0.0066330526024103165,0.007413082290440798,0.01284247636795044,0.11500000208616257,0.8849999904632568
1754,27,8122,suppresses_refusal,-0.006630439776927233,0.006630439776927233,0.006630439776927233,0.003153802128508687,0.0,1.0
1755,9,14324,suppresses_refusal,-0.006630010437220335,0.006630010437220335,0.007537507917732,0.007269148249179125,0.10000000149011612,0.8999999761581421
1756,18,10686,supports_refusal,0.0066268728114664555,0.0066268728114664555,0.006630039308220148,0.004556330852210522,0.9950000047683716,0.9950000047683716
1757,17,12712,supports_refusal,0.006626320071518421,0.006626320071518421,0.00775630958378315,0.00848222803324461,0.800000011920929,0.800000011920929
1758,12,2436,supports_refusal,0.006624591536819935,0.006624591536819935,0.007219669874757528,0.0068480484187603,0.8550000190734863,0.8550000190734863
1759,13,8897,suppresses_refusal,-0.006621771026402712,0.006621771026402712,0.006940069142729044,0.005301215220242739,0.09000000357627869,0.9099999666213989
1760,19,1054,supports_refusal,0.006620943546295166,0.006620943546295166,0.010470717214047909,0.01304386742413044,0.7850000262260437,0.7850000262260437
1761,1,4568,suppresses_refusal,-0.006619846913963556,0.006619846913963556,0.0067138029262423515,0.00523772370070219,0.03999999910593033,0.9599999785423279
1762,3,9094,supports_refusal,0.006619000341743231,0.006619000341743231,0.008174223825335503,0.0102723753079772,0.8100000023841858,0.8100000023841858
1763,20,11754,suppresses_refusal,-0.006618657149374485,0.006618657149374485,0.007714047562330961,0.008648457936942577,0.18000000715255737,0.8199999928474426
1764,30,13538,suppresses_refusal,-0.006618308834731579,0.006618308834731579,0.006666526664048433,0.0021747429855167866,0.004999999888241291,0.9950000047683716
1765,17,6682,supports_refusal,0.00661746971309185,0.00661746971309185,0.0067201042547822,0.005119854584336281,0.9399999976158142,0.9399999976158142
1766,9,646,supports_refusal,0.006610596086829901,0.006610596086829901,0.008100931532680988,0.010449075140058994,0.7799999713897705,0.7799999713897705
1767,20,4752,supports_refusal,0.006605266127735376,0.006605266127735376,0.007071479689329863,0.009235440753400326,0.8349999785423279,0.8349999785423279
1768,31,3769,supports_refusal,0.006604461465030909,0.006604461465030909,0.00865455623716116,0.00941051822155714,0.7649999856948853,0.7649999856948853
1769,31,11804,supports_refusal,0.006595802493393421,0.006595802493393421,0.0066708754748106,0.0024212810676544905,0.9950000047683716,0.9950000047683716
1770,16,2592,suppresses_refusal,-0.006594295613467693,0.006594295613467693,0.007288532331585884,0.0065932804718613625,0.10999999940395355,0.8899999856948853
1771,26,529,suppresses_refusal,-0.006592460907995701,0.006592460907995701,0.006924108136445284,0.0059545994736254215,0.14000000059604645,0.8600000143051147
1772,31,6102,suppresses_refusal,-0.0065917326137423515,0.0065917326137423515,0.006757833994925022,0.0044082473032176495,0.03999999910593033,0.9599999785423279
1773,13,10134,suppresses_refusal,-0.006589903961867094,0.006589903961867094,0.006715989205986261,0.004888741299510002,0.07500000298023224,0.925000011920929
1774,31,4373,supports_refusal,0.00658802967518568,0.00658802967518568,0.006747198291122913,0.008956801146268845,0.8650000095367432,0.8650000095367432
1775,10,12492,supports_refusal,0.0065868329256772995,0.0065868329256772995,0.009215245023369789,0.014432225376367569,0.7200000286102295,0.7200000286102295
1776,12,7176,suppresses_refusal,-0.006585731636732817,0.006585731636732817,0.006747703533619642,0.0045209177769720554,0.04500000178813934,0.9549999833106995
1777,30,12806,supports_refusal,0.006582803092896938,0.006582803092896938,0.006597600411623716,0.004676442127674818,0.9700000286102295,0.9700000286102295
1778,29,6603,supports_refusal,0.006582717876881361,0.006582717876881361,0.0065897367894649506,0.002454381436109543,0.9950000047683716,0.9950000047683716
1779,22,8042,supports_refusal,0.006576790940016508,0.006576790940016508,0.007135157473385334,0.008255328051745892,0.8149999976158142,0.8149999976158142
1780,28,956,suppresses_refusal,-0.0065743206068873405,0.0065743206068873405,0.0065743206068873405,0.002672451315447688,0.0,1.0
1781,27,5147,suppresses_refusal,-0.006574292201548815,0.006574292201548815,0.007823329418897629,0.008076169528067112,0.16500000655651093,0.8349999785423279
1782,22,11849,supports_refusal,0.006570744328200817,0.006570744328200817,0.007000937592238188,0.0065342881716787815,0.8849999904632568,0.8849999904632568
1783,27,13251,supports_refusal,0.00656486488878727,0.00656486488878727,0.0065718842670321465,0.00393067067489028,0.9950000047683716,0.9950000047683716
1784,9,1516,suppresses_refusal,-0.006561913527548313,0.006561913527548313,0.00956552941352129,0.014419568702578545,0.36500000953674316,0.6349999904632568
1785,29,2647,suppresses_refusal,-0.0065589044243097305,0.0065589044243097305,0.006618661805987358,0.004448859486728907,0.03999999910593033,0.9599999785423279
1786,26,10294,suppresses_refusal,-0.006558597087860107,0.006558597087860107,0.0065978216007351875,0.005084406118839979,0.03500000014901161,0.9649999737739563
1787,9,8908,supports_refusal,0.006556774955242872,0.006556774955242872,0.007267391309142113,0.0063602072186768055,0.8899999856948853,0.8899999856948853
1788,31,580,supports_refusal,0.00655676843598485,0.00655676843598485,0.006560764275491238,0.004214474465698004,0.9900000095367432,0.9900000095367432
1789,19,2128,supports_refusal,0.006555442698299885,0.006555442698299885,0.00655567180365324,0.004025483038276434,0.9950000047683716,0.9950000047683716
1790,29,12644,suppresses_refusal,-0.006553445011377335,0.006553445011377335,0.006902642082422972,0.0045255632139742374,0.06499999761581421,0.9350000023841858
1791,20,13110,suppresses_refusal,-0.006552529521286488,0.006552529521286488,0.006937136873602867,0.005263897590339184,0.07500000298023224,0.925000011920929
1792,16,2089,suppresses_refusal,-0.006550507619976997,0.006550507619976997,0.006759867537766695,0.008081492967903614,0.06499999761581421,0.9350000023841858
1793,4,9078,suppresses_refusal,-0.0065474603325128555,0.0065474603325128555,0.00663229962810874,0.0050325216725468636,0.03999999910593033,0.9599999785423279
1794,30,2676,suppresses_refusal,-0.0065458486787974834,0.0065458486787974834,0.006557521875947714,0.003425200702622533,0.009999999776482582,0.9900000095367432
1795,31,4195,suppresses_refusal,-0.006541786249727011,0.006541786249727011,0.006564674433320761,0.0028521872591227293,0.009999999776482582,0.9900000095367432
1796,11,12750,supports_refusal,0.006541070993989706,0.006541070993989706,0.006586236879229546,0.005913873203098774,0.9850000143051147,0.9850000143051147
1797,2,636,supports_refusal,0.0065372418612241745,0.0065372418612241745,0.009321579709649086,0.01160723902285099,0.7549999952316284,0.7549999952316284
1798,31,14200,supports_refusal,0.006530437618494034,0.006530437618494034,0.006621150765568018,0.002817113185301423,0.9800000190734863,0.9800000190734863
1799,4,11281,supports_refusal,0.006529271602630615,0.006529271602630615,0.007079741917550564,0.006905865855515003,0.9200000166893005,0.9200000166893005
1800,19,6798,supports_refusal,0.00652905460447073,0.00652905460447073,0.006628809031099081,0.004088956862688065,0.9700000286102295,0.9700000286102295
1801,26,5988,supports_refusal,0.006528733763843775,0.006528733763843775,0.0069288406521081924,0.005706151947379112,0.8700000047683716,0.8700000047683716
1802,28,6075,supports_refusal,0.006527299992740154,0.006527299992740154,0.00671000499278307,0.004492329899221659,0.9649999737739563,0.9649999737739563
1803,24,3002,suppresses_refusal,-0.006527218967676163,0.006527218967676163,0.006542697083204985,0.0035859078634530306,0.009999999776482582,0.9900000095367432
1804,30,11278,supports_refusal,0.006524963304400444,0.006524963304400444,0.006524963304400444,0.0023159910924732685,1.0,1.0
1805,3,466,supports_refusal,0.006523561663925648,0.006523561663925648,0.008234834298491478,0.008465995080769062,0.8299999833106995,0.8299999833106995
1806,31,1165,supports_refusal,0.0065192244946956635,0.0065192244946956635,0.006812436506152153,0.0048462217673659325,0.9399999976158142,0.9399999976158142
1807,16,10631,supports_refusal,0.0065167187713086605,0.0065167187713086605,0.007447466719895601,0.006707596592605114,0.8600000143051147,0.8600000143051147
1808,11,2778,suppresses_refusal,-0.006515126209706068,0.006515126209706068,0.006830258294939995,0.006465424317866564,0.07000000029802322,0.9300000071525574
1809,5,6311,supports_refusal,0.006514618173241615,0.006514618173241615,0.008249294944107533,0.010994675569236279,0.800000011920929,0.800000011920929
1810,16,1012,suppresses_refusal,-0.0065127466805279255,0.0065127466805279255,0.007558479439467192,0.00753745436668396,0.1850000023841858,0.8149999976158142
1811,12,10922,supports_refusal,0.0065113818272948265,0.0065113818272948265,0.007916830480098724,0.008915510028600693,0.7900000214576721,0.7900000214576721
1812,22,13435,suppresses_refusal,-0.006511264014989138,0.006511264014989138,0.006522059440612793,0.003761526895686984,0.014999999664723873,0.9850000143051147
1813,3,11588,supports_refusal,0.006508083548396826,0.006508083548396826,0.006614970974624157,0.004966098815202713,0.9549999833106995,0.9549999833106995
1814,25,4370,suppresses_refusal,-0.006506709847599268,0.006506709847599268,0.00771409971639514,0.008947404101490974,0.17000000178813934,0.8299999833106995
1815,30,11910,supports_refusal,0.006506709847599268,0.006506709847599268,0.006660060957074165,0.0035722842440009117,0.9750000238418579,0.9750000238418579
1816,9,11598,supports_refusal,0.006504006218165159,0.006504006218165159,0.0067801522091031075,0.006337746977806091,0.9100000262260437,0.9100000262260437
1817,15,4933,supports_refusal,0.006502208765596151,0.006502208765596151,0.006549243815243244,0.00410227756947279,0.9800000190734863,0.9800000190734863
1818,14,6283,suppresses_refusal,-0.006500797346234322,0.006500797346234322,0.007073555141687393,0.006150996778160334,0.09000000357627869,0.9099999666213989
1819,16,5720,supports_refusal,0.006497068330645561,0.006497068330645561,0.007158479653298855,0.0056135887280106544,0.9049999713897705,0.9049999713897705
1820,30,8659,supports_refusal,0.006493845023214817,0.006493845023214817,0.0064974878914654255,0.00308170891366899,0.9950000047683716,0.9950000047683716
1821,15,8759,supports_refusal,0.006489372346550226,0.006489372346550226,0.0070060729049146175,0.0072874026373028755,0.8650000095367432,0.8650000095367432
1822,12,9067,suppresses_refusal,-0.006489200983196497,0.006489200983196497,0.00915420614182949,0.01140827126801014,0.23000000417232513,0.7699999809265137
1823,13,9803,supports_refusal,0.006486754398792982,0.006486754398792982,0.006513772066682577,0.00504506379365921,0.9850000143051147,0.9850000143051147
1824,31,2881,supports_refusal,0.006476974580436945,0.006476974580436945,0.006476974580436945,0.002366219414398074,1.0,1.0
1825,31,14010,suppresses_refusal,-0.006476459559053183,0.006476459559053183,0.006476459559053183,0.003923340700566769,0.0,1.0
1826,29,9632,suppresses_refusal,-0.00647315988317132,0.00647315988317132,0.0065393829718232155,0.004038713872432709,0.019999999552965164,0.9800000190734863
1827,15,14071,supports_refusal,0.006472044158726931,0.006472044158726931,0.006570768542587757,0.006412912160158157,0.9449999928474426,0.9449999928474426
1828,19,12007,supports_refusal,0.006471448112279177,0.006471448112279177,0.006813779007643461,0.005040337797254324,0.9300000071525574,0.9300000071525574
1829,24,4508,suppresses_refusal,-0.0064714024774730206,0.0064714024774730206,0.00649913540109992,0.005151018965989351,0.019999999552965164,0.9800000190734863
1830,30,9787,supports_refusal,0.006470603868365288,0.006470603868365288,0.006470603868365288,0.0012730639427900314,1.0,1.0
1831,28,12606,suppresses_refusal,-0.006460876669734716,0.006460876669734716,0.006533813662827015,0.003240033984184265,0.019999999552965164,0.9800000190734863
1832,27,8738,supports_refusal,0.006460456643253565,0.006460456643253565,0.006511802785098553,0.003403622191399336,0.9800000190734863,0.9800000190734863
1833,13,1695,supports_refusal,0.006457877345383167,0.006457877345383167,0.006638169288635254,0.005266976077109575,0.9399999976158142,0.9399999976158142
1834,12,9557,supports_refusal,0.006457300391048193,0.006457300391048193,0.0064682867377996445,0.003977044019848108,0.9950000047683716,0.9950000047683716
1835,13,6850,suppresses_refusal,-0.006455621682107449,0.006455621682107449,0.00668849004432559,0.0052966889925301075,0.07000000029802322,0.9300000071525574
1836,29,14161,supports_refusal,0.006455068476498127,0.006455068476498127,0.008393544703722,0.008534135296940804,0.7850000262260437,0.7850000262260437
1837,15,9705,supports_refusal,0.006453284993767738,0.006453284993767738,0.00655986787751317,0.004195684567093849,0.9599999785423279,0.9599999785423279
1838,30,333,suppresses_refusal,-0.006450138054788113,0.006450138054788113,0.008207377977669239,0.00861300714313984,0.22499999403953552,0.7749999761581421
1839,15,834,suppresses_refusal,-0.006450080778449774,0.006450080778449774,0.006583442911505699,0.005024552345275879,0.029999999329447746,0.9700000286102295
1840,30,2627,suppresses_refusal,-0.006447019521147013,0.006447019521147013,0.00700907688587904,0.005864334292709827,0.07999999821186066,0.9200000166893005
1841,31,6105,suppresses_refusal,-0.006444792728871107,0.006444792728871107,0.006930251140147448,0.004885190166532993,0.09000000357627869,0.9099999666213989
1842,15,5480,supports_refusal,0.006444587837904692,0.006444587837904692,0.006495475769042969,0.0046289642341434956,0.9700000286102295,0.9700000286102295
1843,31,6304,supports_refusal,0.006440439261496067,0.006440439261496067,0.006476926617324352,0.004499502945691347,0.9750000238418579,0.9750000238418579
1844,29,5653,supports_refusal,0.006437349133193493,0.006437349133193493,0.006569719407707453,0.00966640841215849,0.925000011920929,0.925000011920929
1845,28,6962,supports_refusal,0.006436843890696764,0.006436843890696764,0.0064431000500917435,0.0029291461687535048,0.9850000143051147,0.9850000143051147
1846,8,14282,supports_refusal,0.006435279734432697,0.006435279734432697,0.007096290588378906,0.009091510437428951,0.8199999928474426,0.8199999928474426
1847,9,449,supports_refusal,0.006429700646549463,0.006429700646549463,0.006938753183931112,0.006350229494273663,0.8999999761581421,0.8999999761581421
1848,29,3511,suppresses_refusal,-0.006425285246223211,0.006425285246223211,0.006518497597426176,0.004216025583446026,0.03999999910593033,0.9599999785423279
1849,31,9478,supports_refusal,0.006418819539248943,0.006418819539248943,0.007761097047477961,0.008055232465267181,0.8149999976158142,0.8149999976158142
1850,22,3380,supports_refusal,0.006418094504624605,0.006418094504624605,0.0075585367158055305,0.00829839427024126,0.7900000214576721,0.7900000214576721
1851,27,12673,supports_refusal,0.006416625808924437,0.006416625808924437,0.006420898251235485,0.002224222058430314,0.9950000047683716,0.9950000047683716
1852,12,14122,supports_refusal,0.006412259303033352,0.006412259303033352,0.006427205633372068,0.006943488493561745,0.9750000238418579,0.9750000238418579
1853,23,1884,supports_refusal,0.006411084905266762,0.006411084905266762,0.007039651740342379,0.005568714812397957,0.9350000023841858,0.9350000023841858
1854,5,6466,suppresses_refusal,-0.006411037407815456,0.006411037407815456,0.006606826558709145,0.005740074906498194,0.054999999701976776,0.9449999928474426
1855,12,5277,suppresses_refusal,-0.006406526546925306,0.006406526546925306,0.006580037996172905,0.005657337140291929,0.04500000178813934,0.9549999833106995
1856,12,747,suppresses_refusal,-0.006399612408131361,0.006399612408131361,0.00649620033800602,0.004555247258394957,0.03500000014901161,0.9649999737739563
1857,12,11744,suppresses_refusal,-0.006398820783942938,0.006398820783942938,0.006413602735847235,0.00495688384398818,0.02500000037252903,0.9750000238418579
1858,11,1070,supports_refusal,0.0063980817794799805,0.0063980817794799805,0.006676984019577503,0.0056509822607040405,0.8849999904632568,0.8849999904632568
1859,8,3410,supports_refusal,0.006397158373147249,0.006397158373147249,0.007584366016089916,0.017688168212771416,0.7049999833106995,0.7049999833106995
1860,19,3088,suppresses_refusal,-0.006396274548023939,0.006396274548023939,0.006515445653349161,0.004952321294695139,0.04500000178813934,0.9549999833106995
1861,26,6048,supports_refusal,0.006394256837666035,0.006394256837666035,0.0065292054787278175,0.012989756651222706,0.8650000095367432,0.8650000095367432
1862,31,8666,supports_refusal,0.006385588552802801,0.006385588552802801,0.006520269904285669,0.01428346335887909,0.8149999976158142,0.8149999976158142
1863,29,4907,suppresses_refusal,-0.00638500927016139,0.00638500927016139,0.0064009930938482285,0.005477854050695896,0.014999999664723873,0.9850000143051147
1864,31,12120,supports_refusal,0.0063845254480838776,0.0063845254480838776,0.0064094350673258305,0.003976154141128063,0.9900000095367432,0.9900000095367432
1865,30,5896,suppresses_refusal,-0.0063795470632612705,0.0063795470632612705,0.006428098771721125,0.005273270420730114,0.05999999865889549,0.9399999976158142
1866,4,12029,supports_refusal,0.006378099787980318,0.006378099787980318,0.014191376976668835,0.020778989419341087,0.6650000214576721,0.6650000214576721
1867,14,3607,supports_refusal,0.006377450190484524,0.006377450190484524,0.006432410329580307,0.004945381078869104,0.9649999737739563,0.9649999737739563
1868,14,11388,suppresses_refusal,-0.006370611023157835,0.006370611023157835,0.0065720463171601295,0.0052963364869356155,0.07500000298023224,0.925000011920929
1869,12,8540,supports_refusal,0.00636664405465126,0.00636664405465126,0.008362837135791779,0.009339452721178532,0.7749999761581421,0.7749999761581421
1870,31,3611,supports_refusal,0.006356392055749893,0.006356392055749893,0.009125633165240288,0.009654548019170761,0.7350000143051147,0.7350000143051147
1871,31,1793,supports_refusal,0.006355104502290487,0.006355104502290487,0.019174300134181976,0.023288125172257423,0.6100000143051147,0.6100000143051147
1872,18,11929,suppresses_refusal,-0.006347521673887968,0.006347521673887968,0.006366008426994085,0.00918359775096178,0.03999999910593033,0.9599999785423279
1873,9,8592,suppresses_refusal,-0.006346445064991713,0.006346445064991713,0.006603593938052654,0.00493959104642272,0.05000000074505806,0.949999988079071
1874,31,9792,suppresses_refusal,-0.006343965418636799,0.006343965418636799,0.006396436598151922,0.003568098181858659,0.019999999552965164,0.9800000190734863
1875,31,10667,supports_refusal,0.006339807529002428,0.006339807529002428,0.007050294894725084,0.005562191363424063,0.9300000071525574,0.9300000071525574
1876,30,5229,suppresses_refusal,-0.006339149549603462,0.006339149549603462,0.006349449045956135,0.002965042367577553,0.004999999888241291,0.9950000047683716
1877,4,10055,suppresses_refusal,-0.006335190497338772,0.006335190497338772,0.007066165097057819,0.0074216523207724094,0.11999999731779099,0.8799999952316284
1878,11,3653,supports_refusal,0.00633273646235466,0.00633273646235466,0.008357777260243893,0.010244409553706646,0.7850000262260437,0.7850000262260437
1879,26,9267,suppresses_refusal,-0.006332111544907093,0.006332111544907093,0.006453456822782755,0.0032715878915041685,0.03999999910593033,0.9599999785423279
1880,25,9848,supports_refusal,0.006330594886094332,0.006330594886094332,0.006693143863230944,0.007143393624573946,0.9150000214576721,0.9150000214576721
1881,29,6911,supports_refusal,0.0063277436420321465,0.0063277436420321465,0.0063277436420321465,0.0018902696901932359,1.0,1.0
1882,14,5146,supports_refusal,0.006324501242488623,0.006324501242488623,0.006606864742934704,0.004751100670546293,0.949999988079071,0.949999988079071
1883,16,7280,suppresses_refusal,-0.006324205547571182,0.006324205547571182,0.0063806818798184395,0.005780145991593599,0.05000000074505806,0.949999988079071
1884,28,577,suppresses_refusal,-0.006323900073766708,0.006323900073766708,0.006418428383767605,0.005028944928199053,0.029999999329447746,0.9700000286102295
1885,27,13476,suppresses_refusal,-0.006323890760540962,0.006323890760540962,0.006435127463191748,0.003255640622228384,0.019999999552965164,0.9800000190734863
1886,3,12192,suppresses_refusal,-0.0063193608075380325,0.0063193608075380325,0.006525239907205105,0.004954180680215359,0.03500000014901161,0.9649999737739563
1887,13,7564,supports_refusal,0.006319060456007719,0.006319060456007719,0.006959614809602499,0.006590958684682846,0.8500000238418579,0.8500000238418579
1888,29,13128,suppresses_refusal,-0.006318569183349609,0.006318569183349609,0.006326427683234215,0.003561293473467231,0.009999999776482582,0.9900000095367432
1889,13,7187,suppresses_refusal,-0.006310241296887398,0.006310241296887398,0.00694412924349308,0.005050967447459698,0.10499999672174454,0.8949999809265137
1890,18,8592,supports_refusal,0.0063097476959228516,0.0063097476959228516,0.0064339544624090195,0.004732069559395313,0.9599999785423279,0.9599999785423279
1891,25,6030,suppresses_refusal,-0.006308374460786581,0.006308374460786581,0.006308374460786581,0.003469335613772273,0.0,1.0
1892,28,12253,suppresses_refusal,-0.006304149515926838,0.006304149515926838,0.006388988345861435,0.0029959732200950384,0.009999999776482582,0.9900000095367432
1893,10,9152,suppresses_refusal,-0.0063015795312821865,0.0063015795312821865,0.009249396622180939,0.011097481474280357,0.25,0.75
1894,16,9211,suppresses_refusal,-0.006297206971794367,0.006297206971794367,0.006325893569737673,0.0052055069245398045,0.02500000037252903,0.9750000238418579
1895,30,3775,suppresses_refusal,-0.006296386942267418,0.006296386942267418,0.006296386942267418,0.0013053392758592963,0.0,1.0
1896,29,5196,supports_refusal,0.006295299623161554,0.006295299623161554,0.006634959951043129,0.005260950420051813,0.9200000166893005,0.9200000166893005
1897,30,6101,supports_refusal,0.006293149199336767,0.006293149199336767,0.006295008584856987,0.0017899174708873034,0.9950000047683716,0.9950000047683716
1898,17,1380,suppresses_refusal,-0.006291551515460014,0.006291551515460014,0.006518278270959854,0.005010911263525486,0.07500000298023224,0.925000011920929
1899,10,12076,suppresses_refusal,-0.006290221121162176,0.006290221121162176,0.006511740852147341,0.005208633840084076,0.08500000089406967,0.9150000214576721
1900,22,7793,suppresses_refusal,-0.0062878369353711605,0.0062878369353711605,0.0064916182309389114,0.00438053160905838,0.05999999865889549,0.9399999976158142
1901,28,13882,suppresses_refusal,-0.006285947747528553,0.006285947747528553,0.006328436080366373,0.004595146048814058,0.02500000037252903,0.9750000238418579
1902,19,6117,supports_refusal,0.006283290218561888,0.006283290218561888,0.0067786481231451035,0.0074373893439769745,0.8650000095367432,0.8650000095367432
1903,30,13497,supports_refusal,0.006281509529799223,0.006281509529799223,0.006301727145910263,0.003482852131128311,0.9850000143051147,0.9850000143051147
1904,14,7541,suppresses_refusal,-0.006281089968979359,0.006281089968979359,0.006429500412195921,0.004471000283956528,0.029999999329447746,0.9700000286102295
1905,17,13754,supports_refusal,0.006280841771513224,0.006280841771513224,0.006280841771513224,0.0041405088268220425,1.0,1.0
1906,30,8392,suppresses_refusal,-0.0062783812172710896,0.0062783812172710896,0.011781158857047558,0.020097941160202026,0.5799999833106995,0.5799999833106995
1907,21,13456,supports_refusal,0.006277680397033691,0.006277680397033691,0.006339173298329115,0.0050553809851408005,0.9649999737739563,0.9649999737739563
1908,29,11920,suppresses_refusal,-0.006277112755924463,0.006277112755924463,0.006324796471744776,0.004269205033779144,0.014999999664723873,0.9850000143051147
1909,21,11569,supports_refusal,0.006276631262153387,0.006276631262153387,0.008685164153575897,0.009238475002348423,0.7649999856948853,0.7649999856948853
1910,3,5533,suppresses_refusal,-0.006276318803429604,0.006276318803429604,0.007304647006094456,0.006572111044079065,0.10000000149011612,0.8999999761581421
1911,29,6087,suppresses_refusal,-0.0062754894606769085,0.0062754894606769085,0.008319785818457603,0.009195362217724323,0.29499998688697815,0.7050000429153442
1912,31,12914,supports_refusal,0.006273040547966957,0.006273040547966957,0.006273040547966957,0.0028444225899875164,1.0,1.0
1913,26,2589,suppresses_refusal,-0.006270866375416517,0.006270866375416517,0.011069603264331818,0.012349366210401058,0.3199999928474426,0.6800000071525574
1914,12,13834,supports_refusal,0.006268077064305544,0.006268077064305544,0.006931567098945379,0.006400648038834333,0.8999999761581421,0.8999999761581421
1915,28,3170,suppresses_refusal,-0.006266059819608927,0.006266059819608927,0.006285667419433594,0.0032806990202516317,0.014999999664723873,0.9850000143051147
1916,29,8133,suppresses_refusal,-0.00626310333609581,0.00626310333609581,0.006280155386775732,0.003312660614028573,0.014999999664723873,0.9850000143051147
1917,29,13372,supports_refusal,0.006260385736823082,0.006260385736823082,0.006673974916338921,0.004545594099909067,0.9200000166893005,0.9200000166893005
1918,7,8243,suppresses_refusal,-0.006255181040614843,0.006255181040614843,0.006366932298988104,0.005521746817976236,0.05999999865889549,0.9399999976158142
1919,28,5212,suppresses_refusal,-0.006254883017390966,0.006254883017390966,0.006254883017390966,0.00260181468911469,0.0,1.0
1920,30,8218,supports_refusal,0.0062541295774281025,0.0062541295774281025,0.006281919311732054,0.003289474407210946,0.9800000190734863,0.9800000190734863
1921,30,11535,suppresses_refusal,-0.0062531279399991035,0.0062531279399991035,0.008314819075167179,0.007859389297664165,0.24500000476837158,0.7549999952316284
1922,31,13042,supports_refusal,0.006252250634133816,0.006252250634133816,0.006253738421946764,0.0032887954730540514,0.9950000047683716,0.9950000047683716
1923,11,3373,suppresses_refusal,-0.006251273211091757,0.006251273211091757,0.006460480857640505,0.0047007473185658455,0.05999999865889549,0.9399999976158142
1924,8,1156,supports_refusal,0.006250860635191202,0.006250860635191202,0.007169387303292751,0.007454314269125462,0.875,0.875
1925,26,4613,suppresses_refusal,-0.0062506673857569695,0.0062506673857569695,0.006638164632022381,0.00604209303855896,0.08500000089406967,0.9150000214576721
1926,27,4528,supports_refusal,0.00625051511451602,0.00625051511451602,0.006340274587273598,0.0044786748476326466,0.9399999976158142,0.9399999976158142
1927,23,8811,suppresses_refusal,-0.006249351426959038,0.006249351426959038,0.00627899169921875,0.003699013264849782,0.009999999776482582,0.9900000095367432
1928,28,5955,supports_refusal,0.00624871626496315,0.00624871626496315,0.006252923980355263,0.00253747939132154,0.9900000095367432,0.9900000095367432
1929,4,10711,suppresses_refusal,-0.006247878074645996,0.006247878074645996,0.006930479779839516,0.006312197539955378,0.11999999731779099,0.8799999952316284
1930,0,13587,suppresses_refusal,-0.006246831268072128,0.006246831268072128,0.009099829010665417,0.035293079912662506,0.20000000298023224,0.800000011920929
1931,30,1786,suppresses_refusal,-0.006244783289730549,0.006244783289730549,0.00626761419698596,0.003643234260380268,0.009999999776482582,0.9900000095367432
1932,30,1561,supports_refusal,0.0062419031746685505,0.0062419031746685505,0.006811018101871014,0.00595824234187603,0.8799999952316284,0.8799999952316284
1933,2,2285,supports_refusal,0.006241525523364544,0.006241525523364544,0.01170916948467493,0.015124953351914883,0.7300000190734863,0.7300000190734863
1934,1,3400,supports_refusal,0.006240440532565117,0.006240440532565117,0.006423851475119591,0.006519115064293146,0.9449999928474426,0.9449999928474426
1935,9,388,supports_refusal,0.006236805114895105,0.006236805114895105,0.007490701042115688,0.011192415840923786,0.7250000238418579,0.7250000238418579
1936,16,11267,suppresses_refusal,-0.006236534100025892,0.006236534100025892,0.006246013566851616,0.004727310035377741,0.014999999664723873,0.9850000143051147
1937,9,10542,supports_refusal,0.006235923618078232,0.006235923618078232,0.007364253979176283,0.00801229290664196,0.7749999761581421,0.7749999761581421
1938,9,13093,supports_refusal,0.006232490763068199,0.006232490763068199,0.006403961218893528,0.004405295476317406,0.9750000238418579,0.9750000238418579
1939,9,9810,supports_refusal,0.006229686550796032,0.006229686550796032,0.007397251203656197,0.007754860911518335,0.8149999976158142,0.8149999976158142
1940,22,12959,suppresses_refusal,-0.006228004116564989,0.006228004116564989,0.006338134407997131,0.004816304426640272,0.03999999910593033,0.9599999785423279
1941,23,9671,supports_refusal,0.006227569654583931,0.006227569654583931,0.006227569654583931,0.0027195746079087257,1.0,1.0
1942,31,8525,suppresses_refusal,-0.006227226462215185,0.006227226462215185,0.006244392599910498,0.003105979412794113,0.004999999888241291,0.9950000047683716
1943,29,10203,suppresses_refusal,-0.006224506068974733,0.006224506068974733,0.006251504644751549,0.002661364618688822,0.009999999776482582,0.9900000095367432
1944,28,12279,supports_refusal,0.006223029922693968,0.006223029922693968,0.006223029922693968,0.0022216769866645336,1.0,1.0
1945,2,12087,suppresses_refusal,-0.0062200878746807575,0.0062200878746807575,0.00695926183834672,0.009294635616242886,0.16500000655651093,0.8349999785423279
1946,16,3282,suppresses_refusal,-0.006214590277522802,0.006214590277522802,0.00622729305177927,0.004684039857238531,0.009999999776482582,0.9900000095367432
1947,29,3311,supports_refusal,0.006213407497853041,0.006213407497853041,0.006654863245785236,0.004866606090217829,0.8999999761581421,0.8999999761581421
1948,13,192,supports_refusal,0.0062130652368068695,0.0062130652368068695,0.006903546862304211,0.008057883940637112,0.9100000262260437,0.9100000262260437
1949,12,9683,suppresses_refusal,-0.006212583743035793,0.006212583743035793,0.006356226280331612,0.006406036205589771,0.09000000357627869,0.9099999666213989
1950,29,11624,supports_refusal,0.006212181877344847,0.006212181877344847,0.006231503561139107,0.004337966907769442,0.9900000095367432,0.9900000095367432
1951,31,11276,suppresses_refusal,-0.006211366504430771,0.006211366504430771,0.007792138960212469,0.006498668342828751,0.125,0.875
1952,31,3428,suppresses_refusal,-0.00621095672249794,0.00621095672249794,0.010538959875702858,0.012035905383527279,0.25,0.75
1953,27,12215,suppresses_refusal,-0.006209442391991615,0.006209442391991615,0.006243622396141291,0.003821197198703885,0.009999999776482582,0.9900000095367432
1954,27,3586,suppresses_refusal,-0.006207809317857027,0.006207809317857027,0.006207809317857027,0.0026590328197926283,0.0,1.0
1955,0,1302,supports_refusal,0.006206176243722439,0.006206176243722439,0.006542155519127846,0.0053504700772464275,0.9350000023841858,0.9350000023841858
1956,24,11106,supports_refusal,0.006205722689628601,0.006205722689628601,0.00637704087421298,0.006497977301478386,0.8799999952316284,0.8799999952316284
1957,0,6004,supports_refusal,0.006204383447766304,0.006204383447766304,0.00643857242539525,0.005350993946194649,0.9449999928474426,0.9449999928474426
1958,28,9026,suppresses_refusal,-0.006202392745763063,0.006202392745763063,0.006202392745763063,0.0016101478831842542,0.0,1.0
1959,22,14052,suppresses_refusal,-0.006200418341904879,0.006200418341904879,0.006531362421810627,0.005616937298327684,0.0949999988079071,0.9049999713897705
1960,19,6673,suppresses_refusal,-0.006200138945132494,0.006200138945132494,0.0071084038354456425,0.017247002571821213,0.38499999046325684,0.6150000095367432
1961,26,4323,supports_refusal,0.006199860479682684,0.006199860479682684,0.008770890533924103,0.010230558924376965,0.7900000214576721,0.7900000214576721
1962,28,6778,suppresses_refusal,-0.006199674680829048,0.006199674680829048,0.00862511619925499,0.009643828496336937,0.25999999046325684,0.7400000095367432
1963,12,7997,supports_refusal,0.006198477931320667,0.006198477931320667,0.0062737418338656425,0.004216045141220093,0.9549999833106995,0.9549999833106995
1964,29,2124,suppresses_refusal,-0.006197428796440363,0.006197428796440363,0.007614846341311932,0.00824392307549715,0.18000000715255737,0.8199999928474426
1965,2,8230,suppresses_refusal,-0.0061973570846021175,0.0061973570846021175,0.007153558544814587,0.009125473909080029,0.12999999523162842,0.8700000047683716
1966,31,3353,supports_refusal,0.006195821799337864,0.006195821799337864,0.006384401116520166,0.004071758594363928,0.925000011920929,0.925000011920929
1967,13,2492,supports_refusal,0.006195335183292627,0.006195335183292627,0.013384895399212837,0.018175039440393448,0.6499999761581421,0.6499999761581421
1968,27,2989,supports_refusal,0.006193037144839764,0.006193037144839764,0.006482553668320179,0.004051228053867817,0.9399999976158142,0.9399999976158142
1969,8,3229,supports_refusal,0.0061911772936582565,0.0061911772936582565,0.006426887586712837,0.005866419989615679,0.9150000214576721,0.9150000214576721
1970,13,2585,suppresses_refusal,-0.006188163533806801,0.006188163533806801,0.006418533157557249,0.004847992677241564,0.07999999821186066,0.9200000166893005
1971,28,12156,suppresses_refusal,-0.006187429651618004,0.006187429651618004,0.006189642008394003,0.0040836092084646225,0.004999999888241291,0.9950000047683716
1972,26,1420,suppresses_refusal,-0.006186006125062704,0.006186006125062704,0.0064497352577745914,0.007464434485882521,0.10000000149011612,0.8999999761581421
1973,10,3049,supports_refusal,0.006184706464409828,0.006184706464409828,0.006237988360226154,0.00416833208873868,0.9750000238418579,0.9750000238418579
1974,28,13920,supports_refusal,0.006183032877743244,0.006183032877743244,0.009124812670052052,0.01098649576306343,0.7350000143051147,0.7350000143051147
1975,11,8356,supports_refusal,0.006181778851896524,0.006181778851896524,0.006468873005360365,0.006021254695951939,0.9350000023841858,0.9350000023841858
1976,11,10520,suppresses_refusal,-0.006181022152304649,0.006181022152304649,0.006613386794924736,0.012745067477226257,0.16500000655651093,0.8349999785423279
1977,9,8947,supports_refusal,0.006180891767144203,0.006180891767144203,0.006246552336961031,0.0054915728978812695,0.9800000190734863,0.9800000190734863
1978,31,639,supports_refusal,0.006180686876177788,0.006180686876177788,0.0068249511532485485,0.005668056663125753,0.875,0.875
1979,19,2526,suppresses_refusal,-0.00617778766900301,0.00617778766900301,0.007350616622716188,0.007250869646668434,0.20000000298023224,0.800000011920929
1980,28,13450,suppresses_refusal,-0.006172065623104572,0.006172065623104572,0.006172065623104572,0.0030913278460502625,0.0,1.0
1981,31,7615,supports_refusal,0.006171192973852158,0.006171192973852158,0.006220784038305283,0.004379676189273596,0.9700000286102295,0.9700000286102295
1982,29,12782,suppresses_refusal,-0.006169729400426149,0.006169729400426149,0.006230249535292387,0.002138276817277074,0.019999999552965164,0.9800000190734863
1983,18,12931,suppresses_refusal,-0.006165000144392252,0.006165000144392252,0.006419259123504162,0.005799194797873497,0.05999999865889549,0.9399999976158142
1984,17,9282,supports_refusal,0.006162922363728285,0.006162922363728285,0.008796184323728085,0.011497551575303078,0.6949999928474426,0.6949999928474426
1985,11,5637,suppresses_refusal,-0.006162711419165134,0.006162711419165134,0.007368725724518299,0.007897474803030491,0.10000000149011612,0.8999999761581421
1986,16,12916,supports_refusal,0.0061605023220181465,0.0061605023220181465,0.006773543544113636,0.007427627686411142,0.824999988079071,0.824999988079071
1987,30,8465,supports_refusal,0.006160447373986244,0.006160447373986244,0.006312811281532049,0.003899546340107918,0.949999988079071,0.949999988079071
1988,5,3468,supports_refusal,0.006156787741929293,0.006156787741929293,0.006156787741929293,0.005523583386093378,1.0,1.0
1989,15,4975,suppresses_refusal,-0.006154770962893963,0.006154770962893963,0.006999106612056494,0.0054441289976239204,0.14499999582767487,0.8550000190734863
1990,4,7211,suppresses_refusal,-0.006153235211968422,0.006153235211968422,0.0071976520121097565,0.008321894332766533,0.22499999403953552,0.7749999761581421
1991,28,2750,supports_refusal,0.006147737614810467,0.006147737614810467,0.006361131556332111,0.004020662512630224,0.9750000238418579,0.9750000238418579
1992,31,1506,suppresses_refusal,-0.006147279869765043,0.006147279869765043,0.008997106924653053,0.009145707823336124,0.23499999940395355,0.7649999856948853
1993,14,7001,suppresses_refusal,-0.006146702915430069,0.006146702915430069,0.00621391786262393,0.003893777495250106,0.014999999664723873,0.9850000143051147
1994,30,3366,suppresses_refusal,-0.006139984354376793,0.006139984354376793,0.006139984354376793,0.0019632375333458185,0.0,1.0
1995,31,10094,supports_refusal,0.0061379242688417435,0.0061379242688417435,0.0061379242688417435,0.0025665860157459974,1.0,1.0
1996,31,4256,suppresses_refusal,-0.006133766379207373,0.006133766379207373,0.006133766379207373,0.003111510071903467,0.0,1.0
1997,4,23,supports_refusal,0.006131191272288561,0.006131191272288561,0.006368236616253853,0.006365329958498478,0.9649999737739563,0.9649999737739563
1998,29,12248,suppresses_refusal,-0.006127281114459038,0.006127281114459038,0.00699893943965435,0.006406052969396114,0.15000000596046448,0.8500000238418579
1999,2,14211,supports_refusal,0.006127223838120699,0.006127223838120699,0.008066987618803978,0.009909705258905888,0.8349999785423279,0.8349999785423279
2000,28,1030,suppresses_refusal,-0.006125602871179581,0.006125602871179581,0.006313285790383816,0.003438465064391494,0.03999999910593033,0.9599999785423279
